ID_JUNTA;ID_SPOOL;ID_ISO;SISTEMA;SUB SISTEMA;TEST PACK;AREA;ID_LINEA;SHEET;REV;SPOOL;N° UNION;DESTINATION;TIPO UNION ;NPS;SCH;CLASE;AISLACION;MATERIAL;MTS;NOMBRE SERVICIO;RESPONSABLE;EST.;OBSERV.;SUMINISTRO 20%;Pre Armado 5%;Soldadura 25%;Pintura 10%_1;Montaje 30%;Touch-Up 5%;Protocolos 5%;TOTAL_2;ACUMULADO_3;ANTERIOR_4;PERIODO_5;estatus;fecha;soldador;Column51;Column52;Column53;Column54;Column55;Column56;Column57;Column58;Column59;Column60;Column61;Column62;Column63;Column64;Column65;Column66;Column67;Column68;Column69;Column70;Column71;Column72;Column73;Column74;Column75;Column76;Column77;Column78
"03351-CT-10""-C3-0079-R3_HOJA-1_SP01_0";"03351-CT-10""-C3-0079-R3_HOJA-1_SP01";"03351-CT-10""-C3-0079-R3_HOJA-1";Colectivo Cu-Mo TIE-IN-001;03350-02-05;;TORRE TRASFERENCIA;"03351-CT-10""-C3-0079-R3";1;1;SP01;0;F;BW;10;150;C3;R3;CS;0,23;Concentrado Cu-Mo;;;;;;;;;;;0;0;0;0;;;;;;;;;;;;;;;;;;;;;;;;;;;;;;;
03351-CT-200-H2-0002-N_HOJA-1_SP01_1;03351-CT-200-H2-0002-N_HOJA-1_SP01;03351-CT-200-H2-0002-N_HOJA-1;Colas primarias;03350-02-06;;PIPE RACK ;03351-CT-200-H2-0002-N;1;0;SP01;1;F;TF;8;PN10;H2;N;HDPE;1,42;Concentrado Cu-Mo;;;TIE-IN 03351-002;17/06/2026;;;46249;;46251;;0,35;0,497;0,284;0,213;;;;;;;;;;;;;;;;;;;;;;;;;;;;;;;
03351-CT-200-H2-0002-N_HOJA-1_SP01_2;03351-CT-200-H2-0002-N_HOJA-1_SP01;03351-CT-200-H2-0002-N_HOJA-1;Colas primarias;03350-02-06;;PIPE RACK ;03351-CT-200-H2-0002-N;1;0;SP01;2;S;TF;8;PN10;H2;N;HDPE;1,42;Concentrado Cu-Mo;;;;17/06/2026;;;46249;;46251;;0,35;0,497;0,284;0,213;;;;;;;;;;;;;;;;;;;;;;;;;;;;;;;
03351-CT-200-H2-0002-N_HOJA-1_SP01_3;03351-CT-200-H2-0002-N_HOJA-1_SP01;03351-CT-200-H2-0002-N_HOJA-1;Colas primarias;03350-02-06;;PIPE RACK ;03351-CT-200-H2-0002-N;1;0;SP01;3;S;TF;8;PN10;H2;N;HDPE;1,42;Concentrado Cu-Mo;;W-27;;17/06/2026;46235;46235;46235;;46251;;0,65;0,923;0,852;0,071;EJECUTADA;46235;W-27;;;;;;;;;;;;;;;;;;;;;;;;;;;;
03351-CT-200-H2-0002-N_HOJA-1_SP02_4;03351-CT-200-H2-0002-N_HOJA-1_SP02;03351-CT-200-H2-0002-N_HOJA-1;Colas primarias;03350-02-06;;PIPE RACK ;03351-CT-200-H2-0002-N;1;0;SP02;4;F;TF;8;PN10;H2;N;HDPE;1,42;Concentrado Cu-Mo;;;TIE-IN 03351-002;17/06/2026;;;46249;;46251;;0,35;0,497;0,284;0,213;;;;;;;;;;;;;;;;;;;;;;;;;;;;;;;
03351-CT-200-H2-0002-N_HOJA-1_SP01_5;03351-CT-200-H2-0002-N_HOJA-1_SP01;03351-CT-200-H2-0002-N_HOJA-1;Colas primarias;03350-02-06;;PIPE RACK ;03351-CT-200-H2-0002-N;1;0;SP01;5;S;TF;8;PN10;H2;N;HDPE;1,42;Concentrado Cu-Mo;;;;17/06/2026;;;46249;;46251;;0,35;0,497;0,284;0,213;;;;;;;;;;;;;;;;;;;;;;;;;;;;;;;
03351-CT-200-H2-0002-N_HOJA-1_SP01_6;03351-CT-200-H2-0002-N_HOJA-1_SP01;03351-CT-200-H2-0002-N_HOJA-1;Colas primarias;03350-02-06;;PIPE RACK ;03351-CT-200-H2-0002-N;1;0;SP01;6;S;TF;8;PN10;H2;N;HDPE;1,42;Concentrado Cu-Mo;;W-27;;17/06/2026;46235;46235;46235;;46251;;0,65;0,923;0,852;0,071;EJECUTADA;46235;W-27;;;;;;;;;;;;;;;;;;;;;;;;;;;;
03351-CT-200-H2-0002-N_HOJA-1_SP03_7;03351-CT-200-H2-0002-N_HOJA-1_SP03;03351-CT-200-H2-0002-N_HOJA-1;Colas primarias;03350-02-06;;PIPE RACK ;03351-CT-200-H2-0002-N;1;0;SP03;7;S;TF;8;PN10;H2;N;HDPE;1,42;Concentrado Cu-Mo;;W-27;;17/06/2026;46235;46235;46235;;46251;;0,65;0,923;0,852;0,071;EJECUTADA;46235;W-27;;;;;;;;;;;;;;;;;;;;;;;;;;;;
03351-CT-200-H2-0002-N_HOJA-1_SP03_8;03351-CT-200-H2-0002-N_HOJA-1_SP03;03351-CT-200-H2-0002-N_HOJA-1;Colas primarias;03350-02-06;;PIPE RACK ;03351-CT-200-H2-0002-N;1;0;SP03;8;S;TF;2;PN10;H2;N;HDPE;1,42;Concentrado Cu-Mo;;W-27;;17/06/2026;46235;46235;46235;;46251;;0,65;0,923;0,852;0,071;EJECUTADA;46235;W-27;;;;;;;;;;;;;;;;;;;;;;;;;;;;
03351-CT-200-H2-0002-N_HOJA-1_SP03_9;03351-CT-200-H2-0002-N_HOJA-1_SP03;03351-CT-200-H2-0002-N_HOJA-1;Colas primarias;03350-02-06;;PIPE RACK ;03351-CT-200-H2-0002-N;1;0;SP03;9;S;TF;8;PN10;H2;N;HDPE;1,42;Concentrado Cu-Mo;;W-27;;17/06/2026;46235;46235;46235;;46251;;0,65;0,923;0,852;0,071;EJECUTADA;46235;W-27;;;;;;;;;;;;;;;;;;;;;;;;;;;;
03351-CT-200-H2-0002-N_HOJA-1_SP03_10;03351-CT-200-H2-0002-N_HOJA-1_SP03;03351-CT-200-H2-0002-N_HOJA-1;Colas primarias;03350-02-06;;PIPE RACK ;03351-CT-200-H2-0002-N;1;0;SP03;10;S;TF;8;PN10;H2;N;HDPE;1,42;Concentrado Cu-Mo;;W-27;;17/06/2026;46235;46235;46235;;46251;;0,65;0,923;0,852;0,071;EJECUTADA;46235;W-27;;;;;;;;;;;;;;;;;;;;;;;;;;;;
03351-CT-200-H2-0002-N_HOJA-1_SP03_11;03351-CT-200-H2-0002-N_HOJA-1_SP03;03351-CT-200-H2-0002-N_HOJA-1;Colas primarias;03350-02-06;;PIPE RACK ;03351-CT-200-H2-0002-N;1;0;SP03;11;F;TF;8;PN10;H2;N;HDPE;1,42;Concentrado Cu-Mo;;;;17/06/2026;;;46249;;46251;;0,35;0,497;0,284;0,213;;;;;;;;;;;;;;;;;;;;;;;;;;;;;;;
03351-CT-200-H2-0002-N_HOJA-1_SP04_12;03351-CT-200-H2-0002-N_HOJA-1_SP04;03351-CT-200-H2-0002-N_HOJA-1;Colas primarias;03350-02-06;;PIPE RACK ;03351-CT-200-H2-0002-N;1;0;SP04;12;S;TF;8;PN10;H2;N;HDPE;1,42;Concentrado Cu-Mo;;W-27;;17/06/2026;46232;46232;46232;;46251;;0,65;0,923;0,852;0,071;EJECUTADA;46232;W-27;;;;;;;;;;;;;;;;;;;;;;;;;;;;
03351-CT-200-H2-0002-N_HOJA-1_SP04_13;03351-CT-200-H2-0002-N_HOJA-1_SP04;03351-CT-200-H2-0002-N_HOJA-1;Colas primarias;03350-02-06;;PIPE RACK ;03351-CT-200-H2-0002-N;1;0;SP04;13;S;TF;8;PN10;H2;N;HDPE;1,42;Concentrado Cu-Mo;;W-27;;17/06/2026;46233;46233;46233;;46251;;0,65;0,923;0,852;0,071;EJECUTADA;46233;W-27;;;;;;;;;;;;;;;;;;;;;;;;;;;;
03351-CT-200-H2-0002-N_HOJA-1_SP04_14;03351-CT-200-H2-0002-N_HOJA-1_SP04;03351-CT-200-H2-0002-N_HOJA-1;Colas primarias;03350-02-06;;PIPE RACK ;03351-CT-200-H2-0002-N;1;0;SP04;14;S;TF;8;PN10;H2;N;HDPE;1,42;Concentrado Cu-Mo;;W-27;;17/06/2026;46233;46233;46233;;46251;;0,65;0,923;0,852;0,071;EJECUTADA;46233;W-27;;;;;;;;;;;;;;;;;;;;;;;;;;;;
03351-CT-200-H2-0002-N_HOJA-1_SP04_15;03351-CT-200-H2-0002-N_HOJA-1_SP04;03351-CT-200-H2-0002-N_HOJA-1;Colas primarias;03350-02-06;;PIPE RACK ;03351-CT-200-H2-0002-N;1;0;SP04;15;F;TF;8;PN10;H2;N;HDPE;1,42;Concentrado Cu-Mo;;W-27;;17/06/2026;46233;46233;46233;;46251;;0,65;0,923;0,852;0,071;EJECUTADA;46233;W-27;;;;;;;;;;;;;;;;;;;;;;;;;;;;
03351-CT-200-H2-0002-N_HOJA-1_SP05_16;03351-CT-200-H2-0002-N_HOJA-1_SP05;03351-CT-200-H2-0002-N_HOJA-1;Colas primarias;03350-02-06;;PIPE RACK ;03351-CT-200-H2-0002-N;1;0;SP05;16;S;TF;8;PN10;H2;N;HDPE;1,42;Concentrado Cu-Mo;;W-27;;17/06/2026;46236;46236;46236;;46251;;0,65;0,923;0,852;0,071;EJECUTADA;46236;W-27;;;;;;;;;;;;;;;;;;;;;;;;;;;;
03351-CT-200-H2-0002-N_HOJA-1_SP05_17;03351-CT-200-H2-0002-N_HOJA-1_SP05;03351-CT-200-H2-0002-N_HOJA-1;Colas primarias;03350-02-06;;PIPE RACK ;03351-CT-200-H2-0002-N;1;0;SP05;17;S;TF;8;PN10;H2;N;HDPE;1,42;Concentrado Cu-Mo;;W-27;;17/06/2026;46236;46236;46236;;46251;;0,65;0,923;0,852;0,071;EJECUTADA;46236;W-27;;;;;;;;;;;;;;;;;;;;;;;;;;;;
03351-CT-200-H2-0002-N_HOJA-1_SP06_18;03351-CT-200-H2-0002-N_HOJA-1_SP06;03351-CT-200-H2-0002-N_HOJA-1;Colas primarias;03350-02-06;;PIPE RACK ;03351-CT-200-H2-0002-N;1;0;SP06;18;S;TF;8;PN10;H2;N;HDPE;1,42;Concentrado Cu-Mo;;W-27;;17/06/2026;46234;46234;46234;;46251;;0,65;0,923;0,852;0,071;EJECUTADA;46234;W-27;;;;;;;;;;;;;;;;;;;;;;;;;;;;
03351-CT-200-H2-0002-N_HOJA-1_SP06_19;03351-CT-200-H2-0002-N_HOJA-1_SP06;03351-CT-200-H2-0002-N_HOJA-1;Colas primarias;03350-02-06;;PIPE RACK ;03351-CT-200-H2-0002-N;1;0;SP06;19;S;TF;8;PN10;H2;N;HDPE;1,42;Concentrado Cu-Mo;;W-02;;17/06/2026;46234;46234;46234;;46251;;0,65;0,923;0,852;0,071;EJECUTADA;46234;W-02;;;;;;;;;;;;;;;;;;;;;;;;;;;;
03351-CT-200-H2-0002-N_HOJA-1_SP07_20;03351-CT-200-H2-0002-N_HOJA-1_SP07;03351-CT-200-H2-0002-N_HOJA-1;Colas primarias;03350-02-06;;PIPE RACK ;03351-CT-200-H2-0002-N;1;0;SP07;20;S;TF;8;PN10;H2;N;HDPE;1,42;Concentrado Cu-Mo;;W-27;;17/06/2026;46236;46236;46236;;46251;;0,65;0,923;0,852;0,071;EJECUTADA;46236;W-27;;;;;;;;;;;;;;;;;;;;;;;;;;;;
03351-CT-200-H2-0002-N_HOJA-1_SP07_21;03351-CT-200-H2-0002-N_HOJA-1_SP07;03351-CT-200-H2-0002-N_HOJA-1;Colas primarias;03350-02-06;;PIPE RACK ;03351-CT-200-H2-0002-N;1;0;SP07;21;F;TF;8;PN10;H2;N;HDPE;1,42;Concentrado Cu-Mo;;;;17/06/2026;;;46249;;46251;;0,35;0,497;0,284;0,213;;;;;;;;;;;;;;;;;;;;;;;;;;;;;;;
03351-CT-200-H2-0002-N_HOJA-1_SP08_22;03351-CT-200-H2-0002-N_HOJA-1_SP08;03351-CT-200-H2-0002-N_HOJA-1;Colas primarias;03350-02-06;;PIPE RACK ;03351-CT-200-H2-0002-N;1;0;SP08;22;S;TF;8;PN10;H2;N;HDPE;1,42;Concentrado Cu-Mo;;W-27;;17/06/2026;46234;46234;46234;;46251;;0,65;0,923;0,852;0,071;EJECUTADA;46234;W-27;;;;;;;;;;;;;;;;;;;;;;;;;;;;
03351-CT-200-H2-0002-N_HOJA-1_SP08_23;03351-CT-200-H2-0002-N_HOJA-1_SP08;03351-CT-200-H2-0002-N_HOJA-1;Colas primarias;03350-02-06;;PIPE RACK ;03351-CT-200-H2-0002-N;1;0;SP08;23;S;TF;8;PN10;H2;N;HDPE;1,42;Concentrado Cu-Mo;;;;17/06/2026;;;46249;;46251;;0,35;0,497;0,284;0,213;;;;;;;;;;;;;;;;;;;;;;;;;;;;;;;
03351-CT-200-H2-0002-N_HOJA-1_SP08_24;03351-CT-200-H2-0002-N_HOJA-1_SP08;03351-CT-200-H2-0002-N_HOJA-1;Colas primarias;03350-02-06;;PIPE RACK ;03351-CT-200-H2-0002-N;1;0;SP08;24;S;TF;8;PN10;H2;N;HDPE;1,42;Concentrado Cu-Mo;;W-02;;17/06/2026;46234;46234;46234;;46251;;0,65;0,923;0,852;0,071;EJECUTADA;46234;W-02;;;;;;;;;;;;;;;;;;;;;;;;;;;;
03351-CT-200-H2-0002-N_HOJA-1_SP09_25;03351-CT-200-H2-0002-N_HOJA-1_SP09;03351-CT-200-H2-0002-N_HOJA-1;Colas primarias;03350-02-06;;PIPE RACK ;03351-CT-200-H2-0002-N;1;0;SP09;25;S;TF;8;PN10;H2;N;HDPE;1,42;Concentrado Cu-Mo;;W-27;;17/06/2026;46233;46233;46233;;46251;;0,65;0,923;0,852;0,071;EJECUTADA;46233;W-27;;;;;;;;;;;;;;;;;;;;;;;;;;;;
03351-CT-200-H2-0002-N_HOJA-1_SP09_26;03351-CT-200-H2-0002-N_HOJA-1_SP09;03351-CT-200-H2-0002-N_HOJA-1;Colas primarias;03350-02-06;;PIPE RACK ;03351-CT-200-H2-0002-N;1;0;SP09;26;S;TF;8;PN10;H2;N;HDPE;1,42;Concentrado Cu-Mo;;W-27;;17/06/2026;46233;46233;46233;;46251;;0,65;0,923;0,852;0,071;EJECUTADA;46233;W-27;;;;;;;;;;;;;;;;;;;;;;;;;;;;
03351-CT-200-H2-0002-N_HOJA-1_SP09_27;03351-CT-200-H2-0002-N_HOJA-1_SP09;03351-CT-200-H2-0002-N_HOJA-1;Colas primarias;03350-02-06;;PIPE RACK ;03351-CT-200-H2-0002-N;1;0;SP09;27;S;TF;8;PN10;H2;N;HDPE;1,42;Concentrado Cu-Mo;;;;17/06/2026;;;46249;;46251;;0,35;0,497;0,284;0,213;;;;;;;;;;;;;;;;;;;;;;;;;;;;;;;
03351-CT-200-H2-0002-N_HOJA-1_SP09_28;03351-CT-200-H2-0002-N_HOJA-1_SP09;03351-CT-200-H2-0002-N_HOJA-1;Colas primarias;03350-02-06;;PIPE RACK ;03351-CT-200-H2-0002-N;1;0;SP09;28;S;TF;8;PN10;H2;N;HDPE;1,42;Concentrado Cu-Mo;;;;17/06/2026;46233;46233;46233;;46251;;0,65;0,923;0,852;0,071;EJECUTADA;46233;0;;;;;;;;;;;;;;;;;;;;;;;;;;;;
03351-CT-200-H2-0002-N_HOJA-1_SP10_29;03351-CT-200-H2-0002-N_HOJA-1_SP10;03351-CT-200-H2-0002-N_HOJA-1;Colas primarias;03350-02-06;;PIPE RACK ;03351-CT-200-H2-0002-N;1;0;SP10;29;S;TF;8;PN10;H2;N;HDPE;1,42;Concentrado Cu-Mo;;W-27;;17/06/2026;46236;46236;46236;;46251;;0,65;0,923;0,852;0,071;EJECUTADA;46236;W-27;;;;;;;;;;;;;;;;;;;;;;;;;;;;
03351-CT-200-H2-0002-N_HOJA-1_SP10_30;03351-CT-200-H2-0002-N_HOJA-1_SP10;03351-CT-200-H2-0002-N_HOJA-1;Colas primarias;03350-02-06;;PIPE RACK ;03351-CT-200-H2-0002-N;1;0;SP10;30;F;TF;8;PN10;H2;N;HDPE;1,42;Concentrado Cu-Mo;;;;17/06/2026;;;46249;;46251;;0,35;0,497;0,284;0,213;;;;;;;;;;;;;;;;;;;;;;;;;;;;;;;
03351-CT-200-H2-0002-N_HOJA-1_SP11_31;03351-CT-200-H2-0002-N_HOJA-1_SP11;03351-CT-200-H2-0002-N_HOJA-1;Colas primarias;03350-02-06;;PIPE RACK ;03351-CT-200-H2-0002-N;1;0;SP11;31;S;TF;8;PN10;H2;N;HDPE;1,42;Concentrado Cu-Mo;;W-27;;17/06/2026;46234;46234;46234;;46251;;0,65;0,923;0,852;0,071;EJECUTADA;46234;W-27;;;;;;;;;;;;;;;;;;;;;;;;;;;;
03351-CT-200-H2-0002-N_HOJA-1_SP11_32;03351-CT-200-H2-0002-N_HOJA-1_SP11;03351-CT-200-H2-0002-N_HOJA-1;Colas primarias;03350-02-06;;PIPE RACK ;03351-CT-200-H2-0002-N;1;0;SP11;32;S;TF;8;PN10;H2;N;HDPE;1,42;Concentrado Cu-Mo;;W-02;;17/06/2026;46234;46234;46234;;46251;;0,65;0,923;0,852;0,071;EJECUTADA;46234;W-02;;;;;;;;;;;;;;;;;;;;;;;;;;;;
03351-CT-200-H2-0002-N_HOJA-2_SP01_1;03351-CT-200-H2-0002-N_HOJA-2_SP01;03351-CT-200-H2-0002-N_HOJA-2;Colas primarias;03350-02-06;;PIPE RACK ;03351-CT-200-H2-0002-N;2;0;SP01;1;S;TF;8;PN10;H2;N;HDPE;1,68;Concentrado Cu-Mo;;W-26;;17/06/2026;46215;46215;46215;;46251;;0,65;1,092;1,008;0,084;EJECUTADA;46215;W-26;;;;;;;;;;;;;;;;;;;;;;;;;;;;
03351-CT-200-H2-0002-N_HOJA-2_SP01_2;03351-CT-200-H2-0002-N_HOJA-2_SP01;03351-CT-200-H2-0002-N_HOJA-2;Colas primarias;03350-02-06;;PIPE RACK ;03351-CT-200-H2-0002-N;2;0;SP01;2;F;TF;8;PN10;H2;N;HDPE;1,68;Concentrado Cu-Mo;;;;17/06/2026;;;46249;;46251;;0,35;0,588;0,336;0,252;;;;;;;;;;;;;;;;;;;;;;;;;;;;;;;
03351-CT-200-H2-0002-N_HOJA-2_SP02_3;03351-CT-200-H2-0002-N_HOJA-2_SP02;03351-CT-200-H2-0002-N_HOJA-2;Colas primarias;03350-02-06;;PIPE RACK ;03351-CT-200-H2-0002-N;2;0;SP02;3;S;TF;8;PN10;H2;N;HDPE;1,68;Concentrado Cu-Mo;;W-27;;17/06/2026;46230;46230;46230;;46251;;0,65;1,092;1,008;0,084;EJECUTADA;46230;W-27;;;;;;;;;;;;;;;;;;;;;;;;;;;;
03351-CT-200-H2-0002-N_HOJA-2_SP02_4;03351-CT-200-H2-0002-N_HOJA-2_SP02;03351-CT-200-H2-0002-N_HOJA-2;Colas primarias;03350-02-06;;PIPE RACK ;03351-CT-200-H2-0002-N;2;0;SP02;4;S;TF;8;PN10;H2;N;HDPE;1,68;Concentrado Cu-Mo;;W-27;;17/06/2026;46230;46230;46230;;46251;;0,65;1,092;1,008;0,084;EJECUTADA;46230;W-27;;;;;;;;;;;;;;;;;;;;;;;;;;;;
03351-CT-200-H2-0002-N_HOJA-2_SP03_5;03351-CT-200-H2-0002-N_HOJA-2_SP03;03351-CT-200-H2-0002-N_HOJA-2;Colas primarias;03350-02-06;;PIPE RACK ;03351-CT-200-H2-0002-N;2;0;SP03;5;S;TF;8;PN10;H2;N;HDPE;1,68;Concentrado Cu-Mo;;W-26;;17/06/2026;46215;46215;46215;;46251;;0,65;1,092;1,008;0,084;EJECUTADA;46215;W-26;;;;;;;;;;;;;;;;;;;;;;;;;;;;
03351-CT-200-H2-0002-N_HOJA-2_SP03_6;03351-CT-200-H2-0002-N_HOJA-2_SP03;03351-CT-200-H2-0002-N_HOJA-2;Colas primarias;03350-02-06;;PIPE RACK ;03351-CT-200-H2-0002-N;2;0;SP03;6;S;TF;8;PN10;H2;N;HDPE;1,68;Concentrado Cu-Mo;;;;17/06/2026;;;46249;;46251;;0,35;0,588;0,336;0,252;;;;;;;;;;;;;;;;;;;;;;;;;;;;;;;
03351-CT-200-H2-0002-N_HOJA-2_SP04_7;03351-CT-200-H2-0002-N_HOJA-2_SP04;03351-CT-200-H2-0002-N_HOJA-2;Colas primarias;03350-02-06;;PIPE RACK ;03351-CT-200-H2-0002-N;2;0;SP04;7;S;TF;8;PN10;H2;N;HDPE;1,68;Concentrado Cu-Mo;;W-27;;17/06/2026;46230;46230;46230;;46251;;0,65;1,092;1,008;0,084;EJECUTADA;46230;W-27;;;;;;;;;;;;;;;;;;;;;;;;;;;;
03351-CT-200-H2-0002-N_HOJA-2_SP04_8;03351-CT-200-H2-0002-N_HOJA-2_SP04;03351-CT-200-H2-0002-N_HOJA-2;Colas primarias;03350-02-06;;PIPE RACK ;03351-CT-200-H2-0002-N;2;0;SP04;8;S;TF;8;PN10;H2;N;HDPE;1,68;Concentrado Cu-Mo;;W-27;;17/06/2026;46233;46233;46233;;46251;;0,65;1,092;1,008;0,084;EJECUTADA;46233;W-27;;;;;;;;;;;;;;;;;;;;;;;;;;;;
03351-CT-200-H2-0002-N_HOJA-2_SP04_9;03351-CT-200-H2-0002-N_HOJA-2_SP04;03351-CT-200-H2-0002-N_HOJA-2;Colas primarias;03350-02-06;;PIPE RACK ;03351-CT-200-H2-0002-N;2;0;SP04;9;S;TF;8;PN10;H2;N;HDPE;1,68;Concentrado Cu-Mo;;W-27;;17/06/2026;46233;46233;46233;;46251;;0,65;1,092;1,008;0,084;EJECUTADA;46233;W-27;;;;;;;;;;;;;;;;;;;;;;;;;;;;
03351-CT-200-H2-0002-N_HOJA-2_SP04_10;03351-CT-200-H2-0002-N_HOJA-2_SP04;03351-CT-200-H2-0002-N_HOJA-2;Colas primarias;03350-02-06;;PIPE RACK ;03351-CT-200-H2-0002-N;2;0;SP04;10;S;TF;8;PN10;H2;N;HDPE;1,68;Concentrado Cu-Mo;;W-27;;17/06/2026;46230;46230;46230;;46251;;0,65;1,092;1,008;0,084;EJECUTADA;46230;W-27;;;;;;;;;;;;;;;;;;;;;;;;;;;;
03351-CT-200-H2-0002-N_HOJA-2_SP05_11;03351-CT-200-H2-0002-N_HOJA-2_SP05;03351-CT-200-H2-0002-N_HOJA-2;Colas primarias;03350-02-06;;PIPE RACK ;03351-CT-200-H2-0002-N;2;0;SP05;11;S;TF;8;PN10;H2;N;HDPE;1,68;Concentrado Cu-Mo;;W-26;;17/06/2026;46215;46215;46215;;46251;;0,65;1,092;1,008;0,084;EJECUTADA;46215;W-26;;;;;;;;;;;;;;;;;;;;;;;;;;;;
03351-CT-200-H2-0002-N_HOJA-2_SP05_12;03351-CT-200-H2-0002-N_HOJA-2_SP05;03351-CT-200-H2-0002-N_HOJA-2;Colas primarias;03350-02-06;;PIPE RACK ;03351-CT-200-H2-0002-N;2;0;SP05;12;F;TF;8;PN10;H2;N;HDPE;1,68;Concentrado Cu-Mo;;;;17/06/2026;;;46249;;46251;;0,35;0,588;0,336;0,252;;;;;;;;;;;;;;;;;;;;;;;;;;;;;;;
03351-CT-200-H2-0002-N_HOJA-2_SP06_13;03351-CT-200-H2-0002-N_HOJA-2_SP06;03351-CT-200-H2-0002-N_HOJA-2;Colas primarias;03350-02-06;;PIPE RACK ;03351-CT-200-H2-0002-N;2;0;SP06;13;S;TF;8;PN10;H2;N;HDPE;1,68;Concentrado Cu-Mo;;W-26;;17/06/2026;46215;46215;46215;;46251;;0,65;1,092;1,008;0,084;EJECUTADA;46215;W-26;;;;;;;;;;;;;;;;;;;;;;;;;;;;
03351-CT-200-H2-0002-N_HOJA-2_SP06_14;03351-CT-200-H2-0002-N_HOJA-2_SP06;03351-CT-200-H2-0002-N_HOJA-2;Colas primarias;03350-02-06;;PIPE RACK ;03351-CT-200-H2-0002-N;2;0;SP06;14;S;TF;8;PN10;H2;N;HDPE;1,68;Concentrado Cu-Mo;;W-26;;17/06/2026;46214;46214;46214;;46251;;0,65;1,092;1,008;0,084;EJECUTADA;46214;W-26;;;;;;;;;;;;;;;;;;;;;;;;;;;;
03351-CT-200-H2-0002-N_HOJA-2_SP07_15;03351-CT-200-H2-0002-N_HOJA-2_SP07;03351-CT-200-H2-0002-N_HOJA-2;Colas primarias;03350-02-06;;PIPE RACK ;03351-CT-200-H2-0002-N;2;0;SP07;15;F;TF;8;PN10;H2;N;HDPE;1,68;Concentrado Cu-Mo;;;;17/06/2026;;;46249;;46251;;0,35;0,588;0,336;0,252;;;;;;;;;;;;;;;;;;;;;;;;;;;;;;;
03351-CT-200-H2-0002-N_HOJA-2_SP07_16;03351-CT-200-H2-0002-N_HOJA-2_SP07;03351-CT-200-H2-0002-N_HOJA-2;Colas primarias;03350-02-06;;PIPE RACK ;03351-CT-200-H2-0002-N;2;0;SP07;16;S;TF;8;PN10;H2;N;HDPE;1,68;Concentrado Cu-Mo;;W-27;;17/06/2026;46206;46206;46214;;46251;;0,65;1,092;1,008;0,084;EJECUTADA;46206;W-27;;;;;;;;;;;;;;;;;;;;;;;;;;;;
03351-CT-200-H2-0002-N_HOJA-2_SP07_17;03351-CT-200-H2-0002-N_HOJA-2_SP07;03351-CT-200-H2-0002-N_HOJA-2;Colas primarias;03350-02-06;;PIPE RACK ;03351-CT-200-H2-0002-N;2;0;SP07;17;S;TF;8;PN10;H2;N;HDPE;1,68;Concentrado Cu-Mo;;W-27;;17/06/2026;46206;46206;46214;;46251;;0,65;1,092;1,008;0,084;EJECUTADA;46206;W-27;;;;;;;;;;;;;;;;;;;;;;;;;;;;
03351-CT-200-H2-0002-N_HOJA-2_SP08_18;03351-CT-200-H2-0002-N_HOJA-2_SP08;03351-CT-200-H2-0002-N_HOJA-2;Colas primarias;03350-02-06;;PIPE RACK ;03351-CT-200-H2-0002-N;2;0;SP08;18;S;TF;8;PN10;H2;N;HDPE;1,68;Concentrado Cu-Mo;;W-27;;17/06/2026;46206;46206;46214;;46251;;0,65;1,092;1,008;0,084;EJECUTADA;46206;W-27;;;;;;;;;;;;;;;;;;;;;;;;;;;;
03351-CT-200-H2-0002-N_HOJA-2_SP08_19;03351-CT-200-H2-0002-N_HOJA-2_SP08;03351-CT-200-H2-0002-N_HOJA-2;Colas primarias;03350-02-06;;PIPE RACK ;03351-CT-200-H2-0002-N;2;0;SP08;19;S;TF;8;PN10;H2;N;HDPE;1,68;Concentrado Cu-Mo;;W-27;;17/06/2026;46205;46205;46214;;46251;;0,65;1,092;1,008;0,084;EJECUTADA;46205;W-27;;;;;;;;;;;;;;;;;;;;;;;;;;;;
03351-CT-200-H2-0002-N_HOJA-2_SP09_20;03351-CT-200-H2-0002-N_HOJA-2_SP09;03351-CT-200-H2-0002-N_HOJA-2;Colas primarias;03350-02-06;;PIPE RACK ;03351-CT-200-H2-0002-N;2;0;SP09;20;S;TF;8;PN10;H2;N;HDPE;1,68;Concentrado Cu-Mo;;W-27;;17/06/2026;46205;46205;46214;;46251;;0,65;1,092;1,008;0,084;EJECUTADA;46205;W-27;;;;;;;;;;;;;;;;;;;;;;;;;;;;
03351-CT-200-H2-0002-N_HOJA-2_SP09_21;03351-CT-200-H2-0002-N_HOJA-2_SP09;03351-CT-200-H2-0002-N_HOJA-2;Colas primarias;03350-02-06;;PIPE RACK ;03351-CT-200-H2-0002-N;2;0;SP09;21;S;TF;8;PN10;H2;N;HDPE;1,68;Concentrado Cu-Mo;;W-27;;17/06/2026;46205;46205;46214;;46251;;0,65;1,092;1,008;0,084;EJECUTADA;46205;W-27;;;;;;;;;;;;;;;;;;;;;;;;;;;;
03351-CT-200-H2-0002-N_HOJA-2_SP09_22;03351-CT-200-H2-0002-N_HOJA-2_SP09;03351-CT-200-H2-0002-N_HOJA-2;Colas primarias;03350-02-06;;PIPE RACK ;03351-CT-200-H2-0002-N;2;0;SP09;22;F;TF;8;PN10;H2;N;HDPE;1,68;Concentrado Cu-Mo;;;;17/06/2026;;;46249;;46251;;0,35;0,588;0,336;0,252;;;;;;;;;;;;;;;;;;;;;;;;;;;;;;;
03351-CT-200-H2-0002-N_HOJA-2_SP09_23;03351-CT-200-H2-0002-N_HOJA-2_SP09;03351-CT-200-H2-0002-N_HOJA-2;Colas primarias;03350-02-06;;PIPE RACK ;03351-CT-200-H2-0002-N;2;0;SP09;23;S;TF;8;PN10;H2;N;HDPE;1,68;Concentrado Cu-Mo;;W-27;;17/06/2026;46205;46205;46214;;46251;;0,65;1,092;1,008;0,084;EJECUTADA;46205;W-27;;;;;;;;;;;;;;;;;;;;;;;;;;;;
03351-CT-200-H2-0002-N_HOJA-3_SP01_1;03351-CT-200-H2-0002-N_HOJA-3_SP01;03351-CT-200-H2-0002-N_HOJA-3;Colas primarias;03350-02-06;;PIPE RACK ;03351-CT-200-H2-0002-N;3;0;SP01;1;F;TF;8;PN10;H2;N;HDPE;3,14;Concentrado Cu-Mo;;;;17/06/2026;;;46249;;46251;;0,35;1,099;0,628;0,471;;;;;;;;;;;;;;;;;;;;;;;;;;;;;;;
03351-CT-200-H2-0002-N_HOJA-3_SP01_2;03351-CT-200-H2-0002-N_HOJA-3_SP01;03351-CT-200-H2-0002-N_HOJA-3;Colas primarias;03350-02-06;;PIPE RACK ;03351-CT-200-H2-0002-N;3;0;SP01;2;S;TF;8;PN10;H2;N;HDPE;3,14;Concentrado Cu-Mo;;W-26;;17/06/2026;46216;46216;46216;;46251;;0,65;2,041;1,884;0,157;EJECUTADA;46216;W-26;;;;;;;;;;;;;;;;;;;;;;;;;;;;
03351-CT-200-H2-0002-N_HOJA-3_SP02_3;03351-CT-200-H2-0002-N_HOJA-3_SP02;03351-CT-200-H2-0002-N_HOJA-3;Colas primarias;03350-02-06;;PIPE RACK ;03351-CT-200-H2-0002-N;3;0;SP02;3;S;TF;8;PN10;H2;N;HDPE;3,14;Concentrado Cu-Mo;;W-27;;17/06/2026;46205;46205;46214;;46251;;0,65;2,041;1,884;0,157;EJECUTADA;46205;W-27;;;;;;;;;;;;;;;;;;;;;;;;;;;;
03351-CT-200-H2-0002-N_HOJA-3_SP02_4;03351-CT-200-H2-0002-N_HOJA-3_SP02;03351-CT-200-H2-0002-N_HOJA-3;Colas primarias;03350-02-06;;PIPE RACK ;03351-CT-200-H2-0002-N;3;0;SP02;4;S;TF;8;PN10;H2;N;HDPE;3,14;Concentrado Cu-Mo;;W-27;;17/06/2026;46205;46205;46214;;46251;;0,65;2,041;1,884;0,157;EJECUTADA;46205;W-27;;;;;;;;;;;;;;;;;;;;;;;;;;;;
03351-CT-200-H2-0002-N_HOJA-3_SP02_5;03351-CT-200-H2-0002-N_HOJA-3_SP02;03351-CT-200-H2-0002-N_HOJA-3;Colas primarias;03350-02-06;;PIPE RACK ;03351-CT-200-H2-0002-N;3;0;SP02;5;S;TF;8;PN10;H2;N;HDPE;3,14;Concentrado Cu-Mo;;W-27;;17/06/2026;46205;46205;46214;;46251;;0,65;2,041;1,884;0,157;EJECUTADA;46205;W-27;;;;;;;;;;;;;;;;;;;;;;;;;;;;
03351-CT-200-H2-0002-N_HOJA-3_SP03_6;03351-CT-200-H2-0002-N_HOJA-3_SP03;03351-CT-200-H2-0002-N_HOJA-3;Colas primarias;03350-02-06;;PIPE RACK ;03351-CT-200-H2-0002-N;3;0;SP03;6;F;TF;8;PN10;H2;N;HDPE;3,14;Concentrado Cu-Mo;;;;17/06/2026;;;46249;;46251;;0,35;1,099;0,628;0,471;;;;;;;;;;;;;;;;;;;;;;;;;;;;;;;
03351-CT-200-H2-0002-N_HOJA-3_SP03_7;03351-CT-200-H2-0002-N_HOJA-3_SP03;03351-CT-200-H2-0002-N_HOJA-3;Colas primarias;03350-02-06;;PIPE RACK ;03351-CT-200-H2-0002-N;3;0;SP03;7;S;TF;8;PN10;H2;N;HDPE;3,14;Concentrado Cu-Mo;;W-27;;17/06/2026;46205;46205;46214;;46251;;0,65;2,041;1,884;0,157;EJECUTADA;46205;W-27;;;;;;;;;;;;;;;;;;;;;;;;;;;;
03351-CT-200-H2-0002-N_HOJA-3_SP04_8;03351-CT-200-H2-0002-N_HOJA-3_SP04;03351-CT-200-H2-0002-N_HOJA-3;Colas primarias;03350-02-06;;PIPE RACK ;03351-CT-200-H2-0002-N;3;0;SP04;8;S;TF;8;PN10;H2;N;HDPE;3,14;Concentrado Cu-Mo;;W-27;;17/06/2026;46212;46212;46212;;46251;;0,65;2,041;1,884;0,157;EJECUTADA;46212;W-27;;;;;;;;;;;;;;;;;;;;;;;;;;;;
03351-CT-200-H2-0002-N_HOJA-3_SP04_9;03351-CT-200-H2-0002-N_HOJA-3_SP04;03351-CT-200-H2-0002-N_HOJA-3;Colas primarias;03350-02-06;;PIPE RACK ;03351-CT-200-H2-0002-N;3;0;SP04;9;S;TF;8;PN10;H2;N;HDPE;3,14;Concentrado Cu-Mo;;W-27;;17/06/2026;46212;46212;46212;;46251;;0,65;2,041;1,884;0,157;EJECUTADA;46212;W-27;;;;;;;;;;;;;;;;;;;;;;;;;;;;
03351-CT-200-H2-0002-N_HOJA-4_SP01_1;03351-CT-200-H2-0002-N_HOJA-4_SP01;03351-CT-200-H2-0002-N_HOJA-4;Colas primarias;03350-02-06;;PIPE RACK ;03351-CT-200-H2-0002-N;4;0;SP01;1;F;TF;8;PN10;H2;N;HDPE;4,14;Concentrado Cu-Mo;;W-27;;17/06/2026;46202;46202;46210;;46251;;0,65;2,691;2,484;0,207;EJECUTADA;46202;W-27;;;;;;;;;;;;;;;;;;;;;;;;;;;;
03351-CT-200-H2-0002-N_HOJA-4_SP01_2;03351-CT-200-H2-0002-N_HOJA-4_SP01;03351-CT-200-H2-0002-N_HOJA-4;Colas primarias;03350-02-06;;PIPE RACK ;03351-CT-200-H2-0002-N;4;0;SP01;2;S;TF;8;PN10;H2;N;HDPE;4,14;Concentrado Cu-Mo;;W-27;;17/06/2026;46202;46202;46214;;46251;;0,65;2,691;2,484;0,207;EJECUTADA;46202;W-27;;;;;;;;;;;;;;;;;;;;;;;;;;;;
03351-CT-200-H2-0002-N_HOJA-4_SP02_3;03351-CT-200-H2-0002-N_HOJA-4_SP02;03351-CT-200-H2-0002-N_HOJA-4;Colas primarias;03350-02-06;;PIPE RACK ;03351-CT-200-H2-0002-N;4;0;SP02;3;S;TF;8;PN10;H2;N;HDPE;4,14;Concentrado Cu-Mo;;W-27;;17/06/2026;46202;46202;46214;;46251;;0,65;2,691;2,484;0,207;EJECUTADA;46202;W-27;;;;;;;;;;;;;;;;;;;;;;;;;;;;
03351-CT-200-H2-0002-N_HOJA-4_SP02_4;03351-CT-200-H2-0002-N_HOJA-4_SP02;03351-CT-200-H2-0002-N_HOJA-4;Colas primarias;03350-02-06;;PIPE RACK ;03351-CT-200-H2-0002-N;4;0;SP02;4;S;TF;8;PN10;H2;N;HDPE;4,14;Concentrado Cu-Mo;;W-27;;17/06/2026;46202;46202;46214;;46251;;0,65;2,691;2,484;0,207;EJECUTADA;46202;W-27;;;;;;;;;;;;;;;;;;;;;;;;;;;;
03351-CT-200-H2-0002-N_HOJA-4_SP03_5;03351-CT-200-H2-0002-N_HOJA-4_SP03;03351-CT-200-H2-0002-N_HOJA-4;Colas primarias;03350-02-06;;PIPE RACK ;03351-CT-200-H2-0002-N;4;0;SP03;5;S;TF;8;PN10;H2;N;HDPE;4,14;Concentrado Cu-Mo;;W-27;;17/06/2026;46202;46202;46202;;46251;;0,65;2,691;2,484;0,207;PREARMADO;46202;W-27;;;;;;;;;;;;;;;;;;;;;;;;;;;;
03351-CT-200-H2-0002-N_HOJA-4_SP03_6;03351-CT-200-H2-0002-N_HOJA-4_SP03;03351-CT-200-H2-0002-N_HOJA-4;Colas primarias;03350-02-06;;PIPE RACK ;03351-CT-200-H2-0002-N;4;0;SP03;6;S;TF;3;PN10;H2;N;HDPE;4,14;Concentrado Cu-Mo;;;;17/06/2026;;;46249;;46251;;0,35;1,449;0,828;0,621;;;;;;;;;;;;;;;;;;;;;;;;;;;;;;;
03351-CT-200-H2-0002-N_HOJA-4_SP03_7;03351-CT-200-H2-0002-N_HOJA-4_SP03;03351-CT-200-H2-0002-N_HOJA-4;Colas primarias;03350-02-06;;PIPE RACK ;03351-CT-200-H2-0002-N;4;0;SP03;7;S;TF;3;PN10;H2;N;HDPE;4,14;Concentrado Cu-Mo;;;;17/06/2026;;;46249;;46251;;0,35;1,449;0,828;0,621;;;;;;;;;;;;;;;;;;;;;;;;;;;;;;;
03351-CT-200-H2-0002-N_HOJA-4_SP03_8;03351-CT-200-H2-0002-N_HOJA-4_SP03;03351-CT-200-H2-0002-N_HOJA-4;Colas primarias;03350-02-06;;PIPE RACK ;03351-CT-200-H2-0002-N;4;0;SP03;8;S;TF;3;PN10;H2;N;HDPE;4,14;Concentrado Cu-Mo;;;;17/06/2026;;;46249;;46251;;0,35;1,449;0,828;0,621;;;;;;;;;;;;;;;;;;;;;;;;;;;;;;;
03351-CT-200-H2-0002-N_HOJA-4_SP03_9;03351-CT-200-H2-0002-N_HOJA-4_SP03;03351-CT-200-H2-0002-N_HOJA-4;Colas primarias;03350-02-06;;PIPE RACK ;03351-CT-200-H2-0002-N;4;0;SP03;9;F;TF;8;PN10;H2;N;HDPE;4,14;Concentrado Cu-Mo;;W-27;;17/06/2026;46202;46202;46210;;46251;;0,65;2,691;2,484;0,207;EJECUTADA;46202;W-27;;;;;;;;;;;;;;;;;;;;;;;;;;;;
03351-CT-200-H2-0002-N_HOJA-5_SP01_1;03351-CT-200-H2-0002-N_HOJA-5_SP01;03351-CT-200-H2-0002-N_HOJA-5;Colas primarias;03350-02-06;;PIPE RACK ;03351-CT-200-H2-0002-N;5;0;SP01;1;S;TF;8;PN10;H2;N;HDPE;1,79;Concentrado Cu-Mo;;W-27;;17/06/2026;46230;46230;46230;;46251;;0,65;1,1635;1,074;0,0895;EJECUTADA;46229;W-27;;;;;;;;;;;;;;;;;;;;;;;;;;;;
03351-CT-200-H2-0002-N_HOJA-5_SP01_2;03351-CT-200-H2-0002-N_HOJA-5_SP01;03351-CT-200-H2-0002-N_HOJA-5;Colas primarias;03350-02-06;;PIPE RACK ;03351-CT-200-H2-0002-N;5;0;SP01;2;S;TF;8;PN10;H2;N;HDPE;1,79;Concentrado Cu-Mo;;W-27;;17/06/2026;46232;46232;46232;;46251;;0,65;1,1635;1,074;0,0895;EJECUTADA;46232;W-27;;;;;;;;;;;;;;;;;;;;;;;;;;;;
03351-CT-200-H2-0002-N_HOJA-5_SP01_3;03351-CT-200-H2-0002-N_HOJA-5_SP01;03351-CT-200-H2-0002-N_HOJA-5;Colas primarias;03350-02-06;;PIPE RACK ;03351-CT-200-H2-0002-N;5;0;SP01;3;S;TF;8;PN10;H2;N;HDPE;1,79;Concentrado Cu-Mo;;W-27;;17/06/2026;46232;46232;46232;;46251;;0,65;1,1635;1,074;0,0895;EJECUTADA;46232;W-27;;;;;;;;;;;;;;;;;;;;;;;;;;;;
03351-CT-200-H2-0002-N_HOJA-5_SP01_4;03351-CT-200-H2-0002-N_HOJA-5_SP01;03351-CT-200-H2-0002-N_HOJA-5;Colas primarias;03350-02-06;;PIPE RACK ;03351-CT-200-H2-0002-N;5;0;SP01;4;S;TF;8;PN10;H2;N;HDPE;1,79;Concentrado Cu-Mo;;W-27;;17/06/2026;46230;46230;46230;;46251;;0,65;1,1635;1,074;0,0895;EJECUTADA;46229;W-27;;;;;;;;;;;;;;;;;;;;;;;;;;;;
03351-CT-200-H2-0002-N_HOJA-5_SP02_5;03351-CT-200-H2-0002-N_HOJA-5_SP02;03351-CT-200-H2-0002-N_HOJA-5;Colas primarias;03350-02-06;;TORRE TRASFERENCIA;03351-CT-200-H2-0002-N;5;0;SP02;5;F;TF;8;PN10;H2;N;HDPE;1,79;Concentrado Cu-Mo;;W-27;;17/06/2026;46232;46232;46232;46253;46251;;0,95;1,7005;1,074;0,6265;EJECUTADA;46232;W-27;;;;;;;;;;;;;;;;;;;;;;;;;;;;
03351-CT-200-H2-0002-N_HOJA-5_SP02_6;03351-CT-200-H2-0002-N_HOJA-5_SP02;03351-CT-200-H2-0002-N_HOJA-5;Colas primarias;03350-02-06;;TORRE TRASFERENCIA;03351-CT-200-H2-0002-N;5;0;SP02;6;S;TF;8;PN10;H2;N;HDPE;1,79;Concentrado Cu-Mo;;W-26;;17/06/2026;46216;46216;46216;46253;46251;;0,95;1,7005;1,074;0,6265;EJECUTADA;46216;W-26;;;;;;;;;;;;;;;;;;;;;;;;;;;;
03351-CT-200-H2-0002-N_HOJA-5_SP03_7;03351-CT-200-H2-0002-N_HOJA-5_SP03;03351-CT-200-H2-0002-N_HOJA-5;Colas primarias;03350-02-06;;TORRE TRASFERENCIA;03351-CT-200-H2-0002-N;5;0;SP03;7;S;TF;8;PN10;H2;N;HDPE;1,79;Concentrado Cu-Mo;;W-27;;17/06/2026;46230;46230;46230;;46251;;0,65;1,1635;1,074;0,0895;EJECUTADA;46230;W-27;;;;;;;;;;;;;;;;;;;;;;;;;;;;
03351-CT-200-H2-0002-N_HOJA-5_SP03_8;03351-CT-200-H2-0002-N_HOJA-5_SP03;03351-CT-200-H2-0002-N_HOJA-5;Colas primarias;03350-02-06;;TORRE TRASFERENCIA;03351-CT-200-H2-0002-N;5;0;SP03;8;S;TF;8;PN10;H2;N;HDPE;1,79;Concentrado Cu-Mo;;W-27;;17/06/2026;46232;46232;46232;;46251;;0,65;1,1635;1,074;0,0895;EJECUTADA;46232;W-27;;;;;;;;;;;;;;;;;;;;;;;;;;;;
03351-CT-200-H2-0002-N_HOJA-5_SP03_9;03351-CT-200-H2-0002-N_HOJA-5_SP03;03351-CT-200-H2-0002-N_HOJA-5;Colas primarias;03350-02-06;;TORRE TRASFERENCIA;03351-CT-200-H2-0002-N;5;0;SP03;9;S;TF;8;PN10;H2;N;HDPE;1,79;Concentrado Cu-Mo;;W-27;;17/06/2026;46232;46232;46232;;46251;;0,65;1,1635;1,074;0,0895;EJECUTADA;46232;W-27;;;;;;;;;;;;;;;;;;;;;;;;;;;;
03351-CT-200-H2-0002-N_HOJA-5_SP03_10;03351-CT-200-H2-0002-N_HOJA-5_SP03;03351-CT-200-H2-0002-N_HOJA-5;Colas primarias;03350-02-06;;TORRE TRASFERENCIA;03351-CT-200-H2-0002-N;5;0;SP03;10;S;TF;8;PN10;H2;N;HDPE;1,79;Concentrado Cu-Mo;;W-27;;17/06/2026;46230;46230;46230;;46251;;0,65;1,1635;1,074;0,0895;EJECUTADA;46230;W-27;;;;;;;;;;;;;;;;;;;;;;;;;;;;
03351-CT-200-H2-0002-N_HOJA-5_SP04_11;03351-CT-200-H2-0002-N_HOJA-5_SP04;03351-CT-200-H2-0002-N_HOJA-5;Colas primarias;03350-02-06;;TORRE TRASFERENCIA;03351-CT-200-H2-0002-N;5;0;SP04;11;S;TF;8;PN10;H2;N;HDPE;1,79;Concentrado Cu-Mo;;W-16;;17/06/2026;46206;46206;46214;46249;46251;;0,95;1,7005;1,074;0,6265;EJECUTADA;46206;W-16;;;;;;;;;;;;;;;;;;;;;;;;;;;;
03351-CT-200-H2-0002-N_HOJA-5_SP04_12;03351-CT-200-H2-0002-N_HOJA-5_SP04;03351-CT-200-H2-0002-N_HOJA-5;Colas primarias;03350-02-06;;TORRE TRASFERENCIA;03351-CT-200-H2-0002-N;5;0;SP04;12;S;TF;8;PN10;H2;N;HDPE;1,79;Concentrado Cu-Mo;;W-16;;17/06/2026;46206;46206;46214;46249;46251;;0,95;1,7005;1,074;0,6265;EJECUTADA;46206;W-16;;;;;;;;;;;;;;;;;;;;;;;;;;;;
03351-CT-200-H2-0002-N_HOJA-5_SP05_13;03351-CT-200-H2-0002-N_HOJA-5_SP05;03351-CT-200-H2-0002-N_HOJA-5;Colas primarias;03350-02-06;;TORRE TRASFERENCIA;03351-CT-200-H2-0002-N;5;0;SP05;13;S;TF;8;PN10;H2;N;HDPE;1,79;Concentrado Cu-Mo;;W-27;;17/06/2026;46230;46230;46230;;46251;;0,65;1,1635;1,074;0,0895;EJECUTADA;46230;W-27;;;;;;;;;;;;;;;;;;;;;;;;;;;;
03351-CT-200-H2-0002-N_HOJA-5_SP05_14;03351-CT-200-H2-0002-N_HOJA-5_SP05;03351-CT-200-H2-0002-N_HOJA-5;Colas primarias;03350-02-06;;TORRE TRASFERENCIA;03351-CT-200-H2-0002-N;5;0;SP05;14;S;TF;8;PN10;H2;N;HDPE;1,79;Concentrado Cu-Mo;;W-27;;17/06/2026;46230;46230;46230;;46251;;0,65;1,1635;1,074;0,0895;EJECUTADA;46230;W-27;;;;;;;;;;;;;;;;;;;;;;;;;;;;
03351-CT-200-H2-0002-N_HOJA-5_SP06_15;03351-CT-200-H2-0002-N_HOJA-5_SP06;03351-CT-200-H2-0002-N_HOJA-5;Colas primarias;03350-02-06;;TORRE TRASFERENCIA;03351-CT-200-H2-0002-N;5;0;SP06;15;S;TF;8;PN10;H2;N;HDPE;1,79;Concentrado Cu-Mo;;W-26;;17/06/2026;46214;46214;46214;;46251;;0,65;1,1635;1,074;0,0895;EJECUTADA;46214;W-26;;;;;;;;;;;;;;;;;;;;;;;;;;;;
03351-CT-200-H2-0002-N_HOJA-5_SP06_16;03351-CT-200-H2-0002-N_HOJA-5_SP06;03351-CT-200-H2-0002-N_HOJA-5;Colas primarias;03350-02-06;;TORRE TRASFERENCIA;03351-CT-200-H2-0002-N;5;0;SP06;16;F;TF;8;PN10;H2;N;HDPE;1,79;Concentrado Cu-Mo;;;;17/06/2026;;;46249;;46251;;0,35;0,6265;0,358;0,2685;;;;;;;;;;;;;;;;;;;;;;;;;;;;;;;
03351-CT-200-H2-0002-N_HOJA-5_SP07_17;03351-CT-200-H2-0002-N_HOJA-5_SP07;03351-CT-200-H2-0002-N_HOJA-5;Colas primarias;03350-02-06;;TORRE TRASFERENCIA;03351-CT-200-H2-0002-N;5;0;SP07;17;S;TF;8;PN10;H2;N;HDPE;1,79;Concentrado Cu-Mo;;W-27;;17/06/2026;46230;46230;46230;;46251;;0,65;1,1635;1,074;0,0895;EJECUTADA;46230;W-27;;;;;;;;;;;;;;;;;;;;;;;;;;;;
03351-CT-200-H2-0002-N_HOJA-5_SP07_18;03351-CT-200-H2-0002-N_HOJA-5_SP07;03351-CT-200-H2-0002-N_HOJA-5;Colas primarias;03350-02-06;;TORRE TRASFERENCIA;03351-CT-200-H2-0002-N;5;0;SP07;18;S;TF;8;PN10;H2;N;HDPE;1,79;Concentrado Cu-Mo;;;;17/06/2026;;;46249;;46251;;0,35;0,6265;0,358;0,2685;;;;;;;;;;;;;;;;;;;;;;;;;;;;;;;
03351-CT-200-H2-0002-N_HOJA-5_SP07_19;03351-CT-200-H2-0002-N_HOJA-5_SP07;03351-CT-200-H2-0002-N_HOJA-5;Colas primarias;03350-02-06;;TORRE TRASFERENCIA;03351-CT-200-H2-0002-N;5;0;SP07;19;S;TF;8;PN10;H2;N;HDPE;1,79;Concentrado Cu-Mo;;;;17/06/2026;;;46249;;46251;;0,35;0,6265;0,358;0,2685;;;;;;;;;;;;;;;;;;;;;;;;;;;;;;;
03351-CT-200-H2-0002-N_HOJA-5_SP07_20;03351-CT-200-H2-0002-N_HOJA-5_SP07;03351-CT-200-H2-0002-N_HOJA-5;Colas primarias;03350-02-06;;TORRE TRASFERENCIA;03351-CT-200-H2-0002-N;5;0;SP07;20;S;TF;8;PN10;H2;N;HDPE;1,79;Concentrado Cu-Mo;;W-27;;17/06/2026;46230;46230;46230;;46251;;0,65;1,1635;1,074;0,0895;EJECUTADA;46230;W-27;;;;;;;;;;;;;;;;;;;;;;;;;;;;
03351-CT-200-H2-0002-N_HOJA-5_SP08_21;03351-CT-200-H2-0002-N_HOJA-5_SP08;03351-CT-200-H2-0002-N_HOJA-5;Colas primarias;03350-02-06;;TORRE TRASFERENCIA;03351-CT-200-H2-0002-N;5;0;SP08;21;F;TF;8;PN10;H2;N;HDPE;1,79;Concentrado Cu-Mo;;W-27;;17/06/2026;46232;46232;46232;;46251;;0,65;1,1635;1,074;0,0895;EJECUTADA;46232;W-27;;;;;;;;;;;;;;;;;;;;;;;;;;;;
03351-CT-200-H2-0002-N_HOJA-5_SP08_22;03351-CT-200-H2-0002-N_HOJA-5_SP08;03351-CT-200-H2-0002-N_HOJA-5;Colas primarias;03350-02-06;;TORRE TRASFERENCIA;03351-CT-200-H2-0002-N;5;0;SP08;22;S;TF;8;PN10;H2;N;HDPE;1,79;Concentrado Cu-Mo;;W-27;;17/06/2026;46232;46232;46232;;46251;;0,65;1,1635;1,074;0,0895;EJECUTADA;46232;W-27;;;;;;;;;;;;;;;;;;;;;;;;;;;;
03351-CT-200-H2-0002-N_HOJA-5_SP09_23;03351-CT-200-H2-0002-N_HOJA-5_SP09;03351-CT-200-H2-0002-N_HOJA-5;Colas primarias;03350-02-06;;TORRE TRASFERENCIA;03351-CT-200-H2-0002-N;5;0;SP09;23;S;TF;8;PN10;H2;N;HDPE;1,79;Concentrado Cu-Mo;;W-27;;17/06/2026;46230;46230;46230;;46251;;0,65;1,1635;1,074;0,0895;EJECUTADA;46230;W-27;;;;;;;;;;;;;;;;;;;;;;;;;;;;
03351-CT-200-H2-0002-N_HOJA-5_SP09_24;03351-CT-200-H2-0002-N_HOJA-5_SP09;03351-CT-200-H2-0002-N_HOJA-5;Colas primarias;03350-02-06;;TORRE TRASFERENCIA;03351-CT-200-H2-0002-N;5;0;SP09;24;S;TF;8;PN10;H2;N;HDPE;1,79;Concentrado Cu-Mo;;W-27;;17/06/2026;46232;46232;46232;;46251;;0,65;1,1635;1,074;0,0895;EJECUTADA;46232;W-27;;;;;;;;;;;;;;;;;;;;;;;;;;;;
03351-CT-200-H2-0002-N_HOJA-5_SP09_25;03351-CT-200-H2-0002-N_HOJA-5_SP09;03351-CT-200-H2-0002-N_HOJA-5;Colas primarias;03350-02-06;;TORRE TRASFERENCIA;03351-CT-200-H2-0002-N;5;0;SP09;25;S;TF;8;PN10;H2;N;HDPE;1,79;Concentrado Cu-Mo;;W-27;;17/06/2026;46230;46230;46230;;46251;;0,65;1,1635;1,074;0,0895;EJECUTADA;46230;W-27;;;;;;;;;;;;;;;;;;;;;;;;;;;;
03351-CT-200-H2-0045-N_HOJA-1_SP01_1;03351-CT-200-H2-0045-N_HOJA-1_SP01;03351-CT-200-H2-0045-N_HOJA-1;Colas primarias;03350-02-06;;PIPE RACK ;03351-CT-200-H2-0045-N;1;0;SP01;1;F;TF;8;PN10;H2;N;HDPE;0,222;Concentrado Cu-Mo;;;TIE-IN 03351-004;17/06/2026;;;46249;;46251;;0,35;0,0777;0,0444;0,0333;;;;;;;;;;;;;;;;;;;;;;;;;;;;;;;
03351-CT-200-H2-0045-N_HOJA-1_SP02_2;03351-CT-200-H2-0045-N_HOJA-1_SP02;03351-CT-200-H2-0045-N_HOJA-1;Colas primarias;03350-02-06;;PIPE RACK ;03351-CT-200-H2-0045-N;1;0;SP02;2;F;TF;8;PN10;H2;N;HDPE;0,222;Concentrado Cu-Mo;;W-27;;17/06/2026;46236;46236;46236;;46251;;0,65;0,1443;0,1332;0,0111;EJECUTADA;46236;W-27;;;;;;;;;;;;;;;;;;;;;;;;;;;;
03351-CT-200-H2-0045-N_HOJA-1_SP02_3;03351-CT-200-H2-0045-N_HOJA-1_SP02;03351-CT-200-H2-0045-N_HOJA-1;Colas primarias;03350-02-06;;PIPE RACK ;03351-CT-200-H2-0045-N;1;0;SP02;3;F;TF;8;PN10;H2;N;HDPE;0,222;Concentrado Cu-Mo;;;;17/06/2026;;;46249;;46251;;0,35;0,0777;0,0444;0,0333;;;;;;;;;;;;;;;;;;;;;;;;;;;;;;;
03351-CT-200-H2-0045-N_HOJA-1_SP02_4;03351-CT-200-H2-0045-N_HOJA-1_SP02;03351-CT-200-H2-0045-N_HOJA-1;Colas primarias;03350-02-06;;PIPE RACK ;03351-CT-200-H2-0045-N;1;0;SP02;4;F;TF;8;PN10;H2;N;HDPE;0,222;Concentrado Cu-Mo;;;TIE-IN 03351-004;17/06/2026;;;46249;;46251;;0,35;0,0777;0,0444;0,0333;;;;;;;;;;;;;;;;;;;;;;;;;;;;;;;
03351-CT-200-H2-0045-N_HOJA-1_SP02_5;03351-CT-200-H2-0045-N_HOJA-1_SP02;03351-CT-200-H2-0045-N_HOJA-1;Colas primarias;03350-02-06;;PIPE RACK ;03351-CT-200-H2-0045-N;1;0;SP02;5;F;TF;8;PN10;H2;N;HDPE;0,222;Concentrado Cu-Mo;;;;17/06/2026;;;46249;;46251;;0,35;0,0777;0,0444;0,0333;;;;;;;;;;;;;;;;;;;;;;;;;;;;;;;
03351-CT-200-H2-0045-N_HOJA-1_SP02_6;03351-CT-200-H2-0045-N_HOJA-1_SP02;03351-CT-200-H2-0045-N_HOJA-1;Colas primarias;03350-02-06;;PIPE RACK ;03351-CT-200-H2-0045-N;1;0;SP02;6;F;TF;8;PN10;H2;N;HDPE;0,222;Concentrado Cu-Mo;;W-27;;17/06/2026;46236;46236;46236;;46251;;0,65;0,1443;0,1332;0,0111;EJECUTADA;46236;W-27;;;;;;;;;;;;;;;;;;;;;;;;;;;;
03351-CT-200-H2-0045-N_HOJA-1_SP03_7;03351-CT-200-H2-0045-N_HOJA-1_SP03;03351-CT-200-H2-0045-N_HOJA-1;Colas primarias;03350-02-06;;PIPE RACK ;03351-CT-200-H2-0045-N;1;0;SP03;7;F;TF;8;PN10;H2;N;HDPE;0,222;Concentrado Cu-Mo;;W-27;;17/06/2026;46236;46236;46236;;46251;;0,65;0,1443;0,1332;0,0111;EJECUTADA;46236;W-27;;;;;;;;;;;;;;;;;;;;;;;;;;;;
03351-CT-200-H2-0045-N_HOJA-1_SP03_8;03351-CT-200-H2-0045-N_HOJA-1_SP03;03351-CT-200-H2-0045-N_HOJA-1;Colas primarias;03350-02-06;;PIPE RACK ;03351-CT-200-H2-0045-N;1;0;SP03;8;F;TF;8;PN10;H2;N;HDPE;0,222;Concentrado Cu-Mo;;;;17/06/2026;;;46249;;46251;;0,35;0,0777;0,0444;0,0333;;;;;;;;;;;;;;;;;;;;;;;;;;;;;;;
03351-CT-200-H2-0045-N_HOJA-1_SP03_9;03351-CT-200-H2-0045-N_HOJA-1_SP03;03351-CT-200-H2-0045-N_HOJA-1;Colas primarias;03350-02-06;;PIPE RACK ;03351-CT-200-H2-0045-N;1;0;SP03;9;F;TF;8;PN10;H2;N;HDPE;0,222;Concentrado Cu-Mo;;;;17/06/2026;;;46249;;46251;;0,35;0,0777;0,0444;0,0333;;;;;;;;;;;;;;;;;;;;;;;;;;;;;;;
03351-CT-200-H2-0045-N_HOJA-1_SP03_10;03351-CT-200-H2-0045-N_HOJA-1_SP03;03351-CT-200-H2-0045-N_HOJA-1;Colas primarias;03350-02-06;;PIPE RACK ;03351-CT-200-H2-0045-N;1;0;SP03;10;F;TF;2;PN10;H2;N;HDPE;0,222;Concentrado Cu-Mo;;;;17/06/2026;;;46249;;46251;;0,35;0,0777;0,0444;0,0333;;;;;;;;;;;;;;;;;;;;;;;;;;;;;;;
"03351-CT-3""-C2-0012-N_HOJA-1_SP01_1";"03351-CT-3""-C2-0012-N_HOJA-1_SP01";"03351-CT-3""-C2-0012-N_HOJA-1";Concentrado Cu-Mo;03350-02-03;;TORRE TRASFERENCIA;"03351-CT-3""-C2-0012-N";1;0;SP01;1;S;SO;3;STD;C2;N;CS;1,7;Concentrado Cu-Mo;;W-02;;12/03/2026;46100;46100;46100;;;;0,6;1,02;1,02;0;EJECUTADA;46100;W-02;;;;;;;;;;;;;;;;;;;;;;;;;;;;
"03351-CT-3""-C2-0012-N_HOJA-1_SP01_2";"03351-CT-3""-C2-0012-N_HOJA-1_SP01";"03351-CT-3""-C2-0012-N_HOJA-1";Concentrado Cu-Mo;03350-02-03;;TORRE TRASFERENCIA;"03351-CT-3""-C2-0012-N";1;0;SP01;2;S;BW;3;STD;C2;N;CS;1,7;Concentrado Cu-Mo;;W-02;;12/03/2026;46101;46112;46112;;;;0,6;1,02;1,02;0;EJECUTADA;46100;W-02;;;;;;;;;;;;;;;;;;;;;;;;;;;;
"03351-CT-3""-C2-0012-N_HOJA-1_SP01_3";"03351-CT-3""-C2-0012-N_HOJA-1_SP01";"03351-CT-3""-C2-0012-N_HOJA-1";Concentrado Cu-Mo;03350-02-03;;TORRE TRASFERENCIA;"03351-CT-3""-C2-0012-N";1;0;SP01;3;S;BW;3;STD;C2;N;CS;1,7;Concentrado Cu-Mo;;W-02;;12/03/2026;46101;46112;46112;;;;0,6;1,02;1,02;0;EJECUTADA;46100;W-02;;;;;;;;;;;;;;;;;;;;;;;;;;;;
"03351-CT-3""-C2-0012-N_HOJA-1_SP02_4";"03351-CT-3""-C2-0012-N_HOJA-1_SP02";"03351-CT-3""-C2-0012-N_HOJA-1";Concentrado Cu-Mo;03350-02-03;;TORRE TRASFERENCIA;"03351-CT-3""-C2-0012-N";1;0;SP02;4;F;BW;3;STD;C2;N;CS;1,7;Concentrado Cu-Mo;;;;12/03/2026;;;46249;;;;0,3;0,51;0,34;0,17;;;;;;;;;;;;;;;;;;;;;;;;;;;;;;;
"03351-CT-3""-C2-0012-N_HOJA-1_SP02_5";"03351-CT-3""-C2-0012-N_HOJA-1_SP02";"03351-CT-3""-C2-0012-N_HOJA-1";Concentrado Cu-Mo;03350-02-03;;TORRE TRASFERENCIA;"03351-CT-3""-C2-0012-N";1;0;SP02;5;S;BW;3;STD;C2;N;CS;1,7;Concentrado Cu-Mo;;W-02;;12/03/2026;46101;46112;46112;;;;0,6;1,02;1,02;0;EJECUTADA;46100;W-02;;;;;;;;;;;;;;;;;;;;;;;;;;;;
"03351-CT-3""-C2-0059-N_HOJA-1_SP01_1";"03351-CT-3""-C2-0059-N_HOJA-1_SP01";"03351-CT-3""-C2-0059-N_HOJA-1";Concentrado Cu-Mo;03350-02-03;;BAJO ESPESADOR ;"03351-CT-3""-C2-0059-N";1;0;SP01;1;S;SO;3;STD;C2;N;CS;0,59;Concentrado Cu-Mo;A PISO;W-16;;12/03/2026;46147;46147;46220;;;;0,6;0,354;0,354;0;EJECUTADA;46147;W-16;;;;;;;;;;;;;;;;;;;;;;;;;;;;
"03351-CT-3""-C2-0060-N_HOJA-1_SP01_1";"03351-CT-3""-C2-0060-N_HOJA-1_SP01";"03351-CT-3""-C2-0060-N_HOJA-1";Concentrado Cu-Mo;03350-02-03;;BAJO ESPESADOR ;"03351-CT-3""-C2-0060-N";1;0;SP01;1;S;SO;3;STD;C2;N;CS;0,6;Concentrado Cu-Mo;A PISO;W-01;;12/03/2026;46100;46111;46222;;;;0,6;0,36;0,36;0;EJECUTADA;46111;W-01;;;;;;;;;;;;;;;;;;;;;;;;;;;;
"03351-CT-3""-C2-0061-N_HOJA-1_SP01_1";"03351-CT-3""-C2-0061-N_HOJA-1_SP01";"03351-CT-3""-C2-0061-N_HOJA-1";Concentrado Cu-Mo;03350-02-03;;BAJO ESPESADOR ;"03351-CT-3""-C2-0061-N";1;0;SP01;1;S;SO;3;STD;C2;N;CS;0,6;Concentrado Cu-Mo;A PISO;W-01;;12/03/2026;46100;46111;46220;;;;0,6;0,36;0,36;0;EJECUTADA;46111;W-01;;;;;;;;;;;;;;;;;;;;;;;;;;;;
"03351-CT-3""-C2-0062-N_HOJA-1_SP01_1";"03351-CT-3""-C2-0062-N_HOJA-1_SP01";"03351-CT-3""-C2-0062-N_HOJA-1";Concentrado Cu-Mo;03350-02-03;;BAJO ESPESADOR ;"03351-CT-3""-C2-0062-N";1;0;SP01;1;S;SO;3;STD;C2;N;CS;0,55;Concentrado Cu-Mo;;W-01;;12/03/2026;46100;46118;46242;;;;0,6;0,33;0,275;0,055;EJECUTADA;46118;W-01;;;;;;;;;;;;;;;;;;;;;;;;;;;;
"03351-CT-3""-C2-0062-N_HOJA-1_SP01_2";"03351-CT-3""-C2-0062-N_HOJA-1_SP01";"03351-CT-3""-C2-0062-N_HOJA-1";Concentrado Cu-Mo;03350-02-03;;BAJO ESPESADOR ;"03351-CT-3""-C2-0062-N";1;0;SP01;2;S;BW;3;STD;C2;N;CS;0,55;Concentrado Cu-Mo;;W-01;;12/03/2026;46100;46118;46220;;;;0,6;0,33;0,33;0;EJECUTADA;46118;W-01;;;;;;;;;;;;;;;;;;;;;;;;;;;;
"03351-CT-3""-C2-0062-N_HOJA-1_SP01_3";"03351-CT-3""-C2-0062-N_HOJA-1_SP01";"03351-CT-3""-C2-0062-N_HOJA-1";Concentrado Cu-Mo;03350-02-03;;BAJO ESPESADOR ;"03351-CT-3""-C2-0062-N";1;0;SP01;3;S;BW;3;STD;C2;N;CS;0,55;Concentrado Cu-Mo;;W-02;;12/03/2026;46100;46141;46242;;;;0,6;0,33;0,275;0,055;EJECUTADA;46141;W-02;;;;;;;;;;;;;;;;;;;;;;;;;;;;
"03351-CT-3""-C2-0062-N_HOJA-1_SP01_4";"03351-CT-3""-C2-0062-N_HOJA-1_SP01";"03351-CT-3""-C2-0062-N_HOJA-1";Concentrado Cu-Mo;03350-02-03;;BAJO ESPESADOR ;"03351-CT-3""-C2-0062-N";1;0;SP01;4;S;BW;3;STD;C2;N;CS;0,55;Concentrado Cu-Mo;A PISO;W-02;;12/03/2026;46141;46141;46220;;;;0,6;0,33;0,33;0;EJECUTADA;46141;W-02;;;;;;;;;;;;;;;;;;;;;;;;;;;;
"03351-CT-3""-C2-0063-N_HOJA-1_SP01_1";"03351-CT-3""-C2-0063-N_HOJA-1_SP01";"03351-CT-3""-C2-0063-N_HOJA-1";Concentrado Cu-Mo;03350-02-03;;BAJO ESPESADOR ;"03351-CT-3""-C2-0063-N";1;0;SP01;1;S;SO;3;STD;C2;N;CS;2;Concentrado Cu-Mo;A PISO;W-16;;12/03/2026;46147;46147;46222;;;;0,6;1,2;1,2;0;EJECUTADA;46147;W-16;;;;;;;;;;;;;;;;;;;;;;;;;;;;
"03351-CT-3""-C2-0064-N_HOJA-1_SP01_1";"03351-CT-3""-C2-0064-N_HOJA-1_SP01";"03351-CT-3""-C2-0064-N_HOJA-1";Concentrado Cu-Mo;03350-02-03;;BAJO ESPESADOR ;"03351-CT-3""-C2-0064-N";1;0;SP01;1;S;SO;3;STD;C2;N;CS;0,712;Concentrado Cu-Mo;;W-16;;12/03/2026;46148;46148;46220;;;;0,6;0,4272;0,4272;0;EJECUTADA;46148;W-16;;;;;;;;;;;;;;;;;;;;;;;;;;;;
"03351-CT-3""-C2-0064-N_HOJA-1_SP01_2";"03351-CT-3""-C2-0064-N_HOJA-1_SP01";"03351-CT-3""-C2-0064-N_HOJA-1";Concentrado Cu-Mo;03350-02-03;;BAJO ESPESADOR ;"03351-CT-3""-C2-0064-N";1;0;SP01;2;S;BW;3;STD;C2;N;CS;0,712;Concentrado Cu-Mo;;W-02;;12/03/2026;46143;46143;46220;;;;0,6;0,4272;0,4272;0;EJECUTADA;46143;W-02;;;;;;;;;;;;;;;;;;;;;;;;;;;;
"03351-CT-3""-C2-0064-N_HOJA-1_SP01_3";"03351-CT-3""-C2-0064-N_HOJA-1_SP01";"03351-CT-3""-C2-0064-N_HOJA-1";Concentrado Cu-Mo;03350-02-03;;BAJO ESPESADOR ;"03351-CT-3""-C2-0064-N";1;0;SP01;3;S;BW;3;STD;C2;N;CS;0,712;Concentrado Cu-Mo;;W-02;;12/03/2026;46142;46142;46220;;;;0,6;0,4272;0,4272;0;EJECUTADA;46142;W-02;;;;;;;;;;;;;;;;;;;;;;;;;;;;
"03351-CT-3""-C2-0064-N_HOJA-1_SP01_4";"03351-CT-3""-C2-0064-N_HOJA-1_SP01";"03351-CT-3""-C2-0064-N_HOJA-1";Concentrado Cu-Mo;03350-02-03;;BAJO ESPESADOR ;"03351-CT-3""-C2-0064-N";1;0;SP01;4;S;BW;3;STD;C2;N;CS;0,712;Concentrado Cu-Mo;;W-02;;12/03/2026;46142;46142;46220;;;;0,6;0,4272;0,4272;0;EJECUTADA;46142;W-02;;;;;;;;;;;;;;;;;;;;;;;;;;;;
"03351-CT-3""-C2-0064-N_HOJA-1_SP01_5";"03351-CT-3""-C2-0064-N_HOJA-1_SP01";"03351-CT-3""-C2-0064-N_HOJA-1";Concentrado Cu-Mo;03350-02-03;;BAJO ESPESADOR ;"03351-CT-3""-C2-0064-N";1;0;SP01;5;S;BW;3;STD;C2;N;CS;0,712;Concentrado Cu-Mo;A PISO;W-02;;12/03/2026;46142;46142;46220;;;;0,6;0,4272;0,4272;0;EJECUTADA;46142;W-02;;;;;;;;;;;;;;;;;;;;;;;;;;;;
"03351-CT-3""-C2-0065-N_HOJA-1_SP01_1";"03351-CT-3""-C2-0065-N_HOJA-1_SP01";"03351-CT-3""-C2-0065-N_HOJA-1";Concentrado Cu-Mo;03350-02-03;;TORRE TRASFERENCIA;"03351-CT-3""-C2-0065-N";1;0;SP01;1;S;SO;3;STD;C2;N;CS;1,7;Concentrado Cu-Mo;;W-01;;12/03/2026;46100;46112;46220;;;;0,6;1,02;1,02;0;EJECUTADA;46112;W-01;;;;;;;;;;;;;;;;;;;;;;;;;;;;
"03351-CT-3""-C2-0065-N_HOJA-1_SP01_2";"03351-CT-3""-C2-0065-N_HOJA-1_SP01";"03351-CT-3""-C2-0065-N_HOJA-1";Concentrado Cu-Mo;03350-02-03;;TORRE TRASFERENCIA;"03351-CT-3""-C2-0065-N";1;0;SP01;2;S;BW;3;STD;C2;N;CS;1,7;Concentrado Cu-Mo;;W-01;;12/03/2026;46100;46112;46220;;;;0,6;1,02;1,02;0;EJECUTADA;46112;W-01;;;;;;;;;;;;;;;;;;;;;;;;;;;;
"03351-CT-3""-C2-0065-N_HOJA-1_SP01_3";"03351-CT-3""-C2-0065-N_HOJA-1_SP01";"03351-CT-3""-C2-0065-N_HOJA-1";Concentrado Cu-Mo;03350-02-03;;TORRE TRASFERENCIA;"03351-CT-3""-C2-0065-N";1;0;SP01;3;S;BW;3;STD;C2;N;CS;1,7;Concentrado Cu-Mo;;W-01;;12/03/2026;46100;46112;46220;;;;0,6;1,02;1,02;0;EJECUTADA;46112;W-01;;;;;;;;;;;;;;;;;;;;;;;;;;;;
"03351-CT-3""-C2-0065-N_HOJA-1_SP02_4";"03351-CT-3""-C2-0065-N_HOJA-1_SP02";"03351-CT-3""-C2-0065-N_HOJA-1";Concentrado Cu-Mo;03350-02-03;;TORRE TRASFERENCIA;"03351-CT-3""-C2-0065-N";1;0;SP02;4;F;BW;3;STD;C2;N;CS;1,7;Concentrado Cu-Mo;;;;12/03/2026;;;46249;;;;0,3;0,51;0,34;0,17;;;;;;;;;;;;;;;;;;;;;;;;;;;;;;;
"03351-CT-3""-C2-0065-N_HOJA-1_SP02_5";"03351-CT-3""-C2-0065-N_HOJA-1_SP02";"03351-CT-3""-C2-0065-N_HOJA-1";Concentrado Cu-Mo;03350-02-03;;TORRE TRASFERENCIA;"03351-CT-3""-C2-0065-N";1;0;SP02;5;S;BW;3;STD;C2;N;CS;1,7;Concentrado Cu-Mo;A PISO;W-01;;12/03/2026;46100;46113;46220;;;;0,6;1,02;1,02;0;EJECUTADA;46113;W-01;;;;;;;;;;;;;;;;;;;;;;;;;;;;
"03351-CT-3""-C2-0066-N_HOJA-1_SP01_1";"03351-CT-3""-C2-0066-N_HOJA-1_SP01";"03351-CT-3""-C2-0066-N_HOJA-1";Concentrado Cu-Mo;03350-02-03;;BAJO ESPESADOR ;"03351-CT-3""-C2-0066-N";1;0;SP01;1;S;SO;3;STD;C2;N;CS;0,58;Concentrado Cu-Mo;;W-01;;12/03/2026;46100;46100;46220;;;;0,6;0,348;0,348;0;EJECUTADA;46100;W-01;;;;;;;;;;;;;;;;;;;;;;;;;;;;
"03351-CT-3""-C2-0066-N_HOJA-1_SP01_2";"03351-CT-3""-C2-0066-N_HOJA-1_SP01";"03351-CT-3""-C2-0066-N_HOJA-1";Concentrado Cu-Mo;03350-02-03;;BAJO ESPESADOR ;"03351-CT-3""-C2-0066-N";1;0;SP01;2;S;BW;3;STD;C2;N;CS;0,58;Concentrado Cu-Mo;;W-01;;12/03/2026;46100;46111;46242;;;;0,6;0,348;0,29;0,058;EJECUTADA;46111;W-01;;;;;;;;;;;;;;;;;;;;;;;;;;;;
"03351-CT-3""-C2-0066-N_HOJA-1_SP01_3";"03351-CT-3""-C2-0066-N_HOJA-1_SP01";"03351-CT-3""-C2-0066-N_HOJA-1";Concentrado Cu-Mo;03350-02-03;;BAJO ESPESADOR ;"03351-CT-3""-C2-0066-N";1;0;SP01;3;S;BW;3;STD;C2;N;CS;0,58;Concentrado Cu-Mo;;W-02;;12/03/2026;46141;46141;46220;;;;0,6;0,348;0,348;0;EJECUTADA;46141;W-02;;;;;;;;;;;;;;;;;;;;;;;;;;;;
"03351-CT-3""-C2-0066-N_HOJA-1_SP01_4";"03351-CT-3""-C2-0066-N_HOJA-1_SP01";"03351-CT-3""-C2-0066-N_HOJA-1";Concentrado Cu-Mo;03350-02-03;;BAJO ESPESADOR ;"03351-CT-3""-C2-0066-N";1;0;SP01;4;S;BW;3;STD;C2;N;CS;0,58;Concentrado Cu-Mo;A PISO;W-02;;12/03/2026;46141;46141;46242;;;;0,6;0,348;0,29;0,058;EJECUTADA;46141;W-02;;;;;;;;;;;;;;;;;;;;;;;;;;;;
"03351-CT-3""-C2-0067-N_HOJA-1_SP01_1";"03351-CT-3""-C2-0067-N_HOJA-1_SP01";"03351-CT-3""-C2-0067-N_HOJA-1";Concentrado Cu-Mo;03350-02-03;;BAJO ESPESADOR ;"03351-CT-3""-C2-0067-N";1;0;SP01;1;S;SO;3;STD;C2;N;CS;1,97;Concentrado Cu-Mo;A PISO;W-02;;12/03/2026;46169;46169;46222;;;;0,6;1,182;1,182;0;EJECUTADA;46169;W-02;;;;;;;;;;;;;;;;;;;;;;;;;;;;
"03351-CT-3""-C2-0068-N_HOJA-1_SP01_1";"03351-CT-3""-C2-0068-N_HOJA-1_SP01";"03351-CT-3""-C2-0068-N_HOJA-1";Concentrado Cu-Mo;03350-02-03;;BAJO ESPESADOR ;"03351-CT-3""-C2-0068-N";1;0;SP01;1;S;SO;3;STD;C2;N;CS;0,69;Concentrado Cu-Mo;;W-02;;12/03/2026;46148;46148;46220;;;;0,6;0,414;0,414;0;EJECUTADA;46148;W-02;;;;;;;;;;;;;;;;;;;;;;;;;;;;
"03351-CT-3""-C2-0068-N_HOJA-1_SP01_2";"03351-CT-3""-C2-0068-N_HOJA-1_SP01";"03351-CT-3""-C2-0068-N_HOJA-1";Concentrado Cu-Mo;03350-02-03;;BAJO ESPESADOR ;"03351-CT-3""-C2-0068-N";1;0;SP01;2;S;BW;3;STD;C2;N;CS;0,69;Concentrado Cu-Mo;;W-02;;12/03/2026;46143;46143;46220;;;;0,6;0,414;0,414;0;EJECUTADA;46143;W-02;;;;;;;;;;;;;;;;;;;;;;;;;;;;
"03351-CT-3""-C2-0068-N_HOJA-1_SP01_3";"03351-CT-3""-C2-0068-N_HOJA-1_SP01";"03351-CT-3""-C2-0068-N_HOJA-1";Concentrado Cu-Mo;03350-02-03;;BAJO ESPESADOR ;"03351-CT-3""-C2-0068-N";1;0;SP01;3;S;BW;3;STD;C2;N;CS;0,69;Concentrado Cu-Mo;;W-02;;12/03/2026;46142;46142;46220;;;;0,6;0,414;0,414;0;EJECUTADA;46142;W-02;;;;;;;;;;;;;;;;;;;;;;;;;;;;
"03351-CT-3""-C2-0068-N_HOJA-1_SP01_4";"03351-CT-3""-C2-0068-N_HOJA-1_SP01";"03351-CT-3""-C2-0068-N_HOJA-1";Concentrado Cu-Mo;03350-02-03;;BAJO ESPESADOR ;"03351-CT-3""-C2-0068-N";1;0;SP01;4;S;BW;3;STD;C2;N;CS;0,69;Concentrado Cu-Mo;;W-02;;12/03/2026;46142;46142;46220;;;;0,6;0,414;0,414;0;EJECUTADA;46142;W-02;;;;;;;;;;;;;;;;;;;;;;;;;;;;
"03351-CT-3""-C2-0070-N_HOJA-1_SP01_2";"03351-CT-3""-C2-0070-N_HOJA-1_SP01";"03351-CT-3""-C2-0070-N_HOJA-1";Concentrado Cu-Mo;03350-02-03;;BAJO ESPESADOR ;"03351-CT-3""-C2-0070-N";1;0;SP01;2;S;BW;3;STD;C2;N;CS;0,55;Concentrado Cu-Mo;;W-01;;12/03/2026;46101;46111;46220;;;;0,6;0,33;0,33;0;EJECUTADA;46111;W-01;;;;;;;;;;;;;;;;;;;;;;;;;;;;
"03351-CT-3""-C2-0068-N_HOJA-1_SP01_5";"03351-CT-3""-C2-0068-N_HOJA-1_SP01";"03351-CT-3""-C2-0068-N_HOJA-1";Concentrado Cu-Mo;03350-02-03;;BAJO ESPESADOR ;"03351-CT-3""-C2-0068-N";1;0;SP01;5;S;BW;3;STD;C2;N;CS;0,69;Concentrado Cu-Mo;;W-02;;12/03/2026;46142;46142;46220;;;;0,6;0,414;0,414;0;EJECUTADA;46142;W-02;;;;;;;;;;;;;;;;;;;;;;;;;;;;
"03351-CT-3""-C2-0069-N_HOJA-1_SP01_1";"03351-CT-3""-C2-0069-N_HOJA-1_SP01";"03351-CT-3""-C2-0069-N_HOJA-1";Concentrado Cu-Mo;03350-02-03;;TORRE TRASFERENCIA;"03351-CT-3""-C2-0069-N";1;0;SP01;1;S;SO;3;STD;C2;N;CS;1,87;Concentrado Cu-Mo;;;;12/03/2026;;;46249;;;;0,3;0,561;0,374;0,187;;;;;;;;;;;;;;;;;;;;;;;;;;;;;;;
"03351-CT-3""-C2-0069-N_HOJA-1_SP01_2";"03351-CT-3""-C2-0069-N_HOJA-1_SP01";"03351-CT-3""-C2-0069-N_HOJA-1";Concentrado Cu-Mo;03350-02-03;;TORRE TRASFERENCIA;"03351-CT-3""-C2-0069-N";1;0;SP01;2;S;BW;3;STD;C2;N;CS;1,87;Concentrado Cu-Mo;;W-02;;12/03/2026;46101;46112;46242;;;;0,6;1,122;0,935;0,187;EJECUTADA;46112;W-02;;;;;;;;;;;;;;;;;;;;;;;;;;;;
"03351-CT-3""-C2-0069-N_HOJA-1_SP01_3";"03351-CT-3""-C2-0069-N_HOJA-1_SP01";"03351-CT-3""-C2-0069-N_HOJA-1";Concentrado Cu-Mo;03350-02-03;;TORRE TRASFERENCIA;"03351-CT-3""-C2-0069-N";1;0;SP01;3;S;BW;3;STD;C2;N;CS;1,87;Concentrado Cu-Mo;;W-02;;12/03/2026;46101;46112;46242;;;;0,6;1,122;0,935;0,187;EJECUTADA;46112;W-02;;;;;;;;;;;;;;;;;;;;;;;;;;;;
"03351-CT-3""-C2-0069-N_HOJA-1_SP02_4";"03351-CT-3""-C2-0069-N_HOJA-1_SP02";"03351-CT-3""-C2-0069-N_HOJA-1";Concentrado Cu-Mo;03350-02-03;;TORRE TRASFERENCIA;"03351-CT-3""-C2-0069-N";1;0;SP02;4;F;BW;3;STD;C2;N;CS;1,87;Concentrado Cu-Mo;;;;12/03/2026;;;46220;;;;0,3;0,561;0,561;0;;;;;;;;;;;;;;;;;;;;;;;;;;;;;;;
"03351-CT-3""-C2-0069-N_HOJA-1_SP02_5";"03351-CT-3""-C2-0069-N_HOJA-1_SP02";"03351-CT-3""-C2-0069-N_HOJA-1";Concentrado Cu-Mo;03350-02-03;;TORRE TRASFERENCIA;"03351-CT-3""-C2-0069-N";1;0;SP02;5;S;BW;3;STD;C2;N;CS;1,87;Concentrado Cu-Mo;A PISO;W-02;;12/03/2026;46101;46112;46220;;;;0,6;1,122;1,122;0;EJECUTADA;46112;W-02;;;;;;;;;;;;;;;;;;;;;;;;;;;;
"03351-CT-3""-C2-0070-N_HOJA-1_SP01_1";"03351-CT-3""-C2-0070-N_HOJA-1_SP01";"03351-CT-3""-C2-0070-N_HOJA-1";Concentrado Cu-Mo;03350-02-03;;BAJO ESPESADOR ;"03351-CT-3""-C2-0070-N";1;0;SP01;1;S;SO;3;STD;C2;N;CS;0,55;Concentrado Cu-Mo;;;;12/03/2026;;;46249;;;;0,3;0,165;0,11;0,055;;;;;;;;;;;;;;;;;;;;;;;;;;;;;;;
"03351-CT-3""-C2-0070-N_HOJA-1_SP01_3";"03351-CT-3""-C2-0070-N_HOJA-1_SP01";"03351-CT-3""-C2-0070-N_HOJA-1";Concentrado Cu-Mo;03350-02-03;;BAJO ESPESADOR ;"03351-CT-3""-C2-0070-N";1;0;SP01;3;S;BW;3;STD;C2;N;CS;0,55;Concentrado Cu-Mo;;W-01;;12/03/2026;46101;46141;46220;;;;0,6;0,33;0,33;0;EJECUTADA;46119;W-01;;;;;;;;;;;;;;;;;;;;;;;;;;;;
"03351-CT-3""-C2-0070-N_HOJA-1_SP01_4";"03351-CT-3""-C2-0070-N_HOJA-1_SP01";"03351-CT-3""-C2-0070-N_HOJA-1";Concentrado Cu-Mo;03350-02-03;;BAJO ESPESADOR ;"03351-CT-3""-C2-0070-N";1;0;SP01;4;S;BW;3;STD;C2;N;CS;0,55;Concentrado Cu-Mo;A PISO;W-02;;12/03/2026;46141;46141;46242;;;;0,6;0,33;0,275;0,055;EJECUTADA;46141;W-02;;;;;;;;;;;;;;;;;;;;;;;;;;;;
"03351-CT-3""-C2-0071-N_HOJA-1_SP01_1";"03351-CT-3""-C2-0071-N_HOJA-1_SP01";"03351-CT-3""-C2-0071-N_HOJA-1";Concentrado Cu-Mo;03350-02-03;;BAJO ESPESADOR ;"03351-CT-3""-C2-0071-N";1;0;SP01;1;S;SO;3;STD;C2;N;CS;1,99;Concentrado Cu-Mo;A PISO;W-16;;12/03/2026;46169;46169;46220;;;;0,6;1,194;1,194;0;EJECUTADA;46169;W-16;;;;;;;;;;;;;;;;;;;;;;;;;;;;
"03351-CT-3""-C2-0072-N_HOJA-1_SP01_1";"03351-CT-3""-C2-0072-N_HOJA-1_SP01";"03351-CT-3""-C2-0072-N_HOJA-1";Concentrado Cu-Mo;03350-02-03;;BAJO ESPESADOR ;"03351-CT-3""-C2-0072-N";1;0;SP01;1;S;SO;3;STD;C2;N;CS;1,99;Concentrado Cu-Mo;A PISO;W-02;;12/03/2026;46169;46169;46222;;;;0,6;1,194;1,194;0;EJECUTADA;46169;W-02;;;;;;;;;;;;;;;;;;;;;;;;;;;;
"03351-CT-3""-C2-0074-N_HOJA-1_SP01_1";"03351-CT-3""-C2-0074-N_HOJA-1_SP01";"03351-CT-3""-C2-0074-N_HOJA-1";Concentrado Cu-Mo;03350-02-03;;TORRE TRASFERENCIA;"03351-CT-3""-C2-0074-N";1;0;SP01;1;S;SO;3;STD;C2;N;CS;1,73;Concentrado Cu-Mo;;;;12/03/2026;;;46220;;;;0,3;0,519;0,519;0;;;;;;;;;;;;;;;;;;;;;;;;;;;;;;;
"03351-CT-3""-C2-0074-N_HOJA-1_SP01_2";"03351-CT-3""-C2-0074-N_HOJA-1_SP01";"03351-CT-3""-C2-0074-N_HOJA-1";Concentrado Cu-Mo;03350-02-03;;TORRE TRASFERENCIA;"03351-CT-3""-C2-0074-N";1;0;SP01;2;S;BW;3;STD;C2;N;CS;1,73;Concentrado Cu-Mo;;W-01;;12/03/2026;46100;46112;46242;;;;0,6;1,038;0,865;0,173;EJECUTADA;46112;W-01;;;;;;;;;;;;;;;;;;;;;;;;;;;;
"03351-CT-3""-C2-0074-N_HOJA-1_SP01_3";"03351-CT-3""-C2-0074-N_HOJA-1_SP01";"03351-CT-3""-C2-0074-N_HOJA-1";Concentrado Cu-Mo;03350-02-03;;TORRE TRASFERENCIA;"03351-CT-3""-C2-0074-N";1;0;SP01;3;S;BW;3;STD;C2;N;CS;1,73;Concentrado Cu-Mo;;W-01;;12/03/2026;46100;46112;46242;;;;0,6;1,038;0,865;0,173;EJECUTADA;46112;W-01;;;;;;;;;;;;;;;;;;;;;;;;;;;;
"03351-CT-3""-C2-0074-N_HOJA-1_SP02_4";"03351-CT-3""-C2-0074-N_HOJA-1_SP02";"03351-CT-3""-C2-0074-N_HOJA-1";Concentrado Cu-Mo;03350-02-03;;TORRE TRASFERENCIA;"03351-CT-3""-C2-0074-N";1;0;SP02;4;F;BW;3;STD;C2;N;CS;1,73;Concentrado Cu-Mo;;;;12/03/2026;;;46249;;;;0,3;0,519;0,346;0,173;;;;;;;;;;;;;;;;;;;;;;;;;;;;;;;
"03351-CT-3""-C2-0074-N_HOJA-1_SP02_5";"03351-CT-3""-C2-0074-N_HOJA-1_SP02";"03351-CT-3""-C2-0074-N_HOJA-1";Concentrado Cu-Mo;03350-02-03;;TORRE TRASFERENCIA;"03351-CT-3""-C2-0074-N";1;0;SP02;5;S;BW;3;STD;C2;N;CS;1,73;Concentrado Cu-Mo;;W-01;;12/03/2026;46100;46112;46220;;;;0,6;1,038;1,038;0;EJECUTADA;46112;W-01;;;;;;;;;;;;;;;;;;;;;;;;;;;;
"03351-CT-3""-C2-0086-N_HOJA-1_SP01_1";"03351-CT-3""-C2-0086-N_HOJA-1_SP01";"03351-CT-3""-C2-0086-N_HOJA-1";Concentrado Cu-Mo;03350-02-03;;BAJO ESPESADOR ;"03351-CT-3""-C2-0086-N";1;0;SP01;1;S;SO;3;STD;C2;N;CS;1,99;Concentrado Cu-Mo;A PISO;W-02;;12/03/2026;46169;46169;46222;;;;0,6;1,194;1,194;0;EJECUTADA;46169;W-02;;;;;;;;;;;;;;;;;;;;;;;;;;;;
"03351-CT-4""-C2-0003-N_HOJA-1_SP01_1";"03351-CT-4""-C2-0003-N_HOJA-1_SP01";"03351-CT-4""-C2-0003-N_HOJA-1";Colectivo Cu-Mo TIE-IN-001;03350-02-05;;TORRE TRASFERENCIA;"03351-CT-4""-C2-0003-N";1;0;SP01;1;S;SO;4;STD;C2;N;CS;0,92;Concentrado Cu-Mo;;W-01;;12/03/2026;46112;46113;46220;;;;0,6;0,552;0,552;0;EJECUTADA;46113;W-01;;;;;;;;;;;;;;;;;;;;;;;;;;;;
"03351-CT-4""-C2-0003-N_HOJA-1_SP01_2";"03351-CT-4""-C2-0003-N_HOJA-1_SP01";"03351-CT-4""-C2-0003-N_HOJA-1";Colectivo Cu-Mo TIE-IN-001;03350-02-05;;TORRE TRASFERENCIA;"03351-CT-4""-C2-0003-N";1;0;SP01;2;S;SO;4;STD;C2;N;CS;0,92;Concentrado Cu-Mo;;W-01;;12/03/2026;46112;46113;46242;;;;0,6;0,552;0,46;0,092;EJECUTADA;46113;W-01;;;;;;;;;;;;;;;;;;;;;;;;;;;;
"03351-CT-4""-C2-0003-N_HOJA-1_SP02_3";"03351-CT-4""-C2-0003-N_HOJA-1_SP02";"03351-CT-4""-C2-0003-N_HOJA-1";Colectivo Cu-Mo TIE-IN-001;03350-02-05;;TORRE TRASFERENCIA;"03351-CT-4""-C2-0003-N";1;0;SP02;3;S;SO;4;STD;C2;N;CS;0,92;Concentrado Cu-Mo;;W-01;;12/03/2026;46112;46113;46242;;;;0,6;0,552;0,46;0,092;EJECUTADA;46113;W-01;;;;;;;;;;;;;;;;;;;;;;;;;;;;
"03351-CT-4""-C2-0003-N_HOJA-1_SP02_4";"03351-CT-4""-C2-0003-N_HOJA-1_SP02";"03351-CT-4""-C2-0003-N_HOJA-1";Colectivo Cu-Mo TIE-IN-001;03350-02-05;;TORRE TRASFERENCIA;"03351-CT-4""-C2-0003-N";1;0;SP02;4;S;BW;4;STD;C2;N;CS;0,92;Concentrado Cu-Mo;;W-01;;12/03/2026;46112;46113;46220;;;;0,6;0,552;0,552;0;EJECUTADA;46113;W-01;;;;;;;;;;;;;;;;;;;;;;;;;;;;
"03351-CT-4""-C2-0003-N_HOJA-1_SP02_5";"03351-CT-4""-C2-0003-N_HOJA-1_SP02";"03351-CT-4""-C2-0003-N_HOJA-1";Colectivo Cu-Mo TIE-IN-001;03350-02-05;;TORRE TRASFERENCIA;"03351-CT-4""-C2-0003-N";1;0;SP02;5;S;BW;4;STD;C2;N;CS;0,92;Concentrado Cu-Mo;;W-01;;12/03/2026;46112;46113;46220;;;;0,6;0,552;0,552;0;EJECUTADA;46113;W-01;;;;;;;;;;;;;;;;;;;;;;;;;;;;
"03351-CT-4""-C2-0003-N_HOJA-1_SP03_6";"03351-CT-4""-C2-0003-N_HOJA-1_SP03";"03351-CT-4""-C2-0003-N_HOJA-1";Colectivo Cu-Mo TIE-IN-001;03350-02-05;;TORRE TRASFERENCIA;"03351-CT-4""-C2-0003-N";1;0;SP03;6;F;BW;4;STD;C2;N;CS;0,92;Concentrado Cu-Mo;;;;12/03/2026;;;46249;;;;0,3;0,276;0,184;0,092;;;;;;;;;;;;;;;;;;;;;;;;;;;;;;;
"03351-CT-4""-C2-0003-N_HOJA-1_SP03_7";"03351-CT-4""-C2-0003-N_HOJA-1_SP03";"03351-CT-4""-C2-0003-N_HOJA-1";Colectivo Cu-Mo TIE-IN-001;03350-02-05;;TORRE TRASFERENCIA;"03351-CT-4""-C2-0003-N";1;0;SP03;7;S;BW;4;STD;C2;N;CS;0,92;Concentrado Cu-Mo;;W-01;;12/03/2026;46112;46113;46242;;;;0,6;0,552;0,46;0,092;EJECUTADA;46113;W-01;;;;;;;;;;;;;;;;;;;;;;;;;;;;
"03351-CT-4""-C2-0003-N_HOJA-1_SP03_8";"03351-CT-4""-C2-0003-N_HOJA-1_SP03";"03351-CT-4""-C2-0003-N_HOJA-1";Colectivo Cu-Mo TIE-IN-001;03350-02-05;;TORRE TRASFERENCIA;"03351-CT-4""-C2-0003-N";1;0;SP03;8;F;BW;4;STD;C2;N;CS;0,92;Concentrado Cu-Mo;;;;12/03/2026;;;46220;;;;0,3;0,276;0,276;0;;;;;;;;;;;;;;;;;;;;;;;;;;;;;;;
"03351-CT-4""-C2-0003-N_HOJA-1_SP04_9";"03351-CT-4""-C2-0003-N_HOJA-1_SP04";"03351-CT-4""-C2-0003-N_HOJA-1";Colectivo Cu-Mo TIE-IN-001;03350-02-05;;TORRE TRASFERENCIA;"03351-CT-4""-C2-0003-N";1;0;SP04;9;S;BW;4;STD;C2;N;CS;0,92;Concentrado Cu-Mo;;W-02;;12/03/2026;46140;46140;46242;;;;0,6;0,552;0,46;0,092;EJECUTADA;46140;W-02;;;;;;;;;;;;;;;;;;;;;;;;;;;;
"03351-CT-4""-C2-0003-N_HOJA-1_SP04_10";"03351-CT-4""-C2-0003-N_HOJA-1_SP04";"03351-CT-4""-C2-0003-N_HOJA-1";Colectivo Cu-Mo TIE-IN-001;03350-02-05;;TORRE TRASFERENCIA;"03351-CT-4""-C2-0003-N";1;0;SP04;10;S;BW;4;STD;C2;N;CS;0,92;Concentrado Cu-Mo;;W-02;;12/03/2026;46140;46140;46220;;;;0,6;0,552;0,552;0;EJECUTADA;46140;W-02;;;;;;;;;;;;;;;;;;;;;;;;;;;;
"03351-CT-4""-C2-0003-N_HOJA-1_SP04_11";"03351-CT-4""-C2-0003-N_HOJA-1_SP04";"03351-CT-4""-C2-0003-N_HOJA-1";Colectivo Cu-Mo TIE-IN-001;03350-02-05;;TORRE TRASFERENCIA;"03351-CT-4""-C2-0003-N";1;0;SP04;11;S;BW;4;STD;C2;N;CS;0,92;Concentrado Cu-Mo;;W-02;;12/03/2026;46140;46140;46242;;;;0,6;0,552;0,46;0,092;EJECUTADA;46140;W-02;;;;;;;;;;;;;;;;;;;;;;;;;;;;
"03351-CT-4""-C2-0003-N_HOJA-1_SP04_12";"03351-CT-4""-C2-0003-N_HOJA-1_SP04";"03351-CT-4""-C2-0003-N_HOJA-1";Colectivo Cu-Mo TIE-IN-001;03350-02-05;;TORRE TRASFERENCIA;"03351-CT-4""-C2-0003-N";1;0;SP04;12;F;BW;4;STD;C2;N;CS;0,92;Concentrado Cu-Mo;;;;12/03/2026;;;46249;;;;0,3;0,276;0,184;0,092;;;;;;;;;;;;;;;;;;;;;;;;;;;;;;;
"03351-CT-4""-C2-0003-N_HOJA-1_SP05_13";"03351-CT-4""-C2-0003-N_HOJA-1_SP05";"03351-CT-4""-C2-0003-N_HOJA-1";Colectivo Cu-Mo TIE-IN-001;03350-02-05;;TORRE TRASFERENCIA;"03351-CT-4""-C2-0003-N";1;0;SP05;13;S;BW;4;STD;C2;N;CS;0,92;Concentrado Cu-Mo;;W-02;;12/03/2026;46142;46142;46242;;;;0,6;0,552;0,46;0,092;EJECUTADA;46172;W-02;;;;;;;;;;;;;;;;;;;;;;;;;;;;
"03351-CT-4""-C2-0003-N_HOJA-1_SP05_14";"03351-CT-4""-C2-0003-N_HOJA-1_SP05";"03351-CT-4""-C2-0003-N_HOJA-1";Colectivo Cu-Mo TIE-IN-001;03350-02-05;;TORRE TRASFERENCIA;"03351-CT-4""-C2-0003-N";1;0;SP05;14;S;BW;4;STD;C2;N;CS;0,92;Concentrado Cu-Mo;;W-02;;12/03/2026;46142;46142;46220;;;;0,6;0,552;0,552;0;EJECUTADA;46172;W-02;;;;;;;;;;;;;;;;;;;;;;;;;;;;
"03351-CT-4""-C2-0003-N_HOJA-1_SP05_15";"03351-CT-4""-C2-0003-N_HOJA-1_SP05";"03351-CT-4""-C2-0003-N_HOJA-1";Colectivo Cu-Mo TIE-IN-001;03350-02-05;;TORRE TRASFERENCIA;"03351-CT-4""-C2-0003-N";1;0;SP05;15;S;BW;4;STD;C2;N;CS;0,92;Concentrado Cu-Mo;;W-02;;12/03/2026;46142;46142;46220;;;;0,6;0,552;0,552;0;EJECUTADA;46172;W-02;;;;;;;;;;;;;;;;;;;;;;;;;;;;
"03351-CT-4""-C2-0004-N_HOJA-1_SP01_1";"03351-CT-4""-C2-0004-N_HOJA-1_SP01";"03351-CT-4""-C2-0004-N_HOJA-1";Colectivo Cu-Mo TIE-IN-001;03350-02-05;;TORRE TRASFERENCIA;"03351-CT-4""-C2-0004-N";1;0;SP01;1;S;SO;4;STD;C2;N;CS;0,81;Concentrado Cu-Mo;;W-16;;12/03/2026;46141;46141;46242;;;;0,6;0,486;0,405;0,081;EJECUTADA;46140;W-16;;;;;;;;;;;;;;;;;;;;;;;;;;;;
"03351-CT-4""-C2-0004-N_HOJA-1_SP01_2";"03351-CT-4""-C2-0004-N_HOJA-1_SP01";"03351-CT-4""-C2-0004-N_HOJA-1";Colectivo Cu-Mo TIE-IN-001;03350-02-05;;TORRE TRASFERENCIA;"03351-CT-4""-C2-0004-N";1;0;SP01;2;S;SO;4;STD;C2;N;CS;0,81;Concentrado Cu-Mo;;W-16;;12/03/2026;46141;46141;46220;;;;0,6;0,486;0,486;0;EJECUTADA;46140;W-16;;;;;;;;;;;;;;;;;;;;;;;;;;;;
"03351-CT-4""-C2-0004-N_HOJA-1_SP02_3";"03351-CT-4""-C2-0004-N_HOJA-1_SP02";"03351-CT-4""-C2-0004-N_HOJA-1";Colectivo Cu-Mo TIE-IN-001;03350-02-05;;TORRE TRASFERENCIA;"03351-CT-4""-C2-0004-N";1;0;SP02;3;S;SO;4;STD;C2;N;CS;0,81;Concentrado Cu-Mo;;W-02;;12/03/2026;46141;46141;46220;;;;0,6;0,486;0,486;0;EJECUTADA;46140;W-02;;;;;;;;;;;;;;;;;;;;;;;;;;;;
"03351-CT-4""-C2-0004-N_HOJA-1_SP02_4";"03351-CT-4""-C2-0004-N_HOJA-1_SP02";"03351-CT-4""-C2-0004-N_HOJA-1";Colectivo Cu-Mo TIE-IN-001;03350-02-05;;TORRE TRASFERENCIA;"03351-CT-4""-C2-0004-N";1;0;SP02;4;S;BW;4;STD;C2;N;CS;0,81;Concentrado Cu-Mo;;W-02;;12/03/2026;46140;46140;46220;;;;0,6;0,486;0,486;0;EJECUTADA;46140;W-02;;;;;;;;;;;;;;;;;;;;;;;;;;;;
"03351-CT-4""-C2-0004-N_HOJA-1_SP02_5";"03351-CT-4""-C2-0004-N_HOJA-1_SP02";"03351-CT-4""-C2-0004-N_HOJA-1";Colectivo Cu-Mo TIE-IN-001;03350-02-05;;TORRE TRASFERENCIA;"03351-CT-4""-C2-0004-N";1;0;SP02;5;S;BW;4;STD;C2;N;CS;0,81;Concentrado Cu-Mo;;W-02;;12/03/2026;46140;46140;46242;;;;0,6;0,486;0,405;0,081;EJECUTADA;46140;W-02;;;;;;;;;;;;;;;;;;;;;;;;;;;;
"03351-CT-4""-C2-0004-N_HOJA-1_SP03_6";"03351-CT-4""-C2-0004-N_HOJA-1_SP03";"03351-CT-4""-C2-0004-N_HOJA-1";Colectivo Cu-Mo TIE-IN-001;03350-02-05;;TORRE TRASFERENCIA;"03351-CT-4""-C2-0004-N";1;0;SP03;6;F;BW;4;STD;C2;N;CS;0,81;Concentrado Cu-Mo;;;;12/03/2026;;;46249;;;;0,3;0,243;0,162;0,081;;;;;;;;;;;;;;;;;;;;;;;;;;;;;;;
"03351-CT-4""-C2-0004-N_HOJA-1_SP03_7";"03351-CT-4""-C2-0004-N_HOJA-1_SP03";"03351-CT-4""-C2-0004-N_HOJA-1";Colectivo Cu-Mo TIE-IN-001;03350-02-05;;TORRE TRASFERENCIA;"03351-CT-4""-C2-0004-N";1;0;SP03;7;S;BW;4;STD;C2;N;CS;0,81;Concentrado Cu-Mo;;W-02;;12/03/2026;46140;46140;46242;;;;0,6;0,486;0,405;0,081;EJECUTADA;46140;W-02;;;;;;;;;;;;;;;;;;;;;;;;;;;;
"03351-CT-4""-C2-0004-N_HOJA-1_SP03_8";"03351-CT-4""-C2-0004-N_HOJA-1_SP03";"03351-CT-4""-C2-0004-N_HOJA-1";Colectivo Cu-Mo TIE-IN-001;03350-02-05;;TORRE TRASFERENCIA;"03351-CT-4""-C2-0004-N";1;0;SP03;8;F;BW;4;STD;C2;N;CS;0,81;Concentrado Cu-Mo;;;;12/03/2026;;;46249;;;;0,3;0,243;0,162;0,081;;;;;;;;;;;;;;;;;;;;;;;;;;;;;;;
"03351-CT-4""-C2-0004-N_HOJA-1_SP04_9";"03351-CT-4""-C2-0004-N_HOJA-1_SP04";"03351-CT-4""-C2-0004-N_HOJA-1";Colectivo Cu-Mo TIE-IN-001;03350-02-05;;TORRE TRASFERENCIA;"03351-CT-4""-C2-0004-N";1;0;SP04;9;S;BW;4;STD;C2;N;CS;0,81;Concentrado Cu-Mo;;W-02;;12/03/2026;46140;46140;46242;;;;0,6;0,486;0,405;0,081;EJECUTADA;46140;W-02;;;;;;;;;;;;;;;;;;;;;;;;;;;;
"03351-CT-4""-C2-0004-N_HOJA-1_SP04_10";"03351-CT-4""-C2-0004-N_HOJA-1_SP04";"03351-CT-4""-C2-0004-N_HOJA-1";Colectivo Cu-Mo TIE-IN-001;03350-02-05;;TORRE TRASFERENCIA;"03351-CT-4""-C2-0004-N";1;0;SP04;10;S;BW;4;STD;C2;N;CS;0,81;Concentrado Cu-Mo;;W-02;;12/03/2026;46140;46140;46220;;;;0,6;0,486;0,486;0;EJECUTADA;46140;W-02;;;;;;;;;;;;;;;;;;;;;;;;;;;;
"03351-CT-4""-C2-0004-N_HOJA-1_SP04_11";"03351-CT-4""-C2-0004-N_HOJA-1_SP04";"03351-CT-4""-C2-0004-N_HOJA-1";Colectivo Cu-Mo TIE-IN-001;03350-02-05;;TORRE TRASFERENCIA;"03351-CT-4""-C2-0004-N";1;0;SP04;11;S;BW;4;STD;C2;N;CS;0,81;Concentrado Cu-Mo;A PISO;W-02;;12/03/2026;46140;46140;46220;;;;0,6;0,486;0,486;0;EJECUTADA;46140;W-02;;;;;;;;;;;;;;;;;;;;;;;;;;;;
"03351-CT-4""-C3-0015-R3_HOJA-1_SP01_1";"03351-CT-4""-C3-0015-R3_HOJA-1_SP01";"03351-CT-4""-C3-0015-R3_HOJA-1";Contención derrames;03350-02-08;;BAJO ESPESADOR ;"03351-CT-4""-C3-0015-R3";1;0;SP01;1;S;SO;4;STD;C3;R3;CS;1,47;Concentrado Cu-Mo;;W-02;;12/03/2026;46146;46146;46242;;;;0,6;0,882;0,735;0,147;EJECUTADA;46146;W-02;;;;;;;;;;;;;;;;;;;;;;;;;;;;
"03351-CT-4""-C3-0015-R3_HOJA-1_SP01_2";"03351-CT-4""-C3-0015-R3_HOJA-1_SP01";"03351-CT-4""-C3-0015-R3_HOJA-1";Contención derrames;03350-02-08;;BAJO ESPESADOR ;"03351-CT-4""-C3-0015-R3";1;0;SP01;2;S;BW;4;STD;C3;R3;CS;1,47;Concentrado Cu-Mo;;W-02;;12/03/2026;46146;46146;46220;;;;0,6;0,882;0,882;0;EJECUTADA;46146;W-02;;;;;;;;;;;;;;;;;;;;;;;;;;;;
"03351-CT-4""-C3-0015-R3_HOJA-1_SP02_3";"03351-CT-4""-C3-0015-R3_HOJA-1_SP02";"03351-CT-4""-C3-0015-R3_HOJA-1";Contención derrames;03350-02-08;;BAJO ESPESADOR ;"03351-CT-4""-C3-0015-R3";1;0;SP02;3;F;VIC;4;STD;C3;R3;CS;1,47;Concentrado Cu-Mo;;;;12/03/2026;46222;;46242;;46252;;0,4;0,588;0,3675;0,2205;;;;;;;;;;;;;;;;;;;;;;;;;;;;;;;
"03351-CT-4""-C3-0015-R3_HOJA-1_SP02_4";"03351-CT-4""-C3-0015-R3_HOJA-1_SP02";"03351-CT-4""-C3-0015-R3_HOJA-1";Contención derrames;03350-02-08;;BAJO ESPESADOR ;"03351-CT-4""-C3-0015-R3";1;0;SP02;4;S;BW;4;STD;C3;R3;CS;1,47;Concentrado Cu-Mo;;W-02;;12/03/2026;46146;46146;46220;;;;0,6;0,882;0,735;0,147;EJECUTADA;46146;W-02;;;;;;;;;;;;;;;;;;;;;;;;;;;;
"03351-CT-4""-C3-0015-R3_HOJA-1_SP02_5";"03351-CT-4""-C3-0015-R3_HOJA-1_SP02";"03351-CT-4""-C3-0015-R3_HOJA-1";Contención derrames;03350-02-08;;BAJO ESPESADOR ;"03351-CT-4""-C3-0015-R3";1;0;SP02;5;F;VIC;4;STD;C3;R3;CS;1,47;Concentrado Cu-Mo;;;;12/03/2026;46222;;46220;;46252;;0,4;0,588;0,3675;0,2205;;;;;;;;;;;;;;;;;;;;;;;;;;;;;;;
"03351-CT-4""-C3-0015-R3_HOJA-1_SP03_6";"03351-CT-4""-C3-0015-R3_HOJA-1_SP03";"03351-CT-4""-C3-0015-R3_HOJA-1";Contención derrames;03350-02-08;;BAJO ESPESADOR ;"03351-CT-4""-C3-0015-R3";1;0;SP03;6;F;VIC;4;STD;C3;R3;CS;1,47;Concentrado Cu-Mo;;;;12/03/2026;46222;;46220;;46252;;0,4;0,588;0,3675;0,2205;;;;;;;;;;;;;;;;;;;;;;;;;;;;;;;
"03351-CT-4""-C3-0015-R3_HOJA-1_SP04_7";"03351-CT-4""-C3-0015-R3_HOJA-1_SP04";"03351-CT-4""-C3-0015-R3_HOJA-1";Contención derrames;03350-02-08;;BAJO ESPESADOR ;"03351-CT-4""-C3-0015-R3";1;0;SP04;7;F;VIC;4;STD;C3;R3;CS;1,47;Concentrado Cu-Mo;;;;12/03/2026;46222;;46220;;46252;;0,4;0,588;0,3675;0,2205;;;;;;;;;;;;;;;;;;;;;;;;;;;;;;;
"03351-CT-4""-C3-0015-R3_HOJA-1_SP05_8";"03351-CT-4""-C3-0015-R3_HOJA-1_SP05";"03351-CT-4""-C3-0015-R3_HOJA-1";Contención derrames;03350-02-08;;BAJO ESPESADOR ;"03351-CT-4""-C3-0015-R3";1;0;SP05;8;S;BW;4;STD;C3;R3;CS;1,47;Concentrado Cu-Mo;;W-16;;12/03/2026;46146;46146;46220;;;;0,6;0,882;0,882;0;EJECUTADA;46146;W-16;;;;;;;;;;;;;;;;;;;;;;;;;;;;
"03351-CT-4""-C3-0015-R3_HOJA-1_SP05_9";"03351-CT-4""-C3-0015-R3_HOJA-1_SP05";"03351-CT-4""-C3-0015-R3_HOJA-1";Contención derrames;03350-02-08;;BAJO ESPESADOR ;"03351-CT-4""-C3-0015-R3";1;0;SP05;9;F;VIC;4;STD;C3;R3;CS;1,47;Concentrado Cu-Mo;;;;12/03/2026;46222;;46242;;46252;;0,4;0,588;0,3675;0,2205;;;;;;;;;;;;;;;;;;;;;;;;;;;;;;;
"03351-CT-4""-C3-0015-R3_HOJA-1_SP01_10";"03351-CT-4""-C3-0015-R3_HOJA-1_SP01";"03351-CT-4""-C3-0015-R3_HOJA-1";Contención derrames;03350-02-08;;BAJO ESPESADOR ;"03351-CT-4""-C3-0015-R3";1;0;SP01;10;S;BW;4;STD;C3;R3;CS;1,47;Concentrado Cu-Mo;;W-16;Adicional;12/03/2026;46145;46145;46220;;;;0,6;0,882;0,735;0,147;EJECUTADA;46145;W-16;;;;;;;;;;;;;;;;;;;;;;;;;;;;
"03351-CT-4""-C3-0015-R3_HOJA-1_SP02_11";"03351-CT-4""-C3-0015-R3_HOJA-1_SP02";"03351-CT-4""-C3-0015-R3_HOJA-1";Contención derrames;03350-02-08;;BAJO ESPESADOR ;"03351-CT-4""-C3-0015-R3";1;0;SP02;11;S;BW;4;STD;C3;R3;CS;1,47;Concentrado Cu-Mo;;W-16;Adicional;12/03/2026;46145;46145;46220;;;;0,6;0,882;0,882;0;EJECUTADA;46171;W-16;;;;;;;;;;;;;;;;;;;;;;;;;;;;
"03351-CT-4""-C3-0015-R3_HOJA-1_SP05_12";"03351-CT-4""-C3-0015-R3_HOJA-1_SP05";"03351-CT-4""-C3-0015-R3_HOJA-1";Contención derrames;03350-02-08;;BAJO ESPESADOR ;"03351-CT-4""-C3-0015-R3";1;0;SP05;12;S;BW;4;STD;C3;R3;CS;1,47;Concentrado Cu-Mo;;W-16;Adicional;12/03/2026;46146;46146;46220;;;;0,6;0,882;0,882;0;EJECUTADA;46146;W-16;;;;;;;;;;;;;;;;;;;;;;;;;;;;
"03351-CT-4""-C3-0015-R3_HOJA-2_SP01_1";"03351-CT-4""-C3-0015-R3_HOJA-2_SP01";"03351-CT-4""-C3-0015-R3_HOJA-2";Contención derrames;03350-02-08;;TORRE TRASFERENCIA;"03351-CT-4""-C3-0015-R3";2;0;SP01;1;S;BW;4;STD;C3;R3;CS;1,17;Concentrado Cu-Mo;;;;12/03/2026;46222;;46220;;;;0,35;0,4095;0,2925;0,117;;;;;;;;;;;;;;;;;;;;;;;;;;;;;;;
"03351-CT-4""-C3-0015-R3_HOJA-2_SP01_2";"03351-CT-4""-C3-0015-R3_HOJA-2_SP01";"03351-CT-4""-C3-0015-R3_HOJA-2";Contención derrames;03350-02-08;;TORRE TRASFERENCIA;"03351-CT-4""-C3-0015-R3";2;0;SP01;2;F;VIC;4;STD;C3;R3;CS;1,17;Concentrado Cu-Mo;;;;12/03/2026;46144;;46242;;46252;;0,4;0,468;0,2925;0,1755;;;;;;;;;;;;;;;;;;;;;;;;;;;;;;;
"03351-CT-4""-C3-0015-R3_HOJA-2_SP02_3";"03351-CT-4""-C3-0015-R3_HOJA-2_SP02";"03351-CT-4""-C3-0015-R3_HOJA-2";Contención derrames;03350-02-08;;TORRE TRASFERENCIA;"03351-CT-4""-C3-0015-R3";2;0;SP02;3;S;BW;4;STD;C3;R3;CS;1,17;Concentrado Cu-Mo;;W-02;;12/03/2026;46145;46145;46220;;;;0,6;0,702;0,702;0;EJECUTADA;46144;W-02;;;;;;;;;;;;;;;;;;;;;;;;;;;;
"03351-CT-4""-C3-0015-R3_HOJA-2_SP02_4";"03351-CT-4""-C3-0015-R3_HOJA-2_SP02";"03351-CT-4""-C3-0015-R3_HOJA-2";Contención derrames;03350-02-08;;TORRE TRASFERENCIA;"03351-CT-4""-C3-0015-R3";2;0;SP02;4;S;BW;4;STD;C3;R3;CS;1,17;Concentrado Cu-Mo;;W-02;;12/03/2026;46145;46145;46242;;;;0,6;0,702;0,585;0,117;EJECUTADA;46150;W-02;;;;;;;;;;;;;;;;;;;;;;;;;;;;
"03351-CT-4""-C3-0015-R3_HOJA-2_SP03_5";"03351-CT-4""-C3-0015-R3_HOJA-2_SP03";"03351-CT-4""-C3-0015-R3_HOJA-2";Contención derrames;03350-02-08;;TORRE TRASFERENCIA;"03351-CT-4""-C3-0015-R3";2;0;SP03;5;F;VIC;4;STD;C3;R3;CS;1,17;Concentrado Cu-Mo;;;;12/03/2026;46222;;46220;;46252;;0,4;0,468;0,2925;0,1755;;;;;;;;;;;;;;;;;;;;;;;;;;;;;;;
"03351-CT-4""-C3-0015-R3_HOJA-2_SP02_6";"03351-CT-4""-C3-0015-R3_HOJA-2_SP02";"03351-CT-4""-C3-0015-R3_HOJA-2";Contención derrames;03350-02-08;;TORRE TRASFERENCIA;"03351-CT-4""-C3-0015-R3";2;0;SP02;6;S;BW;4;STD;C3;R3;CS;1,17;Concentrado Cu-Mo;;W-02;Adicional;12/03/2026;46143;46145;46220;;;;0,6;0,702;0,702;0;EJECUTADA;46144;W-02;;;;;;;;;;;;;;;;;;;;;;;;;;;;
"03351-CT-4""-C3-0015-R3_HOJA-2_SP02_7";"03351-CT-4""-C3-0015-R3_HOJA-2_SP02";"03351-CT-4""-C3-0015-R3_HOJA-2";Contención derrames;03350-02-08;;TORRE TRASFERENCIA;"03351-CT-4""-C3-0015-R3";2;0;SP02;7;S;BW;4;STD;C3;R3;CS;1,17;Concentrado Cu-Mo;;W-02;Adicional;12/03/2026;46143;46145;46220;;;;0,6;0,702;0,585;0,117;EJECUTADA;46144;W-02;;;;;;;;;;;;;;;;;;;;;;;;;;;;
"03351-CT-4""-C3-0015-R3_HOJA-2_SP01_8";"03351-CT-4""-C3-0015-R3_HOJA-2_SP01";"03351-CT-4""-C3-0015-R3_HOJA-2";Contención derrames;03350-02-08;;TORRE TRASFERENCIA;"03351-CT-4""-C3-0015-R3";2;0;SP01;8;S;BW;4;STD;C3;R3;CS;1,17;Concentrado Cu-Mo;;W-02;Adicional;12/03/2026;46143;46145;46242;;;;0,6;0,702;0,585;0,117;EJECUTADA;46147;W-02;;;;;;;;;;;;;;;;;;;;;;;;;;;;
"03351-CT-4""-C3-0017-R3_HOJA-1_SP01_1";"03351-CT-4""-C3-0017-R3_HOJA-1_SP01";"03351-CT-4""-C3-0017-R3_HOJA-1";Colectivo Cu-Mo TIE-IN-001;03350-02-05;;TORRE TRASFERENCIA;"03351-CT-4""-C3-0017-R3";1;0;SP01;1;S;SO;4;STD;C3;R3;CS;0,261;Concentrado Cu-Mo;;W-02;;12/03/2026;46225;46225;46220;;;;0,6;0,1566;0,1566;0;EJECUTADA;46225;W-02;;;;;;;;;;;;;;;;;;;;;;;;;;;;
"03351-CT-4""-C3-0017-R3_HOJA-1_SP02_2";"03351-CT-4""-C3-0017-R3_HOJA-1_SP02";"03351-CT-4""-C3-0017-R3_HOJA-1";Colectivo Cu-Mo TIE-IN-001;03350-02-05;;TORRE TRASFERENCIA;"03351-CT-4""-C3-0017-R3";1;0;SP02;2;F;VIC;4;STD;C3;R3;CS;0,261;Concentrado Cu-Mo;;;;12/03/2026;46244;;46242;;46252;;0,4;0,1044;0,0522;0,0522;;;;;;;;;;;;;;;;;;;;;;;;;;;;;;;
"03351-CT-4""-C3-0017-R3_HOJA-1_SP03_3";"03351-CT-4""-C3-0017-R3_HOJA-1_SP03";"03351-CT-4""-C3-0017-R3_HOJA-1";Colectivo Cu-Mo TIE-IN-001;03350-02-05;;TORRE TRASFERENCIA;"03351-CT-4""-C3-0017-R3";1;0;SP03;3;F;VIC;4;STD;C3;R3;CS;0,261;Concentrado Cu-Mo;;;;12/03/2026;46244;46251;46242;46251;46251;;0,95;0,24795;0,0522;0,19575;EJECUTADA;46251;0;;;;;;;;;;;;;;;;;;;;;;;;;;;;
"03351-CT-4""-C3-0017-R3_HOJA-1_SP03_4";"03351-CT-4""-C3-0017-R3_HOJA-1_SP03";"03351-CT-4""-C3-0017-R3_HOJA-1";Colectivo Cu-Mo TIE-IN-001;03350-02-05;;TORRE TRASFERENCIA;"03351-CT-4""-C3-0017-R3";1;0;SP03;4;S;BW;4;STD;C3;R3;CS;0,261;Concentrado Cu-Mo;;;;12/03/2026;;;46220;;;;0,3;0,0783;0,0783;0;;;;;;;;;;;;;;;;;;;;;;;;;;;;;;;
"03351-CT-4""-C3-0017-R3_HOJA-1_SP04_5";"03351-CT-4""-C3-0017-R3_HOJA-1_SP04";"03351-CT-4""-C3-0017-R3_HOJA-1";Colectivo Cu-Mo TIE-IN-001;03350-02-05;;TORRE TRASFERENCIA;"03351-CT-4""-C3-0017-R3";1;0;SP04;5;F;VIC;4;STD;C3;R3;CS;0,261;Concentrado Cu-Mo;;;;12/03/2026;46244;46251;46242;46251;46251;;0,95;0,24795;0,0522;0,19575;EJECUTADA;46251;0;;;;;;;;;;;;;;;;;;;;;;;;;;;;
"03351-CT-4""-C3-0017-R3_HOJA-1_SP02_6";"03351-CT-4""-C3-0017-R3_HOJA-1_SP02";"03351-CT-4""-C3-0017-R3_HOJA-1";Colectivo Cu-Mo TIE-IN-001;03350-02-05;;TORRE TRASFERENCIA;"03351-CT-4""-C3-0017-R3";1;0;SP02;6;S;BW;4;STD;C3;R3;CS;0,261;Concentrado Cu-Mo;;W-18;;12/03/2026;46219;46219;46219;;;;0,6;0,1566;0,1566;0;EJECUTADA;46219;W-18;;;;;;;;;;;;;;;;;;;;;;;;;;;;
"03351-CT-4""-C3-0017-R3_HOJA-1_SP02_7";"03351-CT-4""-C3-0017-R3_HOJA-1_SP02";"03351-CT-4""-C3-0017-R3_HOJA-1";Colectivo Cu-Mo TIE-IN-001;03350-02-05;;TORRE TRASFERENCIA;"03351-CT-4""-C3-0017-R3";1;0;SP02;7;S;BW;4;STD;C3;R3;CS;0,261;Concentrado Cu-Mo;;W-18;;12/03/2026;46219;46219;46219;;;;0,6;0,1566;0,1566;0;EJECUTADA;46219;W-18;;;;;;;;;;;;;;;;;;;;;;;;;;;;
"03351-CT-4""-C3-0017-R3_HOJA-1_SP03_8";"03351-CT-4""-C3-0017-R3_HOJA-1_SP03";"03351-CT-4""-C3-0017-R3_HOJA-1";Colectivo Cu-Mo TIE-IN-001;03350-02-05;;TORRE TRASFERENCIA;"03351-CT-4""-C3-0017-R3";1;0;SP03;8;S;BW;4;STD;C3;R3;CS;0,261;Concentrado Cu-Mo;;W-18;;12/03/2026;46219;46219;46219;;;;0,6;0,1566;0,1566;0;EJECUTADA;46219;W-18;;;;;;;;;;;;;;;;;;;;;;;;;;;;
"03351-CT-4""-C3-0017-R3_HOJA-1_SP03_9";"03351-CT-4""-C3-0017-R3_HOJA-1_SP03";"03351-CT-4""-C3-0017-R3_HOJA-1";Colectivo Cu-Mo TIE-IN-001;03350-02-05;;TORRE TRASFERENCIA;"03351-CT-4""-C3-0017-R3";1;0;SP03;9;S;BW;4;STD;C3;R3;CS;0,261;Concentrado Cu-Mo;;W-18;;12/03/2026;46219;46219;46219;;;;0,6;0,1566;0,1566;0;EJECUTADA;46219;W-18;;;;;;;;;;;;;;;;;;;;;;;;;;;;
"03351-CT-4""-C3-0077-R3_HOJA-1_SP01_1";"03351-CT-4""-C3-0077-R3_HOJA-1_SP01";"03351-CT-4""-C3-0077-R3_HOJA-1";Colectivo Cu-Mo TIE-IN-001;03350-02-05;;TORRE TRASFERENCIA;"03351-CT-4""-C3-0077-R3";1;0;SP01;1;S;SO;4;STD;C3;N;CS;0,327;Concentrado Cu-Mo;;W-02;;12/03/2026;46225;46225;46242;;;;0,6;0,1962;0,1635;0,0327;EJECUTADA;46225;W-02;;;;;;;;;;;;;;;;;;;;;;;;;;;;
"03351-CT-4""-C3-0077-R3_HOJA-1_SP02_2";"03351-CT-4""-C3-0077-R3_HOJA-1_SP02";"03351-CT-4""-C3-0077-R3_HOJA-1";Colectivo Cu-Mo TIE-IN-001;03350-02-05;;TORRE TRASFERENCIA;"03351-CT-4""-C3-0077-R3";1;0;SP02;2;F;VIC;4;STD;C3;N;CS;0,327;Concentrado Cu-Mo;;;;12/03/2026;46244;46249;46220;46249;46251;;0,95;0,31065;0,0981;0,21255;EJECUTADA;46249;0;;;;;;;;;;;;;;;;;;;;;;;;;;;;
"03351-CT-4""-C3-0077-R3_HOJA-1_SP03_3";"03351-CT-4""-C3-0077-R3_HOJA-1_SP03";"03351-CT-4""-C3-0077-R3_HOJA-1";Colectivo Cu-Mo TIE-IN-001;03350-02-05;;TORRE TRASFERENCIA;"03351-CT-4""-C3-0077-R3";1;0;SP03;3;F;VIC;4;STD;C3;N;CS;0,327;Concentrado Cu-Mo;;;;12/03/2026;46244;46249;46220;46249;46251;;0,95;0,31065;0,0981;0,21255;EJECUTADA;46249;0;;;;;;;;;;;;;;;;;;;;;;;;;;;;
"03351-CT-4""-C3-0077-R3_HOJA-1_SP04_4";"03351-CT-4""-C3-0077-R3_HOJA-1_SP04";"03351-CT-4""-C3-0077-R3_HOJA-1";Colectivo Cu-Mo TIE-IN-001;03350-02-05;;TORRE TRASFERENCIA;"03351-CT-4""-C3-0077-R3";1;0;SP04;4;F;BW;4;STD;C3;N;CS;0,327;Concentrado Cu-Mo;;W-11;;12/03/2026;46249;46249;46220;46249;;;0,9;0,2943;0,0981;0,1962;EJECUTADA;46249;W-11;;;;;;;;;;;;;;;;;;;;;;;;;;;;
"03351-CT-4""-C3-0077-R3_HOJA-1_SP05_5";"03351-CT-4""-C3-0077-R3_HOJA-1_SP05";"03351-CT-4""-C3-0077-R3_HOJA-1";Colectivo Cu-Mo TIE-IN-001;03350-02-05;;TORRE TRASFERENCIA;"03351-CT-4""-C3-0077-R3";1;0;SP05;5;F;VIC;4;STD;C3;N;CS;0,327;Concentrado Cu-Mo;;;;12/03/2026;46244;46249;46242;46249;46251;;0,95;0,31065;0,0654;0,24525;EJECUTADA;46249;0;;;;;;;;;;;;;;;;;;;;;;;;;;;;
"03351-CT-4""-C3-0077-R3_HOJA-1_SP02_6";"03351-CT-4""-C3-0077-R3_HOJA-1_SP02";"03351-CT-4""-C3-0077-R3_HOJA-1";Colectivo Cu-Mo TIE-IN-001;03350-02-05;;TORRE TRASFERENCIA;"03351-CT-4""-C3-0077-R3";1;0;SP02;6;S;BW;4;STD;C3;N;CS;0,327;Concentrado Cu-Mo;;W-18;;12/03/2026;46220;46220;46220;;;;0,6;0,1962;0,1962;0;EJECUTADA;46220;W-18;;;;;;;;;;;;;;;;;;;;;;;;;;;;
"03351-CT-4""-C3-0077-R3_HOJA-1_SP02_7";"03351-CT-4""-C3-0077-R3_HOJA-1_SP02";"03351-CT-4""-C3-0077-R3_HOJA-1";Colectivo Cu-Mo TIE-IN-001;03350-02-05;;TORRE TRASFERENCIA;"03351-CT-4""-C3-0077-R3";1;0;SP02;7;S;BW;4;STD;C3;N;CS;0,327;Concentrado Cu-Mo;;W-18;;12/03/2026;46220;46220;46220;;;;0,6;0,1962;0,1962;0;EJECUTADA;46220;W-18;;;;;;;;;;;;;;;;;;;;;;;;;;;;
"03351-CT-4""-C3-0077-R3_HOJA-1_SP04_8";"03351-CT-4""-C3-0077-R3_HOJA-1_SP04";"03351-CT-4""-C3-0077-R3_HOJA-1";Colectivo Cu-Mo TIE-IN-001;03350-02-05;;TORRE TRASFERENCIA;"03351-CT-4""-C3-0077-R3";1;0;SP04;8;S;BW;4;STD;C3;N;CS;0,327;Concentrado Cu-Mo;;W-18;;12/03/2026;46220;46220;46220;;;;0,6;0,1962;0,1962;0;EJECUTADA;46220;W-18;;;;;;;;;;;;;;;;;;;;;;;;;;;;
"03351-CT-4""-C3-0077-R3_HOJA-1_SP04_9";"03351-CT-4""-C3-0077-R3_HOJA-1_SP04";"03351-CT-4""-C3-0077-R3_HOJA-1";Colectivo Cu-Mo TIE-IN-001;03350-02-05;;TORRE TRASFERENCIA;"03351-CT-4""-C3-0077-R3";1;0;SP04;9;S;BW;4;STD;C3;N;CS;0,327;Concentrado Cu-Mo;;W-18;;12/03/2026;46220;46220;46220;;;;0,6;0,1962;0,1962;0;EJECUTADA;46220;W-18;;;;;;;;;;;;;;;;;;;;;;;;;;;;
03351-CT-400-H1-0057-N_HOJA-1_SP01_1;03351-CT-400-H1-0057-N_HOJA-1_SP01;03351-CT-400-H1-0057-N_HOJA-1;Contención derrames;03350-02-08;;TORRE TRASFERENCIA;03351-CT-400-H1-0057-N;1;0;SP01;1;F;TF;16;PN6;H1;N;HDPE;3,451;Concentrado Cu-Mo;POZO DE TRABAJO;;;17/06/2026;46197;46197;46210;46250;46251;;0,95;3,27845;2,0706;1,20785;EJECUTADA;46197;0;;;;;;;;;;;;;;;;;;;;;;;;;;;;
03351-CT-400-H1-0057-N_HOJA-1_SP02_2;03351-CT-400-H1-0057-N_HOJA-1_SP02;03351-CT-400-H1-0057-N_HOJA-1;Contención derrames;03350-02-08;;TORRE TRASFERENCIA;03351-CT-400-H1-0057-N;1;0;SP02;2;F;TF;16;PN6;H1;N;HDPE;3,451;Concentrado Cu-Mo;;W-26;;17/06/2026;46250;46250;46220;46250;46251;;0,95;3,27845;1,0353;2,24315;EJECUTADA;46250;W-26;;;;;;;;;;;;;;;;;;;;;;;;;;;;
03351-CT-400-H1-0057-N_HOJA-1_SP02_3;03351-CT-400-H1-0057-N_HOJA-1_SP02;03351-CT-400-H1-0057-N_HOJA-1;Contención derrames;03350-02-08;;TORRE TRASFERENCIA;03351-CT-400-H1-0057-N;1;0;SP02;3;F;TF;16;PN6;H1;N;HDPE;3,451;Concentrado Cu-Mo;;W-26;;17/06/2026;46250;46250;46249;46250;46251;;0,95;3,27845;0,6902;2,58825;EJECUTADA;46250;W-26;;;;;;;;;;;;;;;;;;;;;;;;;;;;
03351-CT-400-H1-0057-N_HOJA-1_SP02_4;03351-CT-400-H1-0057-N_HOJA-1_SP02;03351-CT-400-H1-0057-N_HOJA-1;Contención derrames;03350-02-08;;TORRE TRASFERENCIA;03351-CT-400-H1-0057-N;1;0;SP02;4;F;TF;16;PN6;H1;N;HDPE;3,451;Concentrado Cu-Mo;;W-26;;17/06/2026;46250;46250;46249;46250;46251;;0,95;3,27845;0,6902;2,58825;EJECUTADA;46250;W-26;;;;;;;;;;;;;;;;;;;;;;;;;;;;
03351-CT-400-H1-0058-N_HOJA-1_SP01_1;03351-CT-400-H1-0058-N_HOJA-1_SP01;03351-CT-400-H1-0058-N_HOJA-1;Contención derrames;03350-02-08;;TORRE TRASFERENCIA;03351-CT-400-H1-0058-N;1;0;SP01;1;F;TF;16;PN6;H1;N;HDPE;3,451;Concentrado Cu-Mo;POZO DE TRABAJO;;;17/06/2026;46197;46197;46210;46250;46251;;0,95;3,27845;2,0706;1,20785;EJECUTADA;46197;0;;;;;;;;;;;;;;;;;;;;;;;;;;;;
03351-CT-400-H1-0058-N_HOJA-1_SP02_2;03351-CT-400-H1-0058-N_HOJA-1_SP02;03351-CT-400-H1-0058-N_HOJA-1;Contención derrames;03350-02-08;;TORRE TRASFERENCIA;03351-CT-400-H1-0058-N;1;0;SP02;2;F;TF;16;PN6;H1;N;HDPE;3,451;Concentrado Cu-Mo;;W-26;;17/06/2026;46250;46250;46249;46250;46251;;0,95;3,27845;0,6902;2,58825;EJECUTADA;46250;W-26;;;;;;;;;;;;;;;;;;;;;;;;;;;;
03351-CT-400-H1-0058-N_HOJA-1_SP02_3;03351-CT-400-H1-0058-N_HOJA-1_SP02;03351-CT-400-H1-0058-N_HOJA-1;Contención derrames;03350-02-08;;TORRE TRASFERENCIA;03351-CT-400-H1-0058-N;1;0;SP02;3;F;TF;16;PN6;H1;N;HDPE;3,451;Concentrado Cu-Mo;;W-26;;17/06/2026;46250;46250;46220;46250;46251;;0,95;3,27845;1,0353;2,24315;EJECUTADA;46250;W-26;;;;;;;;;;;;;;;;;;;;;;;;;;;;
03351-CT-400-H1-0058-N_HOJA-1_SP02_4;03351-CT-400-H1-0058-N_HOJA-1_SP02;03351-CT-400-H1-0058-N_HOJA-1;Contención derrames;03350-02-08;;TORRE TRASFERENCIA;03351-CT-400-H1-0058-N;1;0;SP02;4;F;TF;16;PN6;H1;N;HDPE;3,451;Concentrado Cu-Mo;;W-26;;17/06/2026;46250;46250;46220;46250;46251;;0,95;3,27845;1,0353;2,24315;EJECUTADA;46250;W-26;;;;;;;;;;;;;;;;;;;;;;;;;;;;
"03351-CT-6""-C11-0001-N_HOJA-1_SP01_1";"03351-CT-6""-C11-0001-N_HOJA-1_SP01";"03351-CT-6""-C11-0001-N_HOJA-1";Colectivo Cu-Mo TIE-IN-001;03350-02-05;;PIPE RACK ;"03351-CT-6""-C11-0001-N";1;1;SP01;1;S;SO;6;STD;C11;N;CS;0,875;Concentrado Cu-Mo;;W-01;;12/03/2026;46113;46118;46209;;;;0,6;0,525;0,525;0;EJECUTADA;46118;W-01;;;;;;;;;;;;;;;;;;;;;;;;;;;;
"03351-CT-6""-C11-0001-N_HOJA-1_SP01_2";"03351-CT-6""-C11-0001-N_HOJA-1_SP01";"03351-CT-6""-C11-0001-N_HOJA-1";Colectivo Cu-Mo TIE-IN-001;03350-02-05;;PIPE RACK ;"03351-CT-6""-C11-0001-N";1;1;SP01;2;S;LET;2;80;C11;N;CS;0,875;Concentrado Cu-Mo;;W-02;;12/03/2026;46118;46118;46209;;;;0,6;0,525;0,525;0;EJECUTADA;46118;W-02;;;;;;;;;;;;;;;;;;;;;;;;;;;;
"03351-CT-6""-C11-0001-N_HOJA-1_SP01_3";"03351-CT-6""-C11-0001-N_HOJA-1_SP01";"03351-CT-6""-C11-0001-N_HOJA-1";Colectivo Cu-Mo TIE-IN-001;03350-02-05;;PIPE RACK ;"03351-CT-6""-C11-0001-N";1;1;SP01;3;S;BW;2;80;C11;N;CS;0,875;Concentrado Cu-Mo;;;;12/03/2026;;;46208;;;;0,3;0,2625;0,2625;0;;;;;;;;;;;;;;;;;;;;;;;;;;;;;;;
"03351-CT-6""-C11-0001-N_HOJA-1_SP01_4";"03351-CT-6""-C11-0001-N_HOJA-1_SP01";"03351-CT-6""-C11-0001-N_HOJA-1";Colectivo Cu-Mo TIE-IN-001;03350-02-05;;PIPE RACK ;"03351-CT-6""-C11-0001-N";1;1;SP01;4;S;SO;2;80;C11;N;CS;0,875;Concentrado Cu-Mo;;;;12/03/2026;;;46208;;;;0,3;0,2625;0,2625;0;;;;;;;;;;;;;;;;;;;;;;;;;;;;;;;
"03351-CT-6""-C11-0001-N_HOJA-1_SP02_5";"03351-CT-6""-C11-0001-N_HOJA-1_SP02";"03351-CT-6""-C11-0001-N_HOJA-1";Colectivo Cu-Mo TIE-IN-001;03350-02-05;;PIPE RACK ;"03351-CT-6""-C11-0001-N";1;1;SP02;5;F;VIC;6;STD;C11;N;CS;0,875;Concentrado Cu-Mo;;;;12/03/2026;46157;;46208;;46252;;0,4;0,35;0,30625;0,04375;;;;;;;;;;;;;;;;;;;;;;;;;;;;;;;
"03351-CT-6""-C11-0001-N_HOJA-1_SP03_6";"03351-CT-6""-C11-0001-N_HOJA-1_SP03";"03351-CT-6""-C11-0001-N_HOJA-1";Colectivo Cu-Mo TIE-IN-001;03350-02-05;;PIPE RACK ;"03351-CT-6""-C11-0001-N";1;1;SP03;6;F;VIC;6;STD;C11;N;CS;0,875;Concentrado Cu-Mo;;;;12/03/2026;46158;46251;46208;46251;46251;;0,95;0,83125;0,30625;0,525;EJECUTADA;46251;0;;;;;;;;;;;;;;;;;;;;;;;;;;;;
"03351-CT-6""-C11-0001-N_HOJA-1_SP04_7";"03351-CT-6""-C11-0001-N_HOJA-1_SP04";"03351-CT-6""-C11-0001-N_HOJA-1";Colectivo Cu-Mo TIE-IN-001;03350-02-05;;PIPE RACK ;"03351-CT-6""-C11-0001-N";1;1;SP04;7;F;VIC;6;STD;C11;N;CS;0,875;Concentrado Cu-Mo;;;;12/03/2026;46159;46251;46208;46251;46251;;0,95;0,83125;0,30625;0,525;EJECUTADA;46251;0;;;;;;;;;;;;;;;;;;;;;;;;;;;;
"03351-CT-6""-C11-0001-N_HOJA-1_SP04_11";"03351-CT-6""-C11-0001-N_HOJA-1_SP04";"03351-CT-6""-C11-0001-N_HOJA-1";Colectivo Cu-Mo TIE-IN-001;03350-02-05;;PIPE RACK ;"03351-CT-6""-C11-0001-N";1;1;SP04;11;S;BW;6;STD;C11;N;CS;0,875;Concentrado Cu-Mo;;;Adicional;12/03/2026;;;46208;;;;0,3;0,2625;0,2625;0;;;;;;;;;;;;;;;;;;;;;;;;;;;;;;;
"03351-CT-6""-C11-0001-N_HOJA-1_SP04_12";"03351-CT-6""-C11-0001-N_HOJA-1_SP04";"03351-CT-6""-C11-0001-N_HOJA-1";Colectivo Cu-Mo TIE-IN-001;03350-02-05;;PIPE RACK ;"03351-CT-6""-C11-0001-N";1;1;SP04;12;S;BW;6;STD;C11;N;CS;0,875;Concentrado Cu-Mo;;;Adicional;12/03/2026;;;46208;;;;0,3;0,2625;0,2625;0;;;;;;;;;;;;;;;;;;;;;;;;;;;;;;;
"03351-CT-6""-C11-0001-N_HOJA-1_SP05_8";"03351-CT-6""-C11-0001-N_HOJA-1_SP05";"03351-CT-6""-C11-0001-N_HOJA-1";Colectivo Cu-Mo TIE-IN-001;03350-02-05;;PIPE RACK ;"03351-CT-6""-C11-0001-N";1;1;SP05;8;F;VIC;6;STD;C11;N;CS;0,875;Concentrado Cu-Mo;;;;12/03/2026;46159;46251;46208;46251;46251;;0,95;0,83125;0,30625;0,525;EJECUTADA;46251;0;;;;;;;;;;;;;;;;;;;;;;;;;;;;
"03351-CT-6""-C11-0001-N_HOJA-1_SP02_9";"03351-CT-6""-C11-0001-N_HOJA-1_SP02";"03351-CT-6""-C11-0001-N_HOJA-1";Colectivo Cu-Mo TIE-IN-001;03350-02-05;;PIPE RACK ;"03351-CT-6""-C11-0001-N";1;1;SP02;9;S;BW;6;STD;C11;N;CS;0,875;Concentrado Cu-Mo;;W-02;Adicional;12/03/2026;46145;46145;46209;;;;0,6;0,525;0,525;0;EJECUTADA;46145;W-02;;;;;;;;;;;;;;;;;;;;;;;;;;;;
"03351-CT-6""-C11-0001-N_HOJA-1_SP02_10";"03351-CT-6""-C11-0001-N_HOJA-1_SP02";"03351-CT-6""-C11-0001-N_HOJA-1";Colectivo Cu-Mo TIE-IN-001;03350-02-05;;PIPE RACK ;"03351-CT-6""-C11-0001-N";1;1;SP02;10;S;BW;6;STD;C11;N;CS;0,875;Concentrado Cu-Mo;;W-02;Adicional;12/03/2026;46145;46145;46209;;;;0,6;0,525;0,525;0;EJECUTADA;46145;W-02;;;;;;;;;;;;;;;;;;;;;;;;;;;;
"03351-CT-6""-C11-0001-N_HOJA-2_SP01_1";"03351-CT-6""-C11-0001-N_HOJA-2_SP01";"03351-CT-6""-C11-0001-N_HOJA-2";Colectivo Cu-Mo TIE-IN-001;03350-02-05;;PIPE RACK ;"03351-CT-6""-C11-0001-N";2;1;SP01;1;F;VIC;6;STD;C11;N;CS;1,907;Concentrado Cu-Mo;;;;12/03/2026;46157;;46208;46253;46252;;0,7;1,3349;0,66745;0,66745;;;;;;;;;;;;;;;;;;;;;;;;;;;;;;;
"03351-CT-6""-C11-0001-N_HOJA-2_SP02_2";"03351-CT-6""-C11-0001-N_HOJA-2_SP02";"03351-CT-6""-C11-0001-N_HOJA-2";Colectivo Cu-Mo TIE-IN-001;03350-02-05;;PIPE RACK ;"03351-CT-6""-C11-0001-N";2;1;SP02;2;F;VIC;6;STD;C11;N;CS;1,907;Concentrado Cu-Mo;;;;12/03/2026;46244;;46208;;46252;;0,4;0,7628;0,5721;0,1907;;;;;;;;;;;;;;;;;;;;;;;;;;;;;;;
"03351-CT-6""-C11-0001-N_HOJA-2_SP03_3";"03351-CT-6""-C11-0001-N_HOJA-2_SP03";"03351-CT-6""-C11-0001-N_HOJA-2";Colectivo Cu-Mo TIE-IN-001;03350-02-05;;PIPE RACK ;"03351-CT-6""-C11-0001-N";2;1;SP03;3;F;VIC;6;STD;C11;N;CS;1,907;Concentrado Cu-Mo;;;;12/03/2026;46244;;46208;;46252;;0,4;0,7628;0,5721;0,1907;;;;;;;;;;;;;;;;;;;;;;;;;;;;;;;
"03351-CT-6""-C11-0001-N_HOJA-2_SP03_6";"03351-CT-6""-C11-0001-N_HOJA-2_SP03";"03351-CT-6""-C11-0001-N_HOJA-2";Colectivo Cu-Mo TIE-IN-001;03350-02-05;;PIPE RACK ;"03351-CT-6""-C11-0001-N";2;1;SP03;6;S;BW;6;STD;C11;N;CS;1,907;Concentrado Cu-Mo;;;Adicional;12/03/2026;;;46208;;;;0,3;0,5721;0,5721;0;;;;;;;;;;;;;;;;;;;;;;;;;;;;;;;
"03351-CT-6""-C11-0001-N_HOJA-2_SP03_7";"03351-CT-6""-C11-0001-N_HOJA-2_SP03";"03351-CT-6""-C11-0001-N_HOJA-2";Colectivo Cu-Mo TIE-IN-001;03350-02-05;;PIPE RACK ;"03351-CT-6""-C11-0001-N";2;1;SP03;7;S;BW;6;STD;C11;N;CS;1,907;Concentrado Cu-Mo;;;Adicional;12/03/2026;;;46208;;;;0,3;0,5721;0,5721;0;;;;;;;;;;;;;;;;;;;;;;;;;;;;;;;
"03351-CT-6""-C11-0001-N_HOJA-2_SP04_4";"03351-CT-6""-C11-0001-N_HOJA-2_SP04";"03351-CT-6""-C11-0001-N_HOJA-2";Colectivo Cu-Mo TIE-IN-001;03350-02-05;;PIPE RACK ;"03351-CT-6""-C11-0001-N";2;1;SP04;4;F;VIC;6;STD;C11;N;CS;1,907;Concentrado Cu-Mo;;;;12/03/2026;46157;;46208;;46252;;0,4;0,7628;0,66745;0,09535;;;;;;;;;;;;;;;;;;;;;;;;;;;;;;;
"03351-CT-6""-C11-0001-N_HOJA-2_SP04_5";"03351-CT-6""-C11-0001-N_HOJA-2_SP04";"03351-CT-6""-C11-0001-N_HOJA-2";Colectivo Cu-Mo TIE-IN-001;03350-02-05;;PIPE RACK ;"03351-CT-6""-C11-0001-N";2;1;SP04;5;F;VIC;6;STD;C11;N;CS;1,907;Concentrado Cu-Mo;;;;12/03/2026;46159;;46208;;46252;;0,4;0,7628;0,66745;0,09535;;;;;;;;;;;;;;;;;;;;;;;;;;;;;;;
"03351-CT-6""-C11-0001-N_HOJA-3_SP01_1";"03351-CT-6""-C11-0001-N_HOJA-3_SP01";"03351-CT-6""-C11-0001-N_HOJA-3";Colectivo Cu-Mo TIE-IN-001;03350-02-05;;PIPE RACK ;"03351-CT-6""-C11-0001-N";3;1;SP01;1;F;VIC;6;STD;C11;N;CS;1,075;Concentrado Cu-Mo;;;;12/03/2026;46159;;46208;;46252;;0,4;0,43;0,37625;0,05375;;;;;;;;;;;;;;;;;;;;;;;;;;;;;;;
"03351-CT-6""-C11-0001-N_HOJA-3_SP02_2";"03351-CT-6""-C11-0001-N_HOJA-3_SP02";"03351-CT-6""-C11-0001-N_HOJA-3";Colectivo Cu-Mo TIE-IN-001;03350-02-05;;PIPE RACK ;"03351-CT-6""-C11-0001-N";3;1;SP02;2;F;VIC;6;STD;C11;N;CS;1,075;Concentrado Cu-Mo;;;;12/03/2026;46159;;46208;;46252;;0,4;0,43;0,37625;0,05375;;;;;;;;;;;;;;;;;;;;;;;;;;;;;;;
"03351-CT-6""-C11-0001-N_HOJA-3_SP03_3";"03351-CT-6""-C11-0001-N_HOJA-3_SP03";"03351-CT-6""-C11-0001-N_HOJA-3";Colectivo Cu-Mo TIE-IN-001;03350-02-05;;PIPE RACK ;"03351-CT-6""-C11-0001-N";3;1;SP03;3;F;VIC;6;STD;C11;N;CS;1,075;Concentrado Cu-Mo;;;;12/03/2026;46244;;46208;;46252;;0,4;0,43;0,3225;0,1075;;;;;;;;;;;;;;;;;;;;;;;;;;;;;;;
"03351-CT-6""-C11-0001-N_HOJA-3_SP04_4";"03351-CT-6""-C11-0001-N_HOJA-3_SP04";"03351-CT-6""-C11-0001-N_HOJA-3";Colectivo Cu-Mo TIE-IN-001;03350-02-05;;PIPE RACK ;"03351-CT-6""-C11-0001-N";3;1;SP04;4;F;VIC;6;STD;C11;N;CS;1,075;Concentrado Cu-Mo;;;;12/03/2026;46244;;46208;;46252;;0,4;0,43;0,3225;0,1075;;;;;;;;;;;;;;;;;;;;;;;;;;;;;;;
"03351-CT-6""-C11-0001-N_HOJA-3_SP05_5";"03351-CT-6""-C11-0001-N_HOJA-3_SP05";"03351-CT-6""-C11-0001-N_HOJA-3";Colectivo Cu-Mo TIE-IN-001;03350-02-05;;PIPE RACK ;"03351-CT-6""-C11-0001-N";3;1;SP05;5;F;VIC;6;STD;C11;N;CS;1,075;Concentrado Cu-Mo;;;;12/03/2026;46244;;46208;;46252;;0,4;0,43;0,3225;0,1075;;;;;;;;;;;;;;;;;;;;;;;;;;;;;;;
"03351-CT-6""-C11-0001-N_HOJA-3_SP06_6";"03351-CT-6""-C11-0001-N_HOJA-3_SP06";"03351-CT-6""-C11-0001-N_HOJA-3";Colectivo Cu-Mo TIE-IN-001;03350-02-05;;PIPE RACK ;"03351-CT-6""-C11-0001-N";3;1;SP06;6;F;VIC;6;STD;C11;N;CS;1,075;Concentrado Cu-Mo;;;;12/03/2026;46159;;46208;;46252;;0,4;0,43;0,37625;0,05375;;;;;;;;;;;;;;;;;;;;;;;;;;;;;;;
"03351-CT-6""-C11-0001-N_HOJA-3_SP07_7";"03351-CT-6""-C11-0001-N_HOJA-3_SP07";"03351-CT-6""-C11-0001-N_HOJA-3";Colectivo Cu-Mo TIE-IN-001;03350-02-05;;PIPE RACK ;"03351-CT-6""-C11-0001-N";3;1;SP07;7;F;VIC;6;STD;C11;N;CS;1,075;Concentrado Cu-Mo;;;;12/03/2026;46244;;46208;;46252;;0,4;0,43;0,3225;0,1075;;;;;;;;;;;;;;;;;;;;;;;;;;;;;;;
"03351-CT-6""-C11-0001-N_HOJA-3_SP08_8";"03351-CT-6""-C11-0001-N_HOJA-3_SP08";"03351-CT-6""-C11-0001-N_HOJA-3";Colectivo Cu-Mo TIE-IN-001;03350-02-05;;PIPE RACK ;"03351-CT-6""-C11-0001-N";3;1;SP08;8;F;VIC;6;STD;C11;N;CS;1,075;Concentrado Cu-Mo;;;;12/03/2026;46158;;46208;;46252;;0,4;0,43;0,37625;0,05375;;;;;;;;;;;;;;;;;;;;;;;;;;;;;;;
"03351-CT-6""-C11-0001-N_HOJA-3_SP08_9";"03351-CT-6""-C11-0001-N_HOJA-3_SP08";"03351-CT-6""-C11-0001-N_HOJA-3";Colectivo Cu-Mo TIE-IN-001;03350-02-05;;PIPE RACK ;"03351-CT-6""-C11-0001-N";3;1;SP08;9;F;VIC;6;STD;C11;N;CS;1,075;Concentrado Cu-Mo;;;;12/03/2026;46159;;46208;;46252;;0,4;0,43;0,37625;0,05375;;;;;;;;;;;;;;;;;;;;;;;;;;;;;;;
"03351-CT-6""-C11-0001-N_HOJA-3_SP01_10";"03351-CT-6""-C11-0001-N_HOJA-3_SP01";"03351-CT-6""-C11-0001-N_HOJA-3";Colectivo Cu-Mo TIE-IN-001;03350-02-05;;PIPE RACK ;"03351-CT-6""-C11-0001-N";3;1;SP01;10;S;BW;6;STD;C11;N;CS;1,075;Concentrado Cu-Mo;;W-16;Adicional;12/03/2026;46170;46170;46209;;;;0,6;0,645;0,645;0;EJECUTADA;46170;W-16;;;;;;;;;;;;;;;;;;;;;;;;;;;;
"03351-CT-6""-C11-0001-N_HOJA-3_SP01_11";"03351-CT-6""-C11-0001-N_HOJA-3_SP01";"03351-CT-6""-C11-0001-N_HOJA-3";Colectivo Cu-Mo TIE-IN-001;03350-02-05;;PIPE RACK ;"03351-CT-6""-C11-0001-N";3;1;SP01;11;S;BW;6;STD;C11;N;CS;1,075;Concentrado Cu-Mo;;W-16;Adicional;12/03/2026;46170;46170;46209;;;;0,6;0,645;0,645;0;EJECUTADA;46170;W-16;;;;;;;;;;;;;;;;;;;;;;;;;;;;
"03351-CT-6""-C11-0001-N_HOJA-3_SP03_12";"03351-CT-6""-C11-0001-N_HOJA-3_SP03";"03351-CT-6""-C11-0001-N_HOJA-3";Colectivo Cu-Mo TIE-IN-001;03350-02-05;;PIPE RACK ;"03351-CT-6""-C11-0001-N";3;1;SP03;12;S;BW;6;STD;C11;N;CS;1,075;Concentrado Cu-Mo;;;Adicional;12/03/2026;;;46208;;;;0,3;0,3225;0,3225;0;;;;;;;;;;;;;;;;;;;;;;;;;;;;;;;
"03351-CT-6""-C11-0001-N_HOJA-3_SP03_13";"03351-CT-6""-C11-0001-N_HOJA-3_SP03";"03351-CT-6""-C11-0001-N_HOJA-3";Colectivo Cu-Mo TIE-IN-001;03350-02-05;;PIPE RACK ;"03351-CT-6""-C11-0001-N";3;1;SP03;13;S;BW;6;STD;C11;N;CS;1,074;Concentrado Cu-Mo;;;Adicional;12/03/2026;;;46208;;;;0,3;0,3222;0,3222;0;;;;;;;;;;;;;;;;;;;;;;;;;;;;;;;
"03351-CT-6""-C11-0001-N_HOJA-3_SP08_14";"03351-CT-6""-C11-0001-N_HOJA-3_SP08";"03351-CT-6""-C11-0001-N_HOJA-3";Colectivo Cu-Mo TIE-IN-001;03350-02-05;;PIPE RACK ;"03351-CT-6""-C11-0001-N";3;1;SP08;14;S;BW;6;STD;C11;N;CS;1,074;Concentrado Cu-Mo;;W-16;Adicional;12/03/2026;46170;46170;46209;;;;0,6;0,6444;0,6444;0;EJECUTADA;46170;W-16;;;;;;;;;;;;;;;;;;;;;;;;;;;;
"03351-CT-6""-C11-0001-N_HOJA-3_SP08_15";"03351-CT-6""-C11-0001-N_HOJA-3_SP08";"03351-CT-6""-C11-0001-N_HOJA-3";Colectivo Cu-Mo TIE-IN-001;03350-02-05;;PIPE RACK ;"03351-CT-6""-C11-0001-N";3;1;SP08;15;S;BW;6;STD;C11;N;CS;1,074;Concentrado Cu-Mo;;W-16;Adicional;12/03/2026;46170;46170;46209;;;;0,6;0,6444;0,6444;0;EJECUTADA;46170;W-16;;;;;;;;;;;;;;;;;;;;;;;;;;;;
"03351-CT-6""-C11-0001-N_HOJA-3_SP05_16";"03351-CT-6""-C11-0001-N_HOJA-3_SP05";"03351-CT-6""-C11-0001-N_HOJA-3";Colectivo Cu-Mo TIE-IN-001;03350-02-05;;PIPE RACK ;"03351-CT-6""-C11-0001-N";3;1;SP05;16;S;BW;6;STD;C11;N;CS;1,074;Concentrado Cu-Mo;;;Adicional;12/03/2026;;;46208;;;;0,3;0,3222;0,3222;0;;;;;;;;;;;;;;;;;;;;;;;;;;;;;;;
"03351-CT-6""-C11-0001-N_HOJA-3_SP05_17";"03351-CT-6""-C11-0001-N_HOJA-3_SP05";"03351-CT-6""-C11-0001-N_HOJA-3";Colectivo Cu-Mo TIE-IN-001;03350-02-05;;PIPE RACK ;"03351-CT-6""-C11-0001-N";3;1;SP05;17;S;BW;6;STD;C11;N;CS;1,074;Concentrado Cu-Mo;;;Adicional;12/03/2026;;;46208;;;;0,3;0,3222;0,3222;0;;;;;;;;;;;;;;;;;;;;;;;;;;;;;;;
"03351-CT-6""-C11-0001-N_HOJA-4_SP01_1";"03351-CT-6""-C11-0001-N_HOJA-4_SP01";"03351-CT-6""-C11-0001-N_HOJA-4";Colectivo Cu-Mo TIE-IN-001;03350-02-05;;PIPE RACK ;"03351-CT-6""-C11-0001-N";4;1;SP01;1;F;VIC;6;STD;C11;N;CS;1,52;Concentrado Cu-Mo;;;;12/03/2026;46141;;46208;;46252;;0,4;0,608;0,532;0,076;;;;;;;;;;;;;;;;;;;;;;;;;;;;;;;
"03351-CT-6""-C11-0001-N_HOJA-4_SP02_2";"03351-CT-6""-C11-0001-N_HOJA-4_SP02";"03351-CT-6""-C11-0001-N_HOJA-4";Colectivo Cu-Mo TIE-IN-001;03350-02-05;;PIPE RACK ;"03351-CT-6""-C11-0001-N";4;1;SP02;2;F;VIC;6;STD;C11;N;CS;1,52;Concentrado Cu-Mo;;;;12/03/2026;46141;;46208;;46252;;0,4;0,608;0,532;0,076;;;;;;;;;;;;;;;;;;;;;;;;;;;;;;;
"03351-CT-6""-C11-0001-N_HOJA-4_SP03_3";"03351-CT-6""-C11-0001-N_HOJA-4_SP03";"03351-CT-6""-C11-0001-N_HOJA-4";Colectivo Cu-Mo TIE-IN-001;03350-02-05;;PIPE RACK ;"03351-CT-6""-C11-0001-N";4;1;SP03;3;F;VIC;6;STD;C11;N;CS;1,52;Concentrado Cu-Mo;;;;12/03/2026;46141;;46208;;46252;;0,4;0,608;0,532;0,076;;;;;;;;;;;;;;;;;;;;;;;;;;;;;;;
"03351-CT-6""-C11-0001-N_HOJA-4_SP04_4";"03351-CT-6""-C11-0001-N_HOJA-4_SP04";"03351-CT-6""-C11-0001-N_HOJA-4";Colectivo Cu-Mo TIE-IN-001;03350-02-05;;PIPE RACK ;"03351-CT-6""-C11-0001-N";4;1;SP04;4;F;VIC;6;STD;C11;N;CS;1,52;Concentrado Cu-Mo;;;;12/03/2026;46141;;46208;;46252;;0,4;0,608;0,532;0,076;;;;;;;;;;;;;;;;;;;;;;;;;;;;;;;
"03351-CT-6""-C11-0001-N_HOJA-4_SP06_11";"03351-CT-6""-C11-0001-N_HOJA-4_SP06";"03351-CT-6""-C11-0001-N_HOJA-4";Colectivo Cu-Mo TIE-IN-001;03350-02-05;;PIPE RACK ;"03351-CT-6""-C11-0001-N";4;1;SP06;11;S;BW;6;STD;C11;N;CS;1,52;Concentrado Cu-Mo;;W-00;Adicional;12/03/2026;46145;46145;46209;;;;0,6;0,912;0,912;0;EJECUTADA;46100;W-00;;;;;;;;;;;;;;;;;;;;;;;;;;;;
"03351-CT-6""-C11-0001-N_HOJA-4_SP06_12";"03351-CT-6""-C11-0001-N_HOJA-4_SP06";"03351-CT-6""-C11-0001-N_HOJA-4";Colectivo Cu-Mo TIE-IN-001;03350-02-05;;PIPE RACK ;"03351-CT-6""-C11-0001-N";4;1;SP06;12;S;BW;6;STD;C11;N;CS;1,52;Concentrado Cu-Mo;;W-00;Adicional;12/03/2026;46145;46145;46209;;;;0,6;0,912;0,912;0;EJECUTADA;46100;W-00;;;;;;;;;;;;;;;;;;;;;;;;;;;;
"03351-CT-6""-C11-0001-N_HOJA-4_SP07_13";"03351-CT-6""-C11-0001-N_HOJA-4_SP07";"03351-CT-6""-C11-0001-N_HOJA-4";Colectivo Cu-Mo TIE-IN-001;03350-02-05;;PIPE RACK ;"03351-CT-6""-C11-0001-N";4;1;SP07;13;S;BW;6;STD;C11;N;CS;1,52;Concentrado Cu-Mo;;W-02;Adicional;12/03/2026;46120;46121;46209;;;;0,6;0,912;0,912;0;EJECUTADA;46121;W-02;;;;;;;;;;;;;;;;;;;;;;;;;;;;
"03351-CT-6""-C11-0001-N_HOJA-4_SP05_5";"03351-CT-6""-C11-0001-N_HOJA-4_SP05";"03351-CT-6""-C11-0001-N_HOJA-4";Colectivo Cu-Mo TIE-IN-001;03350-02-05;;PIPE RACK ;"03351-CT-6""-C11-0001-N";4;1;SP05;5;F;VIC;6;STD;C11;N;CS;1,52;Concentrado Cu-Mo;;;;12/03/2026;46141;;46208;;46252;;0,4;0,608;0,532;0,076;;;;;;;;;;;;;;;;;;;;;;;;;;;;;;;
"03351-CT-6""-C11-0001-N_HOJA-4_SP06_6";"03351-CT-6""-C11-0001-N_HOJA-4_SP06";"03351-CT-6""-C11-0001-N_HOJA-4";Colectivo Cu-Mo TIE-IN-001;03350-02-05;;PIPE RACK ;"03351-CT-6""-C11-0001-N";4;1;SP06;6;F;VIC;6;STD;C11;N;CS;1,52;Concentrado Cu-Mo;;;;12/03/2026;46141;;46208;;46252;;0,4;0,608;0,532;0,076;;;;;;;;;;;;;;;;;;;;;;;;;;;;;;;
"03351-CT-6""-C11-0001-N_HOJA-4_SP07_7";"03351-CT-6""-C11-0001-N_HOJA-4_SP07";"03351-CT-6""-C11-0001-N_HOJA-4";Colectivo Cu-Mo TIE-IN-001;03350-02-05;;PIPE RACK ;"03351-CT-6""-C11-0001-N";4;1;SP07;7;F;VIC;6;STD;C11;N;CS;1,52;Concentrado Cu-Mo;;;;12/03/2026;46141;;46208;;46252;;0,4;0,608;0,532;0,076;;;;;;;;;;;;;;;;;;;;;;;;;;;;;;;
"03351-CT-6""-C11-0001-N_HOJA-4_SP03_9";"03351-CT-6""-C11-0001-N_HOJA-4_SP03";"03351-CT-6""-C11-0001-N_HOJA-4";Colectivo Cu-Mo TIE-IN-001;03350-02-05;;PIPE RACK ;"03351-CT-6""-C11-0001-N";4;1;SP03;9;S;BW;6;STD;C11;N;CS;1,52;Concentrado Cu-Mo;;W-16;Adicional;12/03/2026;46120;46121;46209;;;;0,6;0,912;0,912;0;EJECUTADA;46170;W-16;;;;;;;;;;;;;;;;;;;;;;;;;;;;
"03351-CT-6""-C11-0001-N_HOJA-4_SP03_10";"03351-CT-6""-C11-0001-N_HOJA-4_SP03";"03351-CT-6""-C11-0001-N_HOJA-4";Colectivo Cu-Mo TIE-IN-001;03350-02-05;;PIPE RACK ;"03351-CT-6""-C11-0001-N";4;1;SP03;10;S;BW;6;STD;C11;N;CS;1,52;Concentrado Cu-Mo;;W-16;Adicional;12/03/2026;46120;46121;46209;;;;0,6;0,912;0,912;0;EJECUTADA;46170;W-16;;;;;;;;;;;;;;;;;;;;;;;;;;;;
"03351-CT-6""-C11-0001-N_HOJA-4_SP07_14";"03351-CT-6""-C11-0001-N_HOJA-4_SP07";"03351-CT-6""-C11-0001-N_HOJA-4";Colectivo Cu-Mo TIE-IN-001;03350-02-05;;PIPE RACK ;"03351-CT-6""-C11-0001-N";4;1;SP07;14;S;BW;6;STD;C11;N;CS;1,52;Concentrado Cu-Mo;;W-01;Adicional;12/03/2026;46120;46121;46209;;;;0,6;0,912;0,912;0;EJECUTADA;46121;W-01;;;;;;;;;;;;;;;;;;;;;;;;;;;;
"03351-CT-6""-C11-0001-N_HOJA-4_SP08_8";"03351-CT-6""-C11-0001-N_HOJA-4_SP08";"03351-CT-6""-C11-0001-N_HOJA-4";Colectivo Cu-Mo TIE-IN-001;03350-02-05;;PIPE RACK ;"03351-CT-6""-C11-0001-N";4;1;SP08;8;F;VIC;6;STD;C11;N;CS;1,52;Concentrado Cu-Mo;;;;12/03/2026;46244;;46208;;46252;;0,4;0,608;0,456;0,152;;;;;;;;;;;;;;;;;;;;;;;;;;;;;;;
"03351-CT-6""-C11-0001-N_HOJA-5_SP01_1";"03351-CT-6""-C11-0001-N_HOJA-5_SP01";"03351-CT-6""-C11-0001-N_HOJA-5";Colectivo Cu-Mo TIE-IN-001;03350-02-05;;PIPE RACK ;"03351-CT-6""-C11-0001-N";5;1;SP01;1;F;VIC;6;STD;C11;N;CS;1,255;Concentrado Cu-Mo;;;;12/03/2026;46141;;46208;;46252;;0,4;0,502;0,43925;0,06275;;;;;;;;;;;;;;;;;;;;;;;;;;;;;;;
"03351-CT-6""-C11-0001-N_HOJA-5_SP02_2";"03351-CT-6""-C11-0001-N_HOJA-5_SP02";"03351-CT-6""-C11-0001-N_HOJA-5";Colectivo Cu-Mo TIE-IN-001;03350-02-05;;PIPE RACK ;"03351-CT-6""-C11-0001-N";5;1;SP02;2;F;VIC;6;STD;C11;N;CS;1,255;Concentrado Cu-Mo;;;;12/03/2026;46141;;46208;;46252;;0,4;0,502;0,43925;0,06275;;;;;;;;;;;;;;;;;;;;;;;;;;;;;;;
"03351-CT-6""-C11-0001-N_HOJA-5_SP03_3";"03351-CT-6""-C11-0001-N_HOJA-5_SP03";"03351-CT-6""-C11-0001-N_HOJA-5";Colectivo Cu-Mo TIE-IN-001;03350-02-05;;PIPE RACK ;"03351-CT-6""-C11-0001-N";5;1;SP03;3;F;VIC;6;STD;C11;N;CS;1,255;Concentrado Cu-Mo;;;;12/03/2026;46159;;46208;;46252;;0,4;0,502;0,43925;0,06275;;;;;;;;;;;;;;;;;;;;;;;;;;;;;;;
"03351-CT-6""-C11-0001-N_HOJA-5_SP04_4";"03351-CT-6""-C11-0001-N_HOJA-5_SP04";"03351-CT-6""-C11-0001-N_HOJA-5";Colectivo Cu-Mo TIE-IN-001;03350-02-05;;PIPE RACK ;"03351-CT-6""-C11-0001-N";5;1;SP04;4;F;VIC;6;STD;C11;N;CS;1,255;Concentrado Cu-Mo;;;;12/03/2026;46159;;46208;;46252;;0,4;0,502;0,43925;0,06275;;;;;;;;;;;;;;;;;;;;;;;;;;;;;;;
"03351-CT-6""-C11-0001-N_HOJA-5_SP05_5";"03351-CT-6""-C11-0001-N_HOJA-5_SP05";"03351-CT-6""-C11-0001-N_HOJA-5";Colectivo Cu-Mo TIE-IN-001;03350-02-05;;PIPE RACK ;"03351-CT-6""-C11-0001-N";5;1;SP05;5;F;VIC;6;STD;C11;N;CS;1,255;Concentrado Cu-Mo;;;;12/03/2026;46143;;46208;;46252;;0,4;0,502;0,43925;0,06275;;;;;;;;;;;;;;;;;;;;;;;;;;;;;;;
"03351-CT-6""-C11-0001-N_HOJA-5_SP06_6";"03351-CT-6""-C11-0001-N_HOJA-5_SP06";"03351-CT-6""-C11-0001-N_HOJA-5";Colectivo Cu-Mo TIE-IN-001;03350-02-05;;PIPE RACK ;"03351-CT-6""-C11-0001-N";5;1;SP06;6;F;VIC;6;STD;C11;N;CS;1,255;Concentrado Cu-Mo;;;;12/03/2026;46143;;46208;;46252;;0,4;0,502;0,43925;0,06275;;;;;;;;;;;;;;;;;;;;;;;;;;;;;;;
"03351-CT-6""-C11-0001-N_HOJA-5_SP07_7";"03351-CT-6""-C11-0001-N_HOJA-5_SP07";"03351-CT-6""-C11-0001-N_HOJA-5";Colectivo Cu-Mo TIE-IN-001;03350-02-05;;PIPE RACK ;"03351-CT-6""-C11-0001-N";5;1;SP07;7;F;VIC;6;STD;C11;N;CS;1,255;Concentrado Cu-Mo;;;;12/03/2026;46143;;46208;;46252;;0,4;0,502;0,43925;0,06275;;;;;;;;;;;;;;;;;;;;;;;;;;;;;;;
"03351-CT-6""-C11-0001-N_HOJA-5_SP02_8";"03351-CT-6""-C11-0001-N_HOJA-5_SP02";"03351-CT-6""-C11-0001-N_HOJA-5";Colectivo Cu-Mo TIE-IN-001;03350-02-05;;PIPE RACK ;"03351-CT-6""-C11-0001-N";5;1;SP02;8;S;BW;6;STD;C11;N;CS;1,255;Concentrado Cu-Mo;;W-16;Adicional;12/03/2026;46181,51256;46181,51256;46209;;;;0,6;0,753;0,753;0;EJECUTADA;46181;W-16;;;;;;;;;;;;;;;;;;;;;;;;;;;;
"03351-CT-6""-C11-0001-N_HOJA-5_SP02_9";"03351-CT-6""-C11-0001-N_HOJA-5_SP02";"03351-CT-6""-C11-0001-N_HOJA-5";Colectivo Cu-Mo TIE-IN-001;03350-02-05;;PIPE RACK ;"03351-CT-6""-C11-0001-N";5;1;SP02;9;S;BW;6;STD;C11;N;CS;1,255;Concentrado Cu-Mo;;W-16;Adicional;12/03/2026;46180,51319;46180,51319;46209;;;;0,6;0,753;0,753;0;EJECUTADA;46180;W-16;;;;;;;;;;;;;;;;;;;;;;;;;;;;
"03351-CT-6""-C11-0001-N_HOJA-5_SP04_10";"03351-CT-6""-C11-0001-N_HOJA-5_SP04";"03351-CT-6""-C11-0001-N_HOJA-5";Colectivo Cu-Mo TIE-IN-001;03350-02-05;;PIPE RACK ;"03351-CT-6""-C11-0001-N";5;1;SP04;10;S;BW;6;STD;C11;N;CS;1,255;Concentrado Cu-Mo;;W-16;Adicional;12/03/2026;46181,42361;46181,42361;46209;;;;0,6;0,753;0,753;0;EJECUTADA;46181;W-16;;;;;;;;;;;;;;;;;;;;;;;;;;;;
"03351-CT-6""-C11-0001-N_HOJA-5_SP04_11";"03351-CT-6""-C11-0001-N_HOJA-5_SP04";"03351-CT-6""-C11-0001-N_HOJA-5";Colectivo Cu-Mo TIE-IN-001;03350-02-05;;PIPE RACK ;"03351-CT-6""-C11-0001-N";5;1;SP04;11;S;BW;6;STD;C11;N;CS;1,255;Concentrado Cu-Mo;;W-16;Adicional;12/03/2026;46180,51667;46180,51667;46209;;;;0,6;0,753;0,753;0;EJECUTADA;46180;W-16;;;;;;;;;;;;;;;;;;;;;;;;;;;;
"03351-CT-6""-C11-0001-N_HOJA-5_SP06_12";"03351-CT-6""-C11-0001-N_HOJA-5_SP06";"03351-CT-6""-C11-0001-N_HOJA-5";Colectivo Cu-Mo TIE-IN-001;03350-02-05;;PIPE RACK ;"03351-CT-6""-C11-0001-N";5;1;SP06;12;S;BW;6;STD;C11;N;CS;1,255;Concentrado Cu-Mo;;W-16;Adicional;12/03/2026;46180,51806;46180,51806;46209;;;;0,6;0,753;0,753;0;EJECUTADA;46180;W-16;;;;;;;;;;;;;;;;;;;;;;;;;;;;
"03351-CT-6""-C11-0001-N_HOJA-5_SP06_13";"03351-CT-6""-C11-0001-N_HOJA-5_SP06";"03351-CT-6""-C11-0001-N_HOJA-5";Colectivo Cu-Mo TIE-IN-001;03350-02-05;;PIPE RACK ;"03351-CT-6""-C11-0001-N";5;1;SP06;13;S;BW;6;STD;C11;N;CS;1,255;Concentrado Cu-Mo;;W-16;Adicional;12/03/2026;46180,51875;46180,51875;46209;;;;0,6;0,753;0,753;0;EJECUTADA;46180;W-16;;;;;;;;;;;;;;;;;;;;;;;;;;;;
"03351-CT-6""-C11-0001-N_HOJA-6_SP01_1";"03351-CT-6""-C11-0001-N_HOJA-6_SP01";"03351-CT-6""-C11-0001-N_HOJA-6";Colectivo Cu-Mo TIE-IN-001;03350-02-05;;PIPE RACK ;"03351-CT-6""-C11-0001-N";6;1;SP01;1;F;VIC;6;STD;C11;N;CS;2,154;Concentrado Cu-Mo;;;;12/03/2026;46244;;46208;;46252;;0,4;0,8616;0,6462;0,2154;;;;;;;;;;;;;;;;;;;;;;;;;;;;;;;
"03351-CT-6""-C11-0001-N_HOJA-6_SP02_2";"03351-CT-6""-C11-0001-N_HOJA-6_SP02";"03351-CT-6""-C11-0001-N_HOJA-6";Colectivo Cu-Mo TIE-IN-001;03350-02-05;;PIPE RACK ;"03351-CT-6""-C11-0001-N";6;1;SP02;2;F;VIC;6;STD;C11;N;CS;2,154;Concentrado Cu-Mo;;;;12/03/2026;46143;;46208;;46252;;0,4;0,8616;0,7539;0,1077;;;;;;;;;;;;;;;;;;;;;;;;;;;;;;;
"03351-CT-6""-C11-0001-N_HOJA-6_SP03_3";"03351-CT-6""-C11-0001-N_HOJA-6_SP03";"03351-CT-6""-C11-0001-N_HOJA-6";Colectivo Cu-Mo TIE-IN-001;03350-02-05;;PIPE RACK ;"03351-CT-6""-C11-0001-N";6;1;SP03;3;F;VIC;6;STD;C11;N;CS;2,154;Concentrado Cu-Mo;;;;12/03/2026;46143;;46208;;46252;;0,4;0,8616;0,7539;0,1077;;;;;;;;;;;;;;;;;;;;;;;;;;;;;;;
"03351-CT-6""-C11-0001-N_HOJA-6_SP04_4";"03351-CT-6""-C11-0001-N_HOJA-6_SP04";"03351-CT-6""-C11-0001-N_HOJA-6";Colectivo Cu-Mo TIE-IN-001;03350-02-05;;PIPE RACK ;"03351-CT-6""-C11-0001-N";6;1;SP04;4;F;VIC;6;STD;C11;N;CS;2,154;Concentrado Cu-Mo;;;;12/03/2026;46143;;46208;;46252;;0,4;0,8616;0,7539;0,1077;;;;;;;;;;;;;;;;;;;;;;;;;;;;;;;
"03351-CT-6""-C11-0001-N_HOJA-6_SP05_5";"03351-CT-6""-C11-0001-N_HOJA-6_SP05";"03351-CT-6""-C11-0001-N_HOJA-6";Colectivo Cu-Mo TIE-IN-001;03350-02-05;;PIPE RACK ;"03351-CT-6""-C11-0001-N";6;1;SP05;5;F;VIC;6;STD;C11;N;CS;2,154;Concentrado Cu-Mo;;;;12/03/2026;46141;;46208;;46252;;0,4;0,8616;0,7539;0,1077;;;;;;;;;;;;;;;;;;;;;;;;;;;;;;;
"03351-CT-6""-C11-0001-N_HOJA-6_SP06_6";"03351-CT-6""-C11-0001-N_HOJA-6_SP06";"03351-CT-6""-C11-0001-N_HOJA-6";Colectivo Cu-Mo TIE-IN-001;03350-02-05;;PIPE RACK ;"03351-CT-6""-C11-0001-N";6;1;SP06;6;F;VIC;6;STD;C11;N;CS;2,154;Concentrado Cu-Mo;;;;12/03/2026;46141;;46208;;46252;;0,4;0,8616;0,7539;0,1077;;;;;;;;;;;;;;;;;;;;;;;;;;;;;;;
"03351-CT-6""-C11-0001-N_HOJA-6_SP07_7";"03351-CT-6""-C11-0001-N_HOJA-6_SP07";"03351-CT-6""-C11-0001-N_HOJA-6";Colectivo Cu-Mo TIE-IN-001;03350-02-05;;PIPE RACK ;"03351-CT-6""-C11-0001-N";6;1;SP07;7;F;VIC;6;STD;C11;N;CS;2,154;Concentrado Cu-Mo;;;;12/03/2026;46160;;46208;;46252;;0,4;0,8616;0,7539;0,1077;;;;;;;;;;;;;;;;;;;;;;;;;;;;;;;
"03351-CT-6""-C11-0001-N_HOJA-6_SP08_8";"03351-CT-6""-C11-0001-N_HOJA-6_SP08";"03351-CT-6""-C11-0001-N_HOJA-6";Colectivo Cu-Mo TIE-IN-001;03350-02-05;;PIPE RACK ;"03351-CT-6""-C11-0001-N";6;1;SP08;8;F;VIC;6;STD;C11;N;CS;2,154;Concentrado Cu-Mo;;;;12/03/2026;46158;;46208;;46252;;0,4;0,8616;0,7539;0,1077;;;;;;;;;;;;;;;;;;;;;;;;;;;;;;;
"03351-CT-6""-C11-0001-N_HOJA-6_SP09_9";"03351-CT-6""-C11-0001-N_HOJA-6_SP09";"03351-CT-6""-C11-0001-N_HOJA-6";Colectivo Cu-Mo TIE-IN-001;03350-02-05;;PIPE RACK ;"03351-CT-6""-C11-0001-N";6;1;SP09;9;F;VIC;6;STD;C11;N;CS;2,154;Concentrado Cu-Mo;;;;12/03/2026;46160;46199;46209;46244;46251;;0,95;2,0463;1,2924;0,7539;EJECUTADA;46199;0;;;;;;;;;;;;;;;;;;;;;;;;;;;;
"03351-CT-6""-C11-0001-N_HOJA-6_SP01_10";"03351-CT-6""-C11-0001-N_HOJA-6_SP01";"03351-CT-6""-C11-0001-N_HOJA-6";Colectivo Cu-Mo TIE-IN-001;03350-02-05;;PIPE RACK ;"03351-CT-6""-C11-0001-N";6;1;SP01;10;S;BW;6;STD;C11;N;CS;2,154;Concentrado Cu-Mo;;W-16;Adicional;12/03/2026;46181,52309;46181,52309;46209;;;;0,6;1,2924;1,2924;0;EJECUTADA;46181;W-16;;;;;;;;;;;;;;;;;;;;;;;;;;;;
"03351-CT-6""-C11-0001-N_HOJA-6_SP01_11";"03351-CT-6""-C11-0001-N_HOJA-6_SP01";"03351-CT-6""-C11-0001-N_HOJA-6";Colectivo Cu-Mo TIE-IN-001;03350-02-05;;PIPE RACK ;"03351-CT-6""-C11-0001-N";6;1;SP01;11;S;BW;6;STD;C11;N;CS;2,154;Concentrado Cu-Mo;;W-02;Adicional;12/03/2026;46181,52451;46181,52451;46209;;;;0,6;1,2924;1,2924;0;EJECUTADA;46181;W-02;;;;;;;;;;;;;;;;;;;;;;;;;;;;
"03351-CT-6""-C11-0001-N_HOJA-6_SP04_12";"03351-CT-6""-C11-0001-N_HOJA-6_SP04";"03351-CT-6""-C11-0001-N_HOJA-6";Colectivo Cu-Mo TIE-IN-001;03350-02-05;;PIPE RACK ;"03351-CT-6""-C11-0001-N";6;1;SP04;12;F;BW;6;STD;C11;N;CS;2,154;Concentrado Cu-Mo;;;Adicional;12/03/2026;;;46208;;;;0,3;0,6462;0,6462;0;;;;;;;;;;;;;;;;;;;;;;;;;;;;;;;
"03351-CT-6""-C11-0001-N_HOJA-6_SP04_13";"03351-CT-6""-C11-0001-N_HOJA-6_SP04";"03351-CT-6""-C11-0001-N_HOJA-6";Colectivo Cu-Mo TIE-IN-001;03350-02-05;;PIPE RACK ;"03351-CT-6""-C11-0001-N";6;1;SP04;13;F;BW;6;STD;C11;N;CS;2,154;Concentrado Cu-Mo;;;Adicional;12/03/2026;;;46208;;;;0,3;0,6462;0,6462;0;;;;;;;;;;;;;;;;;;;;;;;;;;;;;;;
"03351-CT-6""-C11-0001-N_HOJA-6_SP06_14";"03351-CT-6""-C11-0001-N_HOJA-6_SP06";"03351-CT-6""-C11-0001-N_HOJA-6";Colectivo Cu-Mo TIE-IN-001;03350-02-05;;PIPE RACK ;"03351-CT-6""-C11-0001-N";6;1;SP06;14;F;BW;6;STD;C11;N;CS;2,154;Concentrado Cu-Mo;;;Adicional;12/03/2026;;;46208;;;;0,3;0,6462;0,6462;0;;;;;;;;;;;;;;;;;;;;;;;;;;;;;;;
"03351-CT-6""-C11-0001-N_HOJA-6_SP06_15";"03351-CT-6""-C11-0001-N_HOJA-6_SP06";"03351-CT-6""-C11-0001-N_HOJA-6";Colectivo Cu-Mo TIE-IN-001;03350-02-05;;PIPE RACK ;"03351-CT-6""-C11-0001-N";6;1;SP06;15;F;BW;6;STD;C11;N;CS;2,154;Concentrado Cu-Mo;;;Adicional;12/03/2026;;;46208;;;;0,3;0,6462;0,6462;0;;;;;;;;;;;;;;;;;;;;;;;;;;;;;;;
"03351-CT-6""-C11-0001-N_HOJA-7_SP01_4";"03351-CT-6""-C11-0001-N_HOJA-7_SP01";"03351-CT-6""-C11-0001-N_HOJA-7";Colectivo Cu-Mo TIE-IN-001;03350-02-05;;PIPE RACK ;"03351-CT-6""-C11-0001-N";7;1;SP01;4;F;VIC;6;STD;C11;N;CS;6;Concentrado Cu-Mo;;;Adicional;12/03/2026;46141;;46208;;46252;;0,4;2,4;2,1;0,3;;;;;;;;;;;;;;;;;;;;;;;;;;;;;;;
"03351-CT-6""-C11-0001-N_HOJA-7_SP02_1";"03351-CT-6""-C11-0001-N_HOJA-7_SP02";"03351-CT-6""-C11-0001-N_HOJA-7";Colectivo Cu-Mo TIE-IN-001;03350-02-05;;PIPE RACK ;"03351-CT-6""-C11-0001-N";7;1;SP02;1;F;VIC;6;STD;C11;N;CS;6;Concentrado Cu-Mo;;;;12/03/2026;46141;;46208;46189;46252;;0,7;4,2;2,1;2,1;;;;;;;;;;;;;;;;;;;;;;;;;;;;;;;
"03351-CT-6""-C11-0001-N_HOJA-7_SP03_2";"03351-CT-6""-C11-0001-N_HOJA-7_SP03";"03351-CT-6""-C11-0001-N_HOJA-7";Colectivo Cu-Mo TIE-IN-001;03350-02-05;;PIPE RACK ;"03351-CT-6""-C11-0001-N";7;1;SP03;2;F;VIC;6;STD;C11;N;CS;6;Concentrado Cu-Mo;;;;12/03/2026;46160;;46208;46189;46252;;0,7;4,2;2,1;2,1;;;;;;;;;;;;;;;;;;;;;;;;;;;;;;;
"03351-CT-6""-C11-0001-N_HOJA-7_SP04_3";"03351-CT-6""-C11-0001-N_HOJA-7_SP04";"03351-CT-6""-C11-0001-N_HOJA-7";Colectivo Cu-Mo TIE-IN-001;03350-02-05;;PIPE RACK ;"03351-CT-6""-C11-0001-N";7;1;SP04;3;F;VIC;6;STD;C11;N;CS;6;Concentrado Cu-Mo;;;;12/03/2026;46160;46191;46209;46244;46251;;0,95;5,7;3,6;2,1;EJECUTADA;46191;0;;;;;;;;;;;;;;;;;;;;;;;;;;;;
"03351-CT-6""-C11-0001-N_HOJA-8_SP01_1";"03351-CT-6""-C11-0001-N_HOJA-8_SP01";"03351-CT-6""-C11-0001-N_HOJA-8";Colectivo Cu-Mo TIE-IN-001;03350-02-05;;PIPE RACK ;"03351-CT-6""-C11-0001-N";8;1;SP01;1;F;VIC;6;STD;C11;N;CS;1,842;Concentrado Cu-Mo;;;;12/03/2026;46143;;46208;;46252;;0,4;0,7368;0,6447;0,0921;;;;;;;;;;;;;;;;;;;;;;;;;;;;;;;
"03351-CT-6""-C11-0001-N_HOJA-8_SP02_2";"03351-CT-6""-C11-0001-N_HOJA-8_SP02";"03351-CT-6""-C11-0001-N_HOJA-8";Colectivo Cu-Mo TIE-IN-001;03350-02-05;;PIPE RACK ;"03351-CT-6""-C11-0001-N";8;1;SP02;2;F;VIC;6;STD;C11;N;CS;1,842;Concentrado Cu-Mo;;;;12/03/2026;46143;;46208;;46252;;0,4;0,7368;0,6447;0,0921;;;;;;;;;;;;;;;;;;;;;;;;;;;;;;;
"03351-CT-6""-C11-0001-N_HOJA-8_SP03_3";"03351-CT-6""-C11-0001-N_HOJA-8_SP03";"03351-CT-6""-C11-0001-N_HOJA-8";Colectivo Cu-Mo TIE-IN-001;03350-02-05;;PIPE RACK ;"03351-CT-6""-C11-0001-N";8;1;SP03;3;F;VIC;6;STD;C11;N;CS;1,842;Concentrado Cu-Mo;;;;12/03/2026;46143;46191;46209;46244;46251;;0,95;1,7499;1,1052;0,6447;EJECUTADA;46191;0;;;;;;;;;;;;;;;;;;;;;;;;;;;;
"03351-CT-6""-C11-0001-N_HOJA-8_SP01_5";"03351-CT-6""-C11-0001-N_HOJA-8_SP01";"03351-CT-6""-C11-0001-N_HOJA-8";Colectivo Cu-Mo TIE-IN-001;03350-02-05;;PIPE RACK ;"03351-CT-6""-C11-0001-N";8;1;SP01;5;S;SO;3;STD;C11;N;CS;1,842;Concentrado Cu-Mo;;W-02;Adicional;12/03/2026;46144;46145;46209;;;;0,6;1,1052;1,1052;0;EJECUTADA;46145;W-02;;;;;;;;;;;;;;;;;;;;;;;;;;;;
"03351-CT-6""-C11-0001-N_HOJA-8_SP01_4";"03351-CT-6""-C11-0001-N_HOJA-8_SP01";"03351-CT-6""-C11-0001-N_HOJA-8";Colectivo Cu-Mo TIE-IN-001;03350-02-05;;PIPE RACK ;"03351-CT-6""-C11-0001-N";8;1;SP01;4;S;BRW;3;STD;C11;N;CS;1,842;Concentrado Cu-Mo;;W-02;;12/03/2026;46143;46145;46209;;;;0,6;1,1052;1,1052;0;EJECUTADA;46145;W-02;;;;;;;;;;;;;;;;;;;;;;;;;;;;
"03351-CT-6""-C11-0001-N_HOJA-9_SP01_1";"03351-CT-6""-C11-0001-N_HOJA-9_SP01";"03351-CT-6""-C11-0001-N_HOJA-9";Colectivo Cu-Mo TIE-IN-001;03350-02-05;;PIPE RACK ;"03351-CT-6""-C11-0001-N";9;1;SP01;1;F;VIC;6;STD;C11;N;CS;0,954;Concentrado Cu-Mo;;;;12/03/2026;46160;;46208;;46252;;0,4;0,3816;0,3339;0,0477;;;;;;;;;;;;;;;;;;;;;;;;;;;;;;;
"03351-CT-6""-C11-0001-N_HOJA-9_SP02_2";"03351-CT-6""-C11-0001-N_HOJA-9_SP02";"03351-CT-6""-C11-0001-N_HOJA-9";Colectivo Cu-Mo TIE-IN-001;03350-02-05;;PIPE RACK ;"03351-CT-6""-C11-0001-N";9;1;SP02;2;F;VIC;6;STD;C11;N;CS;0,954;Concentrado Cu-Mo;;;;12/03/2026;46157;;46208;;46252;;0,4;0,3816;0,3339;0,0477;;;;;;;;;;;;;;;;;;;;;;;;;;;;;;;
"03351-CT-6""-C11-0001-N_HOJA-9_SP03_3";"03351-CT-6""-C11-0001-N_HOJA-9_SP03";"03351-CT-6""-C11-0001-N_HOJA-9";Colectivo Cu-Mo TIE-IN-001;03350-02-05;;PIPE RACK ;"03351-CT-6""-C11-0001-N";9;1;SP03;3;F;VIC;6;STD;C11;N;CS;0,954;Concentrado Cu-Mo;;;;12/03/2026;46160;;46208;;46252;;0,4;0,3816;0,3339;0,0477;;;;;;;;;;;;;;;;;;;;;;;;;;;;;;;
"03351-CT-6""-C11-0001-N_HOJA-9_SP04_4";"03351-CT-6""-C11-0001-N_HOJA-9_SP04";"03351-CT-6""-C11-0001-N_HOJA-9";Colectivo Cu-Mo TIE-IN-001;03350-02-05;;PIPE RACK ;"03351-CT-6""-C11-0001-N";9;1;SP04;4;F;VIC;6;STD;C11;N;CS;0,954;Concentrado Cu-Mo;;;;12/03/2026;46158;;46208;;46252;;0,4;0,3816;0,3339;0,0477;;;;;;;;;;;;;;;;;;;;;;;;;;;;;;;
"03351-CT-6""-C11-0001-N_HOJA-9_SP05_5";"03351-CT-6""-C11-0001-N_HOJA-9_SP05";"03351-CT-6""-C11-0001-N_HOJA-9";Colectivo Cu-Mo TIE-IN-001;03350-02-05;;PIPE RACK ;"03351-CT-6""-C11-0001-N";9;1;SP05;5;F;VIC;6;STD;C11;N;CS;0,954;Concentrado Cu-Mo;;;;12/03/2026;46157;;46208;;46252;;0,4;0,3816;0,3339;0,0477;;;;;;;;;;;;;;;;;;;;;;;;;;;;;;;
"03351-CT-6""-C11-0001-N_HOJA-9_SP06_6";"03351-CT-6""-C11-0001-N_HOJA-9_SP06";"03351-CT-6""-C11-0001-N_HOJA-9";Colectivo Cu-Mo TIE-IN-001;03350-02-05;;PIPE RACK ;"03351-CT-6""-C11-0001-N";9;1;SP06;6;F;VIC;6;STD;C11;N;CS;0,954;Concentrado Cu-Mo;;;;12/03/2026;46160;;46208;;46252;;0,4;0,3816;0,3339;0,0477;;;;;;;;;;;;;;;;;;;;;;;;;;;;;;;
"03351-CT-6""-C11-0001-N_HOJA-9_SP07_7";"03351-CT-6""-C11-0001-N_HOJA-9_SP07";"03351-CT-6""-C11-0001-N_HOJA-9";Colectivo Cu-Mo TIE-IN-001;03350-02-05;;TORRE TRASFERENCIA;"03351-CT-6""-C11-0001-N";9;1;SP07;7;F;VIC;6;STD;C11;N;CS;0,954;Concentrado Cu-Mo;;;;12/03/2026;46157;;46208;;46252;;0,4;0,3816;0,3339;0,0477;;;;;;;;;;;;;;;;;;;;;;;;;;;;;;;
"03351-CT-6""-C11-0001-N_HOJA-9_SP02_8";"03351-CT-6""-C11-0001-N_HOJA-9_SP02";"03351-CT-6""-C11-0001-N_HOJA-9";Colectivo Cu-Mo TIE-IN-001;03350-02-05;;PIPE RACK ;"03351-CT-6""-C11-0001-N";9;1;SP02;8;S;BW;6;STD;C11;N;CS;0,954;Concentrado Cu-Mo;;W-16;Adicional;30/05/2026;46172;46172;46209;;;;0,6;0,5724;0,5724;0;EJECUTADA;46172;W-16;;;;;;;;;;;;;;;;;;;;;;;;;;;;
"03351-CT-6""-C11-0001-N_HOJA-9_SP02_9";"03351-CT-6""-C11-0001-N_HOJA-9_SP02";"03351-CT-6""-C11-0001-N_HOJA-9";Colectivo Cu-Mo TIE-IN-001;03350-02-05;;PIPE RACK ;"03351-CT-6""-C11-0001-N";9;1;SP02;9;S;BW;6;STD;C11;N;CS;0,954;Concentrado Cu-Mo;;W-16;Adicional;30/05/2026;46172;46172;46209;;;;0,6;0,5724;0,5724;0;EJECUTADA;46172;W-16;;;;;;;;;;;;;;;;;;;;;;;;;;;;
"03351-CT-6""-C11-0001-N_HOJA-9_SP04_10";"03351-CT-6""-C11-0001-N_HOJA-9_SP04";"03351-CT-6""-C11-0001-N_HOJA-9";Colectivo Cu-Mo TIE-IN-001;03350-02-05;;PIPE RACK ;"03351-CT-6""-C11-0001-N";9;1;SP04;10;S;BW;6;STD;C11;N;CS;0,954;Concentrado Cu-Mo;;W-02;Adicional;30/05/2026;46180,52569;46180,52569;46209;;;;0,6;0,5724;0,5724;0;EJECUTADA;46180;W-02;;;;;;;;;;;;;;;;;;;;;;;;;;;;
"03351-CT-6""-C11-0001-N_HOJA-9_SP04_11";"03351-CT-6""-C11-0001-N_HOJA-9_SP04";"03351-CT-6""-C11-0001-N_HOJA-9";Colectivo Cu-Mo TIE-IN-001;03350-02-05;;PIPE RACK ;"03351-CT-6""-C11-0001-N";9;1;SP04;11;S;BW;6;STD;C11;N;CS;0,954;Concentrado Cu-Mo;;W-02;Adicional;30/05/2026;46180,52639;46180,52639;46209;;;;0,6;0,5724;0,5724;0;EJECUTADA;46180;W-02;;;;;;;;;;;;;;;;;;;;;;;;;;;;
"03351-CT-6""-C11-0001-N_HOJA-9_SP06_12";"03351-CT-6""-C11-0001-N_HOJA-9_SP06";"03351-CT-6""-C11-0001-N_HOJA-9";Colectivo Cu-Mo TIE-IN-001;03350-02-05;;TORRE TRASFERENCIA;"03351-CT-6""-C11-0001-N";9;1;SP06;12;S;BW;6;STD;C11;N;CS;0,954;Concentrado Cu-Mo;;W-02;Adicional;30/05/2026;46180,52708;46180,52708;46209;;;;0,6;0,5724;0,5724;0;EJECUTADA;46180;W-02;;;;;;;;;;;;;;;;;;;;;;;;;;;;
"03351-CT-6""-C11-0001-N_HOJA-9_SP06_13";"03351-CT-6""-C11-0001-N_HOJA-9_SP06";"03351-CT-6""-C11-0001-N_HOJA-9";Colectivo Cu-Mo TIE-IN-001;03350-02-05;;TORRE TRASFERENCIA;"03351-CT-6""-C11-0001-N";9;1;SP06;13;S;BW;6;STD;C11;N;CS;0,954;Concentrado Cu-Mo;;W-02;Adicional;30/05/2026;46180,52778;46180,52778;46209;;;;0,6;0,5724;0,5724;0;EJECUTADA;46180;W-02;;;;;;;;;;;;;;;;;;;;;;;;;;;;
"03351-CT-6""-C11-0001-N_HOJA-10_SP01_1";"03351-CT-6""-C11-0001-N_HOJA-10_SP01";"03351-CT-6""-C11-0001-N_HOJA-10";Colectivo Cu-Mo TIE-IN-001;03350-02-05;;TORRE TRASFERENCIA;"03351-CT-6""-C11-0001-N";10;1;SP01;1;F;VIC;6;STD;C11;N;CS;1,05;Concentrado Cu-Mo;;;;12/03/2026;46160;;46208;;46252;;0,4;0,42;0,3675;0,0525;;;;;;;;;;;;;;;;;;;;;;;;;;;;;;;
"03351-CT-6""-C11-0001-N_HOJA-10_SP02_2";"03351-CT-6""-C11-0001-N_HOJA-10_SP02";"03351-CT-6""-C11-0001-N_HOJA-10";Colectivo Cu-Mo TIE-IN-001;03350-02-05;;TORRE TRASFERENCIA;"03351-CT-6""-C11-0001-N";10;1;SP02;2;F;VIC;6;STD;C11;N;CS;1,05;Concentrado Cu-Mo;;;;12/03/2026;46143;;46208;;46252;;0,4;0,42;0,3675;0,0525;;;;;;;;;;;;;;;;;;;;;;;;;;;;;;;
"03351-CT-6""-C11-0001-N_HOJA-10_SP03_3";"03351-CT-6""-C11-0001-N_HOJA-10_SP03";"03351-CT-6""-C11-0001-N_HOJA-10";Colectivo Cu-Mo TIE-IN-001;03350-02-05;;TORRE TRASFERENCIA;"03351-CT-6""-C11-0001-N";10;1;SP03;3;F;VIC;6;STD;C11;N;CS;1,05;Concentrado Cu-Mo;;;;12/03/2026;46143;;46208;;46252;;0,4;0,42;0,3675;0,0525;;;;;;;;;;;;;;;;;;;;;;;;;;;;;;;
"03351-CT-6""-C11-0001-N_HOJA-10_SP04_4";"03351-CT-6""-C11-0001-N_HOJA-10_SP04";"03351-CT-6""-C11-0001-N_HOJA-10";Colectivo Cu-Mo TIE-IN-001;03350-02-05;;TORRE TRASFERENCIA;"03351-CT-6""-C11-0001-N";10;1;SP04;4;F;VIC;6;STD;C11;N;CS;1,05;Concentrado Cu-Mo;;;;12/03/2026;46160;;46208;;46252;;0,4;0,42;0,3675;0,0525;;;;;;;;;;;;;;;;;;;;;;;;;;;;;;;
"03351-CT-6""-C11-0001-N_HOJA-10_SP05_5";"03351-CT-6""-C11-0001-N_HOJA-10_SP05";"03351-CT-6""-C11-0001-N_HOJA-10";Colectivo Cu-Mo TIE-IN-001;03350-02-05;;TORRE TRASFERENCIA;"03351-CT-6""-C11-0001-N";10;1;SP05;5;F;VIC;6;STD;C11;N;CS;1,05;Concentrado Cu-Mo;;;;12/03/2026;46158;;46208;;46252;;0,4;0,42;0,3675;0,0525;;;;;;;;;;;;;;;;;;;;;;;;;;;;;;;
"03351-CT-6""-C11-0001-N_HOJA-10_SP01_6";"03351-CT-6""-C11-0001-N_HOJA-10_SP01";"03351-CT-6""-C11-0001-N_HOJA-10";Colectivo Cu-Mo TIE-IN-001;03350-02-05;;TORRE TRASFERENCIA;"03351-CT-6""-C11-0001-N";10;1;SP01;6;S;BW;6;STD;C11;N;CS;1,05;Concentrado Cu-Mo;;W-19;Adicional;12/03/2026;46188;46188;46209;;;;0,6;0,63;0,63;0;EJECUTADA;46188;W-19;;;;;;;;;;;;;;;;;;;;;;;;;;;;
"03351-CT-6""-C11-0001-N_HOJA-10_SP01_7";"03351-CT-6""-C11-0001-N_HOJA-10_SP01";"03351-CT-6""-C11-0001-N_HOJA-10";Colectivo Cu-Mo TIE-IN-001;03350-02-05;;TORRE TRASFERENCIA;"03351-CT-6""-C11-0001-N";10;1;SP01;7;S;BW;6;STD;C11;N;CS;1,05;Concentrado Cu-Mo;;W-19;Adicional;12/03/2026;46188;46188;46209;;;;0,6;0,63;0,63;0;EJECUTADA;46188;W-19;;;;;;;;;;;;;;;;;;;;;;;;;;;;
"03351-CT-6""-C11-0001-N_HOJA-10_SP04_8";"03351-CT-6""-C11-0001-N_HOJA-10_SP04";"03351-CT-6""-C11-0001-N_HOJA-10";Colectivo Cu-Mo TIE-IN-001;03350-02-05;;TORRE TRASFERENCIA;"03351-CT-6""-C11-0001-N";10;1;SP04;8;S;BW;6;STD;C11;N;CS;1,05;Concentrado Cu-Mo;;W-02;Adicional;12/03/2026;46183;46183;46209;;;;0,6;0,63;0,63;0;EJECUTADA;46180;W-02;;;;;;;;;;;;;;;;;;;;;;;;;;;;
"03351-CT-6""-C11-0001-N_HOJA-10_SP04_9";"03351-CT-6""-C11-0001-N_HOJA-10_SP04";"03351-CT-6""-C11-0001-N_HOJA-10";Colectivo Cu-Mo TIE-IN-001;03350-02-05;;TORRE TRASFERENCIA;"03351-CT-6""-C11-0001-N";10;1;SP04;9;S;BW;6;STD;C11;N;CS;1,05;Concentrado Cu-Mo;;W-19;Adicional;12/03/2026;46183;46183;46209;;;;0,6;0,63;0,63;0;EJECUTADA;46183;W-19;;;;;;;;;;;;;;;;;;;;;;;;;;;;
"03351-CT-6""-C11-0001-N_HOJA-10_SP06_10";"03351-CT-6""-C11-0001-N_HOJA-10_SP06";"03351-CT-6""-C11-0001-N_HOJA-10";Colectivo Cu-Mo TIE-IN-001;03350-02-05;;TORRE TRASFERENCIA;"03351-CT-6""-C11-0001-N";10;1;SP06;10;S;BW;6;STD;C11;N;CS;1,05;Concentrado Cu-Mo;;W-19;Adicional;12/03/2026;46183;46183;46209;;;;0,6;0,63;0,63;0;EJECUTADA;46183;W-19;;;;;;;;;;;;;;;;;;;;;;;;;;;;
"03351-CT-6""-C11-0001-N_HOJA-10_SP06_11";"03351-CT-6""-C11-0001-N_HOJA-10_SP06";"03351-CT-6""-C11-0001-N_HOJA-10";Colectivo Cu-Mo TIE-IN-001;03350-02-05;;TORRE TRASFERENCIA;"03351-CT-6""-C11-0001-N";10;1;SP06;11;F;BW;6;STD;C11;N;CS;1,05;Concentrado Cu-Mo;;;Adicional;12/03/2026;;;46208;;;;0,3;0,315;0,315;0;;;;;;;;;;;;;;;;;;;;;;;;;;;;;;;
"03351-CT-6""-C2-0047-N_HOJA-1_SP01_1";"03351-CT-6""-C2-0047-N_HOJA-1_SP01";"03351-CT-6""-C2-0047-N_HOJA-1";Concentrado Cu-Mo;03350-02-03;;BAJO ESPESADOR ;"03351-CT-6""-C2-0047-N";1;0;SP01;1;S;SO;12;STD;C2;N;CS;0,217;Concentrado Cu-Mo;A PISO;W-16;;12/03/2026;46147;46147;46220;46253;;;0,9;0,1953;0,1302;0,0651;EJECUTADA;46148;W-16;;;;;;;;;;;;;;;;;;;;;;;;;;;;
"03351-CT-6""-C2-0047-N_HOJA-1_SP01_2";"03351-CT-6""-C2-0047-N_HOJA-1_SP01";"03351-CT-6""-C2-0047-N_HOJA-1";Concentrado Cu-Mo;03350-02-03;;BAJO ESPESADOR ;"03351-CT-6""-C2-0047-N";1;0;SP01;2;S;BW;12;STD;C2;N;CS;0,217;Concentrado Cu-Mo;;W-16;;12/03/2026;46198;46198;46242;46253;;;0,9;0,1953;0,1085;0,0868;EJECUTADA;46198;W-16;;;;;;;;;;;;;;;;;;;;;;;;;;;;
"03351-CT-6""-C2-0047-N_HOJA-1_SP02_3";"03351-CT-6""-C2-0047-N_HOJA-1_SP02";"03351-CT-6""-C2-0047-N_HOJA-1";Concentrado Cu-Mo;03350-02-03;;BAJO ESPESADOR ;"03351-CT-6""-C2-0047-N";1;0;SP02;3;S;BW;6;STD;C2;N;CS;0,217;Concentrado Cu-Mo;;W-02;;12/03/2026;46201;46201;46220;;;;0,6;0,1302;0,1302;0;EJECUTADA;46201;W-02;;;;;;;;;;;;;;;;;;;;;;;;;;;;
"03351-CT-6""-C2-0047-N_HOJA-2_SP01_1";"03351-CT-6""-C2-0047-N_HOJA-2_SP01";"03351-CT-6""-C2-0047-N_HOJA-2";Concentrado Cu-Mo;03350-02-03;;BAJO ESPESADOR ;"03351-CT-6""-C2-0047-N";2;0;SP01;1;F;VIC;6;STD;C2;N;CS;1,461;Concentrado Cu-Mo;;;;12/03/2026;46244;46247;46244;46247;46251;;0,95;1,38795;0,2922;1,09575;EJECUTADA;46247;0;;;;;;;;;;;;;;;;;;;;;;;;;;;;
"03351-CT-6""-C3-0005-R3_HOJA-1_SP01_1";"03351-CT-6""-C3-0005-R3_HOJA-1_SP01";"03351-CT-6""-C3-0005-R3_HOJA-1";Concentrado Cu-Mo;03350-02-03;;BAJO ESPESADOR ;"03351-CT-6""-C3-0005-R3";1;0;SP01;1;S;SO;6;STD;C3;R3;CS;0,557;Concentrado Cu-Mo;;W-19;;12/03/2026;46148;46148;46242;;;;0,6;0,3342;0,2785;0,0557;EJECUTADA;46191;W-19;;;;;;;;;;;;;;;;;;;;;;;;;;;;
"03351-CT-6""-C3-0005-R3_HOJA-1_SP01_2";"03351-CT-6""-C3-0005-R3_HOJA-1_SP01";"03351-CT-6""-C3-0005-R3_HOJA-1";Concentrado Cu-Mo;03350-02-03;;BAJO ESPESADOR ;"03351-CT-6""-C3-0005-R3";1;0;SP01;2;F;VIC;6;STD;C3;R3;CS;0,557;Concentrado Cu-Mo;;;;12/03/2026;46219;;46249;;46254;;0,4;0,2228;0,13925;0,08355;;;;;;;;;;;;;;;;;;;;;;;;;;;;;;;
"03351-CT-6""-C3-0005-R3_HOJA-1_SP02_3";"03351-CT-6""-C3-0005-R3_HOJA-1_SP02";"03351-CT-6""-C3-0005-R3_HOJA-1";Concentrado Cu-Mo;03350-02-03;;BAJO ESPESADOR ;"03351-CT-6""-C3-0005-R3";1;0;SP02;3;S;BW;3;STD;C3;R3;CS;0,557;Concentrado Cu-Mo;;W-19;;12/03/2026;46186;46186;46220;;;;0,6;0,3342;0,2785;0,0557;EJECUTADA;46186;W-19;;;;;;;;;;;;;;;;;;;;;;;;;;;;
"03351-CT-6""-C3-0005-R3_HOJA-1_SP02_4";"03351-CT-6""-C3-0005-R3_HOJA-1_SP02";"03351-CT-6""-C3-0005-R3_HOJA-1";Concentrado Cu-Mo;03350-02-03;;BAJO ESPESADOR ;"03351-CT-6""-C3-0005-R3";1;0;SP02;4;F;VIC;6;STD;C3;R3;CS;0,557;Concentrado Cu-Mo;;;;12/03/2026;46219;;46220;;46254;;0,4;0,2228;0,13925;0,08355;;;;;;;;;;;;;;;;;;;;;;;;;;;;;;;
"03351-CT-6""-C3-0005-R3_HOJA-1_SP03_5";"03351-CT-6""-C3-0005-R3_HOJA-1_SP03";"03351-CT-6""-C3-0005-R3_HOJA-1";Concentrado Cu-Mo;03350-02-03;;BAJO ESPESADOR ;"03351-CT-6""-C3-0005-R3";1;0;SP03;5;S;SO;6;STD;C3;R3;CS;0,557;Concentrado Cu-Mo;;W-16;;12/03/2026;46148;46148;46220;;;;0,6;0,3342;0,2785;0,0557;EJECUTADA;46148;W-16;;;;;;;;;;;;;;;;;;;;;;;;;;;;
"03351-CT-6""-C3-0005-R3_HOJA-1_SP03_6";"03351-CT-6""-C3-0005-R3_HOJA-1_SP03";"03351-CT-6""-C3-0005-R3_HOJA-1";Concentrado Cu-Mo;03350-02-03;;BAJO ESPESADOR ;"03351-CT-6""-C3-0005-R3";1;0;SP03;6;S;BW;6;STD;C3;R3;CS;0,557;Concentrado Cu-Mo;;W-19;Adicional;12/03/2026;46186;46186;46220;;;;0,6;0,3342;0,2785;0,0557;EJECUTADA;46186;W-19;;;;;;;;;;;;;;;;;;;;;;;;;;;;
"03351-CT-6""-C3-0005-R3_HOJA-2_SP01_1";"03351-CT-6""-C3-0005-R3_HOJA-2_SP01";"03351-CT-6""-C3-0005-R3_HOJA-2";Concentrado Cu-Mo;03350-02-03;;BAJO ESPESADOR ;"03351-CT-6""-C3-0005-R3";2;0;SP01;1;S;BW;6;STD;C3;R3;CS;0,54;Concentrado Cu-Mo;;W-02;;12/03/2026;46201;46201;46220;;;;0,6;0,324;0,27;0,054;EJECUTADA;46201;W-02;;;;;;;;;;;;;;;;;;;;;;;;;;;;
"03351-CT-6""-C3-0005-R3_HOJA-2_SP01_2";"03351-CT-6""-C3-0005-R3_HOJA-2_SP01";"03351-CT-6""-C3-0005-R3_HOJA-2";Concentrado Cu-Mo;03350-02-03;;BAJO ESPESADOR ;"03351-CT-6""-C3-0005-R3";2;0;SP01;2;F;VIC;6;STD;C3;R3;CS;0,54;Concentrado Cu-Mo;;;;12/03/2026;46219;;46220;;46252;;0,4;0,216;0,135;0,081;;;;;;;;;;;;;;;;;;;;;;;;;;;;;;;
"03351-CT-6""-C3-0005-R3_HOJA-2_SP02_3";"03351-CT-6""-C3-0005-R3_HOJA-2_SP02";"03351-CT-6""-C3-0005-R3_HOJA-2";Concentrado Cu-Mo;03350-02-03;;BAJO ESPESADOR ;"03351-CT-6""-C3-0005-R3";2;0;SP02;3;S;BW;6;STD;C3;R3;CS;0,54;Concentrado Cu-Mo;;W-19;;12/03/2026;46185;46185;46220;;;;0,6;0,324;0,27;0,054;EJECUTADA;46185;W-19;;;;;;;;;;;;;;;;;;;;;;;;;;;;
"03351-CT-6""-C3-0005-R3_HOJA-3_SP01_1";"03351-CT-6""-C3-0005-R3_HOJA-3_SP01";"03351-CT-6""-C3-0005-R3_HOJA-3";Concentrado Cu-Mo;03350-02-03;;BAJO ESPESADOR ;"03351-CT-6""-C3-0005-R3";3;0;SP01;1;S;SO;12;STD;C3;R3;CS;0,18;Concentrado Cu-Mo;;W-02;;12/03/2026;46148;46148;46220;;;;0,6;0,108;0,09;0,018;EJECUTADA;46148;W-02;;;;;;;;;;;;;;;;;;;;;;;;;;;;
"03351-CT-6""-C3-0005-R3_HOJA-3_SP01_2";"03351-CT-6""-C3-0005-R3_HOJA-3_SP01";"03351-CT-6""-C3-0005-R3_HOJA-3";Concentrado Cu-Mo;03350-02-03;;BAJO ESPESADOR ;"03351-CT-6""-C3-0005-R3";3;0;SP01;2;S;LET;2;STD;C3;R3;CS;0,18;Concentrado Cu-Mo;;W-02;;12/03/2026;46201;46201;46220;;;;0,6;0,108;0,09;0,018;EJECUTADA;46201;W-02;;;;;;;;;;;;;;;;;;;;;;;;;;;;
"03351-CT-6""-C3-0005-R3_HOJA-3_SP01_3";"03351-CT-6""-C3-0005-R3_HOJA-3_SP01";"03351-CT-6""-C3-0005-R3_HOJA-3";Concentrado Cu-Mo;03350-02-03;;BAJO ESPESADOR ;"03351-CT-6""-C3-0005-R3";3;0;SP01;3;S;BW;2;STD;C3;R3;CS;0,18;Concentrado Cu-Mo;;W-02;;12/03/2026;46201;46201;46220;;;;0,6;0,108;0,09;0,018;EJECUTADA;46201;W-02;;;;;;;;;;;;;;;;;;;;;;;;;;;;
"03351-CT-6""-C3-0005-R3_HOJA-3_SP01_4";"03351-CT-6""-C3-0005-R3_HOJA-3_SP01";"03351-CT-6""-C3-0005-R3_HOJA-3";Concentrado Cu-Mo;03350-02-03;;BAJO ESPESADOR ;"03351-CT-6""-C3-0005-R3";3;0;SP01;4;S;SO;2;STD;C3;R3;CS;0,18;Concentrado Cu-Mo;;W-02;;12/03/2026;46201;46201;46220;;;;0,6;0,108;0,09;0,018;EJECUTADA;46201;W-02;;;;;;;;;;;;;;;;;;;;;;;;;;;;
"03351-CT-6""-C3-0005-R3_HOJA-3_SP01_5";"03351-CT-6""-C3-0005-R3_HOJA-3_SP01";"03351-CT-6""-C3-0005-R3_HOJA-3";Concentrado Cu-Mo;03350-02-03;;BAJO ESPESADOR ;"03351-CT-6""-C3-0005-R3";3;0;SP01;5;S;BW;12;STD;C3;R3;CS;0,18;Concentrado Cu-Mo;;W-16;;12/03/2026;46197;46197;46220;;;;0,6;0,108;0,09;0,018;EJECUTADA;46197;W-16;;;;;;;;;;;;;;;;;;;;;;;;;;;;
"03351-CT-6""-C3-0006-R3_HOJA-1_SP01_1";"03351-CT-6""-C3-0006-R3_HOJA-1_SP01";"03351-CT-6""-C3-0006-R3_HOJA-1";Concentrado Cu-Mo;03350-02-03;;BAJO ESPESADOR ;"03351-CT-6""-C3-0006-R3";1;0;SP01;1;S;SO;12;STD;C3;R3;CS;0,154;Concentrado Cu-Mo;03351-BOC-002;W-16;;12/03/2026;46148;46148;46220;46253;;;0,9;0,1386;0,077;0,0616;EJECUTADA;46148;W-16;;;;;;;;;;;;;;;;;;;;;;;;;;;;
"03351-CT-6""-C3-0006-R3_HOJA-1_SP01_2";"03351-CT-6""-C3-0006-R3_HOJA-1_SP01";"03351-CT-6""-C3-0006-R3_HOJA-1";Concentrado Cu-Mo;03350-02-03;;BAJO ESPESADOR ;"03351-CT-6""-C3-0006-R3";1;0;SP01;2;S;LET;2;STD;C3;R3;CS;0,154;Concentrado Cu-Mo;;W-02;;12/03/2026;46200;46200;46220;46253;;;0,9;0,1386;0,077;0,0616;EJECUTADA;46200;W-02;;;;;;;;;;;;;;;;;;;;;;;;;;;;
"03351-CT-6""-C3-0006-R3_HOJA-1_SP01_3";"03351-CT-6""-C3-0006-R3_HOJA-1_SP01";"03351-CT-6""-C3-0006-R3_HOJA-1";Concentrado Cu-Mo;03350-02-03;;BAJO ESPESADOR ;"03351-CT-6""-C3-0006-R3";1;0;SP01;3;S;BW;2;STD;C3;R3;CS;0,154;Concentrado Cu-Mo;;W-02;;12/03/2026;46201;46201;46220;46253;;;0,9;0,1386;0,077;0,0616;EJECUTADA;46201;W-02;;;;;;;;;;;;;;;;;;;;;;;;;;;;
"03351-CT-6""-C3-0006-R3_HOJA-1_SP01_4";"03351-CT-6""-C3-0006-R3_HOJA-1_SP01";"03351-CT-6""-C3-0006-R3_HOJA-1";Concentrado Cu-Mo;03350-02-03;;BAJO ESPESADOR ;"03351-CT-6""-C3-0006-R3";1;0;SP01;4;S;SO;2;STD;C3;R3;CS;0,154;Concentrado Cu-Mo;;W-02;;12/03/2026;46201;46201;46220;46253;;;0,9;0,1386;0,077;0,0616;EJECUTADA;46201;W-02;;;;;;;;;;;;;;;;;;;;;;;;;;;;
"03351-CT-6""-C3-0006-R3_HOJA-2_SP01_1";"03351-CT-6""-C3-0006-R3_HOJA-2_SP01";"03351-CT-6""-C3-0006-R3_HOJA-2";Concentrado Cu-Mo;03350-02-03;;BAJO ESPESADOR ;"03351-CT-6""-C3-0006-R3";2;0;SP01;1;F;BW;12;STD;C3;R3;CS;0,486;Concentrado Cu-Mo;;W-02;;12/03/2026;46198;46198;46220;46244;;;0,9;0,4374;0,243;0,1944;EJECUTADA;46198;W-02;;;;;;;;;;;;;;;;;;;;;;;;;;;;
"03351-CT-6""-C3-0006-R3_HOJA-2_SP02_2";"03351-CT-6""-C3-0006-R3_HOJA-2_SP02";"03351-CT-6""-C3-0006-R3_HOJA-2";Concentrado Cu-Mo;03350-02-03;;BAJO ESPESADOR ;"03351-CT-6""-C3-0006-R3";2;0;SP02;2;F;BW;6;STD;C3;R3;CS;0,486;Concentrado Cu-Mo;;W-02;;12/03/2026;46201;46201;46220;46244;;;0,9;0,4374;0,243;0,1944;EJECUTADA;46201;W-02;;;;;;;;;;;;;;;;;;;;;;;;;;;;
"03351-CT-6""-C3-0006-R3_HOJA-2_SP03_3";"03351-CT-6""-C3-0006-R3_HOJA-2_SP03";"03351-CT-6""-C3-0006-R3_HOJA-2";Concentrado Cu-Mo;03350-02-03;;BAJO ESPESADOR ;"03351-CT-6""-C3-0006-R3";2;0;SP03;3;F;VIC;6;STD;C3;R3;CS;0,486;Concentrado Cu-Mo;;;;12/03/2026;46221;46246;46220;46246;46251;;0,95;0,4617;0,1215;0,3402;EJECUTADA;46246;0;;;;;;;;;;;;;;;;;;;;;;;;;;;;
"03351-CT-6""-C3-0006-R3_HOJA-2_SP03_4";"03351-CT-6""-C3-0006-R3_HOJA-2_SP03";"03351-CT-6""-C3-0006-R3_HOJA-2";Concentrado Cu-Mo;03350-02-03;;BAJO ESPESADOR ;"03351-CT-6""-C3-0006-R3";2;0;SP03;4;S;SO;6;STD;C3;R3;CS;0,486;Concentrado Cu-Mo;;W-19;;12/03/2026;46186;46186;46220;46253;;;0,9;0,4374;0,243;0,1944;EJECUTADA;46186;W-19;;;;;;;;;;;;;;;;;;;;;;;;;;;;
"03351-CT-6""-C3-0006-R3_HOJA-3_SP01_1";"03351-CT-6""-C3-0006-R3_HOJA-3_SP01";"03351-CT-6""-C3-0006-R3_HOJA-3";Concentrado Cu-Mo;03350-02-03;;BAJO ESPESADOR ;"03351-CT-6""-C3-0006-R3";3;0;SP01;1;S;SO;6;STD;C3;R3;CS;0,685;Concentrado Cu-Mo;;W-18;;12/03/2026;46221;46247;46220;46247;;;0,9;0,6165;0,17125;0,44525;EJECUTADA;46247;W-18;;;;;;;;;;;;;;;;;;;;;;;;;;;;
"03351-CT-6""-C3-0006-R3_HOJA-3_SP02_2";"03351-CT-6""-C3-0006-R3_HOJA-3_SP02";"03351-CT-6""-C3-0006-R3_HOJA-3";Concentrado Cu-Mo;03350-02-03;;BAJO ESPESADOR ;"03351-CT-6""-C3-0006-R3";3;0;SP02;2;F;VIC;6;STD;C3;R3;CS;0,685;Concentrado Cu-Mo;;;;12/03/2026;46221;;46220;;46253;;0,4;0,274;0,17125;0,10275;;;;;;;;;;;;;;;;;;;;;;;;;;;;;;;
"03351-CT-6""-C3-0006-R3_HOJA-3_SP02_3";"03351-CT-6""-C3-0006-R3_HOJA-3_SP02";"03351-CT-6""-C3-0006-R3_HOJA-3";Concentrado Cu-Mo;03350-02-03;;BAJO ESPESADOR ;"03351-CT-6""-C3-0006-R3";3;0;SP02;3;F;VIC;3;STD;C3;R3;CS;0,685;Concentrado Cu-Mo;;;;12/03/2026;46221;;46220;;46253;;0,4;0,274;0,17125;0,10275;;;;;;;;;;;;;;;;;;;;;;;;;;;;;;;
"03351-CT-6""-C3-0006-R3_HOJA-3_SP02_4";"03351-CT-6""-C3-0006-R3_HOJA-3_SP02";"03351-CT-6""-C3-0006-R3_HOJA-3";Concentrado Cu-Mo;03350-02-03;;BAJO ESPESADOR ;"03351-CT-6""-C3-0006-R3";3;0;SP02;4;F;VIC;6;STD;C3;R3;CS;0,685;Concentrado Cu-Mo;;;;12/03/2026;46221;;46220;;46253;;0,4;0,274;0,17125;0,10275;;;;;;;;;;;;;;;;;;;;;;;;;;;;;;;
"03351-CT-6""-C3-0006-R3_HOJA-3_SP03_5";"03351-CT-6""-C3-0006-R3_HOJA-3_SP03";"03351-CT-6""-C3-0006-R3_HOJA-3";Concentrado Cu-Mo;03350-02-03;;BAJO ESPESADOR ;"03351-CT-6""-C3-0006-R3";3;0;SP03;5;S;SO;6;STD;C3;R3;CS;0,685;Concentrado Cu-Mo;;W-19;;12/03/2026;46187;46187;46220;;46253;;0,65;0,44525;0,3425;0,10275;EJECUTADA;46187;W-19;;;;;;;;;;;;;;;;;;;;;;;;;;;;
"03351-CT-6""-C3-0007-R3_HOJA-1_SP01_1";"03351-CT-6""-C3-0007-R3_HOJA-1_SP01";"03351-CT-6""-C3-0007-R3_HOJA-1";Concentrado Cu-Mo;03350-02-03;;BAJO ESPESADOR ;"03351-CT-6""-C3-0007-R3";1;0;SP01;1;S;SO;6;STD;C3;R3;CS;0,632;Concentrado Cu-Mo;03351-BOC-003;W-18;;12/03/2026;46184;46184;46220;;;;0,6;0,3792;0,316;0,0632;EJECUTADA;46184;W-18;;;;;;;;;;;;;;;;;;;;;;;;;;;;
"03351-CT-6""-C3-0007-R3_HOJA-1_SP02_2";"03351-CT-6""-C3-0007-R3_HOJA-1_SP02";"03351-CT-6""-C3-0007-R3_HOJA-1";Concentrado Cu-Mo;03350-02-03;;BAJO ESPESADOR ;"03351-CT-6""-C3-0007-R3";1;0;SP02;2;F;VIC;6;STD;C3;R3;CS;0,632;Concentrado Cu-Mo;;;;12/03/2026;46222;;46220;;46254;;0,4;0,2528;0,158;0,0948;;;;;;;;;;;;;;;;;;;;;;;;;;;;;;;
"03351-CT-6""-C3-0007-R3_HOJA-1_SP02_3";"03351-CT-6""-C3-0007-R3_HOJA-1_SP02";"03351-CT-6""-C3-0007-R3_HOJA-1";Concentrado Cu-Mo;03350-02-03;;BAJO ESPESADOR ;"03351-CT-6""-C3-0007-R3";1;0;SP02;3;F;VIC;3;STD;C3;R3;CS;0,632;Concentrado Cu-Mo;;;;12/03/2026;46222;;46220;;46254;;0,4;0,2528;0,158;0,0948;;;;;;;;;;;;;;;;;;;;;;;;;;;;;;;
"03351-CT-6""-C3-0007-R3_HOJA-1_SP02_4";"03351-CT-6""-C3-0007-R3_HOJA-1_SP02";"03351-CT-6""-C3-0007-R3_HOJA-1";Concentrado Cu-Mo;03350-02-03;;BAJO ESPESADOR ;"03351-CT-6""-C3-0007-R3";1;0;SP02;4;F;VIC;6;STD;C3;R3;CS;0,632;Concentrado Cu-Mo;;;;12/03/2026;46222;;46220;;46252;;0,4;0,2528;0,158;0,0948;;;;;;;;;;;;;;;;;;;;;;;;;;;;;;;
"03351-CT-6""-C3-0007-R3_HOJA-1_SP03_5";"03351-CT-6""-C3-0007-R3_HOJA-1_SP03";"03351-CT-6""-C3-0007-R3_HOJA-1";Concentrado Cu-Mo;03350-02-03;;BAJO ESPESADOR ;"03351-CT-6""-C3-0007-R3";1;0;SP03;5;F;SO;6;STD;C3;R3;CS;0,632;Concentrado Cu-Mo;;W-19;;12/03/2026;46190;46190;46220;46244;;;0,9;0,5688;0,316;0,2528;EJECUTADA;46190;W-19;;;;;;;;;;;;;;;;;;;;;;;;;;;;
"03351-CT-6""-C3-0007-R3_HOJA-2_SP01_1";"03351-CT-6""-C3-0007-R3_HOJA-2_SP01";"03351-CT-6""-C3-0007-R3_HOJA-2";Concentrado Cu-Mo;03350-02-03;;BAJO ESPESADOR ;"03351-CT-6""-C3-0007-R3";2;0;SP01;1;S;SO;6;STD;C3;R3;CS;0,592;Concentrado Cu-Mo;;W-19;;12/03/2026;46185;46185;46220;;;;0,6;0,3552;0,296;0,0592;EJECUTADA;46185;W-19;;;;;;;;;;;;;;;;;;;;;;;;;;;;
"03351-CT-6""-C3-0007-R3_HOJA-2_SP02_2";"03351-CT-6""-C3-0007-R3_HOJA-2_SP02";"03351-CT-6""-C3-0007-R3_HOJA-2";Concentrado Cu-Mo;03350-02-03;;BAJO ESPESADOR ;"03351-CT-6""-C3-0007-R3";2;0;SP02;2;F;VIC;6;STD;C3;R3;CS;0,592;Concentrado Cu-Mo;;;;12/03/2026;46222;;46249;;46254;;0,4;0,2368;0,148;0,0888;;;;;;;;;;;;;;;;;;;;;;;;;;;;;;;
"03351-CT-6""-C3-0007-R3_HOJA-2_SP02_3";"03351-CT-6""-C3-0007-R3_HOJA-2_SP02";"03351-CT-6""-C3-0007-R3_HOJA-2";Concentrado Cu-Mo;03350-02-03;;BAJO ESPESADOR ;"03351-CT-6""-C3-0007-R3";2;0;SP02;3;S;BW;6;STD;C3;R3;CS;0,592;Concentrado Cu-Mo;;W-02;;12/03/2026;46201;46201;46242;;;;0,6;0,3552;0,296;0,0592;EJECUTADA;46201;W-02;;;;;;;;;;;;;;;;;;;;;;;;;;;;
"03351-CT-6""-C3-0007-R3_HOJA-3_SP01_1";"03351-CT-6""-C3-0007-R3_HOJA-3_SP01";"03351-CT-6""-C3-0007-R3_HOJA-3";Concentrado Cu-Mo;03350-02-03;;BAJO ESPESADOR ;"03351-CT-6""-C3-0007-R3";3;0;SP01;1;S;BW;12;STD;C3;R3;CS;0,162;Concentrado Cu-Mo;;W-16;;12/03/2026;46198;46198;46242;;;;0,6;0,0972;0,081;0,0162;EJECUTADA;46198;W-16;;;;;;;;;;;;;;;;;;;;;;;;;;;;
"03351-CT-6""-C3-0007-R3_HOJA-3_SP01_2";"03351-CT-6""-C3-0007-R3_HOJA-3_SP01";"03351-CT-6""-C3-0007-R3_HOJA-3";Concentrado Cu-Mo;03350-02-03;;BAJO ESPESADOR ;"03351-CT-6""-C3-0007-R3";3;0;SP01;2;S;LET;2;STD;C3;R3;CS;0,162;Concentrado Cu-Mo;;W-16;;12/03/2026;46201;46201;46242;;;;0,6;0,0972;0,081;0,0162;EJECUTADA;46201;W-16;;;;;;;;;;;;;;;;;;;;;;;;;;;;
"03351-CT-6""-C3-0007-R3_HOJA-3_SP01_3";"03351-CT-6""-C3-0007-R3_HOJA-3_SP01";"03351-CT-6""-C3-0007-R3_HOJA-3";Concentrado Cu-Mo;03350-02-03;;BAJO ESPESADOR ;"03351-CT-6""-C3-0007-R3";3;0;SP01;3;S;BW;2;STD;C3;R3;CS;0,162;Concentrado Cu-Mo;;W-16;;12/03/2026;46201;46201;46242;;;;0,6;0,0972;0,081;0,0162;EJECUTADA;46201;W-16;;;;;;;;;;;;;;;;;;;;;;;;;;;;
"03351-CT-6""-C3-0007-R3_HOJA-3_SP01_4";"03351-CT-6""-C3-0007-R3_HOJA-3_SP01";"03351-CT-6""-C3-0007-R3_HOJA-3";Concentrado Cu-Mo;03350-02-03;;BAJO ESPESADOR ;"03351-CT-6""-C3-0007-R3";3;0;SP01;4;S;SO;2;STD;C3;R3;CS;0,162;Concentrado Cu-Mo;;W-16;;12/03/2026;46201;46201;46242;;;;0,6;0,0972;0,081;0,0162;EJECUTADA;46201;W-16;;;;;;;;;;;;;;;;;;;;;;;;;;;;
"03351-CT-6""-C3-0007-R3_HOJA-3_SP01_5";"03351-CT-6""-C3-0007-R3_HOJA-3_SP01";"03351-CT-6""-C3-0007-R3_HOJA-3";Concentrado Cu-Mo;03350-02-03;;BAJO ESPESADOR ;"03351-CT-6""-C3-0007-R3";3;0;SP01;5;S;SO;12;STD;C3;R3;CS;0,162;Concentrado Cu-Mo;;W-02;;12/03/2026;46147;46147;46242;;;;0,6;0,0972;0,081;0,0162;EJECUTADA;46147;W-02;;;;;;;;;;;;;;;;;;;;;;;;;;;;
"03351-CT-6""-C3-0018-R3_HOJA-1_SP01_1";"03351-CT-6""-C3-0018-R3_HOJA-1_SP01";"03351-CT-6""-C3-0018-R3_HOJA-1";Concentrado Cu-Mo;03350-02-03;;BAJO ESPESADOR ;"03351-CT-6""-C3-0018-R3";1;0;SP01;1;S;SO;4;STD;C3;R3;CS;0,132;Concentrado Cu-Mo;CAJON DISTRIBUIDOR (EXISTENTE);W-19;;12/03/2026;46189;46189;46222;46256;;;0,9;0,1188;0,0792;0,0396;EJECUTADA;46189;W-19;;;;;;;;;;;;;;;;;;;;;;;;;;;;
"03351-CT-6""-C3-0018-R3_HOJA-1_SP02_2";"03351-CT-6""-C3-0018-R3_HOJA-1_SP02";"03351-CT-6""-C3-0018-R3_HOJA-1";Concentrado Cu-Mo;03350-02-03;;BAJO ESPESADOR ;"03351-CT-6""-C3-0018-R3";1;0;SP02;2;F;VIC;4;STD;C3;R3;CS;0,132;Concentrado Cu-Mo;;;;12/03/2026;46158;46226;46222;46244;46251;;0,95;0,1254;0,0792;0,0462;EJECUTADA;46226;0;;;;;;;;;;;;;;;;;;;;;;;;;;;;
"03351-CT-6""-C3-0018-R3_HOJA-1_SP02_3";"03351-CT-6""-C3-0018-R3_HOJA-1_SP02";"03351-CT-6""-C3-0018-R3_HOJA-1";Concentrado Cu-Mo;03350-02-03;;BAJO ESPESADOR ;"03351-CT-6""-C3-0018-R3";1;0;SP02;3;F;BW;4;STD;C3;R3;CS;0,132;Concentrado Cu-Mo;;W-02;;12/03/2026;46159;46226;46222;46244;;;0,9;0,1188;0,0792;0,0396;EJECUTADA;46226;W-02;;;;;;;;;;;;;;;;;;;;;;;;;;;;
"03351-CT-6""-C3-0018-R3_HOJA-1_SP03_4";"03351-CT-6""-C3-0018-R3_HOJA-1_SP03";"03351-CT-6""-C3-0018-R3_HOJA-1";Concentrado Cu-Mo;03350-02-03;;BAJO ESPESADOR ;"03351-CT-6""-C3-0018-R3";1;0;SP03;4;S;SO;3;STD;C3;R3;CS;0,132;Concentrado Cu-Mo;;W-19;;12/03/2026;46157;46190;46222;46256;;;0,9;0,1188;0,0792;0,0396;EJECUTADA;46190;0;;;;;;;;;;;;;;;;;;;;;;;;;;;;
"03351-CT-6""-C3-0018-R3_HOJA-1_SP03_5";"03351-CT-6""-C3-0018-R3_HOJA-1_SP03";"03351-CT-6""-C3-0018-R3_HOJA-1";Concentrado Cu-Mo;03350-02-03;;BAJO ESPESADOR ;"03351-CT-6""-C3-0018-R3";1;0;SP03;5;S;SO;3;STD;C3;R3;CS;0,132;Concentrado Cu-Mo;;W-19;;12/03/2026;46189;46189;46222;46256;;;0,9;0,1188;0,0792;0,0396;EJECUTADA;46189;W-19;;;;;;;;;;;;;;;;;;;;;;;;;;;;
"03351-CT-6""-C3-0018-R3_HOJA-2_SP01_1";"03351-CT-6""-C3-0018-R3_HOJA-2_SP01";"03351-CT-6""-C3-0018-R3_HOJA-2";Concentrado Cu-Mo;03350-02-03;;BAJO ESPESADOR ;"03351-CT-6""-C3-0018-R3";2;0;SP01;1;F;BW;6;STD;C3;R3;CS;0,4235;Concentrado Cu-Mo;;W-02;;12/03/2026;46158;46226;46222;46244;;;0,9;0,38115;0,2541;0,12705;EJECUTADA;46226;W-02;;;;;;;;;;;;;;;;;;;;;;;;;;;;
"03351-CT-6""-C3-0018-R3_HOJA-2_SP02_2";"03351-CT-6""-C3-0018-R3_HOJA-2_SP02";"03351-CT-6""-C3-0018-R3_HOJA-2";Concentrado Cu-Mo;03350-02-03;;BAJO ESPESADOR ;"03351-CT-6""-C3-0018-R3";2;0;SP02;2;F;VIC;6;STD;C3;R3;CS;0,4235;Concentrado Cu-Mo;;;;12/03/2026;46157;;46222;;46253;;0,4;0,1694;0,148225;0,021175;;;;;;;;;;;;;;;;;;;;;;;;;;;;;;;
"03351-CT-6""-C3-0018-R3_HOJA-2_SP01_3";"03351-CT-6""-C3-0018-R3_HOJA-2_SP01";"03351-CT-6""-C3-0018-R3_HOJA-2";Concentrado Cu-Mo;03350-02-03;;BAJO ESPESADOR ;"03351-CT-6""-C3-0018-R3";2;0;SP01;3;S;BW;3;STD;C3;R3;CS;0,4235;Concentrado Cu-Mo;;W-02;;12/03/2026;46093;46147;46222;46256;;;0,9;0,38115;0,2541;0,12705;EJECUTADA;46147;W-02;;;;;;;;;;;;;;;;;;;;;;;;;;;;
"03351-CT-6""-C3-0018-R3_HOJA-2_SP01_4";"03351-CT-6""-C3-0018-R3_HOJA-2_SP01";"03351-CT-6""-C3-0018-R3_HOJA-2";Concentrado Cu-Mo;03350-02-03;;BAJO ESPESADOR ;"03351-CT-6""-C3-0018-R3";2;0;SP01;4;S;SO;3;STD;C3;R3;CS;0,4235;Concentrado Cu-Mo;;W-02;;12/03/2026;46157;46147;46222;46256;;;0,9;0,38115;0,2541;0,12705;EJECUTADA;46147;W-02;;;;;;;;;;;;;;;;;;;;;;;;;;;;
"03351-CT-6""-C3-0018-R3_HOJA-2_SP03_5";"03351-CT-6""-C3-0018-R3_HOJA-2_SP03";"03351-CT-6""-C3-0018-R3_HOJA-2";Concentrado Cu-Mo;03350-02-03;;BAJO ESPESADOR ;"03351-CT-6""-C3-0018-R3";2;0;SP03;5;F;VIC;6;STD;C3;R3;CS;0,4235;Concentrado Cu-Mo;;;;12/03/2026;46159;;46222;;46253;;0,4;0,1694;0,105875;0,063525;;;;;;;;;;;;;;;;;;;;;;;;;;;;;;;
"03351-CT-6""-C3-0018-R3_HOJA-2_SP04_6";"03351-CT-6""-C3-0018-R3_HOJA-2_SP04";"03351-CT-6""-C3-0018-R3_HOJA-2";Concentrado Cu-Mo;03350-02-03;;BAJO ESPESADOR ;"03351-CT-6""-C3-0018-R3";2;0;SP04;6;F;VIC;6;STD;C3;R3;CS;0,4235;Concentrado Cu-Mo;;;;12/03/2026;46157;;46222;;46253;;0,4;0,1694;0,148225;0,021175;;;;;;;;;;;;;;;;;;;;;;;;;;;;;;;
"03351-CT-6""-C3-0018-R3_HOJA-2_SP05_7";"03351-CT-6""-C3-0018-R3_HOJA-2_SP05";"03351-CT-6""-C3-0018-R3_HOJA-2";Concentrado Cu-Mo;03350-02-03;;BAJO ESPESADOR ;"03351-CT-6""-C3-0018-R3";2;0;SP05;7;F;VIC;6;STD;C3;R3;CS;0,4235;Concentrado Cu-Mo;;;;29/04/2026;46141;;46222;;46252;;0,4;0,1694;0,148225;0,021175;;;;;;;;;;;;;;;;;;;;;;;;;;;;;;;
"03351-CT-6""-C3-0018-R3_HOJA-2_SP05_8";"03351-CT-6""-C3-0018-R3_HOJA-2_SP05";"03351-CT-6""-C3-0018-R3_HOJA-2";Concentrado Cu-Mo;03350-02-03;;BAJO ESPESADOR ;"03351-CT-6""-C3-0018-R3";2;0;SP05;8;F;VIC;6;STD;C3;R3;CS;0,4235;Concentrado Cu-Mo;;;;29/04/2026;46141;;46242;;46253;;0,4;0,1694;0,105875;0,063525;;;;;;;;;;;;;;;;;;;;;;;;;;;;;;;
"03351-CT-6""-C3-0018-R3_HOJA-2_SP03_9";"03351-CT-6""-C3-0018-R3_HOJA-2_SP03";"03351-CT-6""-C3-0018-R3_HOJA-2";Concentrado Cu-Mo;03350-02-03;;BAJO ESPESADOR ;"03351-CT-6""-C3-0018-R3";2;0;SP03;9;S;BW;6;STD;C3;R3;CS;0,4235;Concentrado Cu-Mo;;W-16;Adicional;29/04/2026;46120;46144;46222;46256;;;0,9;0,38115;0,2541;0,12705;EJECUTADA;46144;W-16;;;;;;;;;;;;;;;;;;;;;;;;;;;;
"03351-CT-6""-C3-0018-R3_HOJA-2_SP03_10";"03351-CT-6""-C3-0018-R3_HOJA-2_SP03";"03351-CT-6""-C3-0018-R3_HOJA-2";Concentrado Cu-Mo;03350-02-03;;BAJO ESPESADOR ;"03351-CT-6""-C3-0018-R3";2;0;SP03;10;S;BW;6;STD;C3;R3;CS;0,4235;Concentrado Cu-Mo;;W-16;Adicional;29/04/2026;46141;46144;46222;46256;;;0,9;0,38115;0,2541;0,12705;EJECUTADA;46141;W-16;;;;;;;;;;;;;;;;;;;;;;;;;;;;
"03351-CT-6""-C3-0018-R3_HOJA-2_SP05_11";"03351-CT-6""-C3-0018-R3_HOJA-2_SP05";"03351-CT-6""-C3-0018-R3_HOJA-2";Concentrado Cu-Mo;03350-02-03;;BAJO ESPESADOR ;"03351-CT-6""-C3-0018-R3";2;0;SP05;11;S;BW;6;STD;C3;R3;CS;0,4235;Concentrado Cu-Mo;;W-16;Adicional;29/04/2026;46144;46144;46222;46256;;;0,9;1,6101;1,0734;0,5367;EJECUTADA;46141;W-16;;;;;;;;;;;;;;;;;;;;;;;;;;;;
"03351-CT-6""-C3-0018-R3_HOJA-2_SP05_12";"03351-CT-6""-C3-0018-R3_HOJA-2_SP05";"03351-CT-6""-C3-0018-R3_HOJA-2";Concentrado Cu-Mo;03350-02-03;;BAJO ESPESADOR ;"03351-CT-6""-C3-0018-R3";2;0;SP05;12;S;BW;6;STD;C3;R3;CS;0,4235;Concentrado Cu-Mo;;W-16;Adicional;29/04/2026;46143;46144;46242;46256;;;0,9;0;0;0;EJECUTADA;46144;W-16;;;;;;;;;;;;;;;;;;;;;;;;;;;;
"03351-CT-6""-C3-0018-R3_HOJA-3_SP01_1";"03351-CT-6""-C3-0018-R3_HOJA-3_SP01";"03351-CT-6""-C3-0018-R3_HOJA-3";Concentrado Cu-Mo;03350-02-03;;BAJO ESPESADOR ;"03351-CT-6""-C3-0018-R3";3;0;SP01;1;S;SO;3;STD;C3;R3;CS;0,323;Concentrado Cu-Mo;;;;12/03/2026;;;46222;;;;0,3;0;0;0;;;;;;;;;;;;;;;;;;;;;;;;;;;;;;;
"03351-CT-6""-C3-0018-R3_HOJA-3_SP01_2";"03351-CT-6""-C3-0018-R3_HOJA-3_SP01";"03351-CT-6""-C3-0018-R3_HOJA-3";Concentrado Cu-Mo;03350-02-03;;BAJO ESPESADOR ;"03351-CT-6""-C3-0018-R3";3;0;SP01;2;F;VIC;3;STD;C3;R3;CS;0,323;Concentrado Cu-Mo;;;;12/03/2026;46157;;46222;;46252;;0,4;0;0;0;;;;;;;;;;;;;;;;;;;;;;;;;;;;;;;
"03351-CT-6""-C3-0018-R3_HOJA-3_SP02_3";"03351-CT-6""-C3-0018-R3_HOJA-3_SP02";"03351-CT-6""-C3-0018-R3_HOJA-3";Concentrado Cu-Mo;03350-02-03;;BAJO ESPESADOR ;"03351-CT-6""-C3-0018-R3";3;0;SP02;3;F;VIC;3;STD;C3;R3;CS;0,323;Concentrado Cu-Mo;;;;12/03/2026;46158;46227;46222;46245;46251;;0,95;0;0;0;EJECUTADA;46227;0;;;;;;;;;;;;;;;;;;;;;;;;;;;;
"03351-CT-6""-C3-0018-R3_HOJA-3_SP03_4";"03351-CT-6""-C3-0018-R3_HOJA-3_SP03";"03351-CT-6""-C3-0018-R3_HOJA-3";Concentrado Cu-Mo;03350-02-03;;BAJO ESPESADOR ;"03351-CT-6""-C3-0018-R3";3;0;SP03;4;F;VIC;2;STD;C3;R3;CS;0,323;Concentrado Cu-Mo;;;;12/03/2026;46157;46233;46233;46245;46251;;0,95;0;0;0;EJECUTADA;46233;0;;;;;;;;;;;;;;;;;;;;;;;;;;;;
"03351-CT-6""-C3-0018-R3_HOJA-3_SP01_5";"03351-CT-6""-C3-0018-R3_HOJA-3_SP01";"03351-CT-6""-C3-0018-R3_HOJA-3";Concentrado Cu-Mo;03350-02-03;;BAJO ESPESADOR ;"03351-CT-6""-C3-0018-R3";3;0;SP01;5;S;SW;2;STD;C3;R3;CS;0,323;Concentrado Cu-Mo;;W-18;;12/03/2026;46157;46222;46222;46256;;;0,9;0;0;0;EJECUTADA;46222;W-18;;;;;;;;;;;;;;;;;;;;;;;;;;;;
"03351-CT-6""-C3-0018-R3_HOJA-3_SP04_6";"03351-CT-6""-C3-0018-R3_HOJA-3_SP04";"03351-CT-6""-C3-0018-R3_HOJA-3";Concentrado Cu-Mo;03350-02-03;;BAJO ESPESADOR ;"03351-CT-6""-C3-0018-R3";3;0;SP04;6;S;SW;2;80;C3;R3;CS;0,323;Concentrado Cu-Mo;;W-18;;12/03/2026;46222;46222;46222;46256;;;0,9;0;0;0;EJECUTADA;46222;W-18;;;;;;;;;;;;;;;;;;;;;;;;;;;;
"03351-CT-6""-C3-0018-R3_HOJA-3_SP04_7";"03351-CT-6""-C3-0018-R3_HOJA-3_SP04";"03351-CT-6""-C3-0018-R3_HOJA-3";Concentrado Cu-Mo;03350-02-03;;BAJO ESPESADOR ;"03351-CT-6""-C3-0018-R3";3;0;SP04;7;S;SW;2;80;C3;R3;CS;0,323;Concentrado Cu-Mo;;;;12/03/2026;;;46222;;;;0,3;0;0;0;;;;;;;;;;;;;;;;;;;;;;;;;;;;;;;
"03351-CT-6""-C3-0018-R3_HOJA-3_SP04_8";"03351-CT-6""-C3-0018-R3_HOJA-3_SP04";"03351-CT-6""-C3-0018-R3_HOJA-3";Concentrado Cu-Mo;03350-02-03;;BAJO ESPESADOR ;"03351-CT-6""-C3-0018-R3";3;0;SP04;8;S;SW;2;80;C3;R3;CS;0,323;Concentrado Cu-Mo;;;;12/03/2026;;;46222;;;;0,3;0,0969;0,0969;0;;;;;;;;;;;;;;;;;;;;;;;;;;;;;;;
"03351-CT-6""-C3-0018-R3_HOJA-3_SP04_9";"03351-CT-6""-C3-0018-R3_HOJA-3_SP04";"03351-CT-6""-C3-0018-R3_HOJA-3";Concentrado Cu-Mo;03350-02-03;;BAJO ESPESADOR ;"03351-CT-6""-C3-0018-R3";3;0;SP04;9;S;SW;2;80;C3;R3;CS;0,323;Concentrado Cu-Mo;;;;12/03/2026;;;46222;;;;0,3;0,0969;0,0646;0,0323;;;;;;;;;;;;;;;;;;;;;;;;;;;;;;;
"03351-CT-6""-C3-0018-R3_HOJA-3_SP04_10";"03351-CT-6""-C3-0018-R3_HOJA-3_SP04";"03351-CT-6""-C3-0018-R3_HOJA-3";Concentrado Cu-Mo;03350-02-03;;BAJO ESPESADOR ;"03351-CT-6""-C3-0018-R3";3;0;SP04;10;S;SW;2;80;C3;R3;CS;0,323;Concentrado Cu-Mo;;;;12/03/2026;;;46222;;;;0,3;0,0969;0,0969;0;;;;;;;;;;;;;;;;;;;;;;;;;;;;;;;
"03351-CT-6""-C3-0018-R3_HOJA-4_SP01_1";"03351-CT-6""-C3-0018-R3_HOJA-4_SP01";"03351-CT-6""-C3-0018-R3_HOJA-4";Concentrado Cu-Mo;03350-02-03;;BAJO ESPESADOR ;"03351-CT-6""-C3-0018-R3";4;0;SP01;1;F;VIC;6;STD;C3;R3;CS;1,204;Concentrado Cu-Mo;;;;12/03/2026;46159;;46222;;46252;;0,4;0,4816;0,4214;0,0602;;;;;;;;;;;;;;;;;;;;;;;;;;;;;;;
"03351-CT-6""-C3-0018-R3_HOJA-4_SP02_2";"03351-CT-6""-C3-0018-R3_HOJA-4_SP02";"03351-CT-6""-C3-0018-R3_HOJA-4";Concentrado Cu-Mo;03350-02-03;;BAJO ESPESADOR ;"03351-CT-6""-C3-0018-R3";4;0;SP02;2;F;VIC;6;STD;C3;R3;CS;1,204;Concentrado Cu-Mo;;;;12/03/2026;46157;;46222;;46252;;0,4;0,4816;0,301;0,1806;;;;;;;;;;;;;;;;;;;;;;;;;;;;;;;
"03351-CT-6""-C3-0018-R3_HOJA-4_SP03_3";"03351-CT-6""-C3-0018-R3_HOJA-4_SP03";"03351-CT-6""-C3-0018-R3_HOJA-4";Concentrado Cu-Mo;03350-02-03;;BAJO ESPESADOR ;"03351-CT-6""-C3-0018-R3";4;0;SP03;3;F;VIC;6;STD;C3;R3;CS;1,204;Concentrado Cu-Mo;;;;12/03/2026;46157;;46222;;46252;;0,4;0,4816;0,4214;0,0602;;;;;;;;;;;;;;;;;;;;;;;;;;;;;;;
"03351-CT-6""-C3-0018-R3_HOJA-4_SP04_4";"03351-CT-6""-C3-0018-R3_HOJA-4_SP04";"03351-CT-6""-C3-0018-R3_HOJA-4";Concentrado Cu-Mo;03350-02-03;;BAJO ESPESADOR ;"03351-CT-6""-C3-0018-R3";4;0;SP04;4;F;VIC;6;STD;C3;R3;CS;1,204;Concentrado Cu-Mo;;;;12/03/2026;46158;;46222;;46252;;0,4;0,4816;0,301;0,1806;;;;;;;;;;;;;;;;;;;;;;;;;;;;;;;
"03351-CT-6""-C3-0018-R3_HOJA-4_SP05_5";"03351-CT-6""-C3-0018-R3_HOJA-4_SP05";"03351-CT-6""-C3-0018-R3_HOJA-4";Concentrado Cu-Mo;03350-02-03;;BAJO ESPESADOR ;"03351-CT-6""-C3-0018-R3";4;0;SP05;5;F;VIC;6;STD;C3;R3;CS;1,204;Concentrado Cu-Mo;;;;12/03/2026;46157;46251;46222;46251;46251;;0,95;1,1438;0,4214;0,7224;EJECUTADA;46251;0;;;;;;;;;;;;;;;;;;;;;;;;;;;;
"03351-CT-6""-C3-0018-R3_HOJA-4_SP02_6";"03351-CT-6""-C3-0018-R3_HOJA-4_SP02";"03351-CT-6""-C3-0018-R3_HOJA-4";Concentrado Cu-Mo;03350-02-03;;BAJO ESPESADOR ;"03351-CT-6""-C3-0018-R3";4;0;SP02;6;S;BW;6;STD;C3;R3;CS;1,204;Concentrado Cu-Mo;;W-18;Adicional;12/03/2026;46143;46159;46222;46256;;;0,9;1,0836;0,7224;0,3612;EJECUTADA;46159;W-18;;;;;;;;;;;;;;;;;;;;;;;;;;;;
"03351-CT-6""-C3-0018-R3_HOJA-4_SP02_7";"03351-CT-6""-C3-0018-R3_HOJA-4_SP02";"03351-CT-6""-C3-0018-R3_HOJA-4";Concentrado Cu-Mo;03350-02-03;;BAJO ESPESADOR ;"03351-CT-6""-C3-0018-R3";4;0;SP02;7;S;BW;6;STD;C3;R3;CS;1,204;Concentrado Cu-Mo;;W-18;Adicional;12/03/2026;46143;46159;46242;46256;;;0,9;1,0836;0,602;0,4816;EJECUTADA;46159;W-18;;;;;;;;;;;;;;;;;;;;;;;;;;;;
"03351-CT-6""-C3-0018-R3_HOJA-4_SP05_8";"03351-CT-6""-C3-0018-R3_HOJA-4_SP05";"03351-CT-6""-C3-0018-R3_HOJA-4";Concentrado Cu-Mo;03350-02-03;;BAJO ESPESADOR ;"03351-CT-6""-C3-0018-R3";4;0;SP05;8;S;BW;6;STD;C3;R3;CS;1,204;Concentrado Cu-Mo;;W-18;Adicional;12/03/2026;46143;46162;46222;46256;;;0,9;1,0836;0,7224;0,3612;EJECUTADA;46160;W-18;;;;;;;;;;;;;;;;;;;;;;;;;;;;
"03351-CT-6""-C3-0018-R3_HOJA-4_SP05_9";"03351-CT-6""-C3-0018-R3_HOJA-4_SP05";"03351-CT-6""-C3-0018-R3_HOJA-4";Concentrado Cu-Mo;03350-02-03;;BAJO ESPESADOR ;"03351-CT-6""-C3-0018-R3";4;0;SP05;9;S;BW;6;STD;C3;R3;CS;1,204;Concentrado Cu-Mo;;W-18;Adicional;12/03/2026;46143;46162;46222;46256;;;0,9;1,0836;0,602;0,4816;EJECUTADA;46160;W-18;;;;;;;;;;;;;;;;;;;;;;;;;;;;
"03351-CT-6""-C3-0018-R3_HOJA-5_SP01_1";"03351-CT-6""-C3-0018-R3_HOJA-5_SP01";"03351-CT-6""-C3-0018-R3_HOJA-5";Concentrado Cu-Mo;03350-02-03;;BAJO ESPESADOR ;"03351-CT-6""-C3-0018-R3";5;0;SP01;1;F;VIC;6;STD;C3;R3;CS;0,1328;Concentrado Cu-Mo;;;;12/03/2026;46157;;46222;;46253;;0,4;0,05312;0,04648;0,00664;;;;;;;;;;;;;;;;;;;;;;;;;;;;;;;
"03351-CT-6""-C3-0018-R3_HOJA-5_SP01_2";"03351-CT-6""-C3-0018-R3_HOJA-5_SP01";"03351-CT-6""-C3-0018-R3_HOJA-5";Concentrado Cu-Mo;03350-02-03;;BAJO ESPESADOR ;"03351-CT-6""-C3-0018-R3";5;0;SP01;2;S;LET;2;STD;C3;R3;CS;0,1328;Concentrado Cu-Mo;;W-18;;12/03/2026;46221;46221;46221;46256;;;0,9;0,11952;0,07968;0,03984;EJECUTADA;46221;W-18;;;;;;;;;;;;;;;;;;;;;;;;;;;;
"03351-CT-6""-C3-0018-R3_HOJA-5_SP01_3";"03351-CT-6""-C3-0018-R3_HOJA-5_SP01";"03351-CT-6""-C3-0018-R3_HOJA-5";Concentrado Cu-Mo;03350-02-03;;BAJO ESPESADOR ;"03351-CT-6""-C3-0018-R3";5;0;SP01;3;S;BW;2;STD;C3;R3;CS;0,1328;Concentrado Cu-Mo;;W-18;;12/03/2026;46221;46221;46221;46256;;;0,9;0,11952;0,07968;0,03984;EJECUTADA;46221;W-18;;;;;;;;;;;;;;;;;;;;;;;;;;;;
"03351-CT-6""-C3-0018-R3_HOJA-5_SP01_4";"03351-CT-6""-C3-0018-R3_HOJA-5_SP01";"03351-CT-6""-C3-0018-R3_HOJA-5";Concentrado Cu-Mo;03350-02-03;;BAJO ESPESADOR ;"03351-CT-6""-C3-0018-R3";5;0;SP01;4;S;SO;2;STD;C3;R3;CS;0,1328;Concentrado Cu-Mo;;W-18;;12/03/2026;46221;46221;46221;46256;;;0,9;0,11952;0,07968;0,03984;EJECUTADA;46221;W-18;;;;;;;;;;;;;;;;;;;;;;;;;;;;
"03351-CT-6""-C3-0018-R3_HOJA-5_SP01_5";"03351-CT-6""-C3-0018-R3_HOJA-5_SP01";"03351-CT-6""-C3-0018-R3_HOJA-5";Concentrado Cu-Mo;03350-02-03;;BAJO ESPESADOR ;"03351-CT-6""-C3-0018-R3";5;0;SP01;5;S;SO;6;STD;C3;R3;CS;0,1328;Concentrado Cu-Mo;;W-18;Adicional;12/03/2026;46222;46222;46222;;;;0,6;0,07968;0,07968;0;EJECUTADA;46222;W-18;;;;;;;;;;;;;;;;;;;;;;;;;;;;
"03351-CT-6""-C3-0018-R3_HOJA-6_SP01_1";"03351-CT-6""-C3-0018-R3_HOJA-6_SP01";"03351-CT-6""-C3-0018-R3_HOJA-6";Concentrado Cu-Mo;03350-02-03;;BAJO ESPESADOR ;"03351-CT-6""-C3-0018-R3";6;0;SP01;1;S;SO;6;STD;C3;R3;CS;1,058;Concentrado Cu-Mo;;W-18;;12/03/2026;46220;46220;46220;;;;0,6;0,6348;0,6348;0;EJECUTADA;46220;W-18;;;;;;;;;;;;;;;;;;;;;;;;;;;;
"03351-CT-6""-C3-0018-R3_HOJA-6_SP01_2";"03351-CT-6""-C3-0018-R3_HOJA-6_SP01";"03351-CT-6""-C3-0018-R3_HOJA-6";Concentrado Cu-Mo;03350-02-03;;BAJO ESPESADOR ;"03351-CT-6""-C3-0018-R3";6;0;SP01;2;F;VIC;3;STD;C3;R3;CS;1,058;Concentrado Cu-Mo;;;;12/03/2026;46157;;46222;;46252;;0,4;0,4232;0,2645;0,1587;;;;;;;;;;;;;;;;;;;;;;;;;;;;;;;
"03351-CT-6""-C3-0018-R3_HOJA-6_SP02_3";"03351-CT-6""-C3-0018-R3_HOJA-6_SP02";"03351-CT-6""-C3-0018-R3_HOJA-6";Concentrado Cu-Mo;03350-02-03;;BAJO ESPESADOR ;"03351-CT-6""-C3-0018-R3";6;0;SP02;3;F;VIC;6;STD;C3;R3;CS;1,058;Concentrado Cu-Mo;;;;12/03/2026;46158;;46222;;46252;;0,4;0,4232;0,3703;0,0529;;;;;;;;;;;;;;;;;;;;;;;;;;;;;;;
"03351-CT-6""-C3-0018-R3_HOJA-6_SP02_4";"03351-CT-6""-C3-0018-R3_HOJA-6_SP02";"03351-CT-6""-C3-0018-R3_HOJA-6";Concentrado Cu-Mo;03350-02-03;;BAJO ESPESADOR ;"03351-CT-6""-C3-0018-R3";6;0;SP02;4;F;VIC;6;STD;C3;R3;CS;1,058;Concentrado Cu-Mo;;;;12/03/2026;46157;46191;46222;46244;46251;;0,95;1,0051;0,529;0,4761;EJECUTADA;46191;0;;;;;;;;;;;;;;;;;;;;;;;;;;;;
"03351-CT-6""-C3-0018-R3_HOJA-6_SP03_5";"03351-CT-6""-C3-0018-R3_HOJA-6_SP03";"03351-CT-6""-C3-0018-R3_HOJA-6";Concentrado Cu-Mo;03350-02-03;;BAJO ESPESADOR ;"03351-CT-6""-C3-0018-R3";6;0;SP03;5;F;VIC;6;STD;C3;R3;CS;1,058;Concentrado Cu-Mo;;;;12/03/2026;46157;;46222;;46252;;0,4;0,4232;0,3703;0,0529;;;;;;;;;;;;;;;;;;;;;;;;;;;;;;;
"03351-CT-6""-C3-0018-R3_HOJA-6_SP04_6";"03351-CT-6""-C3-0018-R3_HOJA-6_SP04";"03351-CT-6""-C3-0018-R3_HOJA-6";Concentrado Cu-Mo;03350-02-03;;BAJO ESPESADOR ;"03351-CT-6""-C3-0018-R3";6;0;SP04;6;F;VIC;6;STD;C3;R3;CS;1,058;Concentrado Cu-Mo;;;;12/03/2026;46159;;46222;;46252;;0,4;0,4232;0,2645;0,1587;;;;;;;;;;;;;;;;;;;;;;;;;;;;;;;
"03351-CT-6""-C3-0018-R3_HOJA-6_SP05_7";"03351-CT-6""-C3-0018-R3_HOJA-6_SP05";"03351-CT-6""-C3-0018-R3_HOJA-6";Concentrado Cu-Mo;03350-02-03;;BAJO ESPESADOR ;"03351-CT-6""-C3-0018-R3";6;0;SP05;7;F;VIC;6;STD;C3;R3;CS;1,058;Concentrado Cu-Mo;;;;12/03/2026;46157;;46222;;46252;;0,4;0,4232;0,3703;0,0529;;;;;;;;;;;;;;;;;;;;;;;;;;;;;;;
"03351-CT-6""-C3-0018-R3_HOJA-7_SP01_1";"03351-CT-6""-C3-0018-R3_HOJA-7_SP01";"03351-CT-6""-C3-0018-R3_HOJA-7";Concentrado Cu-Mo;03350-02-03;;BAJO ESPESADOR ;"03351-CT-6""-C3-0018-R3";7;0;SP01;1;F;VIC;6;STD;C3;R3;CS;1,58;Concentrado Cu-Mo;;;;12/03/2026;46157;;46242;;46252;;0,4;0,632;0,395;0,237;;;;;;;;;;;;;;;;;;;;;;;;;;;;;;;
"03351-CT-6""-C3-0018-R3_HOJA-7_SP02_2";"03351-CT-6""-C3-0018-R3_HOJA-7_SP02";"03351-CT-6""-C3-0018-R3_HOJA-7";Concentrado Cu-Mo;03350-02-03;;BAJO ESPESADOR ;"03351-CT-6""-C3-0018-R3";7;0;SP02;2;F;VIC;6;STD;C3;R3;CS;1,58;Concentrado Cu-Mo;;;;12/03/2026;46158;;46222;;46252;;0,4;0,632;0,553;0,079;;;;;;;;;;;;;;;;;;;;;;;;;;;;;;;
"03351-CT-6""-C3-0018-R3_HOJA-7_SP03_3";"03351-CT-6""-C3-0018-R3_HOJA-7_SP03";"03351-CT-6""-C3-0018-R3_HOJA-7";Concentrado Cu-Mo;03350-02-03;;BAJO ESPESADOR ;"03351-CT-6""-C3-0018-R3";7;0;SP03;3;F;VIC;6;STD;C3;R3;CS;1,58;Concentrado Cu-Mo;;;;12/03/2026;46157;;46242;46244;46252;;0,7;1,106;0,395;0,711;;;;;;;;;;;;;;;;;;;;;;;;;;;;;;;
"03351-CT-6""-C3-0018-R3_HOJA-7_SP04_4";"03351-CT-6""-C3-0018-R3_HOJA-7_SP04";"03351-CT-6""-C3-0018-R3_HOJA-7";Concentrado Cu-Mo;03350-02-03;;BAJO ESPESADOR ;"03351-CT-6""-C3-0018-R3";7;0;SP04;4;F;VIC;6;STD;C3;R3;CS;1,58;Concentrado Cu-Mo;;;;12/03/2026;46157;;46222;;46252;;0,4;0,632;0,553;0,079;;;;;;;;;;;;;;;;;;;;;;;;;;;;;;;
"03351-CT-6""-C3-0018-R3_HOJA-7_SP05_5";"03351-CT-6""-C3-0018-R3_HOJA-7_SP05";"03351-CT-6""-C3-0018-R3_HOJA-7";Concentrado Cu-Mo;03350-02-03;;BAJO ESPESADOR ;"03351-CT-6""-C3-0018-R3";7;0;SP05;5;F;VIC;6;STD;C3;R3;CS;1,58;Concentrado Cu-Mo;;;;12/03/2026;46158;46249;46222;46249;46251;;0,95;1,501;0,553;0,948;EJECUTADA;46249;0;;;;;;;;;;;;;;;;;;;;;;;;;;;;
"03351-CT-6""-C3-0018-R3_HOJA-7_SP06_6";"03351-CT-6""-C3-0018-R3_HOJA-7_SP06";"03351-CT-6""-C3-0018-R3_HOJA-7";Concentrado Cu-Mo;03350-02-03;;BAJO ESPESADOR ;"03351-CT-6""-C3-0018-R3";7;0;SP06;6;F;VIC;6;STD;C3;R3;CS;1,58;Concentrado Cu-Mo;;;;12/03/2026;46157;46249;46222;46249;46251;;0,95;1,501;0,553;0,948;EJECUTADA;46249;0;;;;;;;;;;;;;;;;;;;;;;;;;;;;
"03351-CT-6""-C3-0018-R3_HOJA-7_SP01_7";"03351-CT-6""-C3-0018-R3_HOJA-7_SP01";"03351-CT-6""-C3-0018-R3_HOJA-7";Concentrado Cu-Mo;03350-02-03;;BAJO ESPESADOR ;"03351-CT-6""-C3-0018-R3";7;0;SP01;7;S;BW;6;STD;C3;R3;CS;1,58;Concentrado Cu-Mo;;W-18;Adicional;12/03/2026;46144;46159;46242;46256;;;0,9;1,422;0,79;0,632;EJECUTADA;46159;W-18;;;;;;;;;;;;;;;;;;;;;;;;;;;;
"03351-CT-6""-C3-0018-R3_HOJA-7_SP01_8";"03351-CT-6""-C3-0018-R3_HOJA-7_SP01";"03351-CT-6""-C3-0018-R3_HOJA-7";Concentrado Cu-Mo;03350-02-03;;BAJO ESPESADOR ;"03351-CT-6""-C3-0018-R3";7;0;SP01;8;S;BW;6;STD;C3;R3;CS;1,58;Concentrado Cu-Mo;;W-18;Adicional;12/03/2026;46144;46159;46222;46256;;;0,9;1,422;0,948;0,474;EJECUTADA;46159;W-18;;;;;;;;;;;;;;;;;;;;;;;;;;;;
"03351-CT-6""-C3-0018-R3_HOJA-7_SP05_9";"03351-CT-6""-C3-0018-R3_HOJA-7_SP05";"03351-CT-6""-C3-0018-R3_HOJA-7";Concentrado Cu-Mo;03350-02-03;;BAJO ESPESADOR ;"03351-CT-6""-C3-0018-R3";7;0;SP05;9;S;BW;6;STD;C3;R3;CS;1,58;Concentrado Cu-Mo;;W-18;Adicional;12/03/2026;46144;46160;46242;46256;;;0,9;1,422;0,79;0,632;EJECUTADA;46160;W-18;;;;;;;;;;;;;;;;;;;;;;;;;;;;
"03351-CT-6""-C3-0018-R3_HOJA-7_SP05_10";"03351-CT-6""-C3-0018-R3_HOJA-7_SP05";"03351-CT-6""-C3-0018-R3_HOJA-7";Concentrado Cu-Mo;03350-02-03;;BAJO ESPESADOR ;"03351-CT-6""-C3-0018-R3";7;0;SP05;10;S;BW;6;STD;C3;R3;CS;1,58;Concentrado Cu-Mo;;W-18;Adicional;12/03/2026;46144;46160;46222;46256;;;0,9;1,422;0,948;0,474;EJECUTADA;46160;W-18;;;;;;;;;;;;;;;;;;;;;;;;;;;;
"03351-CT-6""-C3-0018-R3_HOJA-8_SP01_1";"03351-CT-6""-C3-0018-R3_HOJA-8_SP01";"03351-CT-6""-C3-0018-R3_HOJA-8";Concentrado Cu-Mo;03350-02-03;;BAJO ESPESADOR ;"03351-CT-6""-C3-0018-R3";8;0;SP01;1;F;VIC;6;STD;C3;R3;CS;0,42;Concentrado Cu-Mo;;;;12/03/2026;46159;46249;46222;46249;46251;;0,95;0,399;0,147;0,252;EJECUTADA;46249;0;;;;;;;;;;;;;;;;;;;;;;;;;;;;
"03351-CT-6""-C3-0018-R3_HOJA-8_SP02_2";"03351-CT-6""-C3-0018-R3_HOJA-8_SP02";"03351-CT-6""-C3-0018-R3_HOJA-8";Concentrado Cu-Mo;03350-02-03;;BAJO ESPESADOR ;"03351-CT-6""-C3-0018-R3";8;0;SP02;2;F;VIC;6;STD;C3;R3;CS;0,42;Concentrado Cu-Mo;;;;12/03/2026;46157;;46222;;46253;;0,4;0,168;0,147;0,021;;;;;;;;;;;;;;;;;;;;;;;;;;;;;;;
"03351-CT-6""-C3-0018-R3_HOJA-8_SP03_3";"03351-CT-6""-C3-0018-R3_HOJA-8_SP03";"03351-CT-6""-C3-0018-R3_HOJA-8";Concentrado Cu-Mo;03350-02-03;;BAJO ESPESADOR ;"03351-CT-6""-C3-0018-R3";8;0;SP03;3;F;VIC;6;STD;C3;R3;CS;0,42;Concentrado Cu-Mo;;;;12/03/2026;46157;;46242;;46253;;0,4;0,168;0,105;0,063;;;;;;;;;;;;;;;;;;;;;;;;;;;;;;;
"03351-CT-6""-C3-0018-R3_HOJA-8_SP03_4";"03351-CT-6""-C3-0018-R3_HOJA-8_SP03";"03351-CT-6""-C3-0018-R3_HOJA-8";Concentrado Cu-Mo;03350-02-03;;BAJO ESPESADOR ;"03351-CT-6""-C3-0018-R3";8;0;SP03;4;F;VIC;6;STD;C3;R3;CS;0,42;Concentrado Cu-Mo;;;;12/03/2026;46159;;46222;;46253;;0,4;0,168;0,147;0,021;;;;;;;;;;;;;;;;;;;;;;;;;;;;;;;
"03351-CT-6""-C3-0018-R3_HOJA-8_SP04_5";"03351-CT-6""-C3-0018-R3_HOJA-8_SP04";"03351-CT-6""-C3-0018-R3_HOJA-8";Concentrado Cu-Mo;03350-02-03;;BAJO ESPESADOR ;"03351-CT-6""-C3-0018-R3";8;0;SP04;5;F;VIC;6;STD;C3;R3;CS;0,42;Concentrado Cu-Mo;;;;12/03/2026;46160;;46242;;46253;;0,4;0,168;0,105;0,063;;;;;;;;;;;;;;;;;;;;;;;;;;;;;;;
"03351-CT-6""-C3-0018-R3_HOJA-8_SP04_6";"03351-CT-6""-C3-0018-R3_HOJA-8_SP04";"03351-CT-6""-C3-0018-R3_HOJA-8";Concentrado Cu-Mo;03350-02-03;;BAJO ESPESADOR ;"03351-CT-6""-C3-0018-R3";8;0;SP04;6;S;SO;6;STD;C3;R3;CS;0,42;Concentrado Cu-Mo;;W-18;;12/03/2026;46142;46222;46222;;;;0,6;0,252;0,252;0;EJECUTADA;46222;W-18;;;;;;;;;;;;;;;;;;;;;;;;;;;;
"03351-CT-6""-C3-0018-R3_HOJA-8_SP01_7";"03351-CT-6""-C3-0018-R3_HOJA-8_SP01";"03351-CT-6""-C3-0018-R3_HOJA-8";Concentrado Cu-Mo;03350-02-03;;BAJO ESPESADOR ;"03351-CT-6""-C3-0018-R3";8;0;SP01;7;S;BW;6;STD;C3;R3;CS;0,42;Concentrado Cu-Mo;;W-02;Adicional;12/03/2026;46142;46142;46222;46256;;;0,9;0,378;0,252;0,126;EJECUTADA;46142;W-02;;;;;;;;;;;;;;;;;;;;;;;;;;;;
"03351-CT-6""-C3-0018-R3_HOJA-8_SP01_8";"03351-CT-6""-C3-0018-R3_HOJA-8_SP01";"03351-CT-6""-C3-0018-R3_HOJA-8";Concentrado Cu-Mo;03350-02-03;;BAJO ESPESADOR ;"03351-CT-6""-C3-0018-R3";8;0;SP01;8;S;BW;6;STD;C3;R3;CS;0,42;Concentrado Cu-Mo;;W-02;Adicional;12/03/2026;46142;46142;46242;46256;;;0,9;0,378;0,21;0,168;EJECUTADA;46142;W-02;;;;;;;;;;;;;;;;;;;;;;;;;;;;
"03351-CT-6""-C3-0018-R3_HOJA-9_SP01_1";"03351-CT-6""-C3-0018-R3_HOJA-9_SP01";"03351-CT-6""-C3-0018-R3_HOJA-9";Concentrado Cu-Mo;03350-02-03;;TORRE TRASFERENCIA;"03351-CT-6""-C3-0018-R3";9;0;SP01;1;S;SO;6;STD;C3;R3;CS;0,506;Concentrado Cu-Mo;;W-19;;12/03/2026;46190;46190;46222;46256;;;0,9;0,4554;0,3036;0,1518;EJECUTADA;46190;W-19;;;;;;;;;;;;;;;;;;;;;;;;;;;;
"03351-CT-6""-C3-0018-R3_HOJA-9_SP02_2";"03351-CT-6""-C3-0018-R3_HOJA-9_SP02";"03351-CT-6""-C3-0018-R3_HOJA-9";Concentrado Cu-Mo;03350-02-03;;TORRE TRASFERENCIA;"03351-CT-6""-C3-0018-R3";9;0;SP02;2;F;VIC;3;STD;C3;R3;CS;0,506;Concentrado Cu-Mo;;;;12/03/2026;46160;;46242;;46253;;0,4;0,2024;0,1265;0,0759;;;;;;;;;;;;;;;;;;;;;;;;;;;;;;;
"03351-CT-6""-C3-0018-R3_HOJA-9_SP01_3";"03351-CT-6""-C3-0018-R3_HOJA-9_SP01";"03351-CT-6""-C3-0018-R3_HOJA-9";Concentrado Cu-Mo;03350-02-03;;TORRE TRASFERENCIA;"03351-CT-6""-C3-0018-R3";9;0;SP01;3;S;SO;3;STD;C3;R3;CS;0,506;Concentrado Cu-Mo;;W-19;;12/03/2026;46159;46190;46222;;;;0,6;0,3036;0,3036;0;EJECUTADA;46190;W-19;;;;;;;;;;;;;;;;;;;;;;;;;;;;
"03351-CT-6""-C3-0018-R3_HOJA-9_SP03_4";"03351-CT-6""-C3-0018-R3_HOJA-9_SP03";"03351-CT-6""-C3-0018-R3_HOJA-9";Concentrado Cu-Mo;03350-02-03;;TORRE TRASFERENCIA;"03351-CT-6""-C3-0018-R3";9;0;SP03;4;F;VIC;6;STD;C3;R3;CS;0,506;Concentrado Cu-Mo;;;;12/03/2026;46160;;46222;;46253;;0,4;0,2024;0,1771;0,0253;;;;;;;;;;;;;;;;;;;;;;;;;;;;;;;
"03351-CT-6""-C3-0018-R3_HOJA-9_SP03_5";"03351-CT-6""-C3-0018-R3_HOJA-9_SP03";"03351-CT-6""-C3-0018-R3_HOJA-9";Concentrado Cu-Mo;03350-02-03;;TORRE TRASFERENCIA;"03351-CT-6""-C3-0018-R3";9;0;SP03;5;S;BW;6;STD;C3;R3;CS;0,506;Concentrado Cu-Mo;;;Adicional;12/03/2026;46144;;46242;;;;0,35;0,1771;0,1265;0,0506;;;;;;;;;;;;;;;;;;;;;;;;;;;;;;;
"03351-CT-6""-C3-0018-R3_HOJA-9_SP03_6";"03351-CT-6""-C3-0018-R3_HOJA-9_SP03";"03351-CT-6""-C3-0018-R3_HOJA-9";Concentrado Cu-Mo;03350-02-03;;TORRE TRASFERENCIA;"03351-CT-6""-C3-0018-R3";9;0;SP03;6;S;BW;6;STD;C3;R3;CS;0,506;Concentrado Cu-Mo;;;Adicional;12/03/2026;46144;;46222;;;;0,35;0,1771;0,1771;0;;;;;;;;;;;;;;;;;;;;;;;;;;;;;;;
"03351-CT-6""-C3-0018-R3_HOJA-10_SP01_1";"03351-CT-6""-C3-0018-R3_HOJA-10_SP01";"03351-CT-6""-C3-0018-R3_HOJA-10";Concentrado Cu-Mo;03350-02-03;;TORRE TRASFERENCIA;"03351-CT-6""-C3-0018-R3";10;0;SP01;1;F;VIC;6;STD;C3;R3;CS;1,262;Concentrado Cu-Mo;;;;12/03/2026;46159;;46222;;46252;;0,4;0,5048;0,3155;0,1893;;;;;;;;;;;;;;;;;;;;;;;;;;;;;;;
"03351-CT-6""-C3-0018-R3_HOJA-10_SP01_2";"03351-CT-6""-C3-0018-R3_HOJA-10_SP01";"03351-CT-6""-C3-0018-R3_HOJA-10";Concentrado Cu-Mo;03350-02-03;;TORRE TRASFERENCIA;"03351-CT-6""-C3-0018-R3";10;0;SP01;2;S;SO;6;STD;C3;R3;CS;1,262;Concentrado Cu-Mo;;W-02;;12/03/2026;46141;46141;46222;46256;;;0,9;1,1358;0,7572;0,3786;EJECUTADA;46141;W-02;;;;;;;;;;;;;;;;;;;;;;;;;;;;
"03351-CT-6""-C3-0018-R3_HOJA-10_SP02_3";"03351-CT-6""-C3-0018-R3_HOJA-10_SP02";"03351-CT-6""-C3-0018-R3_HOJA-10";Concentrado Cu-Mo;03350-02-03;;TORRE TRASFERENCIA;"03351-CT-6""-C3-0018-R3";10;0;SP02;3;S;SO;6;STD;C3;R3;CS;1,262;Concentrado Cu-Mo;;W-02;;12/03/2026;46141;46141;46222;46256;;;0,9;1,1358;0,7572;0,3786;EJECUTADA;46141;W-02;;;;;;;;;;;;;;;;;;;;;;;;;;;;
"03351-CT-6""-C3-0018-R3_HOJA-10_SP03_4";"03351-CT-6""-C3-0018-R3_HOJA-10_SP03";"03351-CT-6""-C3-0018-R3_HOJA-10";Concentrado Cu-Mo;03350-02-03;;TORRE TRASFERENCIA;"03351-CT-6""-C3-0018-R3";10;0;SP03;4;F;VIC;6;STD;C3;R3;CS;1,262;Concentrado Cu-Mo;;;;12/03/2026;46160;;46204;;46252;;0,4;0,5048;0,3155;0,1893;;;;;;;;;;;;;;;;;;;;;;;;;;;;;;;
"03351-CT-6""-C3-0018-R3_HOJA-10_SP04_5";"03351-CT-6""-C3-0018-R3_HOJA-10_SP04";"03351-CT-6""-C3-0018-R3_HOJA-10";Concentrado Cu-Mo;03350-02-03;;TORRE TRASFERENCIA;"03351-CT-6""-C3-0018-R3";10;0;SP04;5;F;VIC;6;STD;C3;R3;CS;1,262;Concentrado Cu-Mo;;;;12/03/2026;46160;;46222;46204;46252;;0,7;0,8834;0,4417;0,4417;;;;;;;;;;;;;;;;;;;;;;;;;;;;;;;
"03351-CT-6""-C3-0018-R3_HOJA-10_SP05_6";"03351-CT-6""-C3-0018-R3_HOJA-10_SP05";"03351-CT-6""-C3-0018-R3_HOJA-10";Concentrado Cu-Mo;03350-02-03;;TORRE TRASFERENCIA;"03351-CT-6""-C3-0018-R3";10;0;SP05;6;F;VIC;6;STD;C3;R3;CS;1,262;Concentrado Cu-Mo;;;;12/03/2026;46158;46203;46222;46204;46251;;0,95;1,1989;0,7572;0,4417;EJECUTADA;46203;0;;;;;;;;;;;;;;;;;;;;;;;;;;;;
"03351-CT-6""-C3-0018-R3_HOJA-10_SP06_7";"03351-CT-6""-C3-0018-R3_HOJA-10_SP06";"03351-CT-6""-C3-0018-R3_HOJA-10";Concentrado Cu-Mo;03350-02-03;;TORRE TRASFERENCIA;"03351-CT-6""-C3-0018-R3";10;0;SP06;7;F;VIC;6;STD;C3;R3;CS;1,262;Concentrado Cu-Mo;;;;12/03/2026;46160;;46222;;46252;;0,4;0,5048;0,4417;0,0631;;;;;;;;;;;;;;;;;;;;;;;;;;;;;;;
"03351-CT-6""-C3-0018-R3_HOJA-10_SP05_8";"03351-CT-6""-C3-0018-R3_HOJA-10_SP05";"03351-CT-6""-C3-0018-R3_HOJA-10";Concentrado Cu-Mo;03350-02-03;;TORRE TRASFERENCIA;"03351-CT-6""-C3-0018-R3";10;0;SP05;8;S;BW;6;STD;C3;R3;CS;1,262;Concentrado Cu-Mo;;W-01;Adicional;12/03/2026;46120;46122;46204;46204;;;0,9;1,1358;0,631;0,5048;EJECUTADA;46121;W-01;;;;;;;;;;;;;;;;;;;;;;;;;;;;
"03351-CT-6""-C3-0018-R3_HOJA-10_SP05_9";"03351-CT-6""-C3-0018-R3_HOJA-10_SP05";"03351-CT-6""-C3-0018-R3_HOJA-10";Concentrado Cu-Mo;03350-02-03;;TORRE TRASFERENCIA;"03351-CT-6""-C3-0018-R3";10;0;SP05;9;S;BW;6;STD;C3;R3;CS;1,262;Concentrado Cu-Mo;;W-01;Adicional;12/03/2026;46120;46121;46222;46204;;;0,9;1,1358;0,631;0,5048;EJECUTADA;46121;W-01;;;;;;;;;;;;;;;;;;;;;;;;;;;;
"03351-CT-6""-C3-0018-R3_HOJA-10_SP03_10";"03351-CT-6""-C3-0018-R3_HOJA-10_SP03";"03351-CT-6""-C3-0018-R3_HOJA-10";Concentrado Cu-Mo;03350-02-03;;TORRE TRASFERENCIA;"03351-CT-6""-C3-0018-R3";10;0;SP03;10;S;BW;6;STD;C3;R3;CS;1,262;Concentrado Cu-Mo;;W-02;Adicional;12/03/2026;46120;46121;46222;;;;0,6;0,7572;0,7572;0;EJECUTADA;46121;W-02;;;;;;;;;;;;;;;;;;;;;;;;;;;;
"03351-CT-6""-C3-0018-R3_HOJA-10_SP03_11";"03351-CT-6""-C3-0018-R3_HOJA-10_SP03";"03351-CT-6""-C3-0018-R3_HOJA-10";Concentrado Cu-Mo;03350-02-03;;TORRE TRASFERENCIA;"03351-CT-6""-C3-0018-R3";10;0;SP03;11;S;BW;6;STD;C3;R3;CS;1,262;Concentrado Cu-Mo;;W-02;Adicional;12/03/2026;46120;46121;46204;;;;0,6;0,7572;0,631;0,1262;EJECUTADA;46122;W-02;;;;;;;;;;;;;;;;;;;;;;;;;;;;
"03351-CT-6""-C3-0018-R3_HOJA-11_SP01_1";"03351-CT-6""-C3-0018-R3_HOJA-11_SP01";"03351-CT-6""-C3-0018-R3_HOJA-11";Concentrado Cu-Mo;03350-02-03;;TORRE TRASFERENCIA;"03351-CT-6""-C3-0018-R3";11;0;SP01;1;F;VIC;6;STD;C3;R3;CS;1,305;Concentrado Cu-Mo;;;;12/03/2026;46158;;46222;46204;46252;;0,7;0,9135;0,45675;0,45675;;;;;;;;;;;;;;;;;;;;;;;;;;;;;;;
"03351-CT-6""-C3-0018-R3_HOJA-11_SP02_2";"03351-CT-6""-C3-0018-R3_HOJA-11_SP02";"03351-CT-6""-C3-0018-R3_HOJA-11";Concentrado Cu-Mo;03350-02-03;;TORRE TRASFERENCIA;"03351-CT-6""-C3-0018-R3";11;0;SP02;2;F;VIC;6;STD;C3;R3;CS;1,305;Concentrado Cu-Mo;;;;12/03/2026;46160;46203;46204;46204;46251;;0,95;1,23975;0,6525;0,58725;EJECUTADA;46203;0;;;;;;;;;;;;;;;;;;;;;;;;;;;;
"03351-CT-6""-C3-0018-R3_HOJA-11_SP03_3";"03351-CT-6""-C3-0018-R3_HOJA-11_SP03";"03351-CT-6""-C3-0018-R3_HOJA-11";Concentrado Cu-Mo;03350-02-03;;TORRE TRASFERENCIA;"03351-CT-6""-C3-0018-R3";11;0;SP03;3;F;VIC;6;STD;C3;R3;CS;1,305;Concentrado Cu-Mo;;;;12/03/2026;46160;;46222;;46252;;0,4;0,522;0,45675;0,06525;;;;;;;;;;;;;;;;;;;;;;;;;;;;;;;
"03351-CT-6""-C3-0018-R3_HOJA-11_SP04_4";"03351-CT-6""-C3-0018-R3_HOJA-11_SP04";"03351-CT-6""-C3-0018-R3_HOJA-11";Concentrado Cu-Mo;03350-02-03;;TORRE TRASFERENCIA;"03351-CT-6""-C3-0018-R3";11;0;SP04;4;F;VIC;6;STD;C3;R3;CS;1,305;Concentrado Cu-Mo;;;;12/03/2026;46160;;46222;;46252;;0,4;0,522;0,45675;0,06525;;;;;;;;;;;;;;;;;;;;;;;;;;;;;;;
"03351-CT-6""-C3-0018-R3_HOJA-11_SP05_5";"03351-CT-6""-C3-0018-R3_HOJA-11_SP05";"03351-CT-6""-C3-0018-R3_HOJA-11";Concentrado Cu-Mo;03350-02-03;;PIPE RACK ;"03351-CT-6""-C3-0018-R3";11;0;SP05;5;F;VIC;6;STD;C3;R3;CS;1,305;Concentrado Cu-Mo;;;;12/03/2026;46160;;46204;;46254;;0,4;0,522;0,32625;0,19575;;;;;;;;;;;;;;;;;;;;;;;;;;;;;;;
"03351-CT-6""-C3-0018-R3_HOJA-11_SP06_6";"03351-CT-6""-C3-0018-R3_HOJA-11_SP06";"03351-CT-6""-C3-0018-R3_HOJA-11";Concentrado Cu-Mo;03350-02-03;;PIPE RACK ;"03351-CT-6""-C3-0018-R3";11;0;SP06;6;F;VIC;6;STD;C3;R3;CS;1,305;Concentrado Cu-Mo;;;;12/03/2026;46244;;46222;;46254;;0,4;0,522;0,3915;0,1305;;;;;;;;;;;;;;;;;;;;;;;;;;;;;;;
"03351-CT-6""-C3-0018-R3_HOJA-11_SP01_7";"03351-CT-6""-C3-0018-R3_HOJA-11_SP01";"03351-CT-6""-C3-0018-R3_HOJA-11";Concentrado Cu-Mo;03350-02-03;;TORRE TRASFERENCIA;"03351-CT-6""-C3-0018-R3";11;0;SP01;7;S;BW;6;STD;C3;R3;CS;1,305;Concentrado Cu-Mo;;W-18;Adicional;12/03/2026;46145;46145;46204;46204;;;0,9;1,1745;0,6525;0,522;EJECUTADA;46176;W-18;;;;;;;;;;;;;;;;;;;;;;;;;;;;
"03351-CT-6""-C3-0018-R3_HOJA-11_SP01_8";"03351-CT-6""-C3-0018-R3_HOJA-11_SP01";"03351-CT-6""-C3-0018-R3_HOJA-11";Concentrado Cu-Mo;03350-02-03;;PIPE RACK ;"03351-CT-6""-C3-0018-R3";11;0;SP01;8;S;BW;6;STD;C3;R3;CS;1,305;Concentrado Cu-Mo;;W-18;Adicional;12/03/2026;46145;46145;46222;46204;;;0,9;1,1745;0,783;0,3915;EJECUTADA;46176;W-18;;;;;;;;;;;;;;;;;;;;;;;;;;;;
"03351-CT-6""-C3-0018-R3_HOJA-11_SP04_9";"03351-CT-6""-C3-0018-R3_HOJA-11_SP04";"03351-CT-6""-C3-0018-R3_HOJA-11";Concentrado Cu-Mo;03350-02-03;;PIPE RACK ;"03351-CT-6""-C3-0018-R3";11;0;SP04;9;S;BW;6;STD;C3;R3;CS;1,304;Concentrado Cu-Mo;;;Adicional;12/03/2026;46249;;46204;;;;0,35;0,4564;0,2608;0,1956;;;;;;;;;;;;;;;;;;;;;;;;;;;;;;;
"03351-CT-6""-C3-0018-R3_HOJA-11_SP04_10";"03351-CT-6""-C3-0018-R3_HOJA-11_SP04";"03351-CT-6""-C3-0018-R3_HOJA-11";Concentrado Cu-Mo;03350-02-03;;TORRE TRASFERENCIA;"03351-CT-6""-C3-0018-R3";11;0;SP04;10;S;BW;6;STD;C3;R3;CS;1,304;Concentrado Cu-Mo;;;Adicional;12/03/2026;46249;;46222;;;;0,35;0,4564;0,3912;0,0652;;;;;;;;;;;;;;;;;;;;;;;;;;;;;;;
"03351-CT-6""-C3-0018-R3_HOJA-11_SP06_11";"03351-CT-6""-C3-0018-R3_HOJA-11_SP06";"03351-CT-6""-C3-0018-R3_HOJA-11";Concentrado Cu-Mo;03350-02-03;;TORRE TRASFERENCIA;"03351-CT-6""-C3-0018-R3";11;0;SP06;11;S;BW;6;STD;C3;R3;CS;1,304;Concentrado Cu-Mo;;;Adicional;12/03/2026;46249;;46204;;;;0,35;0,4564;0,2608;0,1956;;;;;;;;;;;;;;;;;;;;;;;;;;;;;;;
"03351-CT-6""-C3-0018-R3_HOJA-11_SP06_12";"03351-CT-6""-C3-0018-R3_HOJA-11_SP06";"03351-CT-6""-C3-0018-R3_HOJA-11";Concentrado Cu-Mo;03350-02-03;;TORRE TRASFERENCIA;"03351-CT-6""-C3-0018-R3";11;0;SP06;12;S;BW;6;STD;C3;R3;CS;1,304;Concentrado Cu-Mo;;;Adicional;12/03/2026;46249;;46222;;;;0,35;0,4564;0,3912;0,0652;;;;;;;;;;;;;;;;;;;;;;;;;;;;;;;
"03351-CT-6""-C3-0018-R3_HOJA-12_SP01_1";"03351-CT-6""-C3-0018-R3_HOJA-12_SP01";"03351-CT-6""-C3-0018-R3_HOJA-12";Concentrado Cu-Mo;03350-02-03;;PIPE RACK ;"03351-CT-6""-C3-0018-R3";12;0;SP01;1;F;VIC;6;STD;C3;R3;CS;1,724;Concentrado Cu-Mo;;;;12/03/2026;46160;;46222;;46254;;0,4;0,6896;0,431;0,2586;;;;;;;;;;;;;;;;;;;;;;;;;;;;;;;
"03351-CT-6""-C3-0018-R3_HOJA-12_SP02_2";"03351-CT-6""-C3-0018-R3_HOJA-12_SP02";"03351-CT-6""-C3-0018-R3_HOJA-12";Concentrado Cu-Mo;03350-02-03;;PIPE RACK ;"03351-CT-6""-C3-0018-R3";12;0;SP02;2;F;VIC;6;STD;C3;R3;CS;1,724;Concentrado Cu-Mo;;;;12/03/2026;46158;;46242;;46254;;0,4;0,6896;0,431;0,2586;;;;;;;;;;;;;;;;;;;;;;;;;;;;;;;
"03351-CT-6""-C3-0018-R3_HOJA-12_SP02_3";"03351-CT-6""-C3-0018-R3_HOJA-12_SP02";"03351-CT-6""-C3-0018-R3_HOJA-12";Concentrado Cu-Mo;03350-02-03;;PIPE RACK ;"03351-CT-6""-C3-0018-R3";12;0;SP02;3;F;SO;3;STD;C3;R3;CS;1,724;Concentrado Cu-Mo;;;;12/03/2026;46160;;46222;;;;0,35;0,6034;0,6034;0;;;;;;;;;;;;;;;;;;;;;;;;;;;;;;;
"03351-CT-6""-C3-0018-R3_HOJA-12_SP03_4";"03351-CT-6""-C3-0018-R3_HOJA-12_SP03";"03351-CT-6""-C3-0018-R3_HOJA-12";Concentrado Cu-Mo;03350-02-03;;PIPE RACK ;"03351-CT-6""-C3-0018-R3";12;0;SP03;4;F;VIC;6;STD;C3;R3;CS;1,724;Concentrado Cu-Mo;;;;12/03/2026;46160;;46222;;46254;;0,4;0,6896;0,431;0,2586;;;;;;;;;;;;;;;;;;;;;;;;;;;;;;;
"03351-CT-6""-C3-0018-R3_HOJA-13_SP01_1";"03351-CT-6""-C3-0018-R3_HOJA-13_SP01";"03351-CT-6""-C3-0018-R3_HOJA-13";Concentrado Cu-Mo;03350-02-03;;PIPE RACK ;"03351-CT-6""-C3-0018-R3";13;0;SP01;1;F;VIC;6;STD;C3;R3;CS;5,5;Concentrado Cu-Mo;;;;12/03/2026;46158;;46222;;46254;;0,4;2,2;1,925;0,275;;;;;;;;;;;;;;;;;;;;;;;;;;;;;;;
"03351-CT-6""-C3-0018-R3_HOJA-13_SP02_2";"03351-CT-6""-C3-0018-R3_HOJA-13_SP02";"03351-CT-6""-C3-0018-R3_HOJA-13";Concentrado Cu-Mo;03350-02-03;;PIPE RACK ;"03351-CT-6""-C3-0018-R3";13;0;SP02;2;F;VIC;6;STD;C3;R3;CS;5,5;Concentrado Cu-Mo;;;;12/03/2026;46160;46200;46242;46244;46251;;0,95;5,225;2,75;2,475;EJECUTADA;46200;0;;;;;;;;;;;;;;;;;;;;;;;;;;;;
"03351-CT-6""-C3-0018-R3_HOJA-13_SP03_3";"03351-CT-6""-C3-0018-R3_HOJA-13_SP03";"03351-CT-6""-C3-0018-R3_HOJA-13";Concentrado Cu-Mo;03350-02-03;;PIPE RACK ;"03351-CT-6""-C3-0018-R3";13;0;SP03;3;F;VIC;6;STD;C3;R3;CS;5,5;Concentrado Cu-Mo;;;;12/03/2026;46160;46200;46222;46244;46251;;0,95;5,225;3,3;1,925;EJECUTADA;46200;0;;;;;;;;;;;;;;;;;;;;;;;;;;;;
"03351-CT-6""-C3-0018-R3_HOJA-13_SP04_4";"03351-CT-6""-C3-0018-R3_HOJA-13_SP04";"03351-CT-6""-C3-0018-R3_HOJA-13";Concentrado Cu-Mo;03350-02-03;;PIPE RACK ;"03351-CT-6""-C3-0018-R3";13;0;SP04;4;F;VIC;6;STD;C3;R3;CS;5,5;Concentrado Cu-Mo;;;;12/03/2026;46159;46196;46222;46244;46251;;0,95;5,225;2,75;2,475;EJECUTADA;46196;0;;;;;;;;;;;;;;;;;;;;;;;;;;;;
"03351-CT-6""-C3-0018-R3_HOJA-13_SP05_5";"03351-CT-6""-C3-0018-R3_HOJA-13_SP05";"03351-CT-6""-C3-0018-R3_HOJA-13";Concentrado Cu-Mo;03350-02-03;;PIPE RACK ;"03351-CT-6""-C3-0018-R3";13;0;SP05;5;F;VIC;6;STD;C3;R3;CS;5,5;Concentrado Cu-Mo;;;;12/03/2026;46160;46200;46242;46244;46251;;0,95;5,225;2,75;2,475;EJECUTADA;46200;0;;;;;;;;;;;;;;;;;;;;;;;;;;;;
"03351-CT-6""-C3-0018-R3_HOJA-14_SP01_1";"03351-CT-6""-C3-0018-R3_HOJA-14_SP01";"03351-CT-6""-C3-0018-R3_HOJA-14";Concentrado Cu-Mo;03350-02-03;;PIPE RACK ;"03351-CT-6""-C3-0018-R3";14;0;SP01;1;F;VIC;6;STD;C3;R3;CS;1,94;Concentrado Cu-Mo;;;;12/03/2026;46160;46196;46222;46244;46251;;0,95;1,843;1,164;0,679;EJECUTADA;46196;0;;;;;;;;;;;;;;;;;;;;;;;;;;;;
"03351-CT-6""-C3-0018-R3_HOJA-14_SP02_2";"03351-CT-6""-C3-0018-R3_HOJA-14_SP02";"03351-CT-6""-C3-0018-R3_HOJA-14";Concentrado Cu-Mo;03350-02-03;;PIPE RACK ;"03351-CT-6""-C3-0018-R3";14;0;SP02;2;F;VIC;6;STD;C3;R3;CS;1,94;Concentrado Cu-Mo;;;;12/03/2026;46160;46196;46242;46244;46251;;0,95;1,843;0,97;0,873;EJECUTADA;46196;0;;;;;;;;;;;;;;;;;;;;;;;;;;;;
"03351-CT-6""-C3-0018-R3_HOJA-14_SP03_3";"03351-CT-6""-C3-0018-R3_HOJA-14_SP03";"03351-CT-6""-C3-0018-R3_HOJA-14";Concentrado Cu-Mo;03350-02-03;;PIPE RACK ;"03351-CT-6""-C3-0018-R3";14;0;SP03;3;F;VIC;6;STD;C3;R3;CS;1,94;Concentrado Cu-Mo;;;;12/03/2026;46159;;46222;;46254;;0,4;0,776;0,485;0,291;;;;;;;;;;;;;;;;;;;;;;;;;;;;;;;
"03351-CT-6""-C3-0018-R3_HOJA-14_SP03_4";"03351-CT-6""-C3-0018-R3_HOJA-14_SP03";"03351-CT-6""-C3-0018-R3_HOJA-14";Concentrado Cu-Mo;03350-02-03;;PIPE RACK ;"03351-CT-6""-C3-0018-R3";14;0;SP03;4;S;BW;6;STD;C3;R3;CS;1,94;Concentrado Cu-Mo;;W-16;Adicional;12/03/2026;46169;46169;46222;;;;0,6;1,164;0,97;0,194;EJECUTADA;46169;W-16;;;;;;;;;;;;;;;;;;;;;;;;;;;;
"03351-CT-6""-C3-0018-R3_HOJA-14_SP03_5";"03351-CT-6""-C3-0018-R3_HOJA-14_SP03";"03351-CT-6""-C3-0018-R3_HOJA-14";Concentrado Cu-Mo;03350-02-03;;PIPE RACK ;"03351-CT-6""-C3-0018-R3";14;0;SP03;5;S;BW;6;STD;C4;R3;CS;1,94;Concentrado Cu-Mo;;W-16;Adicional;12/03/2026;46169;46169;46222;;;;0,6;1,164;1,164;0;EJECUTADA;46169;W-16;;;;;;;;;;;;;;;;;;;;;;;;;;;;
"03351-CT-6""-C3-0018-R3_HOJA-15_SP01_1";"03351-CT-6""-C3-0018-R3_HOJA-15_SP01";"03351-CT-6""-C3-0018-R3_HOJA-15";Concentrado Cu-Mo;03350-02-03;;PIPE RACK ;"03351-CT-6""-C3-0018-R3";15;0;SP01;1;F;VIC;6;STD;C3;R3;CS;1,725;Concentrado Cu-Mo;;;;12/03/2026;46160;46196;46242;46244;46251;;0,95;1,63875;0,8625;0,77625;EJECUTADA;46196;0;;;;;;;;;;;;;;;;;;;;;;;;;;;;
"03351-CT-6""-C3-0018-R3_HOJA-15_SP02_2";"03351-CT-6""-C3-0018-R3_HOJA-15_SP02";"03351-CT-6""-C3-0018-R3_HOJA-15";Concentrado Cu-Mo;03350-02-03;;PIPE RACK ;"03351-CT-6""-C3-0018-R3";15;0;SP02;2;F;VIC;6;STD;C3;R3;CS;1,725;Concentrado Cu-Mo;;;;12/03/2026;46160;46196;46242;46244;46251;;0,95;1,63875;0,8625;0,77625;EJECUTADA;46196;0;;;;;;;;;;;;;;;;;;;;;;;;;;;;
"03351-CT-6""-C3-0018-R3_HOJA-15_SP03_3";"03351-CT-6""-C3-0018-R3_HOJA-15_SP03";"03351-CT-6""-C3-0018-R3_HOJA-15";Concentrado Cu-Mo;03350-02-03;;PIPE RACK ;"03351-CT-6""-C3-0018-R3";15;0;SP03;3;F;VIC;6;STD;C3;R3;CS;1,725;Concentrado Cu-Mo;;;;12/03/2026;46158;46196;46222;46244;46251;;0,95;1,63875;1,035;0,60375;EJECUTADA;46196;0;;;;;;;;;;;;;;;;;;;;;;;;;;;;
"03351-CT-6""-C3-0018-R3_HOJA-15_SP04_4";"03351-CT-6""-C3-0018-R3_HOJA-15_SP04";"03351-CT-6""-C3-0018-R3_HOJA-15";Concentrado Cu-Mo;03350-02-03;;PIPE RACK ;"03351-CT-6""-C3-0018-R3";15;0;SP04;4;F;VIC;6;STD;C3;R3;CS;1,725;Concentrado Cu-Mo;;;;12/03/2026;46244;;46222;;46254;;0,4;0,69;0,5175;0,1725;;;;;;;;;;;;;;;;;;;;;;;;;;;;;;;
"03351-CT-6""-C3-0018-R3_HOJA-15_SP05_5";"03351-CT-6""-C3-0018-R3_HOJA-15_SP05";"03351-CT-6""-C3-0018-R3_HOJA-15";Concentrado Cu-Mo;03350-02-03;;PIPE RACK ;"03351-CT-6""-C3-0018-R3";15;0;SP05;5;F;VIC;6;STD;C3;R3;CS;1,725;Concentrado Cu-Mo;;;;12/03/2026;46158;;46222;;46254;;0,4;0,69;0,43125;0,25875;;;;;;;;;;;;;;;;;;;;;;;;;;;;;;;
"03351-CT-6""-C3-0018-R3_HOJA-15_SP02_6";"03351-CT-6""-C3-0018-R3_HOJA-15_SP02";"03351-CT-6""-C3-0018-R3_HOJA-15";Concentrado Cu-Mo;03350-02-03;;PIPE RACK ;"03351-CT-6""-C3-0018-R3";15;0;SP02;6;S;BW;6;STD;C3;R3;CS;1,725;Concentrado Cu-Mo;;W-16;Adicional;12/03/2026;46169;46169;46242;;;;0,6;1,035;0,8625;0,1725;EJECUTADA;46169;W-16;;;;;;;;;;;;;;;;;;;;;;;;;;;;
"03351-CT-6""-C3-0018-R3_HOJA-15_SP02_7";"03351-CT-6""-C3-0018-R3_HOJA-15_SP02";"03351-CT-6""-C3-0018-R3_HOJA-15";Concentrado Cu-Mo;03350-02-03;;PIPE RACK ;"03351-CT-6""-C3-0018-R3";15;0;SP02;7;S;BW;6;STD;C3;R3;CS;1,725;Concentrado Cu-Mo;;W-16;Adicional;12/03/2026;46169;46169;46222;;;;0,6;1,035;1,035;0;EJECUTADA;46169;W-16;;;;;;;;;;;;;;;;;;;;;;;;;;;;
"03351-CT-6""-C3-0018-R3_HOJA-15_SP05_8";"03351-CT-6""-C3-0018-R3_HOJA-15_SP05";"03351-CT-6""-C3-0018-R3_HOJA-15";Concentrado Cu-Mo;03350-02-03;;PIPE RACK ;"03351-CT-6""-C3-0018-R3";15;0;SP05;8;S;BW;6;STD;C3;R3;CS;1,725;Concentrado Cu-Mo;;W-02;Adicional;12/03/2026;46169;46169;46222;;;;0,6;1,035;0,8625;0,1725;EJECUTADA;46169;W-02;;;;;;;;;;;;;;;;;;;;;;;;;;;;
"03351-CT-6""-C3-0018-R3_HOJA-15_SP05_9";"03351-CT-6""-C3-0018-R3_HOJA-15_SP05";"03351-CT-6""-C3-0018-R3_HOJA-15";Concentrado Cu-Mo;03350-02-03;;PIPE RACK ;"03351-CT-6""-C3-0018-R3";15;0;SP05;9;S;BW;6;STD;C3;R3;CS;1,725;Concentrado Cu-Mo;;W-02;Adicional;12/03/2026;46169;46169;46222;;;;0,6;1,035;0,8625;0,1725;EJECUTADA;46169;W-02;;;;;;;;;;;;;;;;;;;;;;;;;;;;
"03351-CT-6""-C3-0018-R3_HOJA-16_SP01_1";"03351-CT-6""-C3-0018-R3_HOJA-16_SP01";"03351-CT-6""-C3-0018-R3_HOJA-16";Concentrado Cu-Mo;03350-02-03;;PIPE RACK ;"03351-CT-6""-C3-0018-R3";16;0;SP01;1;F;VIC;6;STD;C3;R3;CS;1,251;Concentrado Cu-Mo;;;;12/03/2026;46244;;46222;46252;46254;;0,7;0,8757;0,3753;0,5004;;;;;;;;;;;;;;;;;;;;;;;;;;;;;;;
"03351-CT-6""-C3-0018-R3_HOJA-16_SP02_2";"03351-CT-6""-C3-0018-R3_HOJA-16_SP02";"03351-CT-6""-C3-0018-R3_HOJA-16";Concentrado Cu-Mo;03350-02-03;;PIPE RACK ;"03351-CT-6""-C3-0018-R3";16;0;SP02;2;F;VIC;6;STD;C3;R3;CS;1,251;Concentrado Cu-Mo;;;;12/03/2026;46145;;46222;46252;46254;;0,7;0,8757;0,43785;0,43785;;;;;;;;;;;;;;;;;;;;;;;;;;;;;;;
"03351-CT-6""-C3-0018-R3_HOJA-16_SP03_3";"03351-CT-6""-C3-0018-R3_HOJA-16_SP03";"03351-CT-6""-C3-0018-R3_HOJA-16";Concentrado Cu-Mo;03350-02-03;;PIPE RACK ;"03351-CT-6""-C3-0018-R3";16;0;SP03;3;F;VIC;6;STD;C3;R3;CS;1,251;Concentrado Cu-Mo;;;;12/03/2026;46145;;46222;46252;46254;;0,7;0,8757;0,43785;0,43785;;;;;;;;;;;;;;;;;;;;;;;;;;;;;;;
"03351-CT-6""-C3-0018-R3_HOJA-16_SP04_4";"03351-CT-6""-C3-0018-R3_HOJA-16_SP04";"03351-CT-6""-C3-0018-R3_HOJA-16";Concentrado Cu-Mo;03350-02-03;;PIPE RACK ;"03351-CT-6""-C3-0018-R3";16;0;SP04;4;F;VIC;6;STD;C3;R3;CS;1,251;Concentrado Cu-Mo;;;;12/03/2026;46244;;46222;46252;46254;;0,7;0,8757;0,3753;0,5004;;;;;;;;;;;;;;;;;;;;;;;;;;;;;;;
"03351-CT-6""-C3-0018-R3_HOJA-16_SP05_5";"03351-CT-6""-C3-0018-R3_HOJA-16_SP05";"03351-CT-6""-C3-0018-R3_HOJA-16";Concentrado Cu-Mo;03350-02-03;;PIPE RACK ;"03351-CT-6""-C3-0018-R3";16;0;SP05;5;F;VIC;6;STD;C3;R3;CS;1,251;Concentrado Cu-Mo;;;;12/03/2026;46244;;46222;46252;46254;;0,7;0,8757;0,3753;0,5004;;;;;;;;;;;;;;;;;;;;;;;;;;;;;;;
"03351-CT-6""-C3-0018-R3_HOJA-16_SP06_6";"03351-CT-6""-C3-0018-R3_HOJA-16_SP06";"03351-CT-6""-C3-0018-R3_HOJA-16";Concentrado Cu-Mo;03350-02-03;;PIPE RACK ;"03351-CT-6""-C3-0018-R3";16;0;SP06;6;F;VIC;6;STD;C3;R3;CS;1,251;Concentrado Cu-Mo;;;;12/03/2026;46244;;46222;46252;46254;;0,7;0,8757;0,3753;0,5004;;;;;;;;;;;;;;;;;;;;;;;;;;;;;;;
"03351-CT-6""-C3-0018-R3_HOJA-16_SP07_7";"03351-CT-6""-C3-0018-R3_HOJA-16_SP07";"03351-CT-6""-C3-0018-R3_HOJA-16";Concentrado Cu-Mo;03350-02-03;;PIPE RACK ;"03351-CT-6""-C3-0018-R3";16;0;SP07;7;F;VIC;6;STD;C3;R3;CS;1,251;Concentrado Cu-Mo;;;;12/03/2026;46244;;46222;46252;46254;;0,7;0,8757;0,3753;0,5004;;;;;;;;;;;;;;;;;;;;;;;;;;;;;;;
"03351-CT-6""-C3-0018-R3_HOJA-16_SP02_8";"03351-CT-6""-C3-0018-R3_HOJA-16_SP02";"03351-CT-6""-C3-0018-R3_HOJA-16";Concentrado Cu-Mo;03350-02-03;;PIPE RACK ;"03351-CT-6""-C3-0018-R3";16;0;SP02;8;S;BW;6;STD;C3;R3;CS;1,251;Concentrado Cu-Mo;;;Adicional;12/03/2026;;;46222;;;;0,3;0,3753;0,3753;0;;;;;;;;;;;;;;;;;;;;;;;;;;;;;;;
"03351-CT-6""-C3-0018-R3_HOJA-16_SP02_9";"03351-CT-6""-C3-0018-R3_HOJA-16_SP02";"03351-CT-6""-C3-0018-R3_HOJA-16";Concentrado Cu-Mo;03350-02-03;;PIPE RACK ;"03351-CT-6""-C3-0018-R3";16;0;SP02;9;S;BW;6;STD;C3;R3;CS;1,251;Concentrado Cu-Mo;;;Adicional;12/03/2026;;;46222;;;;0,3;0,3753;0,3753;0;;;;;;;;;;;;;;;;;;;;;;;;;;;;;;;
"03351-CT-6""-C3-0018-R3_HOJA-16_SP04_10";"03351-CT-6""-C3-0018-R3_HOJA-16_SP04";"03351-CT-6""-C3-0018-R3_HOJA-16";Concentrado Cu-Mo;03350-02-03;;PIPE RACK ;"03351-CT-6""-C3-0018-R3";16;0;SP04;10;S;BW;6;STD;C3;R3;CS;1,251;Concentrado Cu-Mo;;;Adicional;12/03/2026;;;46222;;;;0,3;0,3753;0,3753;0;;;;;;;;;;;;;;;;;;;;;;;;;;;;;;;
"03351-CT-6""-C3-0018-R3_HOJA-16_SP04_11";"03351-CT-6""-C3-0018-R3_HOJA-16_SP04";"03351-CT-6""-C3-0018-R3_HOJA-16";Concentrado Cu-Mo;03350-02-03;;PIPE RACK ;"03351-CT-6""-C3-0018-R3";16;0;SP04;11;S;BW;6;STD;C3;R3;CS;1,251;Concentrado Cu-Mo;;;Adicional;12/03/2026;;;46222;;;;0,3;0,3753;0,3753;0;;;;;;;;;;;;;;;;;;;;;;;;;;;;;;;
"03351-CT-6""-C3-0018-R3_HOJA-16_SP06_12";"03351-CT-6""-C3-0018-R3_HOJA-16_SP06";"03351-CT-6""-C3-0018-R3_HOJA-16";Concentrado Cu-Mo;03350-02-03;;PIPE RACK ;"03351-CT-6""-C3-0018-R3";16;0;SP06;12;S;BW;6;STD;C3;R3;CS;1,251;Concentrado Cu-Mo;;;Adicional;12/03/2026;;;46222;;;;0,3;0,3753;0,3753;0;;;;;;;;;;;;;;;;;;;;;;;;;;;;;;;
"03351-CT-6""-C3-0018-R3_HOJA-16_SP06_13";"03351-CT-6""-C3-0018-R3_HOJA-16_SP06";"03351-CT-6""-C3-0018-R3_HOJA-16";Concentrado Cu-Mo;03350-02-03;;PIPE RACK ;"03351-CT-6""-C3-0018-R3";16;0;SP06;13;S;BW;6;STD;C3;R3;CS;1,251;Concentrado Cu-Mo;;;Adicional;12/03/2026;;;46222;;;;0,3;0,3753;0,3753;0;;;;;;;;;;;;;;;;;;;;;;;;;;;;;;;
"03351-CT-6""-C3-0018-R3_HOJA-17_SP01_1";"03351-CT-6""-C3-0018-R3_HOJA-17_SP01";"03351-CT-6""-C3-0018-R3_HOJA-17";Concentrado Cu-Mo;03350-02-03;;PIPE RACK ;"03351-CT-6""-C3-0018-R3";17;0;SP01;1;F;VIC;6;STD;C3;R3;CS;1,123;Concentrado Cu-Mo;;;;12/03/2026;46145;;46222;;46254;;0,4;0,4492;0,39305;0,05615;;;;;;;;;;;;;;;;;;;;;;;;;;;;;;;
"03351-CT-6""-C3-0018-R3_HOJA-17_SP02_2";"03351-CT-6""-C3-0018-R3_HOJA-17_SP02";"03351-CT-6""-C3-0018-R3_HOJA-17";Concentrado Cu-Mo;03350-02-03;;PIPE RACK ;"03351-CT-6""-C3-0018-R3";17;0;SP02;2;F;VIC;6;STD;C3;R3;CS;1,123;Concentrado Cu-Mo;;;;12/03/2026;46120;;46222;;46254;;0,4;0,4492;0,39305;0,05615;;;;;;;;;;;;;;;;;;;;;;;;;;;;;;;
"03351-CT-6""-C3-0018-R3_HOJA-17_SP03_3";"03351-CT-6""-C3-0018-R3_HOJA-17_SP03";"03351-CT-6""-C3-0018-R3_HOJA-17";Concentrado Cu-Mo;03350-02-03;;PIPE RACK ;"03351-CT-6""-C3-0018-R3";17;0;SP03;3;F;VIC;6;STD;C3;R3;CS;1,123;Concentrado Cu-Mo;;;;12/03/2026;46120;;46222;;46254;;0,4;0,4492;0,39305;0,05615;;;;;;;;;;;;;;;;;;;;;;;;;;;;;;;
"03351-CT-6""-C3-0018-R3_HOJA-17_SP04_4";"03351-CT-6""-C3-0018-R3_HOJA-17_SP04";"03351-CT-6""-C3-0018-R3_HOJA-17";Concentrado Cu-Mo;03350-02-03;;PIPE RACK ;"03351-CT-6""-C3-0018-R3";17;0;SP04;4;F;VIC;6;STD;C3;R3;CS;1,123;Concentrado Cu-Mo;;;;12/03/2026;46120;;46222;;46254;;0,4;0,4492;0,39305;0,05615;;;;;;;;;;;;;;;;;;;;;;;;;;;;;;;
"03351-CT-6""-C3-0018-R3_HOJA-17_SP06_5";"03351-CT-6""-C3-0018-R3_HOJA-17_SP06";"03351-CT-6""-C3-0018-R3_HOJA-17";Concentrado Cu-Mo;03350-02-03;;PIPE RACK ;"03351-CT-6""-C3-0018-R3";17;0;SP06;5;F;VIC;6;STD;C3;R3;CS;1,123;Concentrado Cu-Mo;;;;12/03/2026;46120;;46222;;46254;;0,4;0,4492;0,39305;0,05615;;;;;;;;;;;;;;;;;;;;;;;;;;;;;;;
"03351-CT-6""-C3-0018-R3_HOJA-17_SP06_6";"03351-CT-6""-C3-0018-R3_HOJA-17_SP06";"03351-CT-6""-C3-0018-R3_HOJA-17";Concentrado Cu-Mo;03350-02-03;;PIPE RACK ;"03351-CT-6""-C3-0018-R3";17;0;SP06;6;F;VIC;6;STD;C3;R3;CS;1,123;Concentrado Cu-Mo;;;;12/03/2026;46120;;46222;;46254;;0,4;0,4492;0,39305;0,05615;;;;;;;;;;;;;;;;;;;;;;;;;;;;;;;
"03351-CT-6""-C3-0018-R3_HOJA-17_SP02_7";"03351-CT-6""-C3-0018-R3_HOJA-17_SP02";"03351-CT-6""-C3-0018-R3_HOJA-17";Concentrado Cu-Mo;03350-02-03;;PIPE RACK ;"03351-CT-6""-C3-0018-R3";17;0;SP02;7;S;BW;6;STD;C3;R3;CS;1,123;Concentrado Cu-Mo;;W-01;Adicional;12/03/2026;46120;46121;46222;;;;0,6;0,6738;0,6738;0;EJECUTADA;46121;W-01;;;;;;;;;;;;;;;;;;;;;;;;;;;;
"03351-CT-6""-C3-0018-R3_HOJA-17_SP02_8";"03351-CT-6""-C3-0018-R3_HOJA-17_SP02";"03351-CT-6""-C3-0018-R3_HOJA-17";Concentrado Cu-Mo;03350-02-03;;PIPE RACK ;"03351-CT-6""-C3-0018-R3";17;0;SP02;8;S;BW;6;STD;C3;R3;CS;1,123;Concentrado Cu-Mo;;W-01;Adicional;12/03/2026;46145;46121;46222;;;;0,6;0,6738;0,6738;0;EJECUTADA;46121;W-01;;;;;;;;;;;;;;;;;;;;;;;;;;;;
"03351-CT-6""-C3-0018-R3_HOJA-17_SP04_9";"03351-CT-6""-C3-0018-R3_HOJA-17_SP04";"03351-CT-6""-C3-0018-R3_HOJA-17";Concentrado Cu-Mo;03350-02-03;;PIPE RACK ;"03351-CT-6""-C3-0018-R3";17;0;SP04;9;S;BW;6;STD;C3;R3;CS;1,123;Concentrado Cu-Mo;;W-01;Adicional;12/03/2026;46145;46121;46222;;;;0,6;0,6738;0,6738;0;EJECUTADA;46121;W-01;;;;;;;;;;;;;;;;;;;;;;;;;;;;
"03351-CT-6""-C3-0018-R3_HOJA-17_SP04_10";"03351-CT-6""-C3-0018-R3_HOJA-17_SP04";"03351-CT-6""-C3-0018-R3_HOJA-17";Concentrado Cu-Mo;03350-02-03;;PIPE RACK ;"03351-CT-6""-C3-0018-R3";17;0;SP04;10;S;BW;6;STD;C3;R3;CS;1,123;Concentrado Cu-Mo;;W-01;Adicional;12/03/2026;46145;46121;46222;;;;0,6;0,6738;0,6738;0;EJECUTADA;46121;W-01;;;;;;;;;;;;;;;;;;;;;;;;;;;;
"03351-CT-6""-C3-0018-R3_HOJA-17_SP06_11";"03351-CT-6""-C3-0018-R3_HOJA-17_SP06";"03351-CT-6""-C3-0018-R3_HOJA-17";Concentrado Cu-Mo;03350-02-03;;PIPE RACK ;"03351-CT-6""-C3-0018-R3";17;0;SP06;11;S;BW;6;STD;C3;R3;CS;1,123;Concentrado Cu-Mo;;W-01;Adicional;12/03/2026;46145;46121;46222;;;;0,6;0,6738;0,6738;0;EJECUTADA;46121;W-01;;;;;;;;;;;;;;;;;;;;;;;;;;;;
"03351-CT-6""-C3-0018-R3_HOJA-17_SP06_12";"03351-CT-6""-C3-0018-R3_HOJA-17_SP06";"03351-CT-6""-C3-0018-R3_HOJA-17";Concentrado Cu-Mo;03350-02-03;;PIPE RACK ;"03351-CT-6""-C3-0018-R3";17;0;SP06;12;S;BW;6;STD;C3;R3;CS;1,123;Concentrado Cu-Mo;;W-01;Adicional;12/03/2026;46120;46121;46222;;;;0,6;0,6738;0,6738;0;EJECUTADA;46121;W-01;;;;;;;;;;;;;;;;;;;;;;;;;;;;
"03351-CT-6""-C3-0018-R3_HOJA-18_SP01_1";"03351-CT-6""-C3-0018-R3_HOJA-18_SP01";"03351-CT-6""-C3-0018-R3_HOJA-18";Concentrado Cu-Mo;03350-02-03;;PIPE RACK ;"03351-CT-6""-C3-0018-R3";18;0;SP01;1;F;VIC;6;STD;C3;R3;CS;2,84;Concentrado Cu-Mo;;;;12/03/2026;46244;;46222;46252;46254;;0,7;1,988;0,852;1,136;;;;;;;;;;;;;;;;;;;;;;;;;;;;;;;
"03351-CT-6""-C3-0018-R3_HOJA-18_SP02_2";"03351-CT-6""-C3-0018-R3_HOJA-18_SP02";"03351-CT-6""-C3-0018-R3_HOJA-18";Concentrado Cu-Mo;03350-02-03;;PIPE RACK ;"03351-CT-6""-C3-0018-R3";18;0;SP02;2;F;VIC;6;STD;C3;R3;CS;2,84;Concentrado Cu-Mo;;;;12/03/2026;46244;;46222;46252;46254;;0,7;1,988;0,852;1,136;;;;;;;;;;;;;;;;;;;;;;;;;;;;;;;
"03351-CT-6""-C3-0018-R3_HOJA-18_SP03_3";"03351-CT-6""-C3-0018-R3_HOJA-18_SP03";"03351-CT-6""-C3-0018-R3_HOJA-18";Concentrado Cu-Mo;03350-02-03;;PIPE RACK ;"03351-CT-6""-C3-0018-R3";18;0;SP03;3;F;VIC;6;STD;C3;R3;CS;2,84;Concentrado Cu-Mo;;;;12/03/2026;46159;;46222;46252;46254;;0,7;1,988;0,994;0,994;;;;;;;;;;;;;;;;;;;;;;;;;;;;;;;
"03351-CT-6""-C3-0018-R3_HOJA-18_SP04_4";"03351-CT-6""-C3-0018-R3_HOJA-18_SP04";"03351-CT-6""-C3-0018-R3_HOJA-18";Concentrado Cu-Mo;03350-02-03;;PIPE RACK ;"03351-CT-6""-C3-0018-R3";18;0;SP04;4;F;VIC;6;STD;C3;R3;CS;2,84;Concentrado Cu-Mo;;;;12/03/2026;46244;;46222;46252;46254;;0,7;1,988;0,852;1,136;;;;;;;;;;;;;;;;;;;;;;;;;;;;;;;
"03351-CT-6""-C3-0018-R3_HOJA-18_SP05_5";"03351-CT-6""-C3-0018-R3_HOJA-18_SP05";"03351-CT-6""-C3-0018-R3_HOJA-18";Concentrado Cu-Mo;03350-02-03;;PIPE RACK ;"03351-CT-6""-C3-0018-R3";18;0;SP05;5;F;VIC;6;STD;C3;R3;CS;2,84;Concentrado Cu-Mo;;;;12/03/2026;46159;;46222;46252;46254;;0,7;1,988;0,994;0,994;;;;;;;;;;;;;;;;;;;;;;;;;;;;;;;
"03351-CT-6""-C3-0018-R3_HOJA-18_SP03_6";"03351-CT-6""-C3-0018-R3_HOJA-18_SP03";"03351-CT-6""-C3-0018-R3_HOJA-18";Concentrado Cu-Mo;03350-02-03;;PIPE RACK ;"03351-CT-6""-C3-0018-R3";18;0;SP03;6;S;BW;6;STD;C3;R3;CS;2,84;Concentrado Cu-Mo;;W-01;Adicional;12/03/2026;46120;46120;46222;46256;;;0,9;2,556;1,704;0,852;EJECUTADA;46120;W-01;;;;;;;;;;;;;;;;;;;;;;;;;;;;
"03351-CT-6""-C3-0018-R3_HOJA-18_SP03_7";"03351-CT-6""-C3-0018-R3_HOJA-18_SP03";"03351-CT-6""-C3-0018-R3_HOJA-18";Concentrado Cu-Mo;03350-02-03;;PIPE RACK ;"03351-CT-6""-C3-0018-R3";18;0;SP03;7;S;BW;6;STD;C3;R3;CS;2,84;Concentrado Cu-Mo;;W-01;Adicional;12/03/2026;46120;46120;46222;46256;;;0,9;2,556;1,704;0,852;EJECUTADA;46120;W-01;;;;;;;;;;;;;;;;;;;;;;;;;;;;
"03351-CT-6""-C3-0018-R3_HOJA-19_SP01_1";"03351-CT-6""-C3-0018-R3_HOJA-19_SP01";"03351-CT-6""-C3-0018-R3_HOJA-19";Concentrado Cu-Mo;03350-02-03;;PIPE RACK ;"03351-CT-6""-C3-0018-R3";19;0;SP01;1;F;VIC;6;STD;C3;R3;CS;0,751;Concentrado Cu-Mo;;;;12/03/2026;46158;;46222;;46254;;0,4;0,3004;0,26285;0,03755;;;;;;;;;;;;;;;;;;;;;;;;;;;;;;;
"03351-CT-6""-C3-0018-R3_HOJA-19_SP02_2";"03351-CT-6""-C3-0018-R3_HOJA-19_SP02";"03351-CT-6""-C3-0018-R3_HOJA-19";Concentrado Cu-Mo;03350-02-03;;PIPE RACK ;"03351-CT-6""-C3-0018-R3";19;0;SP02;2;F;VIC;6;STD;C3;R3;CS;0,751;Concentrado Cu-Mo;;;;12/03/2026;46244;;46222;;46254;;0,4;0,3004;0,2253;0,0751;;;;;;;;;;;;;;;;;;;;;;;;;;;;;;;
"03351-CT-6""-C3-0018-R3_HOJA-19_SP03_3";"03351-CT-6""-C3-0018-R3_HOJA-19_SP03";"03351-CT-6""-C3-0018-R3_HOJA-19";Concentrado Cu-Mo;03350-02-03;;PIPE RACK ;"03351-CT-6""-C3-0018-R3";19;0;SP03;3;F;VIC;6;STD;C3;R3;CS;0,751;Concentrado Cu-Mo;;;;12/03/2026;46159;;46222;;46254;;0,4;0,3004;0,26285;0,03755;;;;;;;;;;;;;;;;;;;;;;;;;;;;;;;
"03351-CT-6""-C3-0018-R3_HOJA-19_SP04_4";"03351-CT-6""-C3-0018-R3_HOJA-19_SP04";"03351-CT-6""-C3-0018-R3_HOJA-19";Concentrado Cu-Mo;03350-02-03;;PIPE RACK ;"03351-CT-6""-C3-0018-R3";19;0;SP04;4;F;VIC;6;STD;C3;R3;CS;0,751;Concentrado Cu-Mo;;;;12/03/2026;46244;;46222;;46254;;0,4;0,3004;0,2253;0,0751;;;;;;;;;;;;;;;;;;;;;;;;;;;;;;;
"03351-CT-6""-C3-0018-R3_HOJA-19_SP05_5";"03351-CT-6""-C3-0018-R3_HOJA-19_SP05";"03351-CT-6""-C3-0018-R3_HOJA-19";Concentrado Cu-Mo;03350-02-03;;PIPE RACK ;"03351-CT-6""-C3-0018-R3";19;0;SP05;5;F;VIC;6;STD;C3;R3;CS;0,751;Concentrado Cu-Mo;;;;12/03/2026;46244;;46222;;46254;;0,4;0,3004;0,2253;0,0751;;;;;;;;;;;;;;;;;;;;;;;;;;;;;;;
"03351-CT-6""-C3-0018-R3_HOJA-19_SP01_6";"03351-CT-6""-C3-0018-R3_HOJA-19_SP01";"03351-CT-6""-C3-0018-R3_HOJA-19";Concentrado Cu-Mo;03350-02-03;;PIPE RACK ;"03351-CT-6""-C3-0018-R3";19;0;SP01;6;S;BW;6;STD;C3;R3;CS;0,751;Concentrado Cu-Mo;;W-01;Adicional;12/03/2026;46120;46120;46222;;;;0,6;0,4506;0,4506;0;EJECUTADA;46120;W-01;;;;;;;;;;;;;;;;;;;;;;;;;;;;
"03351-CT-6""-C3-0018-R3_HOJA-19_SP01_7";"03351-CT-6""-C3-0018-R3_HOJA-19_SP01";"03351-CT-6""-C3-0018-R3_HOJA-19";Concentrado Cu-Mo;03350-02-03;;PIPE RACK ;"03351-CT-6""-C3-0018-R3";19;0;SP01;7;S;BW;6;STD;C3;R3;CS;0,751;Concentrado Cu-Mo;;W-01;Adicional;12/03/2026;46120;46120;46222;;;;0,6;0,4506;0,4506;0;EJECUTADA;46120;W-01;;;;;;;;;;;;;;;;;;;;;;;;;;;;
"03351-CT-6""-C3-0018-R3_HOJA-19_SP03_8";"03351-CT-6""-C3-0018-R3_HOJA-19_SP03";"03351-CT-6""-C3-0018-R3_HOJA-19";Concentrado Cu-Mo;03350-02-03;;PIPE RACK ;"03351-CT-6""-C3-0018-R3";19;0;SP03;8;S;BW;6;STD;C3;R3;CS;0,751;Concentrado Cu-Mo;;W-01;Adicional;12/03/2026;46120;46120;46222;;;;0,6;0,4506;0,4506;0;EJECUTADA;46120;W-01;;;;;;;;;;;;;;;;;;;;;;;;;;;;
"03351-CT-6""-C3-0018-R3_HOJA-19_SP03_9";"03351-CT-6""-C3-0018-R3_HOJA-19_SP03";"03351-CT-6""-C3-0018-R3_HOJA-19";Concentrado Cu-Mo;03350-02-03;;PIPE RACK ;"03351-CT-6""-C3-0018-R3";19;0;SP03;9;S;BW;6;STD;C3;R3;CS;0,751;Concentrado Cu-Mo;;W-01;Adicional;12/03/2026;46120;46120;46222;;;;0,6;0,4506;0,4506;0;EJECUTADA;46120;W-01;;;;;;;;;;;;;;;;;;;;;;;;;;;;
"03351-CT-6""-C3-0018-R3_HOJA-19_SP05_10";"03351-CT-6""-C3-0018-R3_HOJA-19_SP05";"03351-CT-6""-C3-0018-R3_HOJA-19";Concentrado Cu-Mo;03350-02-03;;PIPE RACK ;"03351-CT-6""-C3-0018-R3";19;0;SP05;10;S;BW;6;STD;C3;R3;CS;0,751;Concentrado Cu-Mo;;W-16;Adicional;12/03/2026;46142;46142;46222;;;;0,6;0,4506;0,4506;0;EJECUTADA;46142;W-16;;;;;;;;;;;;;;;;;;;;;;;;;;;;
"03351-CT-6""-C3-0018-R3_HOJA-19_SP05_11";"03351-CT-6""-C3-0018-R3_HOJA-19_SP05";"03351-CT-6""-C3-0018-R3_HOJA-19";Concentrado Cu-Mo;03350-02-03;;PIPE RACK ;"03351-CT-6""-C3-0018-R3";19;0;SP05;11;S;BW;6;STD;C3;R3;CS;0,751;Concentrado Cu-Mo;;W-16;Adicional;12/03/2026;46142;46142;46222;;;;0,6;0,4506;0,4506;0;EJECUTADA;46142;W-16;;;;;;;;;;;;;;;;;;;;;;;;;;;;
"03351-CT-6""-C3-0018-R3_HOJA-20_SP01_1";"03351-CT-6""-C3-0018-R3_HOJA-20_SP01";"03351-CT-6""-C3-0018-R3_HOJA-20";Concentrado Cu-Mo;03350-02-03;;PIPE RACK ;"03351-CT-6""-C3-0018-R3";20;0;SP01;1;F;VIC;6;STD;C3;R3;CS;2,371;Concentrado Cu-Mo;;;;12/03/2026;46145;;46222;;46253;;0,4;0,9484;0,82985;0,11855;;;;;;;;;;;;;;;;;;;;;;;;;;;;;;;
"03351-CT-6""-C3-0018-R3_HOJA-20_SP02_2";"03351-CT-6""-C3-0018-R3_HOJA-20_SP02";"03351-CT-6""-C3-0018-R3_HOJA-20";Concentrado Cu-Mo;03350-02-03;;PIPE RACK ;"03351-CT-6""-C3-0018-R3";20;0;SP02;2;F;VIC;6;STD;C3;R3;CS;2,371;Concentrado Cu-Mo;;;;12/03/2026;46145;;46222;;46253;;0,4;0,9484;0,82985;0,11855;;;;;;;;;;;;;;;;;;;;;;;;;;;;;;;
"03351-CT-6""-C3-0018-R3_HOJA-20_SP03_3";"03351-CT-6""-C3-0018-R3_HOJA-20_SP03";"03351-CT-6""-C3-0018-R3_HOJA-20";Concentrado Cu-Mo;03350-02-03;;PIPE RACK ;"03351-CT-6""-C3-0018-R3";20;0;SP03;3;F;VIC;6;STD;C3;R3;CS;2,371;Concentrado Cu-Mo;;;;12/03/2026;46145;;46222;;46253;;0,4;0,9484;0,82985;0,11855;;;;;;;;;;;;;;;;;;;;;;;;;;;;;;;
"03351-CT-6""-C3-0018-R3_HOJA-20_SP04_4";"03351-CT-6""-C3-0018-R3_HOJA-20_SP04";"03351-CT-6""-C3-0018-R3_HOJA-20";Concentrado Cu-Mo;03350-02-03;;PIPE RACK ;"03351-CT-6""-C3-0018-R3";20;0;SP04;4;F;VIC;6;STD;C3;R3;CS;2,371;Concentrado Cu-Mo;;;;12/03/2026;46145;46251;46222;46250;46250;;0,95;2,25245;0,82985;1,4226;;;;;;;;;;;;;;;;;;;;;;;;;;;;;;;
"03351-CT-6""-C3-0018-R3_HOJA-20_SP02_5";"03351-CT-6""-C3-0018-R3_HOJA-20_SP02";"03351-CT-6""-C3-0018-R3_HOJA-20";Concentrado Cu-Mo;03350-02-03;;PIPE RACK ;"03351-CT-6""-C3-0018-R3";20;0;SP02;5;S;BW;6;STD;C3;R3;CS;2,371;Concentrado Cu-Mo;;W-18;Adicional;12/03/2026;46145;46145;46222;;;;0,6;1,4226;1,4226;0;EJECUTADA;46176;W-18;;;;;;;;;;;;;;;;;;;;;;;;;;;;
"03351-CT-6""-C3-0018-R3_HOJA-20_SP02_6";"03351-CT-6""-C3-0018-R3_HOJA-20_SP02";"03351-CT-6""-C3-0018-R3_HOJA-20";Concentrado Cu-Mo;03350-02-03;;PIPE RACK ;"03351-CT-6""-C3-0018-R3";20;0;SP02;6;S;BW;6;STD;C3;R3;CS;2,371;Concentrado Cu-Mo;;W-19;Adicional;12/03/2026;46145;46145;46222;;;;0,6;1,4226;1,4226;0;EJECUTADA;46176;W-19;;;;;;;;;;;;;;;;;;;;;;;;;;;;
"03351-CT-6""-C3-0018-R3_HOJA-21_SP01_1";"03351-CT-6""-C3-0018-R3_HOJA-21_SP01";"03351-CT-6""-C3-0018-R3_HOJA-21";Concentrado Cu-Mo;03350-02-03;;PIPE RACK ;"03351-CT-6""-C3-0018-R3";21;0;SP01;1;F;VIC;6;STD;C3;R3;CS;1,313;Concentrado Cu-Mo;;;;12/03/2026;46158;46253;46222;46251;46250;;0,95;1,24735;0,45955;0,7878;;;;;;;;;;;;;;;;;;;;;;;;;;;;;;;
"03351-CT-6""-C3-0018-R3_HOJA-21_SP02_2";"03351-CT-6""-C3-0018-R3_HOJA-21_SP02";"03351-CT-6""-C3-0018-R3_HOJA-21";Concentrado Cu-Mo;03350-02-03;;PIPE RACK ;"03351-CT-6""-C3-0018-R3";21;0;SP02;2;F;VIC;6;STD;C3;R3;CS;1,313;Concentrado Cu-Mo;;;;12/03/2026;46159;;46222;;46253;;0,4;0,5252;0,45955;0,06565;;;;;;;;;;;;;;;;;;;;;;;;;;;;;;;
"03351-CT-6""-C3-0018-R3_HOJA-21_SP03_3";"03351-CT-6""-C3-0018-R3_HOJA-21_SP03";"03351-CT-6""-C3-0018-R3_HOJA-21";Concentrado Cu-Mo;03350-02-03;;PIPE RACK ;"03351-CT-6""-C3-0018-R3";21;0;SP03;3;F;VIC;6;STD;C3;R3;CS;1,313;Concentrado Cu-Mo;;;;12/03/2026;46158;;46222;;46253;;0,4;0,5252;0,45955;0,06565;;;;;;;;;;;;;;;;;;;;;;;;;;;;;;;
"03351-CT-6""-C3-0018-R3_HOJA-21_SP04_4";"03351-CT-6""-C3-0018-R3_HOJA-21_SP04";"03351-CT-6""-C3-0018-R3_HOJA-21";Concentrado Cu-Mo;03350-02-03;;PIPE RACK ;"03351-CT-6""-C3-0018-R3";21;0;SP04;4;F;VIC;6;STD;C3;R3;CS;1,313;Concentrado Cu-Mo;;;;12/03/2026;46158;;46222;;46253;;0,4;0,5252;0,45955;0,06565;;;;;;;;;;;;;;;;;;;;;;;;;;;;;;;
"03351-CT-6""-C3-0018-R3_HOJA-21_SP05_5";"03351-CT-6""-C3-0018-R3_HOJA-21_SP05";"03351-CT-6""-C3-0018-R3_HOJA-21";Concentrado Cu-Mo;03350-02-03;;PIPE RACK ;"03351-CT-6""-C3-0018-R3";21;0;SP05;5;F;VIC;6;STD;C3;R3;CS;1,313;Concentrado Cu-Mo;;;;12/03/2026;46159;;46222;;46253;;0,4;0,5252;0,45955;0,06565;;;;;;;;;;;;;;;;;;;;;;;;;;;;;;;
"03351-CT-6""-C3-0018-R3_HOJA-21_SP01_6";"03351-CT-6""-C3-0018-R3_HOJA-21_SP01";"03351-CT-6""-C3-0018-R3_HOJA-21";Concentrado Cu-Mo;03350-02-03;;PIPE RACK ;"03351-CT-6""-C3-0018-R3";21;0;SP01;6;S;BW;6;STD;C3;R3;CS;1,313;Concentrado Cu-Mo;;W-02;Adicional;12/03/2026;46119;46119;46222;46251;46250;;0,95;1,24735;0,7878;0,45955;EJECUTADA;46119;W-02;;;;;;;;;;;;;;;;;;;;;;;;;;;;
"03351-CT-6""-C3-0018-R3_HOJA-21_SP01_7";"03351-CT-6""-C3-0018-R3_HOJA-21_SP01";"03351-CT-6""-C3-0018-R3_HOJA-21";Concentrado Cu-Mo;03350-02-03;;PIPE RACK ;"03351-CT-6""-C3-0018-R3";21;0;SP01;7;S;BW;6;STD;C3;R3;CS;1,313;Concentrado Cu-Mo;;W-02;Adicional;12/03/2026;46119;46119;46222;46251;46250;;0,95;1,24735;0,7878;0,45955;EJECUTADA;46119;W-02;;;;;;;;;;;;;;;;;;;;;;;;;;;;
"03351-CT-6""-C3-0018-R3_HOJA-21_SP04_8";"03351-CT-6""-C3-0018-R3_HOJA-21_SP04";"03351-CT-6""-C3-0018-R3_HOJA-21";Concentrado Cu-Mo;03350-02-03;;PIPE RACK ;"03351-CT-6""-C3-0018-R3";21;0;SP04;8;S;BW;6;STD;C3;R3;CS;1,313;Concentrado Cu-Mo;;W-02;Adicional;12/03/2026;46119;46119;46222;;;;0,6;0,7878;0,7878;0;EJECUTADA;46119;W-02;;;;;;;;;;;;;;;;;;;;;;;;;;;;
"03351-CT-6""-C3-0018-R3_HOJA-21_SP04_9";"03351-CT-6""-C3-0018-R3_HOJA-21_SP04";"03351-CT-6""-C3-0018-R3_HOJA-21";Concentrado Cu-Mo;03350-02-03;;PIPE RACK ;"03351-CT-6""-C3-0018-R3";21;0;SP04;9;S;BW;6;STD;C3;R3;CS;1,313;Concentrado Cu-Mo;;W-02;Adicional;12/03/2026;46119;46121;46222;;;;0,6;0,7878;0,7878;0;EJECUTADA;46121;W-02;;;;;;;;;;;;;;;;;;;;;;;;;;;;
"03351-CT-6""-C3-0018-R3_HOJA-22_SP02_2";"03351-CT-6""-C3-0018-R3_HOJA-22_SP01";"03351-CT-6""-C3-0018-R3_HOJA-22";Concentrado Cu-Mo;03350-02-03;;PIPE RACK ;"03351-CT-6""-C3-0018-R3";22;1;SP01;1;F;VIC;6;STD;C3;R3;CS;0,62;Concentrado Cu-Mo;;;;12/03/2026;46158;;46222;;46254;;0,4;0,248;0,217;0,031;;;;;;;;;;;;;;;;;;;;;;;;;;;;;;;
"03351-CT-6""-C3-0018-R3_HOJA-22_SP03_3";"03351-CT-6""-C3-0018-R3_HOJA-22_SP02";"03351-CT-6""-C3-0018-R3_HOJA-22";Concentrado Cu-Mo;03350-02-03;;PIPE RACK ;"03351-CT-6""-C3-0018-R3";22;1;SP02;2;F;VIC;6;STD;C3;R3;CS;0,62;Concentrado Cu-Mo;;;;12/03/2026;46158;;46222;;46254;;0,4;0,248;0,217;0,031;;;;;;;;;;;;;;;;;;;;;;;;;;;;;;;
"03351-CT-6""-C3-0018-R3_HOJA-22_SP01_1";"03351-CT-6""-C3-0018-R3_HOJA-22_SP03";"03351-CT-6""-C3-0018-R3_HOJA-22";Concentrado Cu-Mo;03350-02-03;;PIPE RACK ;"03351-CT-6""-C3-0018-R3";22;1;SP03;3;F;VIC;6;STD;C3;R3;CS;0,62;Concentrado Cu-Mo;;;;12/03/2026;46159;;46222;;46254;;0,4;0,248;0,217;0,031;;;;;;;;;;;;;;;;;;;;;;;;;;;;;;;
"03351-CT-6""-C3-0018-R3_HOJA-22_SP04_4";"03351-CT-6""-C3-0018-R3_HOJA-22_SP04";"03351-CT-6""-C3-0018-R3_HOJA-22";Concentrado Cu-Mo;03350-02-03;;PIPE RACK ;"03351-CT-6""-C3-0018-R3";22;1;SP04;4;F;VIC;6;STD;C3;R3;CS;0,62;Concentrado Cu-Mo;;;;12/03/2026;46158;;46222;;46254;;0,4;0,248;0,217;0,031;;;;;;;;;;;;;;;;;;;;;;;;;;;;;;;
"03351-CT-6""-C3-0018-R3_HOJA-22_SP01_5";"03351-CT-6""-C3-0018-R3_HOJA-22_SP01";"03351-CT-6""-C3-0018-R3_HOJA-22";Concentrado Cu-Mo;03350-02-03;;PIPE RACK ;"03351-CT-6""-C3-0018-R3";22;1;SP01;5;S;BW;6;STD;C3;R3;CS;0,62;Concentrado Cu-Mo;;W-01;Adicional;12/03/2026;46120;46120;46222;;;;0,6;0,372;0,372;0;EJECUTADA;46119;W-01;;;;;;;;;;;;;;;;;;;;;;;;;;;;
"03351-CT-6""-C3-0018-R3_HOJA-22_SP01_6";"03351-CT-6""-C3-0018-R3_HOJA-22_SP01";"03351-CT-6""-C3-0018-R3_HOJA-22";Concentrado Cu-Mo;03350-02-03;;PIPE RACK ;"03351-CT-6""-C3-0018-R3";22;1;SP01;6;S;BW;6;STD;C3;R3;CS;0,62;Concentrado Cu-Mo;;W-01;Adicional;12/03/2026;46120;46120;46222;;;;0,6;0,372;0,372;0;EJECUTADA;46119;W-01;;;;;;;;;;;;;;;;;;;;;;;;;;;;
"03351-CT-6""-C3-0018-R3_HOJA-22_SP03_7";"03351-CT-6""-C3-0018-R3_HOJA-22_SP03";"03351-CT-6""-C3-0018-R3_HOJA-22";Concentrado Cu-Mo;03350-02-03;;PIPE RACK ;"03351-CT-6""-C3-0018-R3";22;1;SP03;7;S;BW;6;STD;C3;R3;CS;0,62;Concentrado Cu-Mo;;W-01;Adicional;12/03/2026;46119;46119;46222;;;;0,6;0,372;0,372;0;EJECUTADA;46120;W-01;;;;;;;;;;;;;;;;;;;;;;;;;;;;
"03351-CT-6""-C3-0018-R3_HOJA-22_SP03_8";"03351-CT-6""-C3-0018-R3_HOJA-22_SP03";"03351-CT-6""-C3-0018-R3_HOJA-22";Concentrado Cu-Mo;03350-02-03;;PIPE RACK ;"03351-CT-6""-C3-0018-R3";22;1;SP03;8;S;BW;6;STD;C3;R3;CS;0,62;Concentrado Cu-Mo;;W-01;Adicional;12/03/2026;46119;46119;46222;;;;0,6;0,372;0,372;0;EJECUTADA;46119;W-01;;;;;;;;;;;;;;;;;;;;;;;;;;;;
"03351-CT-6""-C3-0018-R3_HOJA-22_SP04_9";"03351-CT-6""-C3-0018-R3_HOJA-22_SP04";"03351-CT-6""-C3-0018-R3_HOJA-22";Concentrado Cu-Mo;03350-02-03;;PIPE RACK ;"03351-CT-6""-C3-0018-R3";22;1;SP04;9;S;BW;6;STD;C3;R3;CS;0,62;Concentrado Cu-Mo;;W-02;Adicional;12/03/2026;46119;46119;46222;;;;0,6;0,372;0,372;0;EJECUTADA;46121;W-02;;;;;;;;;;;;;;;;;;;;;;;;;;;;
"03351-CT-6""-C3-0021-R3_HOJA-1_SP01_1";"03351-CT-6""-C3-0021-R3_HOJA-1_SP01";"03351-CT-6""-C3-0021-R3_HOJA-1";Concentrado Cu-Mo;03350-02-03;;BAJO ESPESADOR ;"03351-CT-6""-C3-0021-R3";1;0;SP01;1;S;SO;4;STD;C3;R3;CS;0,157;Concentrado Cu-Mo;CAJON DISTRIBUIDOR (EXISTENTE);;;12/03/2026;;;46209;;;;0,3;0,0471;0,0471;0;;;;;;;;;;;;;;;;;;;;;;;;;;;;;;;
"03351-CT-6""-C3-0021-R3_HOJA-1_SP01_2";"03351-CT-6""-C3-0021-R3_HOJA-1_SP01";"03351-CT-6""-C3-0021-R3_HOJA-1";Concentrado Cu-Mo;03350-02-03;;BAJO ESPESADOR ;"03351-CT-6""-C3-0021-R3";1;0;SP01;2;F;VIC;4;STD;C3;R3;CS;0,157;Concentrado Cu-Mo;;;;12/03/2026;46156;46227;46209;46244;46251;;0,95;0,14915;0,0942;0,05495;EJECUTADA;46227;0;;;;;;;;;;;;;;;;;;;;;;;;;;;;
"03351-CT-6""-C3-0021-R3_HOJA-1_SP02_3";"03351-CT-6""-C3-0021-R3_HOJA-1_SP02";"03351-CT-6""-C3-0021-R3_HOJA-1";Concentrado Cu-Mo;03350-02-03;;BAJO ESPESADOR ;"03351-CT-6""-C3-0021-R3";1;0;SP02;3;F;BW;4;STD;C3;R3;CS;0,157;Concentrado Cu-Mo;;W-02;;12/03/2026;46155;46226;46209;46244;;;0,9;0,1413;0,0942;0,0471;EJECUTADA;46226;W-02;;;;;;;;;;;;;;;;;;;;;;;;;;;;
"03351-CT-6""-C3-0021-R3_HOJA-1_SP03_4";"03351-CT-6""-C3-0021-R3_HOJA-1_SP03";"03351-CT-6""-C3-0021-R3_HOJA-1";Concentrado Cu-Mo;03350-02-03;;BAJO ESPESADOR ;"03351-CT-6""-C3-0021-R3";1;0;SP03;4;F;VIC;3;STD;C3;R3;CS;0,157;Concentrado Cu-Mo;;;;12/03/2026;46157;46232;46232;46245;46251;;0,95;0,14915;0,0942;0,05495;EJECUTADA;46232;0;;;;;;;;;;;;;;;;;;;;;;;;;;;;
"03351-CT-6""-C3-0021-R3_HOJA-1_SP03_5";"03351-CT-6""-C3-0021-R3_HOJA-1_SP03";"03351-CT-6""-C3-0021-R3_HOJA-1";Concentrado Cu-Mo;03350-02-03;;BAJO ESPESADOR ;"03351-CT-6""-C3-0021-R3";1;0;SP03;5;F;SO;3;STD;C3;R3;CS;0,157;Concentrado Cu-Mo;;W-02;;12/03/2026;46155;46232;46209;46247;;;0,9;0,1413;0,0942;0,0471;EJECUTADA;46232;W-02;;;;;;;;;;;;;;;;;;;;;;;;;;;;
"03351-CT-6""-C3-0021-R3_HOJA-2_SP01_1";"03351-CT-6""-C3-0021-R3_HOJA-2_SP01";"03351-CT-6""-C3-0021-R3_HOJA-2";Concentrado Cu-Mo;03350-02-03;;BAJO ESPESADOR ;"03351-CT-6""-C3-0021-R3";2;0;SP01;1;F;BW;6;STD;C3;R3;CS;0,141;Concentrado Cu-Mo;;W-02;;12/03/2026;46156;46226;46209;46244;;;0,9;0,1269;0,0846;0,0423;EJECUTADA;46226;W-02;;;;;;;;;;;;;;;;;;;;;;;;;;;;
"03351-CT-6""-C3-0021-R3_HOJA-2_SP02_2";"03351-CT-6""-C3-0021-R3_HOJA-2_SP02";"03351-CT-6""-C3-0021-R3_HOJA-2";Concentrado Cu-Mo;03350-02-03;;BAJO ESPESADOR ;"03351-CT-6""-C3-0021-R3";2;0;SP02;2;F;VIC;6;STD;C3;R3;CS;0,141;Concentrado Cu-Mo;;;;12/03/2026;46157;;46209;;46253;;0,4;0,0564;0,03525;0,02115;;;;;;;;;;;;;;;;;;;;;;;;;;;;;;;
"03351-CT-6""-C3-0021-R3_HOJA-2_SP02_3";"03351-CT-6""-C3-0021-R3_HOJA-2_SP02";"03351-CT-6""-C3-0021-R3_HOJA-2";Concentrado Cu-Mo;03350-02-03;;BAJO ESPESADOR ;"03351-CT-6""-C3-0021-R3";2;0;SP02;3;F;VIC;6;STD;C3;R3;CS;0,141;Concentrado Cu-Mo;;;;12/03/2026;46157;;46209;;46253;;0,4;0,0564;0,04935;0,00705;;;;;;;;;;;;;;;;;;;;;;;;;;;;;;;
"03351-CT-6""-C3-0021-R3_HOJA-2_SP01_4";"03351-CT-6""-C3-0021-R3_HOJA-2_SP01";"03351-CT-6""-C3-0021-R3_HOJA-2";Concentrado Cu-Mo;03350-02-03;;BAJO ESPESADOR ;"03351-CT-6""-C3-0021-R3";2;0;SP01;4;S;SO;3;STD;C3;R3;CS;0,141;Concentrado Cu-Mo;;W-19;;12/03/2026;46157;46147;46209;46256;;;0,9;0,1269;0,0705;0,0564;EJECUTADA;46176;W-19;;;;;;;;;;;;;;;;;;;;;;;;;;;;
"03351-CT-6""-C3-0021-R3_HOJA-2_SP01_5";"03351-CT-6""-C3-0021-R3_HOJA-2_SP01";"03351-CT-6""-C3-0021-R3_HOJA-2";Concentrado Cu-Mo;03350-02-03;;BAJO ESPESADOR ;"03351-CT-6""-C3-0021-R3";2;0;SP01;5;S;BRW;3;STD;C3;R3;CS;0,141;Concentrado Cu-Mo;;W-16;Adicional;12/03/2026;46147;46147;46209;46256;;;0,9;0,1269;0,0846;0,0423;EJECUTADA;46147;W-16;;;;;;;;;;;;;;;;;;;;;;;;;;;;
"03351-CT-6""-C3-0021-R3_HOJA-2_SP03_6";"03351-CT-6""-C3-0021-R3_HOJA-2_SP03";"03351-CT-6""-C3-0021-R3_HOJA-2";Concentrado Cu-Mo;03350-02-03;;BAJO ESPESADOR ;"03351-CT-6""-C3-0021-R3";2;0;SP03;6;S;BW;3;STD;C3;R3;CS;0,141;Concentrado Cu-Mo;;W-19;Adicional;12/03/2026;46165;46165;46209;46256;;;0,9;0,1269;0,0705;0,0564;EJECUTADA;46165;W-19;;;;;;;;;;;;;;;;;;;;;;;;;;;;
"03351-CT-6""-C3-0021-R3_HOJA-2_SP03_7";"03351-CT-6""-C3-0021-R3_HOJA-2_SP03";"03351-CT-6""-C3-0021-R3_HOJA-2";Concentrado Cu-Mo;03350-02-03;;BAJO ESPESADOR ;"03351-CT-6""-C3-0021-R3";2;0;SP03;7;S;BW;3;STD;C3;R3;CS;0,141;Concentrado Cu-Mo;;W-19;Adicional;12/03/2026;46165;46165;46209;46257;;;0,9;0,1269;0,0846;0,0423;EJECUTADA;46165;W-19;;;;;;;;;;;;;;;;;;;;;;;;;;;;
"03351-CT-6""-C3-0021-R3_HOJA-3_SP01_1";"03351-CT-6""-C3-0021-R3_HOJA-3_SP01";"03351-CT-6""-C3-0021-R3_HOJA-3";Concentrado Cu-Mo;03350-02-03;;BAJO ESPESADOR ;"03351-CT-6""-C3-0021-R3";3;0;SP01;1;F;VIC;3;80;C3;R3;CS;0,1455;Concentrado Cu-Mo;;;;12/03/2026;46156;46227;46209;46245;46251;;0,95;0,138225;0,0873;0,050925;EJECUTADA;46227;0;;;;;;;;;;;;;;;;;;;;;;;;;;;;
"03351-CT-6""-C3-0021-R3_HOJA-3_SP01_2";"03351-CT-6""-C3-0021-R3_HOJA-3_SP01";"03351-CT-6""-C3-0021-R3_HOJA-3";Concentrado Cu-Mo;03350-02-03;;BAJO ESPESADOR ;"03351-CT-6""-C3-0021-R3";3;0;SP01;2;F;VIC;3;80;C3;R3;CS;0,1455;Concentrado Cu-Mo;;;;12/03/2026;46157;46233;46233;46245;46251;;0,95;0,138225;0,0873;0,050925;EJECUTADA;46233;0;;;;;;;;;;;;;;;;;;;;;;;;;;;;
"03351-CT-6""-C3-0021-R3_HOJA-3_SP02_3";"03351-CT-6""-C3-0021-R3_HOJA-3_SP02";"03351-CT-6""-C3-0021-R3_HOJA-3";Concentrado Cu-Mo;03350-02-03;;BAJO ESPESADOR ;"03351-CT-6""-C3-0021-R3";3;0;SP02;3;F;SO;2;80;C3;R3;CS;0,394;Concentrado Cu-Mo;;W-18;;12/03/2026;46155;46222;46222;46247;;;0,9;0,3546;0,2364;0,1182;EJECUTADA;46222;W-18;;;;;;;;;;;;;;;;;;;;;;;;;;;;
"03351-CT-6""-C3-0021-R3_HOJA-3_SP02_4";"03351-CT-6""-C3-0021-R3_HOJA-3_SP02";"03351-CT-6""-C3-0021-R3_HOJA-3";Concentrado Cu-Mo;03350-02-03;;BAJO ESPESADOR ;"03351-CT-6""-C3-0021-R3";3;0;SP02;4;S;SO;3;80;C3;R3;CS;0,1455;Concentrado Cu-Mo;;;;12/03/2026;;;46209;;;;0,3;0,04365;0,04365;0;;;;;;;;;;;;;;;;;;;;;;;;;;;;;;;
"03351-CT-6""-C3-0021-R3_HOJA-3_SP03_5";"03351-CT-6""-C3-0021-R3_HOJA-3_SP03";"03351-CT-6""-C3-0021-R3_HOJA-3";Concentrado Cu-Mo;03350-02-03;;BAJO ESPESADOR ;"03351-CT-6""-C3-0021-R3";3;0;SP03;5;F;SW;2;80;C2;R3;CS;0,394;Concentrado Cu-Mo;;W-18;;12/03/2026;46157;46222;46222;46247;;;0,9;0,3546;0,2364;0,1182;EJECUTADA;46222;W-18;;;;;;;;;;;;;;;;;;;;;;;;;;;;
"03351-CT-6""-C3-0021-R3_HOJA-3_SP03_6";"03351-CT-6""-C3-0021-R3_HOJA-3_SP03";"03351-CT-6""-C3-0021-R3_HOJA-3";Concentrado Cu-Mo;03350-02-03;;BAJO ESPESADOR ;"03351-CT-6""-C3-0021-R3";3;0;SP03;6;F;SW;2;80;C2;R3;CS;0,394;Concentrado Cu-Mo;;;;12/03/2026;46157;;46209;;;;0,35;0,1379;0,1379;0;;;;;;;;;;;;;;;;;;;;;;;;;;;;;;;
"03351-CT-6""-C3-0021-R3_HOJA-3_SP03_7";"03351-CT-6""-C3-0021-R3_HOJA-3_SP03";"03351-CT-6""-C3-0021-R3_HOJA-3";Concentrado Cu-Mo;03350-02-03;;BAJO ESPESADOR ;"03351-CT-6""-C3-0021-R3";3;0;SP03;7;F;SW;2;80;C2;R3;CS;0,394;Concentrado Cu-Mo;;;;12/03/2026;46156;;46209;;;;0,35;0,1379;0,0985;0,0394;;;;;;;;;;;;;;;;;;;;;;;;;;;;;;;
"03351-CT-6""-C3-0021-R3_HOJA-3_SP03_8";"03351-CT-6""-C3-0021-R3_HOJA-3_SP03";"03351-CT-6""-C3-0021-R3_HOJA-3";Concentrado Cu-Mo;03350-02-03;;BAJO ESPESADOR ;"03351-CT-6""-C3-0021-R3";3;0;SP03;8;F;SW;2;80;C2;R3;CS;0,394;Concentrado Cu-Mo;;;;12/03/2026;46157;;46209;;;;0,35;0,1379;0,1379;0;;;;;;;;;;;;;;;;;;;;;;;;;;;;;;;
"03351-CT-6""-C3-0021-R3_HOJA-3_SP03_9";"03351-CT-6""-C3-0021-R3_HOJA-3_SP03";"03351-CT-6""-C3-0021-R3_HOJA-3";Concentrado Cu-Mo;03350-02-03;;BAJO ESPESADOR ;"03351-CT-6""-C3-0021-R3";3;0;SP03;9;F;SW;2;80;C2;R3;CS;0,394;Concentrado Cu-Mo;;;;12/03/2026;46155;;46209;;;;0,35;0,1379;0,0985;0,0394;;;;;;;;;;;;;;;;;;;;;;;;;;;;;;;
"03351-CT-6""-C3-0021-R3_HOJA-4_SP01_1";"03351-CT-6""-C3-0021-R3_HOJA-4_SP01";"03351-CT-6""-C3-0021-R3_HOJA-4";Concentrado Cu-Mo;03350-02-03;;BAJO ESPESADOR ;"03351-CT-6""-C3-0021-R3";4;0;SP01;1;S;BW;6;STD;C3;R3;CS;0,315;Concentrado Cu-Mo;;;;12/03/2026;;;46209;;;;0,3;0,0945;0,063;0,0315;;;;;;;;;;;;;;;;;;;;;;;;;;;;;;;
"03351-CT-6""-C3-0021-R3_HOJA-4_SP01_2";"03351-CT-6""-C3-0021-R3_HOJA-4_SP01";"03351-CT-6""-C3-0021-R3_HOJA-4";Concentrado Cu-Mo;03350-02-03;;BAJO ESPESADOR ;"03351-CT-6""-C3-0021-R3";4;0;SP01;2;S;LET;2;STD;C3;R3;CS;0,315;Concentrado Cu-Mo;;;;12/03/2026;;;46209;;;;0,3;0,0945;0,0945;0;;;;;;;;;;;;;;;;;;;;;;;;;;;;;;;
"03351-CT-6""-C3-0021-R3_HOJA-4_SP01_3";"03351-CT-6""-C3-0021-R3_HOJA-4_SP01";"03351-CT-6""-C3-0021-R3_HOJA-4";Concentrado Cu-Mo;03350-02-03;;BAJO ESPESADOR ;"03351-CT-6""-C3-0021-R3";4;0;SP01;3;F;VIC;6;STD;C3;R3;CS;0,315;Concentrado Cu-Mo;;;;12/03/2026;46157;;46209;;46253;;0,4;0,126;0,07875;0,04725;;;;;;;;;;;;;;;;;;;;;;;;;;;;;;;
"03351-CT-6""-C3-0021-R3_HOJA-4_SP01_4";"03351-CT-6""-C3-0021-R3_HOJA-4_SP01";"03351-CT-6""-C3-0021-R3_HOJA-4";Concentrado Cu-Mo;03350-02-03;;BAJO ESPESADOR ;"03351-CT-6""-C3-0021-R3";4;0;SP01;4;S;SW;2;STD;C3;R3;CS;0,114;Concentrado Cu-Mo;;;;12/03/2026;;;46209;;;;0,3;0,0342;0,0228;0,0114;;;;;;;;;;;;;;;;;;;;;;;;;;;;;;;
"03351-CT-6""-C3-0021-R3_HOJA-4_SP01_5";"03351-CT-6""-C3-0021-R3_HOJA-4_SP01";"03351-CT-6""-C3-0021-R3_HOJA-4";Concentrado Cu-Mo;03350-02-03;;BAJO ESPESADOR ;"03351-CT-6""-C3-0021-R3";4;0;SP01;5;S;SO;2;STD;C3;R3;CS;0,114;Concentrado Cu-Mo;;;;12/03/2026;;;46209;;;;0,3;0,0342;0,0342;0;;;;;;;;;;;;;;;;;;;;;;;;;;;;;;;
"03351-CT-6""-C3-0021-R3_HOJA-5_SP01_1";"03351-CT-6""-C3-0021-R3_HOJA-5_SP01";"03351-CT-6""-C3-0021-R3_HOJA-5";Concentrado Cu-Mo;03350-02-03;;BAJO ESPESADOR ;"03351-CT-6""-C3-0021-R3";5;0;SP01;1;S;SO;6;STD;C3;R3;CS;0,257;Concentrado Cu-Mo;;W-18;;12/03/2026;46220;46220;46209;46257;;;0,9;0,2313;0,1542;0,0771;EJECUTADA;46220;W-18;;;;;;;;;;;;;;;;;;;;;;;;;;;;
"03351-CT-6""-C3-0021-R3_HOJA-5_SP01_2";"03351-CT-6""-C3-0021-R3_HOJA-5_SP01";"03351-CT-6""-C3-0021-R3_HOJA-5";Concentrado Cu-Mo;03350-02-03;;BAJO ESPESADOR ;"03351-CT-6""-C3-0021-R3";5;0;SP01;2;F;SO;3;STD;C3;R3;CS;0,257;Concentrado Cu-Mo;;;;12/03/2026;46157;;46209;;;;0,35;0,08995;0,06425;0,0257;;;;;;;;;;;;;;;;;;;;;;;;;;;;;;;
"03351-CT-6""-C3-0021-R3_HOJA-6_SP01_1";"03351-CT-6""-C3-0021-R3_HOJA-6_SP01";"03351-CT-6""-C3-0021-R3_HOJA-6";Concentrado Cu-Mo;03350-02-03;;BAJO ESPESADOR ;"03351-CT-6""-C3-0021-R3";6;0;SP01;1;F;VIC;6;STD;C3;R3;CS;0,504;Concentrado Cu-Mo;;;;12/03/2026;46157;;46209;;46252;;0,4;0,2016;0,1764;0,0252;;;;;;;;;;;;;;;;;;;;;;;;;;;;;;;
"03351-CT-6""-C3-0021-R3_HOJA-6_SP02_2";"03351-CT-6""-C3-0021-R3_HOJA-6_SP02";"03351-CT-6""-C3-0021-R3_HOJA-6";Concentrado Cu-Mo;03350-02-03;;BAJO ESPESADOR ;"03351-CT-6""-C3-0021-R3";6;0;SP02;2;F;VIC;6;STD;C3;R3;CS;0,504;Concentrado Cu-Mo;;;;12/03/2026;46155;;46209;;46253;;0,4;0,2016;0,1764;0,0252;;;;;;;;;;;;;;;;;;;;;;;;;;;;;;;
"03351-CT-6""-C3-0021-R3_HOJA-6_SP03_3";"03351-CT-6""-C3-0021-R3_HOJA-6_SP03";"03351-CT-6""-C3-0021-R3_HOJA-6";Concentrado Cu-Mo;03350-02-03;;BAJO ESPESADOR ;"03351-CT-6""-C3-0021-R3";6;0;SP03;3;F;VIC;6;STD;C3;R3;CS;0,504;Concentrado Cu-Mo;;;;12/03/2026;46157;;46209;;46253;;0,4;0,2016;0,126;0,0756;;;;;;;;;;;;;;;;;;;;;;;;;;;;;;;
"03351-CT-6""-C3-0021-R3_HOJA-6_SP04_4";"03351-CT-6""-C3-0021-R3_HOJA-6_SP04";"03351-CT-6""-C3-0021-R3_HOJA-6";Concentrado Cu-Mo;03350-02-03;;BAJO ESPESADOR ;"03351-CT-6""-C3-0021-R3";6;0;SP04;4;F;VIC;6;STD;C3;R3;CS;0,504;Concentrado Cu-Mo;;;;12/03/2026;46155;;46209;;46253;;0,4;0,2016;0,1764;0,0252;;;;;;;;;;;;;;;;;;;;;;;;;;;;;;;
"03351-CT-6""-C3-0021-R3_HOJA-6_SP05_5";"03351-CT-6""-C3-0021-R3_HOJA-6_SP05";"03351-CT-6""-C3-0021-R3_HOJA-6";Concentrado Cu-Mo;03350-02-03;;BAJO ESPESADOR ;"03351-CT-6""-C3-0021-R3";6;0;SP05;5;F;VIC;6;STD;C3;R3;CS;0,504;Concentrado Cu-Mo;;;;12/03/2026;46157;46251;46209;46239;46251;;0,95;0,4788;0,1764;0,3024;EJECUTADA;46251;0;;;;;;;;;;;;;;;;;;;;;;;;;;;;
"03351-CT-6""-C3-0021-R3_HOJA-6_SP06_6";"03351-CT-6""-C3-0021-R3_HOJA-6_SP06";"03351-CT-6""-C3-0021-R3_HOJA-6";Concentrado Cu-Mo;03350-02-03;;BAJO ESPESADOR ;"03351-CT-6""-C3-0021-R3";6;0;SP06;6;F;VIC;6;STD;C3;R3;CS;0,504;Concentrado Cu-Mo;;;;12/03/2026;46156;;46209;;46252;;0,4;0,2016;0,126;0,0756;;;;;;;;;;;;;;;;;;;;;;;;;;;;;;;
"03351-CT-6""-C3-0021-R3_HOJA-6_SP07_7";"03351-CT-6""-C3-0021-R3_HOJA-6_SP07";"03351-CT-6""-C3-0021-R3_HOJA-6";Concentrado Cu-Mo;03350-02-03;;BAJO ESPESADOR ;"03351-CT-6""-C3-0021-R3";6;0;SP07;7;F;VIC;6;STD;C3;R3;CS;0,504;Concentrado Cu-Mo;;;;12/03/2026;46157;;46209;;46252;;0,4;0,2016;0,1764;0,0252;;;;;;;;;;;;;;;;;;;;;;;;;;;;;;;
"03351-CT-6""-C3-0021-R3_HOJA-6_SP08_8";"03351-CT-6""-C3-0021-R3_HOJA-6_SP08";"03351-CT-6""-C3-0021-R3_HOJA-6";Concentrado Cu-Mo;03350-02-03;;BAJO ESPESADOR ;"03351-CT-6""-C3-0021-R3";6;0;SP08;8;F;VIC;6;STD;C3;R3;CS;0,504;Concentrado Cu-Mo;;;;12/03/2026;46157;;46209;;46253;;0,4;0,2016;0,126;0,0756;;;;;;;;;;;;;;;;;;;;;;;;;;;;;;;
"03351-CT-6""-C3-0021-R3_HOJA-6_SP08_9";"03351-CT-6""-C3-0021-R3_HOJA-6_SP08";"03351-CT-6""-C3-0021-R3_HOJA-6";Concentrado Cu-Mo;03350-02-03;;BAJO ESPESADOR ;"03351-CT-6""-C3-0021-R3";6;0;SP08;9;F;VIC;6;STD;C3;R3;CS;0,504;Concentrado Cu-Mo;;;;12/03/2026;46160;;46209;;46253;;0,4;0,2016;0,1764;0,0252;;;;;;;;;;;;;;;;;;;;;;;;;;;;;;;
"03351-CT-6""-C3-0021-R3_HOJA-6_SP02_10";"03351-CT-6""-C3-0021-R3_HOJA-6_SP02";"03351-CT-6""-C3-0021-R3_HOJA-6";Concentrado Cu-Mo;03350-02-03;;BAJO ESPESADOR ;"03351-CT-6""-C3-0021-R3";6;0;SP02;10;S;BW;6;STD;C3;R3;CS;0,504;Concentrado Cu-Mo;;W-18;Adicional;12/03/2026;46160;46160;46209;46256;;;0,9;0,4536;0,252;0,2016;EJECUTADA;46160;W-18;;;;;;;;;;;;;;;;;;;;;;;;;;;;
"03351-CT-6""-C3-0021-R3_HOJA-6_SP02_11";"03351-CT-6""-C3-0021-R3_HOJA-6_SP02";"03351-CT-6""-C3-0021-R3_HOJA-6";Concentrado Cu-Mo;03350-02-03;;BAJO ESPESADOR ;"03351-CT-6""-C3-0021-R3";6;0;SP02;11;S;BW;6;STD;C3;R3;CS;0,504;Concentrado Cu-Mo;;W-18;Adicional;12/03/2026;46160;46160;46209;46256;;;0,9;0,4536;0,3024;0,1512;EJECUTADA;46160;W-18;;;;;;;;;;;;;;;;;;;;;;;;;;;;
"03351-CT-6""-C3-0021-R3_HOJA-6_SP04_12";"03351-CT-6""-C3-0021-R3_HOJA-6_SP04";"03351-CT-6""-C3-0021-R3_HOJA-6";Concentrado Cu-Mo;03350-02-03;;BAJO ESPESADOR ;"03351-CT-6""-C3-0021-R3";6;0;SP04;12;S;BRW;6;STD;C3;R3;CS;0,504;Concentrado Cu-Mo;;W-18;Adicional;12/03/2026;46160;46161;46209;46256;;;0,9;0,4536;0,252;0,2016;EJECUTADA;46161;W-18;;;;;;;;;;;;;;;;;;;;;;;;;;;;
"03351-CT-6""-C3-0021-R3_HOJA-6_SP06_13";"03351-CT-6""-C3-0021-R3_HOJA-6_SP06";"03351-CT-6""-C3-0021-R3_HOJA-6";Concentrado Cu-Mo;03350-02-03;;BAJO ESPESADOR ;"03351-CT-6""-C3-0021-R3";6;0;SP06;13;S;BW;6;STD;C3;R3;CS;0,504;Concentrado Cu-Mo;;W-18;Adicional;12/03/2026;46160;46161;46209;46256;;;0,9;0,4536;0,3024;0,1512;EJECUTADA;46161;W-18;;;;;;;;;;;;;;;;;;;;;;;;;;;;
"03351-CT-6""-C3-0021-R3_HOJA-6_SP06_14";"03351-CT-6""-C3-0021-R3_HOJA-6_SP06";"03351-CT-6""-C3-0021-R3_HOJA-6";Concentrado Cu-Mo;03350-02-03;;BAJO ESPESADOR ;"03351-CT-6""-C3-0021-R3";6;0;SP06;14;S;BW;6;STD;C3;R3;CS;0,504;Concentrado Cu-Mo;;W-18;Adicional;12/03/2026;46160;46161;46220;46257;;;0,9;0,4536;0,3024;0,1512;EJECUTADA;46161;W-18;;;;;;;;;;;;;;;;;;;;;;;;;;;;
"03351-CT-6""-C3-0021-R3_HOJA-6_SP08_15";"03351-CT-6""-C3-0021-R3_HOJA-6_SP08";"03351-CT-6""-C3-0021-R3_HOJA-6";Concentrado Cu-Mo;03350-02-03;;BAJO ESPESADOR ;"03351-CT-6""-C3-0021-R3";6;0;SP08;15;S;BW;6;STD;C3;R3;CS;0,504;Concentrado Cu-Mo;;W-18;Adicional;12/03/2026;46160;46161;46209;46257;;;0,9;0,4536;0,252;0,2016;EJECUTADA;46161;W-18;;;;;;;;;;;;;;;;;;;;;;;;;;;;
"03351-CT-6""-C3-0021-R3_HOJA-6_SP08_16";"03351-CT-6""-C3-0021-R3_HOJA-6_SP08";"03351-CT-6""-C3-0021-R3_HOJA-6";Concentrado Cu-Mo;03350-02-03;;BAJO ESPESADOR ;"03351-CT-6""-C3-0021-R3";6;0;SP08;16;S;BW;6;STD;C3;R3;CS;0,504;Concentrado Cu-Mo;;W-18;Adicional;12/03/2026;46160;46161;46220;46257;;;0,9;0,4536;0,3024;0,1512;EJECUTADA;46161;W-18;;;;;;;;;;;;;;;;;;;;;;;;;;;;
"03351-CT-6""-C3-0021-R3_HOJA-6_SP08_17";"03351-CT-6""-C3-0021-R3_HOJA-6_SP08";"03351-CT-6""-C3-0021-R3_HOJA-6";Concentrado Cu-Mo;03350-02-03;;BAJO ESPESADOR ;"03351-CT-6""-C3-0021-R3";6;0;SP08;17;S;BW;6;STD;C3;R3;CS;;Concentrado Cu-Mo;;W-16;Adicional;12/03/2026;46186;46186;46220;46257;;;0,9;0;0;0;EJECUTADA;46186;W-16;;;;;;;;;;;;;;;;;;;;;;;;;;;;
"03351-CT-6""-C3-0021-R3_HOJA-7_SP01_1";"03351-CT-6""-C3-0021-R3_HOJA-7_SP01";"03351-CT-6""-C3-0021-R3_HOJA-7";Concentrado Cu-Mo;03350-02-03;;BAJO ESPESADOR ;"03351-CT-6""-C3-0021-R3";7;0;SP01;1;F;VIC;6;STD;C3;R3;CS;0,533;Concentrado Cu-Mo;;;;12/03/2026;46155;;46209;;46253;;0,4;0,2132;0,13325;0,07995;;;;;;;;;;;;;;;;;;;;;;;;;;;;;;;
"03351-CT-6""-C3-0021-R3_HOJA-7_SP02_2";"03351-CT-6""-C3-0021-R3_HOJA-7_SP02";"03351-CT-6""-C3-0021-R3_HOJA-7";Concentrado Cu-Mo;03350-02-03;;BAJO ESPESADOR ;"03351-CT-6""-C3-0021-R3";7;0;SP02;2;S;SO;6;STD;C3;R3;CS;0,533;Concentrado Cu-Mo;;W-18;;12/03/2026;46159;46222;46209;46257;;;0,9;0,4797;0,3198;0,1599;EJECUTADA;46222;W-18;;;;;;;;;;;;;;;;;;;;;;;;;;;;
"03351-CT-6""-C3-0021-R3_HOJA-7_SP03_3";"03351-CT-6""-C3-0021-R3_HOJA-7_SP03";"03351-CT-6""-C3-0021-R3_HOJA-7";Concentrado Cu-Mo;03350-02-03;;BAJO ESPESADOR ;"03351-CT-6""-C3-0021-R3";7;0;SP03;3;S;SO;6;STD;C3;R3;CS;0,533;Concentrado Cu-Mo;;W-02;;12/03/2026;46225;46225;46209;46257;;;0,9;0,4797;0,2665;0,2132;EJECUTADA;46225;W-02;;;;;;;;;;;;;;;;;;;;;;;;;;;;
"03351-CT-6""-C3-0021-R3_HOJA-7_SP04_4";"03351-CT-6""-C3-0021-R3_HOJA-7_SP04";"03351-CT-6""-C3-0021-R3_HOJA-7";Concentrado Cu-Mo;03350-02-03;;BAJO ESPESADOR ;"03351-CT-6""-C3-0021-R3";7;0;SP04;4;S;SO;6;STD;C3;R3;CS;0,533;Concentrado Cu-Mo;;W-18;;12/03/2026;46220;46220;46220;46257;;;0,9;0,4797;0,3198;0,1599;EJECUTADA;46220;W-18;;;;;;;;;;;;;;;;;;;;;;;;;;;;
"03351-CT-6""-C3-0021-R3_HOJA-7_SP04_5";"03351-CT-6""-C3-0021-R3_HOJA-7_SP04";"03351-CT-6""-C3-0021-R3_HOJA-7";Concentrado Cu-Mo;03350-02-03;;BAJO ESPESADOR ;"03351-CT-6""-C3-0021-R3";7;0;SP04;5;F;VIC;6;STD;C3;R3;CS;0,533;Concentrado Cu-Mo;;;;12/03/2026;46155;;46209;;46252;;0,4;0,2132;0,18655;0,02665;;;;;;;;;;;;;;;;;;;;;;;;;;;;;;;
"03351-CT-6""-C3-0021-R3_HOJA-8_SP01_1";"03351-CT-6""-C3-0021-R3_HOJA-8_SP01";"03351-CT-6""-C3-0021-R3_HOJA-8";Concentrado Cu-Mo;03350-02-03;;TORRE TRASFERENCIA;"03351-CT-6""-C3-0021-R3";8;0;SP01;1;F;VIC;6;STD;C3;R3;CS;0,207;Concentrado Cu-Mo;;;;12/03/2026;46159;;46242;;46253;;0,4;0,0828;0,05175;0,03105;;;;;;;;;;;;;;;;;;;;;;;;;;;;;;;
"03351-CT-6""-C3-0021-R3_HOJA-8_SP02_2";"03351-CT-6""-C3-0021-R3_HOJA-8_SP02";"03351-CT-6""-C3-0021-R3_HOJA-8";Concentrado Cu-Mo;03350-02-03;;TORRE TRASFERENCIA;"03351-CT-6""-C3-0021-R3";8;0;SP02;2;F;VIC;6;STD;C3;R3;CS;0,207;Concentrado Cu-Mo;;;;12/03/2026;46156;;46242;;46253;;0,4;0,0828;0,05175;0,03105;;;;;;;;;;;;;;;;;;;;;;;;;;;;;;;
"03351-CT-6""-C3-0021-R3_HOJA-8_SP02_3";"03351-CT-6""-C3-0021-R3_HOJA-8_SP02";"03351-CT-6""-C3-0021-R3_HOJA-8";Concentrado Cu-Mo;03350-02-03;;TORRE TRASFERENCIA;"03351-CT-6""-C3-0021-R3";8;0;SP02;3;F;VIC;6;STD;C3;R3;CS;0,207;Concentrado Cu-Mo;;;;12/03/2026;46159;;46242;;46252;;0,4;0,0828;0,05175;0,03105;;;;;;;;;;;;;;;;;;;;;;;;;;;;;;;
"03351-CT-6""-C3-0021-R3_HOJA-8_SP01_4";"03351-CT-6""-C3-0021-R3_HOJA-8_SP01";"03351-CT-6""-C3-0021-R3_HOJA-8";Concentrado Cu-Mo;03350-02-03;;TORRE TRASFERENCIA;"03351-CT-6""-C3-0021-R3";8;0;SP01;4;S;SO;3;STD;C3;R3;CS;0,207;Concentrado Cu-Mo;;W-19;;12/03/2026;46157;46192;46209;46257;;;0,9;0,1863;0,1242;0,0621;EJECUTADA;46192;W-19;;;;;;;;;;;;;;;;;;;;;;;;;;;;
"03351-CT-6""-C3-0021-R3_HOJA-8_SP02_5";"03351-CT-6""-C3-0021-R3_HOJA-8_SP02";"03351-CT-6""-C3-0021-R3_HOJA-8";Concentrado Cu-Mo;03350-02-03;;TORRE TRASFERENCIA;"03351-CT-6""-C3-0021-R3";8;0;SP02;5;S;BW;6;STD;C3;R3;CS;0,207;Concentrado Cu-Mo;;W-19;Adicional;12/03/2026;46162;46162;46242;46256;;;0,9;0,1863;0,1035;0,0828;EJECUTADA;46162;W-19;;;;;;;;;;;;;;;;;;;;;;;;;;;;
"03351-CT-6""-C3-0021-R3_HOJA-8_SP02_6";"03351-CT-6""-C3-0021-R3_HOJA-8_SP02";"03351-CT-6""-C3-0021-R3_HOJA-8";Concentrado Cu-Mo;03350-02-03;;TORRE TRASFERENCIA;"03351-CT-6""-C3-0021-R3";8;0;SP02;6;S;BW;6;STD;C3;R3;CS;0,207;Concentrado Cu-Mo;;W-19;;12/03/2026;46162;46162;46242;46256;;;0,9;0,1863;0,1035;0,0828;EJECUTADA;46162;W-19;;;;;;;;;;;;;;;;;;;;;;;;;;;;
"03351-CT-6""-C3-0021-R3_HOJA-8_SP01_7";"03351-CT-6""-C3-0021-R3_HOJA-8_SP01";"03351-CT-6""-C3-0021-R3_HOJA-8";Concentrado Cu-Mo;03350-02-03;;TORRE TRASFERENCIA;"03351-CT-6""-C3-0021-R3";8;0;SP01;7;S;BRW;3;STD;C3;R3;CS;;Concentrado Cu-Mo;;W-19;Adicional;12/03/2026;46162;46162;46209;46256;;;0,9;0;0;0;EJECUTADA;46192;W-19;;;;;;;;;;;;;;;;;;;;;;;;;;;;
"03351-CT-6""-C3-0021-R3_HOJA-9_SP01_1";"03351-CT-6""-C3-0021-R3_HOJA-9_SP01";"03351-CT-6""-C3-0021-R3_HOJA-9";Concentrado Cu-Mo;03350-02-03;;TORRE TRASFERENCIA;"03351-CT-6""-C3-0021-R3";9;0;SP01;1;S;SO;6;STD;C3;R3;CS;1,083;Concentrado Cu-Mo;;W-02;;12/03/2026;46144;46144;46242;46256;;;0,9;0,9747;0,5415;0,4332;EJECUTADA;46144;W-02;;;;;;;;;;;;;;;;;;;;;;;;;;;;
"03351-CT-6""-C3-0021-R3_HOJA-9_SP02_2";"03351-CT-6""-C3-0021-R3_HOJA-9_SP02";"03351-CT-6""-C3-0021-R3_HOJA-9";Concentrado Cu-Mo;03350-02-03;;TORRE TRASFERENCIA;"03351-CT-6""-C3-0021-R3";9;0;SP02;2;S;SO;6;STD;C3;R3;CS;1,083;Concentrado Cu-Mo;;W-02;Adicional;12/03/2026;46144;46144;46209;46257;;;0,9;0,9747;0,6498;0,3249;EJECUTADA;46144;W-02;;;;;;;;;;;;;;;;;;;;;;;;;;;;
"03351-CT-6""-C3-0021-R3_HOJA-9_SP02_3";"03351-CT-6""-C3-0021-R3_HOJA-9_SP02";"03351-CT-6""-C3-0021-R3_HOJA-9";Concentrado Cu-Mo;03350-02-03;;TORRE TRASFERENCIA;"03351-CT-6""-C3-0021-R3";9;0;SP02;3;F;VIC;6;STD;C3;R3;CS;1,083;Concentrado Cu-Mo;;;;12/03/2026;46144;;46209;;46253;;0,4;0,4332;0,37905;0,05415;;;;;;;;;;;;;;;;;;;;;;;;;;;;;;;
"03351-CT-6""-C3-0021-R3_HOJA-9_SP03_4";"03351-CT-6""-C3-0021-R3_HOJA-9_SP03";"03351-CT-6""-C3-0021-R3_HOJA-9";Concentrado Cu-Mo;03350-02-03;;TORRE TRASFERENCIA;"03351-CT-6""-C3-0021-R3";9;0;SP03;4;F;VIC;6;STD;C3;R3;CS;1,083;Concentrado Cu-Mo;;;;12/03/2026;46159;;46209;;46253;;0,4;0,4332;0,27075;0,16245;;;;;;;;;;;;;;;;;;;;;;;;;;;;;;;
"03351-CT-6""-C3-0021-R3_HOJA-9_SP03_5";"03351-CT-6""-C3-0021-R3_HOJA-9_SP03";"03351-CT-6""-C3-0021-R3_HOJA-9";Concentrado Cu-Mo;03350-02-03;;TORRE TRASFERENCIA;"03351-CT-6""-C3-0021-R3";9;0;SP03;5;S;BW;6;STD;C3;R3;CS;1,083;Concentrado Cu-Mo;;W-19;Adicional;12/03/2026;46189;46189;46242;46257;;;0,9;0,9747;0,5415;0,4332;EJECUTADA;46189;W-19;;;;;;;;;;;;;;;;;;;;;;;;;;;;
"03351-CT-6""-C3-0021-R3_HOJA-9_SP03_6";"03351-CT-6""-C3-0021-R3_HOJA-9_SP03";"03351-CT-6""-C3-0021-R3_HOJA-9";Concentrado Cu-Mo;03350-02-03;;TORRE TRASFERENCIA;"03351-CT-6""-C3-0021-R3";9;0;SP03;6;S;BW;6;STD;C3;R3;CS;1,083;Concentrado Cu-Mo;;W-19;Adicional;12/03/2026;46189;46189;46209;46257;;;0,9;0,9747;0,5415;0,4332;EJECUTADA;46189;W-19;;;;;;;;;;;;;;;;;;;;;;;;;;;;
"03351-CT-6""-C3-0021-R3_HOJA-10_SP01_0";"03351-CT-6""-C3-0021-R3_HOJA-10_SP01";"03351-CT-6""-C3-0021-R3_HOJA-10";Concentrado Cu-Mo;03350-02-03;;TORRE TRASFERENCIA;"03351-CT-6""-C3-0021-R3";10;0;SP01;0;F;VIC;6;STD;C3;R3;CS;4,856;Concentrado Cu-Mo;;;Eliminada;12/03/2026;46155;;46209;;46252;;0,4;1,9424;1,6996;0,2428;;;;;;;;;;;;;;;;;;;;;;;;;;;;;;;
"03351-CT-6""-C3-0021-R3_HOJA-11_SP01_1";"03351-CT-6""-C3-0021-R3_HOJA-11_SP01";"03351-CT-6""-C3-0021-R3_HOJA-11";Concentrado Cu-Mo;03350-02-03;;TORRE TRASFERENCIA;"03351-CT-6""-C3-0021-R3";11;0;SP01;1;F;VIC;6;STD;C3;R3;CS;0,63;Concentrado Cu-Mo;;;;12/03/2026;46155;;46249;;46252;;0,4;0,252;0,1575;0,0945;;;;;;;;;;;;;;;;;;;;;;;;;;;;;;;
"03351-CT-6""-C3-0021-R3_HOJA-11_SP02_2";"03351-CT-6""-C3-0021-R3_HOJA-11_SP02";"03351-CT-6""-C3-0021-R3_HOJA-11";Concentrado Cu-Mo;03350-02-03;;TORRE TRASFERENCIA;"03351-CT-6""-C3-0021-R3";11;0;SP02;2;F;VIC;6;STD;C3;R3;CS;0,63;Concentrado Cu-Mo;;;;12/03/2026;46159;;46209;;46252;;0,4;0,252;0,2205;0,0315;;;;;;;;;;;;;;;;;;;;;;;;;;;;;;;
"03351-CT-6""-C3-0021-R3_HOJA-11_SP01_3";"03351-CT-6""-C3-0021-R3_HOJA-11_SP01";"03351-CT-6""-C3-0021-R3_HOJA-11";Concentrado Cu-Mo;03350-02-03;;TORRE TRASFERENCIA;"03351-CT-6""-C3-0021-R3";11;0;SP01;3;S;BW;6;STD;C3;R3;CS;0,63;Concentrado Cu-Mo;;W-19;Adicional;12/03/2026;46166;46166;46242;46257;;;0,9;0,567;0,315;0,252;EJECUTADA;46136;W-19;;;;;;;;;;;;;;;;;;;;;;;;;;;;
"03351-CT-6""-C3-0021-R3_HOJA-11_SP01_4";"03351-CT-6""-C3-0021-R3_HOJA-11_SP01";"03351-CT-6""-C3-0021-R3_HOJA-11";Concentrado Cu-Mo;03350-02-03;;TORRE TRASFERENCIA;"03351-CT-6""-C3-0021-R3";11;0;SP01;4;S;BW;6;STD;C3;R3;CS;0,63;Concentrado Cu-Mo;;W-19;Adicional;12/03/2026;46166;46166;46209;46257;;;0,9;0,567;0,378;0,189;EJECUTADA;46136;W-19;;;;;;;;;;;;;;;;;;;;;;;;;;;;
"03351-CT-6""-C3-0021-R3_HOJA-11_SP03_5";"03351-CT-6""-C3-0021-R3_HOJA-11_SP03";"03351-CT-6""-C3-0021-R3_HOJA-11";Concentrado Cu-Mo;03350-02-03;;TORRE TRASFERENCIA;"03351-CT-6""-C3-0021-R3";11;0;SP03;5;S;BW;6;STD;C3;R3;CS;0,63;Concentrado Cu-Mo;;W-19;Adicional;12/03/2026;46166;46166;46242;46257;;;0,9;0,567;0,315;0,252;EJECUTADA;46136;W-19;;;;;;;;;;;;;;;;;;;;;;;;;;;;
"03351-CT-6""-C3-0021-R3_HOJA-11_SP03_6";"03351-CT-6""-C3-0021-R3_HOJA-11_SP03";"03351-CT-6""-C3-0021-R3_HOJA-11";Concentrado Cu-Mo;03350-02-03;;TORRE TRASFERENCIA;"03351-CT-6""-C3-0021-R3";11;0;SP03;6;S;BW;6;STD;C3;R3;CS;0,63;Concentrado Cu-Mo;;W-19;Adicional;12/03/2026;46166;46166;46209;46257;;;0,9;0,567;0,378;0,189;EJECUTADA;46136;W-19;;;;;;;;;;;;;;;;;;;;;;;;;;;;
"03351-CT-6""-C3-0021-R3_HOJA-12_SP01_1";"03351-CT-6""-C3-0021-R3_HOJA-12_SP01";"03351-CT-6""-C3-0021-R3_HOJA-12";Concentrado Cu-Mo;03350-02-03;;TORRE TRASFERENCIA;"03351-CT-6""-C3-0021-R3";12;0;SP01;1;F;VIC;6;STD;C3;R3;CS;1,59;Concentrado Cu-Mo;;;;12/03/2026;46156;46203;46209;46244;46251;;0,95;1,5105;0,795;0,7155;EJECUTADA;46203;0;;;;;;;;;;;;;;;;;;;;;;;;;;;;
"03351-CT-6""-C3-0021-R3_HOJA-12_SP02_2";"03351-CT-6""-C3-0021-R3_HOJA-12_SP02";"03351-CT-6""-C3-0021-R3_HOJA-12";Concentrado Cu-Mo;03350-02-03;;TORRE TRASFERENCIA;"03351-CT-6""-C3-0021-R3";12;0;SP02;2;F;VIC;6;STD;C3;R3;CS;1,59;Concentrado Cu-Mo;;;;12/03/2026;46159;;46209;;46254;;0,4;0,636;0,5565;0,0795;;;;;;;;;;;;;;;;;;;;;;;;;;;;;;;
"03351-CT-6""-C3-0021-R3_HOJA-12_SP03_3";"03351-CT-6""-C3-0021-R3_HOJA-12_SP03";"03351-CT-6""-C3-0021-R3_HOJA-12";Concentrado Cu-Mo;03350-02-03;;TORRE TRASFERENCIA;"03351-CT-6""-C3-0021-R3";12;0;SP03;3;F;VIC;6;STD;C3;R3;CS;1,59;Concentrado Cu-Mo;;;;12/03/2026;46156;;46220;;46254;;0,4;0,636;0,5565;0,0795;;;;;;;;;;;;;;;;;;;;;;;;;;;;;;;
"03351-CT-6""-C3-0021-R3_HOJA-12_SP04_4";"03351-CT-6""-C3-0021-R3_HOJA-12_SP04";"03351-CT-6""-C3-0021-R3_HOJA-12";Concentrado Cu-Mo;03350-02-03;;PIPE RACK ;"03351-CT-6""-C3-0021-R3";12;0;SP04;4;F;VIC;6;STD;C3;R3;CS;1,59;Concentrado Cu-Mo;;;;12/03/2026;46159;;46249;;46254;;0,4;0,636;0,3975;0,2385;;;;;;;;;;;;;;;;;;;;;;;;;;;;;;;
"03351-CT-6""-C3-0021-R3_HOJA-12_SP05_5";"03351-CT-6""-C3-0021-R3_HOJA-12_SP05";"03351-CT-6""-C3-0021-R3_HOJA-12";Concentrado Cu-Mo;03350-02-03;;PIPE RACK ;"03351-CT-6""-C3-0021-R3";12;0;SP05;5;F;VIC;6;STD;C3;R3;CS;1,589;Concentrado Cu-Mo;;;;12/03/2026;46159;;46209;;46254;;0,4;0,6356;0,55615;0,07945;;;;;;;;;;;;;;;;;;;;;;;;;;;;;;;
"03351-CT-6""-C3-0021-R3_HOJA-12_SP03_6";"03351-CT-6""-C3-0021-R3_HOJA-12_SP03";"03351-CT-6""-C3-0021-R3_HOJA-12";Concentrado Cu-Mo;03350-02-03;;TORRE TRASFERENCIA;"03351-CT-6""-C3-0021-R3";12;0;SP03;6;S;BW;6;STD;C3;R3;CS;1,589;Concentrado Cu-Mo;;;Adicional;12/03/2026;;;46209;;;;0,3;0,4767;0,3178;0,1589;;;;;;;;;;;;;;;;;;;;;;;;;;;;;;;
"03351-CT-6""-C3-0021-R3_HOJA-12_SP03_7";"03351-CT-6""-C3-0021-R3_HOJA-12_SP03";"03351-CT-6""-C3-0021-R3_HOJA-12";Concentrado Cu-Mo;03350-02-03;;TORRE TRASFERENCIA;"03351-CT-6""-C3-0021-R3";12;0;SP03;7;S;BW;6;STD;C3;R3;CS;1,589;Concentrado Cu-Mo;;;Adicional;12/03/2026;;;46209;;;;0,3;0,4767;0,4767;0;;;;;;;;;;;;;;;;;;;;;;;;;;;;;;;
"03351-CT-6""-C3-0021-R3_HOJA-12_SP05_8";"03351-CT-6""-C3-0021-R3_HOJA-12_SP05";"03351-CT-6""-C3-0021-R3_HOJA-12";Concentrado Cu-Mo;03350-02-03;;PIPE RACK ;"03351-CT-6""-C3-0021-R3";12;0;SP05;8;S;BW;6;STD;C3;R3;CS;1,589;Concentrado Cu-Mo;;;Adicional;12/03/2026;;;46209;;;;0,3;0,4767;0,4767;0;;;;;;;;;;;;;;;;;;;;;;;;;;;;;;;
"03351-CT-6""-C3-0021-R3_HOJA-12_SP05_9";"03351-CT-6""-C3-0021-R3_HOJA-12_SP05";"03351-CT-6""-C3-0021-R3_HOJA-12";Concentrado Cu-Mo;03350-02-03;;PIPE RACK ;"03351-CT-6""-C3-0021-R3";12;0;SP05;9;S;BW;6;STD;C3;R3;CS;1,589;Concentrado Cu-Mo;;;Adicional;12/03/2026;;;46209;;;;0,3;0,4767;0,3178;0,1589;;;;;;;;;;;;;;;;;;;;;;;;;;;;;;;
"03351-CT-6""-C3-0021-R3_HOJA-13_SP01_1";"03351-CT-6""-C3-0021-R3_HOJA-13_SP01";"03351-CT-6""-C3-0021-R3_HOJA-13";Concentrado Cu-Mo;03350-02-03;;PIPE RACK ;"03351-CT-6""-C3-0021-R3";13;0;SP01;1;F;VIC;6;STD;C3;R3;CS;2,214;Concentrado Cu-Mo;;;;12/03/2026;46156;;46249;;46254;;0,4;0,8856;0,5535;0,3321;;;;;;;;;;;;;;;;;;;;;;;;;;;;;;;
"03351-CT-6""-C3-0021-R3_HOJA-13_SP02_2";"03351-CT-6""-C3-0021-R3_HOJA-13_SP02";"03351-CT-6""-C3-0021-R3_HOJA-13";Concentrado Cu-Mo;03350-02-03;;PIPE RACK ;"03351-CT-6""-C3-0021-R3";13;0;SP02;2;F;VIC;6;STD;C3;R3;CS;2,214;Concentrado Cu-Mo;;;;12/03/2026;46159;46196;46209;46244;46251;;0,95;2,1033;1,3284;0,7749;EJECUTADA;46196;0;;;;;;;;;;;;;;;;;;;;;;;;;;;;
"03351-CT-6""-C3-0021-R3_HOJA-13_SP03_3";"03351-CT-6""-C3-0021-R3_HOJA-13_SP03";"03351-CT-6""-C3-0021-R3_HOJA-13";Concentrado Cu-Mo;03350-02-03;;PIPE RACK ;"03351-CT-6""-C3-0021-R3";13;0;SP03;3;F;VIC;6;STD;C3;R3;CS;2,214;Concentrado Cu-Mo;;;;12/03/2026;46155;46196;46209;46244;46251;;0,95;2,1033;1,3284;0,7749;EJECUTADA;46196;0;;;;;;;;;;;;;;;;;;;;;;;;;;;;
"03351-CT-6""-C3-0021-R3_HOJA-13_SP04_4";"03351-CT-6""-C3-0021-R3_HOJA-13_SP04";"03351-CT-6""-C3-0021-R3_HOJA-13";Concentrado Cu-Mo;03350-02-03;;PIPE RACK ;"03351-CT-6""-C3-0021-R3";13;0;SP04;4;F;VIC;6;STD;C3;R3;CS;2,214;Concentrado Cu-Mo;;;;12/03/2026;46155;46196;46242;46244;46251;;0,95;2,1033;1,107;0,9963;EJECUTADA;46196;0;;;;;;;;;;;;;;;;;;;;;;;;;;;;
"03351-CT-6""-C3-0021-R3_HOJA-13_SP02_5";"03351-CT-6""-C3-0021-R3_HOJA-13_SP02";"03351-CT-6""-C3-0021-R3_HOJA-13";Concentrado Cu-Mo;03350-02-03;;PIPE RACK ;"03351-CT-6""-C3-0021-R3";13;0;SP02;5;F;BRW;3;STD;C3;R3;CS;2,214;Concentrado Cu-Mo;;W-19;;12/03/2026;46159;46192;46209;46247;;;0,9;1,9926;1,3284;0,6642;EJECUTADA;46192;W-19;;;;;;;;;;;;;;;;;;;;;;;;;;;;
"03351-CT-6""-C3-0021-R3_HOJA-14_SP01_1";"03351-CT-6""-C3-0021-R3_HOJA-14_SP01";"03351-CT-6""-C3-0021-R3_HOJA-14";Concentrado Cu-Mo;03350-02-03;;PIPE RACK ;"03351-CT-6""-C3-0021-R3";14;0;SP01;1;F;VIC;6;STD;C3;R3;CS;6;Concentrado Cu-Mo;;;;12/03/2026;46157;46199;46209;46244;46251;;0,95;5,7;3;2,7;EJECUTADA;46199;0;;;;;;;;;;;;;;;;;;;;;;;;;;;;
"03351-CT-6""-C3-0021-R3_HOJA-14_SP02_2";"03351-CT-6""-C3-0021-R3_HOJA-14_SP02";"03351-CT-6""-C3-0021-R3_HOJA-14";Concentrado Cu-Mo;03350-02-03;;PIPE RACK ;"03351-CT-6""-C3-0021-R3";14;0;SP02;2;F;VIC;6;STD;C3;R3;CS;6;Concentrado Cu-Mo;;;;12/03/2026;46155;46199;46209;46244;46251;;0,95;5,7;3,6;2,1;EJECUTADA;46199;0;;;;;;;;;;;;;;;;;;;;;;;;;;;;
"03351-CT-6""-C3-0021-R3_HOJA-15_SP01_1";"03351-CT-6""-C3-0021-R3_HOJA-15_SP01";"03351-CT-6""-C3-0021-R3_HOJA-15";Concentrado Cu-Mo;03350-02-03;;PIPE RACK ;"03351-CT-6""-C3-0021-R3";15;0;SP01;1;F;VIC;6;STD;C3;R3;CS;5,477;Concentrado Cu-Mo;;;;12/03/2026;46159;46199;46242;46244;46251;;0,95;5,20315;2,7385;2,46465;EJECUTADA;46199;0;;;;;;;;;;;;;;;;;;;;;;;;;;;;
"03351-CT-6""-C3-0021-R3_HOJA-15_SP02_2";"03351-CT-6""-C3-0021-R3_HOJA-15_SP02";"03351-CT-6""-C3-0021-R3_HOJA-15";Concentrado Cu-Mo;03350-02-03;;PIPE RACK ;"03351-CT-6""-C3-0021-R3";15;0;SP02;2;F;VIC;6;STD;C3;R3;CS;5,477;Concentrado Cu-Mo;;;;12/03/2026;46156;;46209;;46254;;0,4;2,1908;1,91695;0,27385;;;;;;;;;;;;;;;;;;;;;;;;;;;;;;;
"03351-CT-6""-C3-0021-R3_HOJA-15_SP03_3";"03351-CT-6""-C3-0021-R3_HOJA-15_SP03";"03351-CT-6""-C3-0021-R3_HOJA-15";Concentrado Cu-Mo;03350-02-03;;PIPE RACK ;"03351-CT-6""-C3-0021-R3";15;0;SP03;3;F;VIC;6;STD;C3;R3;CS;5,477;Concentrado Cu-Mo;;;;12/03/2026;46244;;46209;;46254;;0,4;2,1908;1,0954;1,0954;;;;;;;;;;;;;;;;;;;;;;;;;;;;;;;
"03351-CT-6""-C3-0021-R3_HOJA-16_SP01_1";"03351-CT-6""-C3-0021-R3_HOJA-16_SP01";"03351-CT-6""-C3-0021-R3_HOJA-16";Concentrado Cu-Mo;03350-02-03;;PIPE RACK ;"03351-CT-6""-C3-0021-R3";16;0;SP01;1;F;VIC;6;STD;C3;R3;CS;0,82;Concentrado Cu-Mo;;;;12/03/2026;46157;;46209;;46254;;0,4;0,328;0,287;0,041;;;;;;;;;;;;;;;;;;;;;;;;;;;;;;;
"03351-CT-6""-C3-0021-R3_HOJA-16_SP02_2";"03351-CT-6""-C3-0021-R3_HOJA-16_SP02";"03351-CT-6""-C3-0021-R3_HOJA-16";Concentrado Cu-Mo;03350-02-03;;PIPE RACK ;"03351-CT-6""-C3-0021-R3";16;0;SP02;2;F;VIC;6;STD;C3;R3;CS;0,82;Concentrado Cu-Mo;;;;12/03/2026;46155;;46249;;46254;;0,4;0,328;0,205;0,123;;;;;;;;;;;;;;;;;;;;;;;;;;;;;;;
"03351-CT-6""-C3-0021-R3_HOJA-16_SP03_3";"03351-CT-6""-C3-0021-R3_HOJA-16_SP03";"03351-CT-6""-C3-0021-R3_HOJA-16";Concentrado Cu-Mo;03350-02-03;;PIPE RACK ;"03351-CT-6""-C3-0021-R3";16;0;SP03;3;F;VIC;6;STD;C3;R3;CS;0,82;Concentrado Cu-Mo;;;;12/03/2026;46244;;46209;;46254;;0,4;0,328;0,246;0,082;;;;;;;;;;;;;;;;;;;;;;;;;;;;;;;
"03351-CT-6""-C3-0021-R3_HOJA-16_SP04_4";"03351-CT-6""-C3-0021-R3_HOJA-16_SP04";"03351-CT-6""-C3-0021-R3_HOJA-16";Concentrado Cu-Mo;03350-02-03;;PIPE RACK ;"03351-CT-6""-C3-0021-R3";16;0;SP04;4;F;VIC;6;STD;C3;R3;CS;0,82;Concentrado Cu-Mo;;;;12/03/2026;46244;;46220;;46254;;0,4;0,328;0,246;0,082;;;;;;;;;;;;;;;;;;;;;;;;;;;;;;;
"03351-CT-6""-C3-0021-R3_HOJA-16_SP02_5";"03351-CT-6""-C3-0021-R3_HOJA-16_SP02";"03351-CT-6""-C3-0021-R3_HOJA-16";Concentrado Cu-Mo;03350-02-03;;PIPE RACK ;"03351-CT-6""-C3-0021-R3";16;0;SP02;5;S;BW;6;STD;C3;R3;CS;0,82;Concentrado Cu-Mo;;;Adicional;12/03/2026;;;46209;;;;0,3;0,246;0,164;0,082;;;;;;;;;;;;;;;;;;;;;;;;;;;;;;;
"03351-CT-6""-C3-0021-R3_HOJA-16_SP02_6";"03351-CT-6""-C3-0021-R3_HOJA-16_SP02";"03351-CT-6""-C3-0021-R3_HOJA-16";Concentrado Cu-Mo;03350-02-03;;PIPE RACK ;"03351-CT-6""-C3-0021-R3";16;0;SP02;6;S;BW;6;STD;C3;R3;CS;0,82;Concentrado Cu-Mo;;;Adicional;12/03/2026;;;46220;;;;0,3;0,246;0,246;0;;;;;;;;;;;;;;;;;;;;;;;;;;;;;;;
"03351-CT-6""-C3-0021-R3_HOJA-16_SP04_7";"03351-CT-6""-C3-0021-R3_HOJA-16_SP04";"03351-CT-6""-C3-0021-R3_HOJA-16";Concentrado Cu-Mo;03350-02-03;;PIPE RACK ;"03351-CT-6""-C3-0021-R3";16;0;SP04;7;S;BW;6;STD;C3;R3;CS;0,82;Concentrado Cu-Mo;;W-19;Adicional;12/03/2026;46183;46183;46209;46256;;;0,9;0,738;0,492;0,246;EJECUTADA;46183;W-19;;;;;;;;;;;;;;;;;;;;;;;;;;;;
"03351-CT-6""-C3-0021-R3_HOJA-16_SP04_8";"03351-CT-6""-C3-0021-R3_HOJA-16_SP04";"03351-CT-6""-C3-0021-R3_HOJA-16";Concentrado Cu-Mo;03350-02-03;;PIPE RACK ;"03351-CT-6""-C3-0021-R3";16;0;SP04;8;S;BW;6;STD;C3;R3;CS;0,82;Concentrado Cu-Mo;;W-18;Adicional;12/03/2026;46183;46183;46242;46256;;;0,9;0,738;0,41;0,328;EJECUTADA;46183;W-18;;;;;;;;;;;;;;;;;;;;;;;;;;;;
"03351-CT-6""-C3-0021-R3_HOJA-17_SP01_1";"03351-CT-6""-C3-0021-R3_HOJA-17_SP01";"03351-CT-6""-C3-0021-R3_HOJA-17";Concentrado Cu-Mo;03350-02-03;;PIPE RACK ;"03351-CT-6""-C3-0021-R3";17;0;SP01;1;F;VIC;6;STD;C3;R3;CS;2,588;Concentrado Cu-Mo;;;;12/03/2026;46156;;46209;;46254;;0,4;1,0352;0,9058;0,1294;;;;;;;;;;;;;;;;;;;;;;;;;;;;;;;
"03351-CT-6""-C3-0021-R3_HOJA-17_SP02_2";"03351-CT-6""-C3-0021-R3_HOJA-17_SP02";"03351-CT-6""-C3-0021-R3_HOJA-17";Concentrado Cu-Mo;03350-02-03;;PIPE RACK ;"03351-CT-6""-C3-0021-R3";17;0;SP02;2;F;VIC;6;STD;C3;R3;CS;2,588;Concentrado Cu-Mo;;;;12/03/2026;46244;;46209;;46254;;0,4;1,0352;0,7764;0,2588;;;;;;;;;;;;;;;;;;;;;;;;;;;;;;;
"03351-CT-6""-C3-0021-R3_HOJA-17_SP03_3";"03351-CT-6""-C3-0021-R3_HOJA-17_SP03";"03351-CT-6""-C3-0021-R3_HOJA-17";Concentrado Cu-Mo;03350-02-03;;PIPE RACK ;"03351-CT-6""-C3-0021-R3";17;0;SP03;3;F;VIC;6;STD;C3;R3;CS;2,588;Concentrado Cu-Mo;;;;12/03/2026;46155;;46209;;46254;;0,4;1,0352;0,647;0,3882;;;;;;;;;;;;;;;;;;;;;;;;;;;;;;;
"03351-CT-6""-C3-0021-R3_HOJA-17_SP03_4";"03351-CT-6""-C3-0021-R3_HOJA-17_SP03";"03351-CT-6""-C3-0021-R3_HOJA-17";Concentrado Cu-Mo;03350-02-03;;PIPE RACK ;"03351-CT-6""-C3-0021-R3";17;0;SP03;4;S;BW;6;STD;C3;R3;CS;2,588;Concentrado Cu-Mo;;;Adicional;12/03/2026;46249;;46209;;;;0,35;0,9058;0,7764;0,1294;;;;;;;;;;;;;;;;;;;;;;;;;;;;;;;
"03351-CT-6""-C3-0021-R3_HOJA-17_SP03_5";"03351-CT-6""-C3-0021-R3_HOJA-17_SP03";"03351-CT-6""-C3-0021-R3_HOJA-17";Concentrado Cu-Mo;03350-02-03;;PIPE RACK ;"03351-CT-6""-C3-0021-R3";17;0;SP03;5;S;BW;6;STD;C3;R3;CS;2,588;Concentrado Cu-Mo;;;Adicional;12/03/2026;46249;;;;;;0,25;0,647;0,5176;0,1294;;;;;;;;;;;;;;;;;;;;;;;;;;;;;;;
"03351-CT-6""-C3-0021-R3_HOJA-18_SP01_1";"03351-CT-6""-C3-0021-R3_HOJA-18_SP01";"03351-CT-6""-C3-0021-R3_HOJA-18";Concentrado Cu-Mo;03350-02-03;;PIPE RACK ;"03351-CT-6""-C3-0021-R3";18;0;SP01;1;F;VIC;6;STD;C3;R3;CS;1,191;Concentrado Cu-Mo;;;;12/03/2026;46244;;46209;;46254;;0,4;0,4764;0,3573;0,1191;;;;;;;;;;;;;;;;;;;;;;;;;;;;;;;
"03351-CT-6""-C3-0021-R3_HOJA-18_SP02_2";"03351-CT-6""-C3-0021-R3_HOJA-18_SP02";"03351-CT-6""-C3-0021-R3_HOJA-18";Concentrado Cu-Mo;03350-02-03;;PIPE RACK ;"03351-CT-6""-C3-0021-R3";18;0;SP02;2;F;VIC;6;STD;C3;R3;CS;1,191;Concentrado Cu-Mo;;;;12/03/2026;46155;;46249;;46254;;0,4;0,4764;0,29775;0,17865;;;;;;;;;;;;;;;;;;;;;;;;;;;;;;;
"03351-CT-6""-C3-0021-R3_HOJA-18_SP02_4";"03351-CT-6""-C3-0021-R3_HOJA-18_SP02";"03351-CT-6""-C3-0021-R3_HOJA-18";Concentrado Cu-Mo;03350-02-03;;PIPE RACK ;"03351-CT-6""-C3-0021-R3";18;0;SP02;4;S;BW;6;STD;C3;R3;CS;1,191;Concentrado Cu-Mo;;W-01;Adicional;12/03/2026;46120;46121;46242;46256;;;0,9;1,0719;0,7146;0,3573;EJECUTADA;46121;W-01;;;;;;;;;;;;;;;;;;;;;;;;;;;;
"03351-CT-6""-C3-0021-R3_HOJA-18_SP02_5";"03351-CT-6""-C3-0021-R3_HOJA-18_SP02";"03351-CT-6""-C3-0021-R3_HOJA-18";Concentrado Cu-Mo;03350-02-03;;PIPE RACK ;"03351-CT-6""-C3-0021-R3";18;0;SP02;5;S;BW;6;STD;C3;R3;CS;1,191;Concentrado Cu-Mo;;W-01;Adicional;12/03/2026;46120;46122;46242;46256;;;0,9;1,0719;0,5955;0,4764;EJECUTADA;46121;W-01;;;;;;;;;;;;;;;;;;;;;;;;;;;;
"03351-CT-6""-C3-0021-R3_HOJA-18_SP03_3";"03351-CT-6""-C3-0021-R3_HOJA-18_SP03";"03351-CT-6""-C3-0021-R3_HOJA-18";Concentrado Cu-Mo;03350-02-03;;PIPE RACK ;"03351-CT-6""-C3-0021-R3";18;0;SP03;3;F;VIC;6;STD;C3;R3;CS;1,191;Concentrado Cu-Mo;;;;12/03/2026;46244;;46209;;46254;;0,4;0,4764;0,2382;0,2382;;;;;;;;;;;;;;;;;;;;;;;;;;;;;;;
"03351-CT-6""-C3-0021-R3_HOJA-19_SP01_1";"03351-CT-6""-C3-0021-R3_HOJA-19_SP01";"03351-CT-6""-C3-0021-R3_HOJA-19";Concentrado Cu-Mo;03350-02-03;;PIPE RACK ;"03351-CT-6""-C3-0021-R3";19;0;SP01;1;F;VIC;6;STD;C3;R3;CS;0,998;Concentrado Cu-Mo;;;;12/03/2026;46156;;46209;;46254;;0,4;0,3992;0,3493;0,0499;;;;;;;;;;;;;;;;;;;;;;;;;;;;;;;
"03351-CT-6""-C3-0021-R3_HOJA-19_SP03_6";"03351-CT-6""-C3-0021-R3_HOJA-19_SP03";"03351-CT-6""-C3-0021-R3_HOJA-19";Concentrado Cu-Mo;03350-02-03;;PIPE RACK ;"03351-CT-6""-C3-0021-R3";19;0;SP03;6;S;BW;6;STD;C3;R3;CS;0,998;Concentrado Cu-Mo;;W-02;Adicional;12/03/2026;46120;46142;46209;46256;;;0,9;0,8982;0,499;0,3992;EJECUTADA;46152;W-02;;;;;;;;;;;;;;;;;;;;;;;;;;;;
"03351-CT-6""-C3-0021-R3_HOJA-19_SP01_4";"03351-CT-6""-C3-0021-R3_HOJA-19_SP01";"03351-CT-6""-C3-0021-R3_HOJA-19";Concentrado Cu-Mo;03350-02-03;;PIPE RACK ;"03351-CT-6""-C3-0021-R3";19;0;SP01;4;S;BW;6;STD;C3;R3;CS;0,998;Concentrado Cu-Mo;;W-02;Adicional;29/05/2026;46123;46123;46209;46256;;;0,9;0,8982;0,5988;0,2994;EJECUTADA;46153;W-02;;;;;;;;;;;;;;;;;;;;;;;;;;;;
"03351-CT-6""-C3-0021-R3_HOJA-19_SP01_5";"03351-CT-6""-C3-0021-R3_HOJA-19_SP01";"03351-CT-6""-C3-0021-R3_HOJA-19";Concentrado Cu-Mo;03350-02-03;;PIPE RACK ;"03351-CT-6""-C3-0021-R3";19;0;SP01;5;S;BW;6;STD;C3;R3;CS;0,998;Concentrado Cu-Mo;;W-02;Adicional;29/05/2026;46123;46123;46242;46256;;;0,9;0,8982;0,499;0,3992;EJECUTADA;46153;W-02;;;;;;;;;;;;;;;;;;;;;;;;;;;;
"03351-CT-6""-C3-0021-R3_HOJA-19_SP03_7";"03351-CT-6""-C3-0021-R3_HOJA-19_SP03";"03351-CT-6""-C3-0021-R3_HOJA-19";Concentrado Cu-Mo;03350-02-03;;PIPE RACK ;"03351-CT-6""-C3-0021-R3";19;0;SP03;7;S;BW;6;STD;C3;R3;CS;0,998;Concentrado Cu-Mo;;W-02;Adicional;12/03/2026;46120;46142;46209;46256;;;0,9;0,8982;0,5988;0,2994;EJECUTADA;46152;W-02;;;;;;;;;;;;;;;;;;;;;;;;;;;;
"03351-CT-6""-C3-0021-R3_HOJA-19_SP01_2";"03351-CT-6""-C3-0021-R3_HOJA-19_SP01";"03351-CT-6""-C3-0021-R3_HOJA-19";Concentrado Cu-Mo;03350-02-03;;PIPE RACK ;"03351-CT-6""-C3-0021-R3";19;0;SP01;2;F;VIC;6;STD;C3;R3;CS;0,998;Concentrado Cu-Mo;;;;12/03/2026;46157;;46209;;46254;;0,4;0,3992;0,3493;0,0499;;;;;;;;;;;;;;;;;;;;;;;;;;;;;;;
"03351-CT-6""-C3-0021-R3_HOJA-19_SP02_3";"03351-CT-6""-C3-0021-R3_HOJA-19_SP02";"03351-CT-6""-C3-0021-R3_HOJA-19";Concentrado Cu-Mo;03350-02-03;;PIPE RACK ;"03351-CT-6""-C3-0021-R3";19;0;SP02;3;F;VIC;6;STD;C3;R3;CS;0,998;Concentrado Cu-Mo;;;;12/03/2026;46244;;46209;;46254;;0,4;0,3992;0,2994;0,0998;;;;;;;;;;;;;;;;;;;;;;;;;;;;;;;
"03351-CT-6""-C3-0021-R3_HOJA-20_SP01_1";"03351-CT-6""-C3-0021-R3_HOJA-20_SP01";"03351-CT-6""-C3-0021-R3_HOJA-20";Concentrado Cu-Mo;03350-02-03;;PIPE RACK ;"03351-CT-6""-C3-0021-R3";20;0;SP01;1;F;VIC;6;STD;C3;R3;CS;3,763;Concentrado Cu-Mo;;;;12/03/2026;46157;;46249;;46254;;0,4;1,5052;0,94075;0,56445;;;;;;;;;;;;;;;;;;;;;;;;;;;;;;;
"03351-CT-6""-C3-0021-R3_HOJA-20_SP02_2";"03351-CT-6""-C3-0021-R3_HOJA-20_SP02";"03351-CT-6""-C3-0021-R3_HOJA-20";Concentrado Cu-Mo;03350-02-03;;PIPE RACK ;"03351-CT-6""-C3-0021-R3";20;0;SP02;2;F;VIC;6;STD;C3;R3;CS;3,763;Concentrado Cu-Mo;;;;12/03/2026;46156;;46209;;46254;;0,4;1,5052;1,31705;0,18815;;;;;;;;;;;;;;;;;;;;;;;;;;;;;;;
"03351-CT-6""-C3-0021-R3_HOJA-20_SP03_3";"03351-CT-6""-C3-0021-R3_HOJA-20_SP03";"03351-CT-6""-C3-0021-R3_HOJA-20";Concentrado Cu-Mo;03350-02-03;;PIPE RACK ;"03351-CT-6""-C3-0021-R3";20;0;SP03;3;F;VIC;6;STD;C3;R3;CS;3,763;Concentrado Cu-Mo;;;;12/03/2026;46159;;46209;;46254;;0,4;1,5052;1,31705;0,18815;;;;;;;;;;;;;;;;;;;;;;;;;;;;;;;
"03351-CT-6""-C3-0021-R3_HOJA-21_SP01_1";"03351-CT-6""-C3-0021-R3_HOJA-21_SP01";"03351-CT-6""-C3-0021-R3_HOJA-21";Concentrado Cu-Mo;03350-02-03;;PIPE RACK ;"03351-CT-6""-C3-0021-R3";21;0;SP01;1;F;VIC;6;STD;C3;R3;CS;0,662;Concentrado Cu-Mo;;;;12/03/2026;46155;;46249;;46254;;0,4;0,2648;0,1655;0,0993;;;;;;;;;;;;;;;;;;;;;;;;;;;;;;;
"03351-CT-6""-C3-0021-R3_HOJA-21_SP02_2";"03351-CT-6""-C3-0021-R3_HOJA-21_SP02";"03351-CT-6""-C3-0021-R3_HOJA-21";Concentrado Cu-Mo;03350-02-03;;PIPE RACK ;"03351-CT-6""-C3-0021-R3";21;0;SP02;2;F;VIC;6;STD;C3;R3;CS;0,662;Concentrado Cu-Mo;;;;12/03/2026;46157;;46249;;46254;;0,4;0,2648;0,1655;0,0993;;;;;;;;;;;;;;;;;;;;;;;;;;;;;;;
"03351-CT-6""-C3-0021-R3_HOJA-21_SP03_3";"03351-CT-6""-C3-0021-R3_HOJA-21_SP03";"03351-CT-6""-C3-0021-R3_HOJA-21";Concentrado Cu-Mo;03350-02-03;;PIPE RACK ;"03351-CT-6""-C3-0021-R3";21;0;SP03;3;F;VIC;6;STD;C3;R3;CS;0,662;Concentrado Cu-Mo;;;;12/03/2026;46159;;46209;;46254;;0,4;0,2648;0,2317;0,0331;;;;;;;;;;;;;;;;;;;;;;;;;;;;;;;
"03351-CT-6""-C3-0021-R3_HOJA-21_SP04_4";"03351-CT-6""-C3-0021-R3_HOJA-21_SP04";"03351-CT-6""-C3-0021-R3_HOJA-21";Concentrado Cu-Mo;03350-02-03;;PIPE RACK ;"03351-CT-6""-C3-0021-R3";21;0;SP04;4;F;VIC;6;STD;C3;R3;CS;0,662;Concentrado Cu-Mo;;;;12/03/2026;46155;;46249;;46254;;0,4;0,2648;0,1655;0,0993;;;;;;;;;;;;;;;;;;;;;;;;;;;;;;;
"03351-CT-6""-C3-0021-R3_HOJA-21_SP05_5";"03351-CT-6""-C3-0021-R3_HOJA-21_SP05";"03351-CT-6""-C3-0021-R3_HOJA-21";Concentrado Cu-Mo;03350-02-03;;PIPE RACK ;"03351-CT-6""-C3-0021-R3";21;0;SP05;5;F;VIC;6;STD;C3;R3;CS;0,662;Concentrado Cu-Mo;;;;12/03/2026;46159;;46209;;46254;;0,4;0,2648;0,2317;0,0331;;;;;;;;;;;;;;;;;;;;;;;;;;;;;;;
"03351-CT-6""-C3-0021-R3_HOJA-21_SP01_6";"03351-CT-6""-C3-0021-R3_HOJA-21_SP01";"03351-CT-6""-C3-0021-R3_HOJA-21";Concentrado Cu-Mo;03350-02-03;;PIPE RACK ;"03351-CT-6""-C3-0021-R3";21;0;SP01;6;S;BW;6;STD;C3;R3;CS;0,662;Concentrado Cu-Mo;;W-16;Adicional;12/03/2026;46172;46172;46220;46256;;;0,9;0,5958;0,3972;0,1986;EJECUTADA;46172;W-16;;;;;;;;;;;;;;;;;;;;;;;;;;;;
"03351-CT-6""-C3-0021-R3_HOJA-21_SP01_7";"03351-CT-6""-C3-0021-R3_HOJA-21_SP01";"03351-CT-6""-C3-0021-R3_HOJA-21";Concentrado Cu-Mo;03350-02-03;;PIPE RACK ;"03351-CT-6""-C3-0021-R3";21;0;SP01;7;S;BW;6;STD;C3;R3;CS;0,662;Concentrado Cu-Mo;;W-16;Adicional;12/03/2026;46172;46172;46220;46256;;;0,9;0,5958;0,3972;0,1986;EJECUTADA;46172;W-16;;;;;;;;;;;;;;;;;;;;;;;;;;;;
"03351-CT-6""-C3-0021-R3_HOJA-21_SP03_8";"03351-CT-6""-C3-0021-R3_HOJA-21_SP03";"03351-CT-6""-C3-0021-R3_HOJA-21";Concentrado Cu-Mo;03350-02-03;;PIPE RACK ;"03351-CT-6""-C3-0021-R3";21;0;SP03;8;S;BW;6;STD;C3;R3;CS;0,662;Concentrado Cu-Mo;;W-19;Adicional;12/03/2026;46165;46165;46209;46256;;;0,9;0,5958;0,3972;0,1986;EJECUTADA;46165;W-19;;;;;;;;;;;;;;;;;;;;;;;;;;;;
"03351-CT-6""-C3-0021-R3_HOJA-21_SP03_9";"03351-CT-6""-C3-0021-R3_HOJA-21_SP03";"03351-CT-6""-C3-0021-R3_HOJA-21";Concentrado Cu-Mo;03350-02-03;;PIPE RACK ;"03351-CT-6""-C3-0021-R3";21;0;SP03;9;S;BW;6;STD;C3;R3;CS;0,662;Concentrado Cu-Mo;;W-19;Adicional;12/03/2026;46165;46165;46242;46256;;;0,9;0,5958;0,331;0,2648;EJECUTADA;46165;W-19;;;;;;;;;;;;;;;;;;;;;;;;;;;;
"03351-CT-6""-C3-0021-R3_HOJA-21_SP05_10";"03351-CT-6""-C3-0021-R3_HOJA-21_SP05";"03351-CT-6""-C3-0021-R3_HOJA-21";Concentrado Cu-Mo;03350-02-03;;PIPE RACK ;"03351-CT-6""-C3-0021-R3";21;0;SP05;10;S;BW;6;STD;C3;R3;CS;0,662;Concentrado Cu-Mo;;W-00;Adicional;12/03/2026;46166;46166;46209;46256;;;0,9;0,5958;0,3972;0,1986;EJECUTADA;46100;W-00;;;;;;;;;;;;;;;;;;;;;;;;;;;;
"03351-CT-6""-C3-0021-R3_HOJA-21_SP05_11";"03351-CT-6""-C3-0021-R3_HOJA-21_SP05";"03351-CT-6""-C3-0021-R3_HOJA-21";Concentrado Cu-Mo;03350-02-03;;PIPE RACK ;"03351-CT-6""-C3-0021-R3";21;0;SP05;11;S;BW;6;STD;C3;R3;CS;0,662;Concentrado Cu-Mo;;W-00;Adicional;12/03/2026;46166;46166;46220;46256;;;0,9;0,5958;0,3972;0,1986;EJECUTADA;46100;W-00;;;;;;;;;;;;;;;;;;;;;;;;;;;;
"03351-CT-6""-C3-0021-R3_HOJA-22_SP01_1";"03351-CT-6""-C3-0021-R3_HOJA-22_SP01";"03351-CT-6""-C3-0021-R3_HOJA-22";Concentrado Cu-Mo;03350-02-03;;PIPE RACK ;"03351-CT-6""-C3-0021-R3";22;0;SP01;1;F;VIC;6;STD;C3;R3;CS;2,193;Concentrado Cu-Mo;;;;12/03/2026;46156;;46209;;46254;;0,4;0,8772;0,76755;0,10965;;;;;;;;;;;;;;;;;;;;;;;;;;;;;;;
"03351-CT-6""-C3-0021-R3_HOJA-22_SP02_2";"03351-CT-6""-C3-0021-R3_HOJA-22_SP02";"03351-CT-6""-C3-0021-R3_HOJA-22";Concentrado Cu-Mo;03350-02-03;;PIPE RACK ;"03351-CT-6""-C3-0021-R3";22;0;SP02;2;F;VIC;6;STD;C3;R3;CS;2,193;Concentrado Cu-Mo;;;;12/03/2026;46155;;46209;;46254;;0,4;0,8772;0,76755;0,10965;;;;;;;;;;;;;;;;;;;;;;;;;;;;;;;
"03351-CT-6""-C3-0021-R3_HOJA-22_SP03_3";"03351-CT-6""-C3-0021-R3_HOJA-22_SP03";"03351-CT-6""-C3-0021-R3_HOJA-22";Concentrado Cu-Mo;03350-02-03;;PIPE RACK ;"03351-CT-6""-C3-0021-R3";22;0;SP03;3;F;VIC;6;STD;C3;R3;CS;2,193;Concentrado Cu-Mo;;;;12/03/2026;46159;;46249;;46254;;0,4;0,8772;0,54825;0,32895;;;;;;;;;;;;;;;;;;;;;;;;;;;;;;;
"03351-CT-6""-C3-0021-R3_HOJA-22_SP03_4";"03351-CT-6""-C3-0021-R3_HOJA-22_SP03";"03351-CT-6""-C3-0021-R3_HOJA-22";Concentrado Cu-Mo;03350-02-03;;PIPE RACK ;"03351-CT-6""-C3-0021-R3";22;0;SP03;4;S;BW;6;STD;C3;R3;CS;2,193;Concentrado Cu-Mo;;;Adicional;12/03/2026;;;46209;;;;0,3;0,6579;0,6579;0;;;;;;;;;;;;;;;;;;;;;;;;;;;;;;;
"03351-CT-6""-C3-0021-R3_HOJA-22_SP03_5";"03351-CT-6""-C3-0021-R3_HOJA-22_SP03";"03351-CT-6""-C3-0021-R3_HOJA-22";Concentrado Cu-Mo;03350-02-03;;PIPE RACK ;"03351-CT-6""-C3-0021-R3";22;0;SP03;5;S;BW;6;STD;C3;R3;CS;2,193;Concentrado Cu-Mo;;;Adicional;13/03/2026;;;46249;;;;0,3;0,6579;0,4386;0,2193;;;;;;;;;;;;;;;;;;;;;;;;;;;;;;;
"03351-CT-6""-C3-0021-R3_HOJA-23_SP01_1";"03351-CT-6""-C3-0021-R3_HOJA-23_SP01";"03351-CT-6""-C3-0021-R3_HOJA-23";Concentrado Cu-Mo;03350-02-03;;PIPE RACK ;"03351-CT-6""-C3-0021-R3";23;0;SP01;1;F;VIC;6;STD;C3;R3;CS;1,948;Concentrado Cu-Mo;;;;14/03/2026;46157;;46209;;46254;;0,4;0,7792;0,6818;0,0974;;;;;;;;;;;;;;;;;;;;;;;;;;;;;;;
"03351-CT-6""-C3-0021-R3_HOJA-23_SP02_2";"03351-CT-6""-C3-0021-R3_HOJA-23_SP02";"03351-CT-6""-C3-0021-R3_HOJA-23";Concentrado Cu-Mo;03350-02-03;;PIPE RACK ;"03351-CT-6""-C3-0021-R3";23;0;SP02;2;F;VIC;6;STD;C3;R3;CS;1,948;Concentrado Cu-Mo;;;;15/03/2026;46159;;46249;;46254;;0,4;0,7792;0,487;0,2922;;;;;;;;;;;;;;;;;;;;;;;;;;;;;;;
"03351-CT-6""-C3-0021-R3_HOJA-23_SP03_3";"03351-CT-6""-C3-0021-R3_HOJA-23_SP03";"03351-CT-6""-C3-0021-R3_HOJA-23";Concentrado Cu-Mo;03350-02-03;;PIPE RACK ;"03351-CT-6""-C3-0021-R3";23;0;SP03;3;F;VIC;6;STD;C3;R3;CS;1,948;Concentrado Cu-Mo;;;;16/03/2026;46155;;46209;;46254;;0,4;0,7792;0,6818;0,0974;;;;;;;;;;;;;;;;;;;;;;;;;;;;;;;
"03351-CT-6""-C3-0021-R3_HOJA-23_SP03_4";"03351-CT-6""-C3-0021-R3_HOJA-23_SP03";"03351-CT-6""-C3-0021-R3_HOJA-23";Concentrado Cu-Mo;03350-02-03;;PIPE RACK ;"03351-CT-6""-C3-0021-R3";23;0;SP03;4;S;BW;6;STD;C3;R3;CS;1,948;Concentrado Cu-Mo;;;Adicional;17/03/2026;;;46209;;;;0,3;0,5844;0,3896;0,1948;;;;;;;;;;;;;;;;;;;;;;;;;;;;;;;
"03351-CT-6""-C3-0021-R3_HOJA-23_SP03_5";"03351-CT-6""-C3-0021-R3_HOJA-23_SP03";"03351-CT-6""-C3-0021-R3_HOJA-23";Concentrado Cu-Mo;03350-02-03;;PIPE RACK ;"03351-CT-6""-C3-0021-R3";23;0;SP03;5;S;BW;6;STD;C3;R3;CS;1,948;Concentrado Cu-Mo;;;Adicional;18/03/2026;;;46249;;;;0,3;0,5844;0,3896;0,1948;;;;;;;;;;;;;;;;;;;;;;;;;;;;;;;
"03351-CT-6""-C3-0021-R3_HOJA-24_SP01_1";"03351-CT-6""-C3-0021-R3_HOJA-24_SP01";"03351-CT-6""-C3-0021-R3_HOJA-24";Concentrado Cu-Mo;03350-02-03;;PIPE RACK ;"03351-CT-6""-C3-0021-R3";24;0;SP01;1;F;VIC;6;STD;C3;R3;CS;1,303;Concentrado Cu-Mo;;;;19/03/2026;46159;;46209;;46254;;0,4;0,5212;0,45605;0,06515;;;;;;;;;;;;;;;;;;;;;;;;;;;;;;;
"03351-CT-6""-C3-0021-R3_HOJA-24_SP02_2";"03351-CT-6""-C3-0021-R3_HOJA-24_SP02";"03351-CT-6""-C3-0021-R3_HOJA-24";Concentrado Cu-Mo;03350-02-03;;PIPE RACK ;"03351-CT-6""-C3-0021-R3";24;0;SP02;2;F;VIC;6;STD;C3;R3;CS;1,303;Concentrado Cu-Mo;;;;20/03/2026;46156;;46209;;46254;;0,4;0,5212;0,45605;0,06515;;;;;;;;;;;;;;;;;;;;;;;;;;;;;;;
"03351-CT-6""-C3-0021-R3_HOJA-24_SP03_3";"03351-CT-6""-C3-0021-R3_HOJA-24_SP03";"03351-CT-6""-C3-0021-R3_HOJA-24";Concentrado Cu-Mo;03350-02-03;;PIPE RACK ;"03351-CT-6""-C3-0021-R3";24;0;SP03;3;F;VIC;6;STD;C3;R3;CS;1,303;Concentrado Cu-Mo;;;;21/03/2026;46157;;46249;;46254;;0,4;0,5212;0,32575;0,19545;;;;;;;;;;;;;;;;;;;;;;;;;;;;;;;
"03351-CT-6""-C3-0021-R3_HOJA-24_SP02_4";"03351-CT-6""-C3-0021-R3_HOJA-24_SP02";"03351-CT-6""-C3-0021-R3_HOJA-24";Concentrado Cu-Mo;03350-02-03;;PIPE RACK ;"03351-CT-6""-C3-0021-R3";24;0;SP02;4;S;BW;6;STD;C3;R3;CS;1,303;Concentrado Cu-Mo;;W-16;;22/03/2026;46145;46145;46209;46256;;;0,9;1,1727;0,7818;0,3909;EJECUTADA;46145;W-16;;;;;;;;;;;;;;;;;;;;;;;;;;;;
"03351-CT-6""-C3-0021-R3_HOJA-24_SP02_5";"03351-CT-6""-C3-0021-R3_HOJA-24_SP02";"03351-CT-6""-C3-0021-R3_HOJA-24";Concentrado Cu-Mo;03350-02-03;;PIPE RACK ;"03351-CT-6""-C3-0021-R3";24;0;SP02;5;S;BW;6;STD;C3;R3;CS;1,303;Concentrado Cu-Mo;;W-16;;23/03/2026;46145;46145;46209;46256;;;0,9;1,1727;0,6515;0,5212;EJECUTADA;46145;W-16;;;;;;;;;;;;;;;;;;;;;;;;;;;;
"03351-CT-6""-C3-0021-R3_HOJA-25_SP01_1";"03351-CT-6""-C3-0021-R3_HOJA-25_SP01";"03351-CT-6""-C3-0021-R3_HOJA-25";Concentrado Cu-Mo;03350-02-03;;PIPE RACK ;"03351-CT-6""-C3-0021-R3";25;0;SP01;1;F;VIC;6;STD;C3;R3;CS;1,044;Concentrado Cu-Mo;;;;24/03/2026;46157;;46209;;46254;;0,4;0,4176;0,3654;0,0522;;;;;;;;;;;;;;;;;;;;;;;;;;;;;;;
"03351-CT-6""-C3-0021-R3_HOJA-25_SP02_2";"03351-CT-6""-C3-0021-R3_HOJA-25_SP02";"03351-CT-6""-C3-0021-R3_HOJA-25";Concentrado Cu-Mo;03350-02-03;;PIPE RACK ;"03351-CT-6""-C3-0021-R3";25;0;SP02;2;F;VIC;6;STD;C3;R3;CS;1,044;Concentrado Cu-Mo;;;;25/03/2026;46156;;46249;;46254;;0,4;0,4176;0,261;0,1566;;;;;;;;;;;;;;;;;;;;;;;;;;;;;;;
"03351-CT-6""-C3-0021-R3_HOJA-25_SP03_3";"03351-CT-6""-C3-0021-R3_HOJA-25_SP03";"03351-CT-6""-C3-0021-R3_HOJA-25";Concentrado Cu-Mo;03350-02-03;;PIPE RACK ;"03351-CT-6""-C3-0021-R3";25;0;SP03;3;F;VIC;6;STD;C3;R3;CS;1,044;Concentrado Cu-Mo;;;;26/03/2026;46159;;46209;;46254;;0,4;0,4176;0,3654;0,0522;;;;;;;;;;;;;;;;;;;;;;;;;;;;;;;
"03351-CT-6""-C3-0021-R3_HOJA-25_SP01_4";"03351-CT-6""-C3-0021-R3_HOJA-25_SP01";"03351-CT-6""-C3-0021-R3_HOJA-25";Concentrado Cu-Mo;03350-02-03;;PIPE RACK ;"03351-CT-6""-C3-0021-R3";25;0;SP01;4;S;BW;6;STD;C3;R3;CS;1,044;Concentrado Cu-Mo;;W-18;Adicional;12/03/2026;46160;46160;46209;46256;;;0,9;0,9396;0,522;0,4176;EJECUTADA;46160;W-18;;;;;;;;;;;;;;;;;;;;;;;;;;;;
"03351-CT-6""-C3-0021-R3_HOJA-25_SP01_5";"03351-CT-6""-C3-0021-R3_HOJA-25_SP01";"03351-CT-6""-C3-0021-R3_HOJA-25";Concentrado Cu-Mo;03350-02-03;;PIPE RACK ;"03351-CT-6""-C3-0021-R3";25;0;SP01;5;S;BW;6;STD;C3;R3;CS;1,044;Concentrado Cu-Mo;;W-18;Adicional;12/03/2026;46160;46160;46242;46256;;;0,9;0,9396;0,522;0,4176;EJECUTADA;46160;W-18;;;;;;;;;;;;;;;;;;;;;;;;;;;;
"03351-CT-6""-C3-0021-R3_HOJA-25_SP03_6";"03351-CT-6""-C3-0021-R3_HOJA-25_SP03";"03351-CT-6""-C3-0021-R3_HOJA-25";Concentrado Cu-Mo;03350-02-03;;PIPE RACK ;"03351-CT-6""-C3-0021-R3";25;0;SP03;6;S;BW;6;STD;C3;R3;CS;1,044;Concentrado Cu-Mo;;W-02;Adicional;12/03/2026;46168;46168;46209;46256;;;0,9;0,9396;0,6264;0,3132;EJECUTADA;46168;W-02;;;;;;;;;;;;;;;;;;;;;;;;;;;;
"03351-CT-6""-C3-0021-R3_HOJA-25_SP03_7";"03351-CT-6""-C3-0021-R3_HOJA-25_SP03";"03351-CT-6""-C3-0021-R3_HOJA-25";Concentrado Cu-Mo;03350-02-03;;PIPE RACK ;"03351-CT-6""-C3-0021-R3";25;0;SP03;7;S;BW;6;STD;C3;R3;CS;1,044;Concentrado Cu-Mo;;W-02;Adicional;12/03/2026;46168;46168;46209;46256;;;0,9;0,9396;0,522;0,4176;EJECUTADA;46168;W-02;;;;;;;;;;;;;;;;;;;;;;;;;;;;
"03351-CT-6""-C3-0021-R3_HOJA-26_SP01_1";"03351-CT-6""-C3-0021-R3_HOJA-26_SP01";"03351-CT-6""-C3-0021-R3_HOJA-26";Concentrado Cu-Mo;03350-02-03;;PIPE RACK ;"03351-CT-6""-C3-0021-R3";26;0;SP01;1;F;VIC;6;STD;C3;R3;CS;1,646;Concentrado Cu-Mo;;;;12/03/2026;46155;;46209;;46253;;0,4;0,6584;0,5761;0,0823;;;;;;;;;;;;;;;;;;;;;;;;;;;;;;;
"03351-CT-6""-C3-0021-R3_HOJA-26_SP02_2";"03351-CT-6""-C3-0021-R3_HOJA-26_SP02";"03351-CT-6""-C3-0021-R3_HOJA-26";Concentrado Cu-Mo;03350-02-03;;PIPE RACK ;"03351-CT-6""-C3-0021-R3";26;0;SP02;2;F;VIC;6;STD;C3;R3;CS;1,646;Concentrado Cu-Mo;;;;12/03/2026;46157;;46249;;46253;;0,4;0,6584;0,4115;0,2469;;;;;;;;;;;;;;;;;;;;;;;;;;;;;;;
"03351-CT-6""-C3-0021-R3_HOJA-26_SP03_3";"03351-CT-6""-C3-0021-R3_HOJA-26_SP03";"03351-CT-6""-C3-0021-R3_HOJA-26";Concentrado Cu-Mo;03350-02-03;;PIPE RACK ;"03351-CT-6""-C3-0021-R3";26;0;SP03;3;F;VIC;6;STD;C3;R3;CS;1,646;Concentrado Cu-Mo;;;;12/03/2026;46155;46251;46209;46251;46250;;0,95;1,5637;0,5761;0,9876;;;;;;;;;;;;;;;;;;;;;;;;;;;;;;;
"03351-CT-6""-C3-0021-R3_HOJA-26_SP04_4";"03351-CT-6""-C3-0021-R3_HOJA-26_SP04";"03351-CT-6""-C3-0021-R3_HOJA-26";Concentrado Cu-Mo;03350-02-03;;PIPE RACK ;"03351-CT-6""-C3-0021-R3";26;0;SP04;4;F;VIC;6;STD;C3;R3;CS;1,646;Concentrado Cu-Mo;;;;12/03/2026;46157;46251;46209;46251;46250;;0,95;1,5637;0,4115;1,1522;;;;;;;;;;;;;;;;;;;;;;;;;;;;;;;
"03351-CT-6""-C3-0021-R3_HOJA-26_SP05_5";"03351-CT-6""-C3-0021-R3_HOJA-26_SP05";"03351-CT-6""-C3-0021-R3_HOJA-26";Concentrado Cu-Mo;03350-02-03;;PIPE RACK ;"03351-CT-6""-C3-0021-R3";26;0;SP05;5;F;VIC;6;STD;C3;R3;CS;1,646;Concentrado Cu-Mo;;;;12/03/2026;46156;;46249;;46253;;0,4;0,6584;0,4115;0,2469;;;;;;;;;;;;;;;;;;;;;;;;;;;;;;;
"03351-CT-6""-C3-0021-R3_HOJA-26_SP06_6";"03351-CT-6""-C3-0021-R3_HOJA-26_SP06";"03351-CT-6""-C3-0021-R3_HOJA-26";Concentrado Cu-Mo;03350-02-03;;PIPE RACK ;"03351-CT-6""-C3-0021-R3";26;0;SP06;6;F;VIC;6;STD;C3;R3;CS;1,646;Concentrado Cu-Mo;;;;12/03/2026;46155;;46209;;46253;;0,4;0,6584;0,5761;0,0823;;;;;;;;;;;;;;;;;;;;;;;;;;;;;;;
"03351-CT-6""-C3-0021-R3_HOJA-26_SP03_7";"03351-CT-6""-C3-0021-R3_HOJA-26_SP03";"03351-CT-6""-C3-0021-R3_HOJA-26";Concentrado Cu-Mo;03350-02-03;;PIPE RACK ;"03351-CT-6""-C3-0021-R3";26;0;SP03;7;S;BW;6;STD;C3;R3;CS;1,646;Concentrado Cu-Mo;;W-16;Adicional;12/03/2026;46171;46171;46209;46251;46250;;0,95;1,5637;0,823;0,7407;EJECUTADA;46171;W-16;;;;;;;;;;;;;;;;;;;;;;;;;;;;
"03351-CT-6""-C3-0021-R3_HOJA-26_SP03_8";"03351-CT-6""-C3-0021-R3_HOJA-26_SP03";"03351-CT-6""-C3-0021-R3_HOJA-26";Concentrado Cu-Mo;03350-02-03;;PIPE RACK ;"03351-CT-6""-C3-0021-R3";26;0;SP03;8;S;BW;6;STD;C3;R3;CS;1,646;Concentrado Cu-Mo;;W-16;Adicional;12/03/2026;46171;46171;46209;46251;46250;;0,95;1,5637;0,9876;0,5761;EJECUTADA;46171;W-16;;;;;;;;;;;;;;;;;;;;;;;;;;;;
"03351-CT-6""-C3-0021-R3_HOJA-26_SP06_9";"03351-CT-6""-C3-0021-R3_HOJA-26_SP06";"03351-CT-6""-C3-0021-R3_HOJA-26";Concentrado Cu-Mo;03350-02-03;;PIPE RACK ;"03351-CT-6""-C3-0021-R3";26;0;SP06;9;S;BW;6;STD;C3;R3;CS;1,646;Concentrado Cu-Mo;;W-16;Adicional;12/03/2026;46172;46172;46242;46256;;;0,9;1,4814;0,823;0,6584;EJECUTADA;46172;W-16;;;;;;;;;;;;;;;;;;;;;;;;;;;;
"03351-CT-6""-C3-0021-R3_HOJA-26_SP06_10";"03351-CT-6""-C3-0021-R3_HOJA-26_SP06";"03351-CT-6""-C3-0021-R3_HOJA-26";Concentrado Cu-Mo;03350-02-03;;PIPE RACK ;"03351-CT-6""-C3-0021-R3";26;0;SP06;10;S;BW;6;STD;C3;R3;CS;1,646;Concentrado Cu-Mo;;W-16;Adicional;12/03/2026;46172;46172;46209;46256;;;0,9;1,4814;0,9876;0,4938;EJECUTADA;46172;W-16;;;;;;;;;;;;;;;;;;;;;;;;;;;;
"03351-CT-6""-C3-0021-R3_HOJA-27_SP01_1";"03351-CT-6""-C3-0021-R3_HOJA-27_SP01";"03351-CT-6""-C3-0021-R3_HOJA-27";Concentrado Cu-Mo;03350-02-03;;PIPE RACK ;"03351-CT-6""-C3-0021-R3";27;0;SP01;1;F;VIC;6;STD;C3;R3;CS;0,922;Concentrado Cu-Mo;;;;12/03/2026;46157;;46209;;46254;;0,4;0,3688;0,2305;0,1383;;;;;;;;;;;;;;;;;;;;;;;;;;;;;;;
"03351-CT-6""-C3-0021-R3_HOJA-27_SP02_2";"03351-CT-6""-C3-0021-R3_HOJA-27_SP02";"03351-CT-6""-C3-0021-R3_HOJA-27";Concentrado Cu-Mo;03350-02-03;;PIPE RACK ;"03351-CT-6""-C3-0021-R3";27;0;SP02;2;F;VIC;6;STD;C3;R3;CS;0,922;Concentrado Cu-Mo;;;;12/03/2026;46156;;46209;;46254;;0,4;0,3688;0,2305;0,1383;;;;;;;;;;;;;;;;;;;;;;;;;;;;;;;
"03351-CT-6""-C3-0021-R3_HOJA-27_SP03_3";"03351-CT-6""-C3-0021-R3_HOJA-27_SP03";"03351-CT-6""-C3-0021-R3_HOJA-27";Concentrado Cu-Mo;03350-02-03;;PIPE RACK ;"03351-CT-6""-C3-0021-R3";27;0;SP03;3;F;VIC;6;STD;C3;R3;CS;0,922;Concentrado Cu-Mo;;;;12/03/2026;46157;;46209;;46254;;0,4;0,3688;0,3227;0,0461;;;;;;;;;;;;;;;;;;;;;;;;;;;;;;;
"03351-CT-6""-C3-0021-R3_HOJA-27_SP04_4";"03351-CT-6""-C3-0021-R3_HOJA-27_SP04";"03351-CT-6""-C3-0021-R3_HOJA-27";Concentrado Cu-Mo;03350-02-03;;PIPE RACK ;"03351-CT-6""-C3-0021-R3";27;0;SP04;4;F;VIC;6;STD;C3;R3;CS;0,922;Concentrado Cu-Mo;;;;12/03/2026;46157;;46209;;46254;;0,4;0,3688;0,3227;0,0461;;;;;;;;;;;;;;;;;;;;;;;;;;;;;;;
"03351-CT-6""-C3-0021-R3_HOJA-27_SP05_5";"03351-CT-6""-C3-0021-R3_HOJA-27_SP05";"03351-CT-6""-C3-0021-R3_HOJA-27";Concentrado Cu-Mo;03350-02-03;;PIPE RACK ;"03351-CT-6""-C3-0021-R3";27;0;SP05;5;F;VIC;6;STD;C3;R3;CS;0,922;Concentrado Cu-Mo;;;;12/03/2026;46156;;46209;;46254;;0,4;0,3688;0,2305;0,1383;;;;;;;;;;;;;;;;;;;;;;;;;;;;;;;
"03351-CT-6""-C3-0021-R3_HOJA-27_SP02_6";"03351-CT-6""-C3-0021-R3_HOJA-27_SP02";"03351-CT-6""-C3-0021-R3_HOJA-27";Concentrado Cu-Mo;03350-02-03;;PIPE RACK ;"03351-CT-6""-C3-0021-R3";27;0;SP02;6;S;BW;6;STD;C3;R3;CS;0,922;Concentrado Cu-Mo;;W-16;Adicional;12/03/2026;46146;46146;46209;46256;;;0,9;0,8298;0,5532;0,2766;EJECUTADA;46146;W-16;;;;;;;;;;;;;;;;;;;;;;;;;;;;
"03351-CT-6""-C3-0021-R3_HOJA-27_SP02_7";"03351-CT-6""-C3-0021-R3_HOJA-27_SP02";"03351-CT-6""-C3-0021-R3_HOJA-27";Concentrado Cu-Mo;03350-02-03;;PIPE RACK ;"03351-CT-6""-C3-0021-R3";27;0;SP02;7;S;BW;6;STD;C3;R3;CS;0,922;Concentrado Cu-Mo;;W-16;Adicional;12/03/2026;46146;46146;46209;46256;;;0,9;0,8298;0,461;0,3688;EJECUTADA;46146;W-16;;;;;;;;;;;;;;;;;;;;;;;;;;;;
"03351-CT-6""-C3-0021-R3_HOJA-27_SP04_8";"03351-CT-6""-C3-0021-R3_HOJA-27_SP04";"03351-CT-6""-C3-0021-R3_HOJA-27";Concentrado Cu-Mo;03350-02-03;;PIPE RACK ;"03351-CT-6""-C3-0021-R3";27;0;SP04;8;S;BW;6;STD;C3;R3;CS;0,922;Concentrado Cu-Mo;;W-16;Adicional;12/03/2026;46146;46146;46209;46256;;;0,9;0,8298;0,5532;0,2766;EJECUTADA;46146;W-16;;;;;;;;;;;;;;;;;;;;;;;;;;;;
"03351-CT-6""-C3-0021-R3_HOJA-27_SP04_9";"03351-CT-6""-C3-0021-R3_HOJA-27_SP04";"03351-CT-6""-C3-0021-R3_HOJA-27";Concentrado Cu-Mo;03350-02-03;;PIPE RACK ;"03351-CT-6""-C3-0021-R3";27;0;SP04;9;S;BW;6;STD;C3;R3;CS;0,922;Concentrado Cu-Mo;;W-16;Adicional;12/03/2026;46146;46146;46209;46256;;;0,9;0,8298;0,5532;0,2766;EJECUTADA;46146;W-16;;;;;;;;;;;;;;;;;;;;;;;;;;;;
"03351-CT-6""-C3-0021-R3_HOJA-27_SP05_10";"03351-CT-6""-C3-0021-R3_HOJA-27_SP05";"03351-CT-6""-C3-0021-R3_HOJA-27";Concentrado Cu-Mo;03350-02-03;;PIPE RACK ;"03351-CT-6""-C3-0021-R3";27;0;SP05;10;S;BW;6;STD;C3;R3;CS;0,922;Concentrado Cu-Mo;;W-19;Adicional;12/03/2026;46146;46146;46209;46256;;;0,9;0,8298;0,5532;0,2766;EJECUTADA;46177;W-19;;;;;;;;;;;;;;;;;;;;;;;;;;;;
"03351-CT-6""-C3-0023-R3_HOJA-1_SP01_1";"03351-CT-6""-C3-0023-R3_HOJA-1_SP01";"03351-CT-6""-C3-0023-R3_HOJA-1";Concentrado Cu-Mo;03350-02-03;;BAJO ESPESADOR ;"03351-CT-6""-C3-0023-R3";1;0;SP01;1;S;SO;4;STD;C3;R3;CS;0,131;Concentrado Cu-Mo;;W-19;;12/03/2026;46194;46194;46220;;;;0,6;0,0786;0,0786;0;EJECUTADA;46194;W-19;;;;;;;;;;;;;;;;;;;;;;;;;;;;
"03351-CT-6""-C3-0023-R3_HOJA-1_SP02_2";"03351-CT-6""-C3-0023-R3_HOJA-1_SP02";"03351-CT-6""-C3-0023-R3_HOJA-1";Concentrado Cu-Mo;03350-02-03;;BAJO ESPESADOR ;"03351-CT-6""-C3-0023-R3";1;0;SP02;2;F;VIC;4;STD;C3;R3;CS;0,131;Concentrado Cu-Mo;;;;12/03/2026;46244;;46242;;46254;;0,4;0,0524;0,0262;0,0262;;;;;;;;;;;;;;;;;;;;;;;;;;;;;;;
"03351-CT-6""-C3-0023-R3_HOJA-1_SP02_3";"03351-CT-6""-C3-0023-R3_HOJA-1_SP02";"03351-CT-6""-C3-0023-R3_HOJA-1";Concentrado Cu-Mo;03350-02-03;;BAJO ESPESADOR ;"03351-CT-6""-C3-0023-R3";1;0;SP02;3;F;VIC;4;STD;C3;R3;CS;0,131;Concentrado Cu-Mo;;;;12/03/2026;46227;46227;46242;46244;46251;;0,95;0,12445;0,0655;0,05895;EJECUTADA;46227;0;;;;;;;;;;;;;;;;;;;;;;;;;;;;
"03351-CT-6""-C3-0023-R3_HOJA-1_SP03_4";"03351-CT-6""-C3-0023-R3_HOJA-1_SP03";"03351-CT-6""-C3-0023-R3_HOJA-1";Concentrado Cu-Mo;03350-02-03;;BAJO ESPESADOR ;"03351-CT-6""-C3-0023-R3";1;0;SP03;4;F;VIC;3;STD;C3;R3;CS;0,131;Concentrado Cu-Mo;;;;12/03/2026;46194;46194;46220;46245;46251;;0,95;0,12445;0,0786;0,04585;EJECUTADA;46194;0;;;;;;;;;;;;;;;;;;;;;;;;;;;;
"03351-CT-6""-C3-0023-R3_HOJA-1_SP03_5";"03351-CT-6""-C3-0023-R3_HOJA-1_SP03";"03351-CT-6""-C3-0023-R3_HOJA-1";Concentrado Cu-Mo;03350-02-03;;BAJO ESPESADOR ;"03351-CT-6""-C3-0023-R3";1;0;SP03;5;S;SO;3;STD;C3;R3;CS;0,131;Concentrado Cu-Mo;;W-19;;12/03/2026;46194;46194;46220;;;;0,6;0,0786;0,0786;0;EJECUTADA;46194;W-19;;;;;;;;;;;;;;;;;;;;;;;;;;;;
"03351-CT-6""-C3-0023-R3_HOJA-2_SP01_1";"03351-CT-6""-C3-0023-R3_HOJA-2_SP01";"03351-CT-6""-C3-0023-R3_HOJA-2";Concentrado Cu-Mo;03350-02-03;;BAJO ESPESADOR ;"03351-CT-6""-C3-0023-R3";2;0;SP01;1;F;VIC;6;STD;C3;R3;CS;0,847;Concentrado Cu-Mo;;;;12/03/2026;46227;46227;46242;46244;46251;;0,95;0,80465;0,4235;0,38115;EJECUTADA;46227;0;;;;;;;;;;;;;;;;;;;;;;;;;;;;
"03351-CT-6""-C3-0023-R3_HOJA-2_SP01_2";"03351-CT-6""-C3-0023-R3_HOJA-2_SP01";"03351-CT-6""-C3-0023-R3_HOJA-2";Concentrado Cu-Mo;03350-02-03;;BAJO ESPESADOR ;"03351-CT-6""-C3-0023-R3";2;0;SP01;2;F;VIC;6;STD;C3;R3;CS;0,847;Concentrado Cu-Mo;;;;12/03/2026;46164;46227;46242;46244;46251;;0,95;0,80465;0,4235;0,38115;EJECUTADA;46227;0;;;;;;;;;;;;;;;;;;;;;;;;;;;;
"03351-CT-6""-C3-0023-R3_HOJA-2_SP02_3";"03351-CT-6""-C3-0023-R3_HOJA-2_SP02";"03351-CT-6""-C3-0023-R3_HOJA-2";Concentrado Cu-Mo;03350-02-03;;BAJO ESPESADOR ;"03351-CT-6""-C3-0023-R3";2;0;SP02;3;F;VIC;6;STD;C3;R3;CS;0,847;Concentrado Cu-Mo;;;;12/03/2026;46244;;46242;;46252;;0,4;0,3388;0,1694;0,1694;;;;;;;;;;;;;;;;;;;;;;;;;;;;;;;
"03351-CT-6""-C3-0023-R3_HOJA-2_SP04_4";"03351-CT-6""-C3-0023-R3_HOJA-2_SP04";"03351-CT-6""-C3-0023-R3_HOJA-2";Concentrado Cu-Mo;03350-02-03;;BAJO ESPESADOR ;"03351-CT-6""-C3-0023-R3";2;0;SP04;4;F;VIC;6;STD;C3;R3;CS;0,847;Concentrado Cu-Mo;;;;12/03/2026;46162;;46242;;46254;;0,4;0,3388;0,21175;0,12705;;;;;;;;;;;;;;;;;;;;;;;;;;;;;;;
"03351-CT-6""-C3-0023-R3_HOJA-2_SP01_5";"03351-CT-6""-C3-0023-R3_HOJA-2_SP01";"03351-CT-6""-C3-0023-R3_HOJA-2";Concentrado Cu-Mo;03350-02-03;;BAJO ESPESADOR ;"03351-CT-6""-C3-0023-R3";2;0;SP01;5;S;SO;3;STD;C3;R3;CS;0,847;Concentrado Cu-Mo;;W-19;;12/03/2026;46193;46193;46220;;;;0,6;0,5082;0,5082;0;EJECUTADA;46193;W-19;;;;;;;;;;;;;;;;;;;;;;;;;;;;
"03351-CT-6""-C3-0023-R3_HOJA-2_SP01_6";"03351-CT-6""-C3-0023-R3_HOJA-2_SP01";"03351-CT-6""-C3-0023-R3_HOJA-2";Concentrado Cu-Mo;03350-02-03;;BAJO ESPESADOR ;"03351-CT-6""-C3-0023-R3";2;0;SP01;6;S;BRW;3;STD;C3;R3;CS;0,847;Concentrado Cu-Mo;;W-19;;12/03/2026;46193;46193;46220;;;;0,6;0,5082;0,5082;0;EJECUTADA;46193;W-19;;;;;;;;;;;;;;;;;;;;;;;;;;;;
"03351-CT-6""-C3-0023-R3_HOJA-2_SP03_7";"03351-CT-6""-C3-0023-R3_HOJA-2_SP03";"03351-CT-6""-C3-0023-R3_HOJA-2";Concentrado Cu-Mo;03350-02-03;;BAJO ESPESADOR ;"03351-CT-6""-C3-0023-R3";2;0;SP03;7;S;BW;6;STD;C3;R3;CS;0,847;Concentrado Cu-Mo;;W-19;Adicional;12/03/2026;46164;46164;46242;;;;0,6;0,5082;0,4235;0,0847;EJECUTADA;46164;W-19;;;;;;;;;;;;;;;;;;;;;;;;;;;;
"03351-CT-6""-C3-0023-R3_HOJA-2_SP03_8";"03351-CT-6""-C3-0023-R3_HOJA-2_SP03";"03351-CT-6""-C3-0023-R3_HOJA-2";Concentrado Cu-Mo;03350-02-03;;BAJO ESPESADOR ;"03351-CT-6""-C3-0023-R3";2;0;SP03;8;S;BW;6;STD;C3;R3;CS;0,847;Concentrado Cu-Mo;;W-19;Adicional;12/03/2026;46164;46164;46220;;;;0,6;0,5082;0,5082;0;EJECUTADA;46164;W-19;;;;;;;;;;;;;;;;;;;;;;;;;;;;
"03351-CT-6""-C3-0023-R3_HOJA-3_SP01_1";"03351-CT-6""-C3-0023-R3_HOJA-3_SP01";"03351-CT-6""-C3-0023-R3_HOJA-3";Concentrado Cu-Mo;03350-02-03;;BAJO ESPESADOR ;"03351-CT-6""-C3-0023-R3";3;0;SP01;1;S;SO;3;STD;C3;R3;CS;0,33;Concentrado Cu-Mo;;W-02;;12/03/2026;46232;46232;46232;;;;0,6;0,198;0,198;0;EJECUTADA;46232;W-02;;;;;;;;;;;;;;;;;;;;;;;;;;;;
"03351-CT-6""-C3-0023-R3_HOJA-3_SP02_2";"03351-CT-6""-C3-0023-R3_HOJA-3_SP02";"03351-CT-6""-C3-0023-R3_HOJA-3";Concentrado Cu-Mo;03350-02-03;;BAJO ESPESADOR ;"03351-CT-6""-C3-0023-R3";3;0;SP02;2;F;VIC;3;STD;C3;R3;CS;0,33;Concentrado Cu-Mo;;;;12/03/2026;46244;;46242;;46254;;0,4;0,132;0,066;0,066;;;;;;;;;;;;;;;;;;;;;;;;;;;;;;;
"03351-CT-6""-C3-0023-R3_HOJA-3_SP02_3";"03351-CT-6""-C3-0023-R3_HOJA-3_SP02";"03351-CT-6""-C3-0023-R3_HOJA-3";Concentrado Cu-Mo;03350-02-03;;BAJO ESPESADOR ;"03351-CT-6""-C3-0023-R3";3;0;SP02;3;F;VIC;3;STD;C3;R3;CS;0,33;Concentrado Cu-Mo;;;;12/03/2026;46232;46232;46232;46245;46251;;0,95;0,3135;0,198;0,1155;EJECUTADA;46232;0;;;;;;;;;;;;;;;;;;;;;;;;;;;;
"03351-CT-6""-C3-0023-R3_HOJA-3_SP03_4";"03351-CT-6""-C3-0023-R3_HOJA-3_SP03";"03351-CT-6""-C3-0023-R3_HOJA-3";Concentrado Cu-Mo;03350-02-03;;BAJO ESPESADOR ;"03351-CT-6""-C3-0023-R3";3;0;SP03;4;F;VIC;2;80;C3;R3;CS;0,33;Concentrado Cu-Mo;;;;12/03/2026;46232;46232;46232;46245;46251;;0,95;0,3135;0,198;0,1155;EJECUTADA;46232;0;;;;;;;;;;;;;;;;;;;;;;;;;;;;
"03351-CT-6""-C3-0023-R3_HOJA-3_SP01_5";"03351-CT-6""-C3-0023-R3_HOJA-3_SP01";"03351-CT-6""-C3-0023-R3_HOJA-3";Concentrado Cu-Mo;03350-02-03;;BAJO ESPESADOR ;"03351-CT-6""-C3-0023-R3";3;0;SP01;5;F;SO;2;80;C3;R3;CS;0,33;Concentrado Cu-Mo;;W-18;;12/03/2026;46222;46222;46222;46247;;;0,9;0,297;0,198;0,099;EJECUTADA;46222;W-18;;;;;;;;;;;;;;;;;;;;;;;;;;;;
"03351-CT-6""-C3-0023-R3_HOJA-3_SP04_6";"03351-CT-6""-C3-0023-R3_HOJA-3_SP04";"03351-CT-6""-C3-0023-R3_HOJA-3";Concentrado Cu-Mo;03350-02-03;;BAJO ESPESADOR ;"03351-CT-6""-C3-0023-R3";3;0;SP04;6;S;SO;2;80;C2;R3;CS;0,33;Concentrado Cu-Mo;;W-18;;12/03/2026;46222;46222;46222;;;;0,6;0,198;0,198;0;EJECUTADA;46222;W-18;;;;;;;;;;;;;;;;;;;;;;;;;;;;
"03351-CT-6""-C3-0023-R3_HOJA-3_SP04_7";"03351-CT-6""-C3-0023-R3_HOJA-3_SP04";"03351-CT-6""-C3-0023-R3_HOJA-3";Concentrado Cu-Mo;03350-02-03;;BAJO ESPESADOR ;"03351-CT-6""-C3-0023-R3";3;0;SP04;7;S;SW;2;80;C2;R3;CS;0,33;Concentrado Cu-Mo;;;;12/03/2026;;;46242;;;;0,3;0,099;0,066;0,033;;;;;;;;;;;;;;;;;;;;;;;;;;;;;;;
"03351-CT-6""-C3-0023-R3_HOJA-3_SP04_8";"03351-CT-6""-C3-0023-R3_HOJA-3_SP04";"03351-CT-6""-C3-0023-R3_HOJA-3";Concentrado Cu-Mo;03350-02-03;;BAJO ESPESADOR ;"03351-CT-6""-C3-0023-R3";3;0;SP04;8;S;SW;2;80;C2;R3;CS;0,33;Concentrado Cu-Mo;;;;12/03/2026;;;46222;;;;0,3;0,099;0,066;0,033;;;;;;;;;;;;;;;;;;;;;;;;;;;;;;;
"03351-CT-6""-C3-0023-R3_HOJA-3_SP04_9";"03351-CT-6""-C3-0023-R3_HOJA-3_SP04";"03351-CT-6""-C3-0023-R3_HOJA-3";Concentrado Cu-Mo;03350-02-03;;BAJO ESPESADOR ;"03351-CT-6""-C3-0023-R3";3;0;SP04;9;S;SW;2;80;C2;R3;CS;0,33;Concentrado Cu-Mo;;;;12/03/2026;;;46222;;;;0,3;0,099;0,066;0,033;;;;;;;;;;;;;;;;;;;;;;;;;;;;;;;
"03351-CT-6""-C3-0023-R3_HOJA-3_SP04_10";"03351-CT-6""-C3-0023-R3_HOJA-3_SP04";"03351-CT-6""-C3-0023-R3_HOJA-3";Concentrado Cu-Mo;03350-02-03;;BAJO ESPESADOR ;"03351-CT-6""-C3-0023-R3";3;0;SP04;10;S;SW;2;80;C2;R3;CS;0,33;Concentrado Cu-Mo;;;;12/03/2026;;;46222;;;;0,3;0,099;0,066;0,033;;;;;;;;;;;;;;;;;;;;;;;;;;;;;;;
"03351-CT-6""-C3-0023-R3_HOJA-4_SP01_1";"03351-CT-6""-C3-0023-R3_HOJA-4_SP01";"03351-CT-6""-C3-0023-R3_HOJA-4";Concentrado Cu-Mo;03350-02-03;;BAJO ESPESADOR ;"03351-CT-6""-C3-0023-R3";4;0;SP01;1;F;VIC;6;STD;C3;R3;CS;0,307;Concentrado Cu-Mo;;;;12/03/2026;46244;;46222;;46252;;0,4;0,1228;0,0614;0,0614;;;;;;;;;;;;;;;;;;;;;;;;;;;;;;;
"03351-CT-6""-C3-0023-R3_HOJA-4_SP02_2";"03351-CT-6""-C3-0023-R3_HOJA-4_SP02";"03351-CT-6""-C3-0023-R3_HOJA-4";Concentrado Cu-Mo;03350-02-03;;BAJO ESPESADOR ;"03351-CT-6""-C3-0023-R3";4;0;SP02;2;F;VIC;6;STD;C3;R3;CS;0,307;Concentrado Cu-Mo;;;;12/03/2026;46164;;46222;;46254;;0,4;0,1228;0,07675;0,04605;;;;;;;;;;;;;;;;;;;;;;;;;;;;;;;
"03351-CT-6""-C3-0023-R3_HOJA-4_SP03_3";"03351-CT-6""-C3-0023-R3_HOJA-4_SP03";"03351-CT-6""-C3-0023-R3_HOJA-4";Concentrado Cu-Mo;03350-02-03;;BAJO ESPESADOR ;"03351-CT-6""-C3-0023-R3";4;0;SP03;3;F;VIC;6;STD;C3;R3;CS;0,307;Concentrado Cu-Mo;;;;12/03/2026;46164;;46222;;46252;;0,4;0,1228;0,07675;0,04605;;;;;;;;;;;;;;;;;;;;;;;;;;;;;;;
"03351-CT-6""-C3-0023-R3_HOJA-4_SP04_4";"03351-CT-6""-C3-0023-R3_HOJA-4_SP04";"03351-CT-6""-C3-0023-R3_HOJA-4";Concentrado Cu-Mo;03350-02-03;;BAJO ESPESADOR ;"03351-CT-6""-C3-0023-R3";4;0;SP04;4;F;VIC;6;STD;C3;R3;CS;0,307;Concentrado Cu-Mo;;;;12/03/2026;46244;;46222;;46254;;0,4;0,1228;0,0614;0,0614;;;;;;;;;;;;;;;;;;;;;;;;;;;;;;;
"03351-CT-6""-C3-0023-R3_HOJA-4_SP04_5";"03351-CT-6""-C3-0023-R3_HOJA-4_SP04";"03351-CT-6""-C3-0023-R3_HOJA-4";Concentrado Cu-Mo;03350-02-03;;BAJO ESPESADOR ;"03351-CT-6""-C3-0023-R3";4;0;SP04;5;S;LET;2;STD;C3;R3;CS;0,307;Concentrado Cu-Mo;;;;12/03/2026;;;46222;;;;0,3;0,0921;0,0614;0,0307;;;;;;;;;;;;;;;;;;;;;;;;;;;;;;;
"03351-CT-6""-C3-0023-R3_HOJA-4_SP04_6";"03351-CT-6""-C3-0023-R3_HOJA-4_SP04";"03351-CT-6""-C3-0023-R3_HOJA-4";Concentrado Cu-Mo;03350-02-03;;BAJO ESPESADOR ;"03351-CT-6""-C3-0023-R3";4;0;SP04;6;S;BW;6;STD;C3;R3;CS;0,307;Concentrado Cu-Mo;;;;12/03/2026;;;46222;;;;0,3;0,0921;0,0614;0,0307;;;;;;;;;;;;;;;;;;;;;;;;;;;;;;;
"03351-CT-6""-C3-0023-R3_HOJA-4_SP05_7";"03351-CT-6""-C3-0023-R3_HOJA-4_SP05";"03351-CT-6""-C3-0023-R3_HOJA-4";Concentrado Cu-Mo;03350-02-03;;BAJO ESPESADOR ;"03351-CT-6""-C3-0023-R3";4;0;SP05;7;S;SO;6;STD;C3;R3;CS;0,307;Concentrado Cu-Mo;;;;12/03/2026;46257;46257;46222;46257;;;0,9;0,2763;0,0614;0,2149;;;;;;;;;;;;;;;;;;;;;;;;;;;;;;;
"03351-CT-6""-C3-0023-R3_HOJA-4_SP04_8";"03351-CT-6""-C3-0023-R3_HOJA-4_SP04";"03351-CT-6""-C3-0023-R3_HOJA-4";Concentrado Cu-Mo;03350-02-03;;BAJO ESPESADOR ;"03351-CT-6""-C3-0023-R3";4;0;SP04;8;F;VIC;2;STD;C3;R3;CS;0,307;Concentrado Cu-Mo;;;;12/03/2026;46244;;46222;;46254;;0,4;0,1228;0,0614;0,0614;;;;;;;;;;;;;;;;;;;;;;;;;;;;;;;
"03351-CT-6""-C3-0023-R3_HOJA-4_SP04_9";"03351-CT-6""-C3-0023-R3_HOJA-4_SP04";"03351-CT-6""-C3-0023-R3_HOJA-4";Concentrado Cu-Mo;03350-02-03;;BAJO ESPESADOR ;"03351-CT-6""-C3-0023-R3";4;0;SP04;9;F;VIC;2;STD;C3;R3;CS;0,307;Concentrado Cu-Mo;;;;12/03/2026;46244;;46242;;46254;;0,4;0,1228;0,0614;0,0614;;;;;;;;;;;;;;;;;;;;;;;;;;;;;;;
"03351-CT-6""-C3-0023-R3_HOJA-4_SP05_10";"03351-CT-6""-C3-0023-R3_HOJA-4_SP05";"03351-CT-6""-C3-0023-R3_HOJA-4";Concentrado Cu-Mo;03350-02-03;;BAJO ESPESADOR ;"03351-CT-6""-C3-0023-R3";4;0;SP05;10;F;VIC;3;STD;C3;R3;CS;0,307;Concentrado Cu-Mo;;;;12/03/2026;46244;;46242;;46252;;0,4;0,1228;0,0614;0,0614;;;;;;;;;;;;;;;;;;;;;;;;;;;;;;;
"03351-CT-6""-C3-0023-R3_HOJA-4_SP01_11";"03351-CT-6""-C3-0023-R3_HOJA-4_SP01";"03351-CT-6""-C3-0023-R3_HOJA-4";Concentrado Cu-Mo;03350-02-03;;BAJO ESPESADOR ;"03351-CT-6""-C3-0023-R3";4;0;SP01;11;S;BW;3;STD;C3;R3;CS;0,307;Concentrado Cu-Mo;;W-18;Adicional;12/03/2026;46162;46162;46220;;;;0,6;0,1842;0,1842;0;EJECUTADA;46162;W-18;;;;;;;;;;;;;;;;;;;;;;;;;;;;
"03351-CT-6""-C3-0023-R3_HOJA-4_SP01_12";"03351-CT-6""-C3-0023-R3_HOJA-4_SP01";"03351-CT-6""-C3-0023-R3_HOJA-4";Concentrado Cu-Mo;03350-02-03;;BAJO ESPESADOR ;"03351-CT-6""-C3-0023-R3";4;0;SP01;12;S;BW;3;STD;C3;R3;CS;0,307;Concentrado Cu-Mo;;W-18;Adicional;12/03/2026;46162;46162;46242;;;;0,6;0,1842;0,1535;0,0307;EJECUTADA;46162;W-18;;;;;;;;;;;;;;;;;;;;;;;;;;;;
"03351-CT-6""-C3-0023-R3_HOJA-4_SP03_13";"03351-CT-6""-C3-0023-R3_HOJA-4_SP03";"03351-CT-6""-C3-0023-R3_HOJA-4";Concentrado Cu-Mo;03350-02-03;;BAJO ESPESADOR ;"03351-CT-6""-C3-0023-R3";4;0;SP03;13;S;BRW;2;STD;C3;R3;CS;0,307;Concentrado Cu-Mo;;W-19;Adicional;12/03/2026;46187;46187;46220;;;;0,6;0,1842;0,1842;0;EJECUTADA;46187;W-19;;;;;;;;;;;;;;;;;;;;;;;;;;;;
"03351-CT-6""-C3-0030-R3_HOJA-1_SP01_1";"03351-CT-6""-C3-0030-R3_HOJA-1_SP01";"03351-CT-6""-C3-0030-R3_HOJA-1";Concentrado Cu-Mo;03350-02-03;;TORRE TRASFERENCIA;"03351-CT-6""-C3-0030-R3";1;0;SP01;1;F;VIC;6;STD;C3;R3;CS;0,176;Concentrado Cu-Mo;03351-CAJ-002;;;12/03/2026;46244;;46249;;46254;;0,4;0,0704;0,0352;0,0352;;;;;;;;;;;;;;;;;;;;;;;;;;;;;;;
"03351-CT-6""-C3-0030-R3_HOJA-1_SP01_2";"03351-CT-6""-C3-0030-R3_HOJA-1_SP01";"03351-CT-6""-C3-0030-R3_HOJA-1";Concentrado Cu-Mo;03350-02-03;;TORRE TRASFERENCIA;"03351-CT-6""-C3-0030-R3";1;0;SP01;2;S;LET;2;STD;C3;R3;CS;0,176;Concentrado Cu-Mo;;;;12/03/2026;;;46249;;;;0,3;0,0528;0,0352;0,0176;;;;;;;;;;;;;;;;;;;;;;;;;;;;;;;
"03351-CT-6""-C3-0030-R3_HOJA-1_SP01_3";"03351-CT-6""-C3-0030-R3_HOJA-1_SP01";"03351-CT-6""-C3-0030-R3_HOJA-1";Concentrado Cu-Mo;03350-02-03;;TORRE TRASFERENCIA;"03351-CT-6""-C3-0030-R3";1;0;SP01;3;S;BW;6;STD;C3;R3;CS;0,176;Concentrado Cu-Mo;;W-18;;12/03/2026;46183;46183;46220;;;;0,6;0,1056;0,1056;0;EJECUTADA;46183;W-18;;;;;;;;;;;;;;;;;;;;;;;;;;;;
"03351-CT-6""-C3-0030-R3_HOJA-1_SP01_4";"03351-CT-6""-C3-0030-R3_HOJA-1_SP01";"03351-CT-6""-C3-0030-R3_HOJA-1";Concentrado Cu-Mo;03350-02-03;;TORRE TRASFERENCIA;"03351-CT-6""-C3-0030-R3";1;0;SP01;4;S;BW;2;STD;C3;R3;CS;0,176;Concentrado Cu-Mo;;;;12/03/2026;;;46249;;;;0,3;0,0528;0,0352;0,0176;;;;;;;;;;;;;;;;;;;;;;;;;;;;;;;
"03351-CT-6""-C3-0030-R3_HOJA-1_SP01_5";"03351-CT-6""-C3-0030-R3_HOJA-1_SP01";"03351-CT-6""-C3-0030-R3_HOJA-1";Concentrado Cu-Mo;03350-02-03;;TORRE TRASFERENCIA;"03351-CT-6""-C3-0030-R3";1;0;SP01;5;S;SO;2;STD;C3;R3;CS;0,176;Concentrado Cu-Mo;;;;12/03/2026;;;46249;;;;0,3;0,0528;0,0352;0,0176;;;;;;;;;;;;;;;;;;;;;;;;;;;;;;;
"03351-CT-6""-C3-0030-R3_HOJA-2_SP01_1";"03351-CT-6""-C3-0030-R3_HOJA-2_SP01";"03351-CT-6""-C3-0030-R3_HOJA-2";Concentrado Cu-Mo;03350-02-03;;TORRE TRASFERENCIA;"03351-CT-6""-C3-0030-R3";2;0;SP01;1;S;BW;6;STD;C3;R3;CS;0,734;Concentrado Cu-Mo;;W-02;;12/03/2026;46225;46225;46220;;;;0,6;0,4404;0,4404;0;EJECUTADA;46225;W-02;;;;;;;;;;;;;;;;;;;;;;;;;;;;
"03351-CT-6""-C3-0030-R3_HOJA-2_SP01_2";"03351-CT-6""-C3-0030-R3_HOJA-2_SP01";"03351-CT-6""-C3-0030-R3_HOJA-2";Concentrado Cu-Mo;03350-02-03;;TORRE TRASFERENCIA;"03351-CT-6""-C3-0030-R3";2;0;SP01;2;F;LET;2;STD;C3;R3;CS;0,734;Concentrado Cu-Mo;;W-02;;12/03/2026;46225;46225;46242;46247;;;0,9;0,6606;0,367;0,2936;EJECUTADA;46225;W-02;;;;;;;;;;;;;;;;;;;;;;;;;;;;
"03351-CT-6""-C3-0030-R3_HOJA-2_SP02_3";"03351-CT-6""-C3-0030-R3_HOJA-2_SP02";"03351-CT-6""-C3-0030-R3_HOJA-2";Concentrado Cu-Mo;03350-02-03;;TORRE TRASFERENCIA;"03351-CT-6""-C3-0030-R3";2;0;SP02;3;F;VIC;6;STD;C3;R3;CS;0,734;Concentrado Cu-Mo;;;;12/03/2026;46244;;46249;;46252;;0,4;0,2936;0,1468;0,1468;;;;;;;;;;;;;;;;;;;;;;;;;;;;;;;
"03351-CT-6""-C3-0030-R3_HOJA-2_SP03_4";"03351-CT-6""-C3-0030-R3_HOJA-2_SP03";"03351-CT-6""-C3-0030-R3_HOJA-2";Concentrado Cu-Mo;03350-02-03;;TORRE TRASFERENCIA;"03351-CT-6""-C3-0030-R3";2;0;SP03;4;F;VIC;6;STD;C3;R3;CS;0,734;Concentrado Cu-Mo;;;;12/03/2026;46244;;46249;;46254;;0,4;0,2936;0,1468;0,1468;;;;;;;;;;;;;;;;;;;;;;;;;;;;;;;
"03351-CT-6""-C3-0030-R3_HOJA-2_SP04_5";"03351-CT-6""-C3-0030-R3_HOJA-2_SP04";"03351-CT-6""-C3-0030-R3_HOJA-2";Concentrado Cu-Mo;03350-02-03;;TORRE TRASFERENCIA;"03351-CT-6""-C3-0030-R3";2;0;SP04;5;F;VIC;6;STD;C3;R3;CS;0,734;Concentrado Cu-Mo;;;;12/03/2026;46244;;46220;;46254;;0,4;0,2936;0,2202;0,0734;;;;;;;;;;;;;;;;;;;;;;;;;;;;;;;
"03351-CT-6""-C3-0030-R3_HOJA-2_SP01_6";"03351-CT-6""-C3-0030-R3_HOJA-2_SP01";"03351-CT-6""-C3-0030-R3_HOJA-2";Concentrado Cu-Mo;03350-02-03;;TORRE TRASFERENCIA;"03351-CT-6""-C3-0030-R3";2;0;SP01;6;S;BW;2;80;C3;R3;CS;0,734;Concentrado Cu-Mo;;W-02;;12/03/2026;46225;46225;46242;;;;0,6;0,4404;0,367;0,0734;EJECUTADA;46225;W-02;;;;;;;;;;;;;;;;;;;;;;;;;;;;
"03351-CT-6""-C3-0030-R3_HOJA-2_SP01_7";"03351-CT-6""-C3-0030-R3_HOJA-2_SP01";"03351-CT-6""-C3-0030-R3_HOJA-2";Concentrado Cu-Mo;03350-02-03;;TORRE TRASFERENCIA;"03351-CT-6""-C3-0030-R3";2;0;SP01;7;S;SO;2;80;C3;R3;CS;0,734;Concentrado Cu-Mo;;W-02;;12/03/2026;46225;46225;46242;;;;0,6;0,4404;0,367;0,0734;EJECUTADA;46225;W-02;;;;;;;;;;;;;;;;;;;;;;;;;;;;
"03351-CT-6""-C3-0030-R3_HOJA-2_SP02_8";"03351-CT-6""-C3-0030-R3_HOJA-2_SP02";"03351-CT-6""-C3-0030-R3_HOJA-2";Concentrado Cu-Mo;03350-02-03;;TORRE TRASFERENCIA;"03351-CT-6""-C3-0030-R3";2;0;SP02;8;S;BW;6;STD;C3;R3;CS;0,734;Concentrado Cu-Mo;;W-19;Adicional;12/03/2026;46163;46163;46242;;;;0,6;0,4404;0,367;0,0734;EJECUTADA;46163;W-19;;;;;;;;;;;;;;;;;;;;;;;;;;;;
"03351-CT-6""-C3-0030-R3_HOJA-2_SP02_9";"03351-CT-6""-C3-0030-R3_HOJA-2_SP02";"03351-CT-6""-C3-0030-R3_HOJA-2";Concentrado Cu-Mo;03350-02-03;;TORRE TRASFERENCIA;"03351-CT-6""-C3-0030-R3";2;0;SP02;9;S;BW;6;STD;C3;R3;CS;0,734;Concentrado Cu-Mo;;W-19;Adicional;12/03/2026;46163;46163;46242;;;;0,6;0,4404;0,367;0,0734;EJECUTADA;46163;W-19;;;;;;;;;;;;;;;;;;;;;;;;;;;;
"03351-CT-6""-C3-0030-R3_HOJA-2_SP03_10";"03351-CT-6""-C3-0030-R3_HOJA-2_SP03";"03351-CT-6""-C3-0030-R3_HOJA-2";Concentrado Cu-Mo;03350-02-03;;TORRE TRASFERENCIA;"03351-CT-6""-C3-0030-R3";2;0;SP03;10;S;BW;6;STD;C3;R3;CS;0,734;Concentrado Cu-Mo;;W-19;Adicional;12/03/2026;46164;46164;46220;;;;0,6;0,4404;0,4404;0;EJECUTADA;46164;W-19;;;;;;;;;;;;;;;;;;;;;;;;;;;;
"03351-CT-6""-C3-0030-R3_HOJA-2_SP03_11";"03351-CT-6""-C3-0030-R3_HOJA-2_SP03";"03351-CT-6""-C3-0030-R3_HOJA-2";Concentrado Cu-Mo;03350-02-03;;TORRE TRASFERENCIA;"03351-CT-6""-C3-0030-R3";2;0;SP03;11;S;BW;6;STD;C3;R3;CS;0,734;Concentrado Cu-Mo;;W-19;Adicional;12/03/2026;46164;46164;46242;;;;0,6;0,4404;0,367;0,0734;EJECUTADA;46164;W-19;;;;;;;;;;;;;;;;;;;;;;;;;;;;
"03351-CT-6""-C3-0030-R3_HOJA-2_SP04_12";"03351-CT-6""-C3-0030-R3_HOJA-2_SP04";"03351-CT-6""-C3-0030-R3_HOJA-2";Concentrado Cu-Mo;03350-02-03;;TORRE TRASFERENCIA;"03351-CT-6""-C3-0030-R3";2;0;SP04;12;S;BW;6;STD;C3;R3;CS;0,734;Concentrado Cu-Mo;;W-19;Adicional;12/03/2026;46163;46163;46242;;;;0,6;0,4404;0,367;0,0734;EJECUTADA;46163;W-19;;;;;;;;;;;;;;;;;;;;;;;;;;;;
"03351-CT-6""-C3-0030-R3_HOJA-2_SP04_13";"03351-CT-6""-C3-0030-R3_HOJA-2_SP04";"03351-CT-6""-C3-0030-R3_HOJA-2";Concentrado Cu-Mo;03350-02-03;;TORRE TRASFERENCIA;"03351-CT-6""-C3-0030-R3";2;0;SP04;13;S;BW;6;STD;C3;R3;CS;0,734;Concentrado Cu-Mo;;W-19;Adicional;12/03/2026;46163;46163;46220;;;;0,6;0,4404;0,4404;0;EJECUTADA;46163;W-19;;;;;;;;;;;;;;;;;;;;;;;;;;;;
"03351-CT-6""-C3-0046-R3_HOJA-1_SP01_1";"03351-CT-6""-C3-0046-R3_HOJA-1_SP01";"03351-CT-6""-C3-0046-R3_HOJA-1";Concentrado Cu-Mo;03350-02-03;;BAJO ESPESADOR ;"03351-CT-6""-C3-0046-R3";1;0;SP01;1;F;VIC;6;STD;C3;R3;CS;0,254;Concentrado Cu-Mo;;;;12/03/2026;46244;;46244;;46252;;0,4;0,1016;0,0508;0,0508;;;;;;;;;;;;;;;;;;;;;;;;;;;;;;;
"03351-CT-6""-C3-0046-R3_HOJA-1_SP01_2";"03351-CT-6""-C3-0046-R3_HOJA-1_SP01";"03351-CT-6""-C3-0046-R3_HOJA-1";Concentrado Cu-Mo;03350-02-03;;BAJO ESPESADOR ;"03351-CT-6""-C3-0046-R3";1;0;SP01;2;S;LET;2;STD;C3;R3;CS;0,254;Concentrado Cu-Mo;;W-18;;12/03/2026;46221;46221;46221;46256;;;0,9;0,2286;0,1524;0,0762;EJECUTADA;46221;W-18;;;;;;;;;;;;;;;;;;;;;;;;;;;;
"03351-CT-6""-C3-0046-R3_HOJA-1_SP01_3";"03351-CT-6""-C3-0046-R3_HOJA-1_SP01";"03351-CT-6""-C3-0046-R3_HOJA-1";Concentrado Cu-Mo;03350-02-03;;BAJO ESPESADOR ;"03351-CT-6""-C3-0046-R3";1;0;SP01;3;S;BW;6;STD;C3;R3;CS;0,254;Concentrado Cu-Mo;;W-18;;12/03/2026;46220;46220;46220;46256;;;0,9;0,2286;0,1524;0,0762;EJECUTADA;46220;W-18;;;;;;;;;;;;;;;;;;;;;;;;;;;;
"03351-CT-6""-C3-0046-R3_HOJA-1_SP01_4";"03351-CT-6""-C3-0046-R3_HOJA-1_SP01";"03351-CT-6""-C3-0046-R3_HOJA-1";Concentrado Cu-Mo;03350-02-03;;BAJO ESPESADOR ;"03351-CT-6""-C3-0046-R3";1;0;SP01;4;S;BW;6;STD;C3;R3;CS;0,254;Concentrado Cu-Mo;;;;12/03/2026;;;46244;;;;0,3;0,0762;0,0508;0,0254;;;;;;;;;;;;;;;;;;;;;;;;;;;;;;;
"03351-CT-6""-C3-0046-R3_HOJA-1_SP02_5";"03351-CT-6""-C3-0046-R3_HOJA-1_SP02";"03351-CT-6""-C3-0046-R3_HOJA-1";Concentrado Cu-Mo;03350-02-03;;BAJO ESPESADOR ;"03351-CT-6""-C3-0046-R3";1;0;SP02;5;S;SO;3;STD;C3;R3;CS;0,254;Concentrado Cu-Mo;;;;12/03/2026;46193;46193;46220;46256;;;0,9;0,2286;0,1524;0,0762;EJECUTADA;46193;0;;;;;;;;;;;;;;;;;;;;;;;;;;;;
"03351-CT-6""-C3-0046-R3_HOJA-1_SP02_6";"03351-CT-6""-C3-0046-R3_HOJA-1_SP02";"03351-CT-6""-C3-0046-R3_HOJA-1";Concentrado Cu-Mo;03350-02-03;;BAJO ESPESADOR ;"03351-CT-6""-C3-0046-R3";1;0;SP02;6;S;SW;2;STD;C3;R3;CS;0,254;Concentrado Cu-Mo;;W-18;;12/03/2026;46221;46221;46221;46256;;;0,9;0,2286;0,1524;0,0762;EJECUTADA;46221;W-18;;;;;;;;;;;;;;;;;;;;;;;;;;;;
"03351-CT-6""-C3-0046-R3_HOJA-1_SP02_7";"03351-CT-6""-C3-0046-R3_HOJA-1_SP02";"03351-CT-6""-C3-0046-R3_HOJA-1";Concentrado Cu-Mo;03350-02-03;;BAJO ESPESADOR ;"03351-CT-6""-C3-0046-R3";1;0;SP02;7;S;SO;2;STD;C3;R3;CS;0,254;Concentrado Cu-Mo;;W-18;;12/03/2026;46220;46220;46220;46256;;;0,9;0,2286;0,1524;0,0762;EJECUTADA;46220;W-18;;;;;;;;;;;;;;;;;;;;;;;;;;;;
"03351-CT-6""-C3-0046-R3_HOJA-2_SP01_1";"03351-CT-6""-C3-0046-R3_HOJA-2_SP01";"03351-CT-6""-C3-0046-R3_HOJA-2";Concentrado Cu-Mo;03350-02-03;;BAJO ESPESADOR ;"03351-CT-6""-C3-0046-R3";2;0;SP01;1;F;VIC;6;STD;C3;R3;CS;6,09;Concentrado Cu-Mo;;;;12/03/2026;46244;;46244;46244;46251;;0,7;4,263;1,218;3,045;;;;;;;;;;;;;;;;;;;;;;;;;;;;;;;
"03351-CT-6""-C3-0046-R3_HOJA-3_SP01_1";"03351-CT-6""-C3-0046-R3_HOJA-3_SP01";"03351-CT-6""-C3-0046-R3_HOJA-3";Concentrado Cu-Mo;03350-02-03;;BAJO ESPESADOR ;"03351-CT-6""-C3-0046-R3";3;0;SP01;1;F;VIC;6;STD;C3;R3;CS;0,66;Concentrado Cu-Mo;;;;12/03/2026;46244;;46220;;46254;;0,4;0,264;0,198;0,066;;;;;;;;;;;;;;;;;;;;;;;;;;;;;;;
"03351-CT-6""-C3-0046-R3_HOJA-3_SP02_2";"03351-CT-6""-C3-0046-R3_HOJA-3_SP02";"03351-CT-6""-C3-0046-R3_HOJA-3";Concentrado Cu-Mo;03350-02-03;;BAJO ESPESADOR ;"03351-CT-6""-C3-0046-R3";3;0;SP02;2;F;VIC;6;STD;C3;R3;CS;0,66;Concentrado Cu-Mo;;;;12/03/2026;46244;;46244;;46252;;0,4;0,264;0,132;0,132;;;;;;;;;;;;;;;;;;;;;;;;;;;;;;;
"03351-CT-6""-C3-0046-R3_HOJA-3_SP03_3";"03351-CT-6""-C3-0046-R3_HOJA-3_SP03";"03351-CT-6""-C3-0046-R3_HOJA-3";Concentrado Cu-Mo;03350-02-03;;BAJO ESPESADOR ;"03351-CT-6""-C3-0046-R3";3;0;SP03;3;F;VIC;6;STD;C3;R3;CS;0,66;Concentrado Cu-Mo;;;;12/03/2026;46162;;46244;;46254;;0,4;0,264;0,165;0,099;;;;;;;;;;;;;;;;;;;;;;;;;;;;;;;
"03351-CT-6""-C3-0046-R3_HOJA-3_SP02_4";"03351-CT-6""-C3-0046-R3_HOJA-3_SP02";"03351-CT-6""-C3-0046-R3_HOJA-3";Concentrado Cu-Mo;03350-02-03;;BAJO ESPESADOR ;"03351-CT-6""-C3-0046-R3";3;0;SP02;4;S;BW;6;STD;C3;R3;CS;0,66;Concentrado Cu-Mo;;;Adicional;12/03/2026;;;46244;;;;0,3;0,198;0,132;0,066;;;;;;;;;;;;;;;;;;;;;;;;;;;;;;;
"03351-CT-6""-C3-0046-R3_HOJA-3_SP02_5";"03351-CT-6""-C3-0046-R3_HOJA-3_SP02";"03351-CT-6""-C3-0046-R3_HOJA-3";Concentrado Cu-Mo;03350-02-03;;BAJO ESPESADOR ;"03351-CT-6""-C3-0046-R3";3;0;SP02;5;S;BW;6;STD;C3;R3;CS;0,66;Concentrado Cu-Mo;;;Adicional;12/03/2026;;;46220;;;;0,3;0,198;0,198;0;;;;;;;;;;;;;;;;;;;;;;;;;;;;;;;
"03351-CT-6""-C3-0046-R3_HOJA-4_SP01_1";"03351-CT-6""-C3-0046-R3_HOJA-4_SP01";"03351-CT-6""-C3-0046-R3_HOJA-4";Concentrado Cu-Mo;03350-02-03;;BAJO ESPESADOR ;"03351-CT-6""-C3-0046-R3";4;0;SP01;1;F;VIC;6;STD;C3;R3;CS;3,2;Concentrado Cu-Mo;;;;12/03/2026;46244;;46244;;46252;;0,4;1,28;0,64;0,64;;;;;;;;;;;;;;;;;;;;;;;;;;;;;;;
"03351-CT-6""-C3-0046-R3_HOJA-4_SP01_2";"03351-CT-6""-C3-0046-R3_HOJA-4_SP01";"03351-CT-6""-C3-0046-R3_HOJA-4";Concentrado Cu-Mo;03350-02-03;;BAJO ESPESADOR ;"03351-CT-6""-C3-0046-R3";4;0;SP01;2;S;BW;6;STD;C3;R3;CS;3,2;Concentrado Cu-Mo;;;;12/03/2026;;;46244;;;;0,3;0,96;0,64;0,32;;;;;;;;;;;;;;;;;;;;;;;;;;;;;;;
"03351-CT-6""-C3-0046-R3_HOJA-5_SP01_1";"03351-CT-6""-C3-0046-R3_HOJA-5_SP01";"03351-CT-6""-C3-0046-R3_HOJA-5";Concentrado Cu-Mo;03350-02-03;;BAJO ESPESADOR ;"03351-CT-6""-C3-0046-R3";5;0;SP01;1;F;VIC;3;STD;C3;R3;CS;0,224;Concentrado Cu-Mo;;;;12/03/2026;46227;46227;46242;46245;46251;;0,95;0,2128;0,112;0,1008;EJECUTADA;46227;0;;;;;;;;;;;;;;;;;;;;;;;;;;;;
"03351-CT-6""-C3-0046-R3_HOJA-5_SP01_2";"03351-CT-6""-C3-0046-R3_HOJA-5_SP01";"03351-CT-6""-C3-0046-R3_HOJA-5";Concentrado Cu-Mo;03350-02-03;;BAJO ESPESADOR ;"03351-CT-6""-C3-0046-R3";5;0;SP01;2;S;BW;6;STD;C3;R3;CS;0,224;Concentrado Cu-Mo;;W-02;;12/03/2026;46227;46227;46220;46256;;;0,9;0,2016;0,1344;0,0672;EJECUTADA;46227;W-02;;;;;;;;;;;;;;;;;;;;;;;;;;;;
"03351-CT-6""-C3-0046-R3_HOJA-5_SP01_5";"03351-CT-6""-C3-0046-R3_HOJA-5_SP01";"03351-CT-6""-C3-0046-R3_HOJA-5";Concentrado Cu-Mo;03350-02-03;;BAJO ESPESADOR ;"03351-CT-6""-C3-0046-R3";5;0;SP01;5;S;BRW;3;STD;C3;R3;CS;0,224;Concentrado Cu-Mo;;W-02;Adicional;12/03/2026;46227;46227;46242;46256;;;0,9;0,2016;0,112;0,0896;EJECUTADA;46227;W-02;;;;;;;;;;;;;;;;;;;;;;;;;;;;
"03351-CT-6""-C3-0046-R3_HOJA-5_SP01_3";"03351-CT-6""-C3-0046-R3_HOJA-5_SP01";"03351-CT-6""-C3-0046-R3_HOJA-5";Concentrado Cu-Mo;03350-02-03;;BAJO ESPESADOR ;"03351-CT-6""-C3-0046-R3";5;0;SP01;3;F;VIC;6;STD;C3;R3;CS;0,224;Concentrado Cu-Mo;;;;12/03/2026;46226;46226;46220;46244;46251;;0,95;0,2128;0,1344;0,0784;EJECUTADA;46226;0;;;;;;;;;;;;;;;;;;;;;;;;;;;;
"03351-CT-6""-C3-0046-R3_HOJA-5_SP02_4";"03351-CT-6""-C3-0046-R3_HOJA-5_SP02";"03351-CT-6""-C3-0046-R3_HOJA-5";Concentrado Cu-Mo;03350-02-03;;BAJO ESPESADOR ;"03351-CT-6""-C3-0046-R3";5;0;SP02;4;F;VIC;6;STD;C3;R3;CS;0,224;Concentrado Cu-Mo;;;;12/03/2026;46244;46251;46249;46251;46251;;0,95;0,2128;0,0448;0,168;EJECUTADA;46251;0;;;;;;;;;;;;;;;;;;;;;;;;;;;;
"03351-CT-6""-C3-0050-R3_HOJA-1_SP01_1";"03351-CT-6""-C3-0050-R3_HOJA-1_SP01";"03351-CT-6""-C3-0050-R3_HOJA-1";Concentrado Cu-Mo;03350-02-03;;TORRE TRASFERENCIA;"03351-CT-6""-C3-0050-R3";1;0;SP01;1;F;VIC;6;STD;C3;R3;CS;0,172;Concentrado Cu-Mo;;;;12/03/2026;46244;;46220;;46254;;0,4;0,0688;0,0516;0,0172;;;;;;;;;;;;;;;;;;;;;;;;;;;;;;;
"03351-CT-6""-C3-0050-R3_HOJA-1_SP01_2";"03351-CT-6""-C3-0050-R3_HOJA-1_SP01";"03351-CT-6""-C3-0050-R3_HOJA-1";Concentrado Cu-Mo;03350-02-03;;TORRE TRASFERENCIA;"03351-CT-6""-C3-0050-R3";1;0;SP01;2;S;LET;2;STD;C3;R3;CS;0,172;Concentrado Cu-Mo;;W-02;;12/03/2026;46225;46225;46242;;;;0,6;0,1032;0,086;0,0172;EJECUTADA;46225;W-02;;;;;;;;;;;;;;;;;;;;;;;;;;;;
"03351-CT-6""-C3-0050-R3_HOJA-1_SP01_3";"03351-CT-6""-C3-0050-R3_HOJA-1_SP01";"03351-CT-6""-C3-0050-R3_HOJA-1";Concentrado Cu-Mo;03350-02-03;;TORRE TRASFERENCIA;"03351-CT-6""-C3-0050-R3";1;0;SP01;3;S;BW;6;STD;C3;R3;CS;0,172;Concentrado Cu-Mo;;W-02;;12/03/2026;46226;46226;46242;;;;0,6;0,1032;0,086;0,0172;EJECUTADA;46226;W-02;;;;;;;;;;;;;;;;;;;;;;;;;;;;
"03351-CT-6""-C3-0050-R3_HOJA-1_SP01_4";"03351-CT-6""-C3-0050-R3_HOJA-1_SP01";"03351-CT-6""-C3-0050-R3_HOJA-1";Concentrado Cu-Mo;03350-02-03;;TORRE TRASFERENCIA;"03351-CT-6""-C3-0050-R3";1;0;SP01;4;S;BW;2;STD;C3;R3;CS;0,172;Concentrado Cu-Mo;;W-02;;12/03/2026;46225;46225;46220;;;;0,6;0,1032;0,1032;0;EJECUTADA;46225;W-02;;;;;;;;;;;;;;;;;;;;;;;;;;;;
"03351-CT-6""-C3-0050-R3_HOJA-1_SP01_5";"03351-CT-6""-C3-0050-R3_HOJA-1_SP01";"03351-CT-6""-C3-0050-R3_HOJA-1";Concentrado Cu-Mo;03350-02-03;;TORRE TRASFERENCIA;"03351-CT-6""-C3-0050-R3";1;0;SP01;5;S;SO;2;STD;C3;R3;CS;0,172;Concentrado Cu-Mo;;W-02;;12/03/2026;46225;46225;46242;;;;0,6;0,1032;0,086;0,0172;EJECUTADA;46225;W-02;;;;;;;;;;;;;;;;;;;;;;;;;;;;
"03351-CT-6""-C3-0050-R3_HOJA-2_SP01_1";"03351-CT-6""-C3-0050-R3_HOJA-2_SP01";"03351-CT-6""-C3-0050-R3_HOJA-2";Concentrado Cu-Mo;03350-02-03;;TORRE TRASFERENCIA;"03351-CT-6""-C3-0050-R3";2;0;SP01;1;S;SO;6;80;C3;R3;CS;0,715;Concentrado Cu-Mo;;W-18;;12/03/2026;46220;46220;46220;;;;0,6;0,429;0,429;0;EJECUTADA;46220;W-18;;;;;;;;;;;;;;;;;;;;;;;;;;;;
"03351-CT-6""-C3-0050-R3_HOJA-2_SP01_2";"03351-CT-6""-C3-0050-R3_HOJA-2_SP01";"03351-CT-6""-C3-0050-R3_HOJA-2";Concentrado Cu-Mo;03350-02-03;;TORRE TRASFERENCIA;"03351-CT-6""-C3-0050-R3";2;0;SP01;2;S;LET;2;80;C3;R3;CS;0,715;Concentrado Cu-Mo;;W-02;;12/03/2026;46224;46224;46220;;;;0,6;0,429;0,429;0;EJECUTADA;46224;W-02;;;;;;;;;;;;;;;;;;;;;;;;;;;;
"03351-CT-6""-C3-0050-R3_HOJA-2_SP02_3";"03351-CT-6""-C3-0050-R3_HOJA-2_SP02";"03351-CT-6""-C3-0050-R3_HOJA-2";Concentrado Cu-Mo;03350-02-03;;TORRE TRASFERENCIA;"03351-CT-6""-C3-0050-R3";2;0;SP02;3;F;VIC;6;80;C3;R3;CS;0,715;Concentrado Cu-Mo;;;;12/03/2026;46164;;46249;;46252;;0,4;0,286;0,17875;0,10725;;;;;;;;;;;;;;;;;;;;;;;;;;;;;;;
"03351-CT-6""-C3-0050-R3_HOJA-2_SP03_4";"03351-CT-6""-C3-0050-R3_HOJA-2_SP03";"03351-CT-6""-C3-0050-R3_HOJA-2";Concentrado Cu-Mo;03350-02-03;;TORRE TRASFERENCIA;"03351-CT-6""-C3-0050-R3";2;0;SP03;4;F;VIC;6;STD;C3;R3;CS;0,715;Concentrado Cu-Mo;;;;12/03/2026;46163;;46249;;46254;;0,4;0,286;0,17875;0,10725;;;;;;;;;;;;;;;;;;;;;;;;;;;;;;;
"03351-CT-6""-C3-0050-R3_HOJA-2_SP04_5";"03351-CT-6""-C3-0050-R3_HOJA-2_SP04";"03351-CT-6""-C3-0050-R3_HOJA-2";Concentrado Cu-Mo;03350-02-03;;TORRE TRASFERENCIA;"03351-CT-6""-C3-0050-R3";2;0;SP04;5;F;VIC;6;STD;C3;R3;CS;0,715;Concentrado Cu-Mo;;;;12/03/2026;46244;;46249;;46252;;0,4;0,286;0,143;0,143;;;;;;;;;;;;;;;;;;;;;;;;;;;;;;;
"03351-CT-6""-C3-0050-R3_HOJA-2_SP05_6";"03351-CT-6""-C3-0050-R3_HOJA-2_SP05";"03351-CT-6""-C3-0050-R3_HOJA-2";Concentrado Cu-Mo;03350-02-03;;TORRE TRASFERENCIA;"03351-CT-6""-C3-0050-R3";2;0;SP05;6;F;VIC;6;STD;C3;R3;CS;0,715;Concentrado Cu-Mo;;;;12/03/2026;46163;;46220;;46254;;0,4;0,286;0,25025;0,03575;;;;;;;;;;;;;;;;;;;;;;;;;;;;;;;
"03351-CT-6""-C3-0050-R3_HOJA-2_SP06_7";"03351-CT-6""-C3-0050-R3_HOJA-2_SP06";"03351-CT-6""-C3-0050-R3_HOJA-2";Concentrado Cu-Mo;03350-02-03;;TORRE TRASFERENCIA;"03351-CT-6""-C3-0050-R3";2;0;SP06;7;F;VIC;6;STD;C3;R3;CS;0,715;Concentrado Cu-Mo;;;;12/03/2026;46244;;46249;;46254;;0,4;0,286;0,143;0,143;;;;;;;;;;;;;;;;;;;;;;;;;;;;;;;
"03351-CT-6""-C3-0050-R3_HOJA-2_SP01_8";"03351-CT-6""-C3-0050-R3_HOJA-2_SP01";"03351-CT-6""-C3-0050-R3_HOJA-2";Concentrado Cu-Mo;03350-02-03;;TORRE TRASFERENCIA;"03351-CT-6""-C3-0050-R3";2;0;SP01;8;S;BW;2;STD;C3;R3;CS;0,715;Concentrado Cu-Mo;;W-02;;12/03/2026;46224;46224;46224;;;;0,6;0,429;0,429;0;EJECUTADA;46224;W-02;;;;;;;;;;;;;;;;;;;;;;;;;;;;
"03351-CT-6""-C3-0050-R3_HOJA-2_SP01_9";"03351-CT-6""-C3-0050-R3_HOJA-2_SP01";"03351-CT-6""-C3-0050-R3_HOJA-2";Concentrado Cu-Mo;03350-02-03;;TORRE TRASFERENCIA;"03351-CT-6""-C3-0050-R3";2;0;SP01;9;S;SO;2;STD;C3;R3;CS;0,715;Concentrado Cu-Mo;;W-18;;12/03/2026;46220;46220;46220;;;;0,6;0,429;0,429;0;EJECUTADA;46220;W-18;;;;;;;;;;;;;;;;;;;;;;;;;;;;
"03351-CT-6""-C3-0050-R3_HOJA-2_SP02_10";"03351-CT-6""-C3-0050-R3_HOJA-2_SP02";"03351-CT-6""-C3-0050-R3_HOJA-2";Concentrado Cu-Mo;03350-02-03;;TORRE TRASFERENCIA;"03351-CT-6""-C3-0050-R3";2;0;SP02;10;S;BW;6;STD;C3;R3;CS;0,715;Concentrado Cu-Mo;;W-18;Adicional;12/03/2026;46163;46163;46242;;;;0,6;0,429;0,3575;0,0715;EJECUTADA;46163;W-18;;;;;;;;;;;;;;;;;;;;;;;;;;;;
"03351-CT-6""-C3-0050-R3_HOJA-2_SP02_11";"03351-CT-6""-C3-0050-R3_HOJA-2_SP02";"03351-CT-6""-C3-0050-R3_HOJA-2";Concentrado Cu-Mo;03350-02-03;;TORRE TRASFERENCIA;"03351-CT-6""-C3-0050-R3";2;0;SP02;11;S;BW;6;STD;C3;R3;CS;0,715;Concentrado Cu-Mo;;W-18;Adicional;12/03/2026;46163;46163;46220;;;;0,6;0,429;0,429;0;EJECUTADA;46163;W-18;;;;;;;;;;;;;;;;;;;;;;;;;;;;
"03351-CT-6""-C3-0050-R3_HOJA-2_SP04_12";"03351-CT-6""-C3-0050-R3_HOJA-2_SP04";"03351-CT-6""-C3-0050-R3_HOJA-2";Concentrado Cu-Mo;03350-02-03;;TORRE TRASFERENCIA;"03351-CT-6""-C3-0050-R3";2;0;SP04;12;S;BW;6;STD;C3;R3;CS;0,715;Concentrado Cu-Mo;;W-18;Adicional;12/03/2026;46162;46162;46242;;;;0,6;0,429;0,3575;0,0715;EJECUTADA;46162;W-18;;;;;;;;;;;;;;;;;;;;;;;;;;;;
"03351-CT-6""-C3-0050-R3_HOJA-2_SP04_13";"03351-CT-6""-C3-0050-R3_HOJA-2_SP04";"03351-CT-6""-C3-0050-R3_HOJA-2";Concentrado Cu-Mo;03350-02-03;;TORRE TRASFERENCIA;"03351-CT-6""-C3-0050-R3";2;0;SP04;13;S;BW;6;STD;C3;R3;CS;0,715;Concentrado Cu-Mo;;W-19;Adicional;12/03/2026;46162;46162;46242;;;;0,6;0,429;0,3575;0,0715;EJECUTADA;46162;W-19;;;;;;;;;;;;;;;;;;;;;;;;;;;;
"03351-CT-6""-C3-0050-R3_HOJA-2_SP06_14";"03351-CT-6""-C3-0050-R3_HOJA-2_SP06";"03351-CT-6""-C3-0050-R3_HOJA-2";Concentrado Cu-Mo;03350-02-03;;TORRE TRASFERENCIA;"03351-CT-6""-C3-0050-R3";2;0;SP06;14;S;BW;6;STD;C3;R3;CS;0,715;Concentrado Cu-Mo;;W-19;Adicional;12/03/2026;46162;46162;46220;;;;0,6;0,429;0,429;0;EJECUTADA;46162;W-19;;;;;;;;;;;;;;;;;;;;;;;;;;;;
"03351-CT-6""-C3-0050-R3_HOJA-2_SP06_15";"03351-CT-6""-C3-0050-R3_HOJA-2_SP06";"03351-CT-6""-C3-0050-R3_HOJA-2";Concentrado Cu-Mo;03350-02-03;;TORRE TRASFERENCIA;"03351-CT-6""-C3-0050-R3";2;0;SP06;15;S;BW;6;STD;C3;R3;CS;0,715;Concentrado Cu-Mo;;W-19;Adicional;12/03/2026;46162;46162;46242;;;;0,6;0,429;0,3575;0,0715;EJECUTADA;46162;W-19;;;;;;;;;;;;;;;;;;;;;;;;;;;;
"03351-FP-1""-C5-0022-HC_HOJA-1_SPXX_1";"03351-FP-1""-C5-0022-HC_HOJA-1_SPXX";"03351-FP-1""-C5-0022-HC_HOJA-1";Agua Contra Incendio;03350-02-09;;BAJO ESPESADOR ;"03351-FP-1""-C5-0022-HC";1;0;SPXX;1;F;THD;2;80;C5;HC;CS;0,107;Agua Contra Incendio;A PISO;;;12/03/2026;;;46249;;;;0,3;0,0321;0,0214;0,0107;;;;;;;;;;;;;;;;;;;;;;;;;;;;;;;
"03351-FP-1""-C5-0022-HC_HOJA-1_SPXX_2";"03351-FP-1""-C5-0022-HC_HOJA-1_SPXX";"03351-FP-1""-C5-0022-HC_HOJA-1";Agua Contra Incendio;03350-02-09;;BAJO ESPESADOR ;"03351-FP-1""-C5-0022-HC";1;0;SPXX;2;F;THD;2;80;C5;HC;CS;0,107;Agua Contra Incendio;;;;12/03/2026;;;46249;;;;0,3;0,0321;0,0214;0,0107;;;;;;;;;;;;;;;;;;;;;;;;;;;;;;;
"03351-FP-1""-C5-0022-HC_HOJA-1_SPXX_3";"03351-FP-1""-C5-0022-HC_HOJA-1_SPXX";"03351-FP-1""-C5-0022-HC_HOJA-1";Agua Contra Incendio;03350-02-09;;BAJO ESPESADOR ;"03351-FP-1""-C5-0022-HC";1;0;SPXX;3;F;THD;1;80;C5;HC;CS;0,107;Agua Contra Incendio;;;;12/03/2026;;;46249;;;;0,3;0,0321;0,0214;0,0107;;;;;;;;;;;;;;;;;;;;;;;;;;;;;;;
"03351-FP-1""-C5-0022-HC_HOJA-1_SPXX_4";"03351-FP-1""-C5-0022-HC_HOJA-1_SPXX";"03351-FP-1""-C5-0022-HC_HOJA-1";Agua Contra Incendio;03350-02-09;;BAJO ESPESADOR ;"03351-FP-1""-C5-0022-HC";1;0;SPXX;4;F;THD;1;80;C5;HC;CS;0,107;Agua Contra Incendio;;;;12/03/2026;;;46249;;;;0,3;0,0321;0,0214;0,0107;;;;;;;;;;;;;;;;;;;;;;;;;;;;;;;
"03351-FP-1""-C5-0022-HC_HOJA-1_SPXX_5";"03351-FP-1""-C5-0022-HC_HOJA-1_SPXX";"03351-FP-1""-C5-0022-HC_HOJA-1";Agua Contra Incendio;03350-02-09;;BAJO ESPESADOR ;"03351-FP-1""-C5-0022-HC";1;0;SPXX;5;F;THD;1;80;C5;HC;CS;0,107;Agua Contra Incendio;;;;12/03/2026;;;46249;;;;0,3;0,0321;0,0214;0,0107;;;;;;;;;;;;;;;;;;;;;;;;;;;;;;;
"03351-FP-1""-C5-0022-HC_HOJA-1_SPXX_6";"03351-FP-1""-C5-0022-HC_HOJA-1_SPXX";"03351-FP-1""-C5-0022-HC_HOJA-1";Agua Contra Incendio;03350-02-09;;BAJO ESPESADOR ;"03351-FP-1""-C5-0022-HC";1;0;SPXX;6;F;THD;1;80;C5;HC;CS;0,107;Agua Contra Incendio;;;;12/03/2026;;;46249;;;;0,3;0,0321;0,0214;0,0107;;;;;;;;;;;;;;;;;;;;;;;;;;;;;;;
"03351-FP-1""-C5-0022-HC_HOJA-1_SPXX_7";"03351-FP-1""-C5-0022-HC_HOJA-1_SPXX";"03351-FP-1""-C5-0022-HC_HOJA-1";Agua Contra Incendio;03350-02-09;;BAJO ESPESADOR ;"03351-FP-1""-C5-0022-HC";1;0;SPXX;7;F;THD;1;80;C5;HC;CS;0,107;Agua Contra Incendio;;;;12/03/2026;;;46249;;;;0,3;0,0321;0,0214;0,0107;;;;;;;;;;;;;;;;;;;;;;;;;;;;;;;
"03351-FP-2""-C5-0121-HC_HOJA-1_SPXX_1";"03351-FP-2""-C5-0121-HC_HOJA-1_SPXX";"03351-FP-2""-C5-0121-HC_HOJA-1";Agua Contra Incendio;03350-02-09;;BAJO ESPESADOR;"03351-FP-2""-C5-0121-HC";1;0;SPXX;1;F;SO;6;80;C5;HC;CS;1,202;Agua Contra Incendio;;;;12/03/2026;;;46249;;;;0,3;0,3606;5,545;-5,1844;;;;;;;;;;;;;;;;;;;;;;;;;;;;;;;
"03351-FP-2""-C5-0121-HC_HOJA-1_SPXX_2";"03351-FP-2""-C5-0121-HC_HOJA-1_SPXX";"03351-FP-2""-C5-0121-HC_HOJA-1";Agua Contra Incendio;03350-02-09;;BAJO ESPESADOR;"03351-FP-2""-C5-0121-HC";1;0;SPXX;2;F;VIC;6;80;C5;HC;CS;1,202;Agua Contra Incendio;;;;12/03/2026;;;46253;;;;0,3;0,3606;0;0,3606;;;;;;;;;;;;;;;;;;;;;;;;;;;;;;;
"03351-FP-2""-C5-0121-HC_HOJA-1_SPXX_3";"03351-FP-2""-C5-0121-HC_HOJA-1_SPXX";"03351-FP-2""-C5-0121-HC_HOJA-1";Agua Contra Incendio;03350-02-09;;BAJO ESPESADOR;"03351-FP-2""-C5-0121-HC";1;0;SPXX;3;F;VIC;2;80;C5;HC;CS;1,202;Agua Contra Incendio;;;;12/03/2026;;;46253;;;;0,3;0,3606;0;0,3606;;;;;;;;;;;;;;;;;;;;;;;;;;;;;;;
"03351-FP-2""-C5-0121-HC_HOJA-1_SPXX_4";"03351-FP-2""-C5-0121-HC_HOJA-1_SPXX";"03351-FP-2""-C5-0121-HC_HOJA-1";Agua Contra Incendio;03350-02-09;;BAJO ESPESADOR;"03351-FP-2""-C5-0121-HC";1;0;SPXX;4;F;VIC;2;80;C5;HC;CS;1,202;Agua Contra Incendio;;;;12/03/2026;;;46253;;;;0,3;0,3606;0;0,3606;;;;;;;;;;;;;;;;;;;;;;;;;;;;;;;
"03351-FP-2""-C5-0121-HC_HOJA-1_SPXX_5";"03351-FP-2""-C5-0121-HC_HOJA-1_SPXX";"03351-FP-2""-C5-0121-HC_HOJA-1";Agua Contra Incendio;03350-02-09;;BAJO ESPESADOR;"03351-FP-2""-C5-0121-HC";1;0;SPXX;5;F;VIC;2;80;C5;HC;CS;1,202;Agua Contra Incendio;;;;12/03/2026;;;46253;;;;0,3;0,3606;0;0,3606;;;;;;;;;;;;;;;;;;;;;;;;;;;;;;;
"03351-FP-2""-C5-0121-HC_HOJA-1_SPXX_6";"03351-FP-2""-C5-0121-HC_HOJA-1_SPXX";"03351-FP-2""-C5-0121-HC_HOJA-1";Agua Contra Incendio;03350-02-09;;BAJO ESPESADOR;"03351-FP-2""-C5-0121-HC";1;0;SPXX;6;F;VIC;2;80;C5;HC;CS;1,202;Agua Contra Incendio;;;;12/03/2026;;;46253;;;;0,3;0,3606;0;0,3606;;;;;;;;;;;;;;;;;;;;;;;;;;;;;;;
"03351-FP-2""-C5-0121-HC_HOJA-1_SPXX_7";"03351-FP-2""-C5-0121-HC_HOJA-1_SPXX";"03351-FP-2""-C5-0121-HC_HOJA-1";Agua Contra Incendio;03350-02-09;;BAJO ESPESADOR;"03351-FP-2""-C5-0121-HC";1;0;SPXX;7;F;VIC;2;80;C5;HC;CS;1,202;Agua Contra Incendio;;;;12/03/2026;;;46253;;;;0,3;0,3606;0;0,3606;;;;;;;;;;;;;;;;;;;;;;;;;;;;;;;
"03351-FP-2""-C5-0121-HC_HOJA-1_SPXX_8";"03351-FP-2""-C5-0121-HC_HOJA-1_SPXX";"03351-FP-2""-C5-0121-HC_HOJA-1";Agua Contra Incendio;03350-02-09;;BAJO ESPESADOR;"03351-FP-2""-C5-0121-HC";1;0;SPXX;8;F;VIC;2;80;C5;HC;CS;1,202;Agua Contra Incendio;;;;12/03/2026;;;46253;;;;0,3;0,3606;0;0,3606;;;;;;;;;;;;;;;;;;;;;;;;;;;;;;;
"03351-FP-2""-C5-0121-HC_HOJA-2_SPXX_1";"03351-FP-2""-C5-0121-HC_HOJA-2_SPXX";"03351-FP-2""-C5-0121-HC_HOJA-2";Agua Contra Incendio;03350-02-09;;BAJO ESPESADOR;"03351-FP-2""-C5-0121-HC";2;0;SPXX;1;F;VIC;2;80;C5;HC;CS;0,925;Agua Contra Incendio;;;;12/03/2026;;;46253;;;;0,3;0,2775;0;0,2775;;;;;;;;;;;;;;;;;;;;;;;;;;;;;;;
"03351-FP-2""-C5-0121-HC_HOJA-2_SPXX_2";"03351-FP-2""-C5-0121-HC_HOJA-2_SPXX";"03351-FP-2""-C5-0121-HC_HOJA-2";Agua Contra Incendio;03350-02-09;;BAJO ESPESADOR;"03351-FP-2""-C5-0121-HC";2;0;SPXX;2;F;VIC;2;80;C5;HC;CS;0,925;Agua Contra Incendio;;;;12/03/2026;;;46253;;;;0,3;0,2775;0;0,2775;;;;;;;;;;;;;;;;;;;;;;;;;;;;;;;
"03351-FP-2""-C5-0121-HC_HOJA-2_SPXX_3";"03351-FP-2""-C5-0121-HC_HOJA-2_SPXX";"03351-FP-2""-C5-0121-HC_HOJA-2";Agua Contra Incendio;03350-02-09;;BAJO ESPESADOR;"03351-FP-2""-C5-0121-HC";2;0;SPXX;3;F;VIC;2;80;C5;HC;CS;0,925;Agua Contra Incendio;;;;12/03/2026;;;46253;;;;0,3;0,2775;0;0,2775;;;;;;;;;;;;;;;;;;;;;;;;;;;;;;;
"03351-FP-2""-C5-0121-HC_HOJA-2_SPXX_4";"03351-FP-2""-C5-0121-HC_HOJA-2_SPXX";"03351-FP-2""-C5-0121-HC_HOJA-2";Agua Contra Incendio;03350-02-09;;BAJO ESPESADOR;"03351-FP-2""-C5-0121-HC";2;0;SPXX;4;F;VIC;2;80;C5;HC;CS;0,925;Agua Contra Incendio;;;;12/03/2026;;;46253;;;;0,3;0,2775;0;0,2775;;;;;;;;;;;;;;;;;;;;;;;;;;;;;;;
"03351-FP-2""-C5-0121-HC_HOJA-2_SPXX_5";"03351-FP-2""-C5-0121-HC_HOJA-2_SPXX";"03351-FP-2""-C5-0121-HC_HOJA-2";Agua Contra Incendio;03350-02-09;;BAJO ESPESADOR;"03351-FP-2""-C5-0121-HC";2;0;SPXX;5;F;VIC;2;80;C5;HC;CS;0,925;Agua Contra Incendio;;;;12/03/2026;;;46253;;;;0,3;0,2775;0;0,2775;;;;;;;;;;;;;;;;;;;;;;;;;;;;;;;
"03351-FP-2""-C5-0121-HC_HOJA-2_SPXX_6";"03351-FP-2""-C5-0121-HC_HOJA-2_SPXX";"03351-FP-2""-C5-0121-HC_HOJA-2";Agua Contra Incendio;03350-02-09;;BAJO ESPESADOR;"03351-FP-2""-C5-0121-HC";2;0;SPXX;6;F;VIC;2;80;C5;HC;CS;0,925;Agua Contra Incendio;;;;12/03/2026;;;46253;;;;0,3;0,2775;0;0,2775;;;;;;;;;;;;;;;;;;;;;;;;;;;;;;;
"03351-FP-2""-C5-0121-HC_HOJA-2_SPXX_7";"03351-FP-2""-C5-0121-HC_HOJA-2_SPXX";"03351-FP-2""-C5-0121-HC_HOJA-2";Agua Contra Incendio;03350-02-09;;BAJO ESPESADOR;"03351-FP-2""-C5-0121-HC";2;0;SPXX;7;F;VIC;2;80;C5;HC;CS;0,925;Agua Contra Incendio;;;;12/03/2026;;;46253;;;;0,3;0,2775;0;0,2775;;;;;;;;;;;;;;;;;;;;;;;;;;;;;;;
"03351-FP-2""-C5-0121-HC_HOJA-2_SPXX_8";"03351-FP-2""-C5-0121-HC_HOJA-2_SPXX";"03351-FP-2""-C5-0121-HC_HOJA-2";Agua Contra Incendio;03350-02-09;;BAJO ESPESADOR;"03351-FP-2""-C5-0121-HC";2;0;SPXX;8;F;VIC;2;80;C5;HC;CS;0,925;Agua Contra Incendio;;;;12/03/2026;;;46253;;;;0,3;0,2775;0;0,2775;;;;;;;;;;;;;;;;;;;;;;;;;;;;;;;
"03351-FP-2""-C5-0121-HC_HOJA-2_SPXX_9";"03351-FP-2""-C5-0121-HC_HOJA-2_SPXX";"03351-FP-2""-C5-0121-HC_HOJA-2";Agua Contra Incendio;03350-02-09;;BAJO ESPESADOR;"03351-FP-2""-C5-0121-HC";2;0;SPXX;9;F;VIC;2;80;C5;HC;CS;0,925;Agua Contra Incendio;;;;12/03/2026;;;46253;;;;0,3;0,2775;0;0,2775;;;;;;;;;;;;;;;;;;;;;;;;;;;;;;;
"03351-FP-2""-C5-0121-HC_HOJA-2_SPXX_10";"03351-FP-2""-C5-0121-HC_HOJA-2_SPXX";"03351-FP-2""-C5-0121-HC_HOJA-2";Agua Contra Incendio;03350-02-09;;BAJO ESPESADOR;"03351-FP-2""-C5-0121-HC";2;0;SPXX;10;F;VIC;2;80;C5;HC;CS;0,925;Agua Contra Incendio;;;;12/03/2026;;;46253;;;;0,3;0,2775;0;0,2775;;;;;;;;;;;;;;;;;;;;;;;;;;;;;;;
"03351-FP-2""-C5-0121-HC_HOJA-2_SPXX_11";"03351-FP-2""-C5-0121-HC_HOJA-2_SPXX";"03351-FP-2""-C5-0121-HC_HOJA-2";Agua Contra Incendio;03350-02-09;;BAJO ESPESADOR;"03351-FP-2""-C5-0121-HC";2;0;SPXX;11;F;VIC;2;80;C5;HC;CS;0,925;Agua Contra Incendio;;;;12/03/2026;;;46253;;;;0,3;0,2775;0;0,2775;;;;;;;;;;;;;;;;;;;;;;;;;;;;;;;
"03351-FP-2""-C5-0121-HC_HOJA-2_SPXX_12";"03351-FP-2""-C5-0121-HC_HOJA-2_SPXX";"03351-FP-2""-C5-0121-HC_HOJA-2";Agua Contra Incendio;03350-02-09;;BAJO ESPESADOR;"03351-FP-2""-C5-0121-HC";2;0;SPXX;12;F;VIC;2;80;C5;HC;CS;0,925;Agua Contra Incendio;;;;12/03/2026;;;46253;;;;0,3;0,2775;0;0,2775;;;;;;;;;;;;;;;;;;;;;;;;;;;;;;;
"03351-FP-2""-C5-0121-HC_HOJA-2_SPXX_13";"03351-FP-2""-C5-0121-HC_HOJA-2_SPXX";"03351-FP-2""-C5-0121-HC_HOJA-2";Agua Contra Incendio;03350-02-09;;BAJO ESPESADOR;"03351-FP-2""-C5-0121-HC";2;0;SPXX;13;F;VIC;2;80;C5;HC;CS;0,925;Agua Contra Incendio;;;;12/03/2026;;;46253;;;;0,3;0,2775;0;0,2775;;;;;;;;;;;;;;;;;;;;;;;;;;;;;;;
"03351-FP-2""-C5-0121-HC_HOJA-2_SPXX_14";"03351-FP-2""-C5-0121-HC_HOJA-2_SPXX";"03351-FP-2""-C5-0121-HC_HOJA-2";Agua Contra Incendio;03350-02-09;;BAJO ESPESADOR;"03351-FP-2""-C5-0121-HC";2;0;SPXX;14;F;SO;2;80;C5;HC;CS;0,925;Agua Contra Incendio;;;;12/03/2026;;;46253;;;;0,3;0,2775;0;0,2775;;;;;;;;;;;;;;;;;;;;;;;;;;;;;;;
"03351-FP-2""-C5-0121-HC_HOJA-3_SPXX_1";"03351-FP-2""-C5-0121-HC_HOJA-3_SPXX";"03351-FP-2""-C5-0121-HC_HOJA-3";Agua Contra Incendio;03350-02-09;;BAJO ESPESADOR;"03351-FP-2""-C5-0121-HC";3;0;SPXX;1;F;VIC;2;80;C5;HC;CS;0,617;Agua Contra Incendio;;;;12/03/2026;;;46253;;;;0,3;0,1851;0;0,1851;;;;;;;;;;;;;;;;;;;;;;;;;;;;;;;
"03351-FP-2""-C5-0121-HC_HOJA-3_SPXX_2";"03351-FP-2""-C5-0121-HC_HOJA-3_SPXX";"03351-FP-2""-C5-0121-HC_HOJA-3";Agua Contra Incendio;03350-02-09;;BAJO ESPESADOR;"03351-FP-2""-C5-0121-HC";3;0;SPXX;2;F;SO;2;80;C5;HC;CS;0,617;Agua Contra Incendio;;;;12/03/2026;;;46253;;;;0,3;0,1851;0;0,1851;;;;;;;;;;;;;;;;;;;;;;;;;;;;;;;
"03351-FP-2""-C5-0121-HC_HOJA-4_SPXX_1";"03351-FP-2""-C5-0121-HC_HOJA-4_SPXX";"03351-FP-2""-C5-0121-HC_HOJA-4";Agua Contra Incendio;03350-02-09;;BAJO ESPESADOR;"03351-FP-2""-C5-0121-HC";4;0;SPXX;1;F;SO;2;80;C5;HC;CS;0,157;Agua Contra Incendio;;;;12/03/2026;;;46253;;;;0,3;0,0471;0;0,0471;;;;;;;;;;;;;;;;;;;;;;;;;;;;;;;
"03351-FP-2""-C5-0121-HC_HOJA-4_SPXX_2";"03351-FP-2""-C5-0121-HC_HOJA-4_SPXX";"03351-FP-2""-C5-0121-HC_HOJA-4";Agua Contra Incendio;03350-02-09;;BAJO ESPESADOR;"03351-FP-2""-C5-0121-HC";4;0;SPXX;2;F;VIC;2;80;C5;HC;CS;0,157;Agua Contra Incendio;;;;12/03/2026;;;46253;;;;0,3;0,0471;0;0,0471;;;;;;;;;;;;;;;;;;;;;;;;;;;;;;;
"03351-FP-2""-C5-0121-HC_HOJA-4_SPXX_3";"03351-FP-2""-C5-0121-HC_HOJA-4_SPXX";"03351-FP-2""-C5-0121-HC_HOJA-4";Agua Contra Incendio;03350-02-09;;BAJO ESPESADOR;"03351-FP-2""-C5-0121-HC";4;0;SPXX;3;F;VIC;2;80;C5;HC;CS;0,157;Agua Contra Incendio;;;;12/03/2026;;;46253;;;;0,3;0,0471;0;0,0471;;;;;;;;;;;;;;;;;;;;;;;;;;;;;;;
"03351-FP-2""-C5-0121-HC_HOJA-4_SPXX_4";"03351-FP-2""-C5-0121-HC_HOJA-4_SPXX";"03351-FP-2""-C5-0121-HC_HOJA-4";Agua Contra Incendio;03350-02-09;;BAJO ESPESADOR;"03351-FP-2""-C5-0121-HC";4;0;SPXX;4;F;VIC;2;80;C5;HC;CS;0,157;Agua Contra Incendio;;;;12/03/2026;;;46253;;;;0,3;0,0471;0;0,0471;;;;;;;;;;;;;;;;;;;;;;;;;;;;;;;
"03351-FP-2""-C5-0121-HC_HOJA-4_SPXX_5";"03351-FP-2""-C5-0121-HC_HOJA-4_SPXX";"03351-FP-2""-C5-0121-HC_HOJA-4";Agua Contra Incendio;03350-02-09;;BAJO ESPESADOR;"03351-FP-2""-C5-0121-HC";4;0;SPXX;5;F;NPT;2;80;C5;HC;CS;0,157;Agua Contra Incendio;;;;12/03/2026;;;46253;;;;0,3;0,0471;0;0,0471;;;;;;;;;;;;;;;;;;;;;;;;;;;;;;;
"03351-FP-2""-C5-0121-HC_HOJA-4_SPXX_6";"03351-FP-2""-C5-0121-HC_HOJA-4_SPXX";"03351-FP-2""-C5-0121-HC_HOJA-4";Agua Contra Incendio;03350-02-09;;BAJO ESPESADOR;"03351-FP-2""-C5-0121-HC";4;0;SPXX;6;F;NPT;2;80;C5;HC;CS;0,157;Agua Contra Incendio;;;;12/03/2026;;;46253;;;;0,3;0,0471;0;0,0471;;;;;;;;;;;;;;;;;;;;;;;;;;;;;;;
"03351-FP-2""-C5-0121-HC_HOJA-4_SPXX_7";"03351-FP-2""-C5-0121-HC_HOJA-4_SPXX";"03351-FP-2""-C5-0121-HC_HOJA-4";Agua Contra Incendio;03350-02-09;;BAJO ESPESADOR;"03351-FP-2""-C5-0121-HC";4;0;SPXX;7;F;NPT;2;80;C5;HC;CS;0,157;Agua Contra Incendio;;;;12/03/2026;;;46253;;;;0,3;0,0471;0;0,0471;;;;;;;;;;;;;;;;;;;;;;;;;;;;;;;
"03351-FP-2""-C5-0121-HC_HOJA-4_SPXX_8";"03351-FP-2""-C5-0121-HC_HOJA-4_SPXX";"03351-FP-2""-C5-0121-HC_HOJA-4";Agua Contra Incendio;03350-02-09;;BAJO ESPESADOR;"03351-FP-2""-C5-0121-HC";4;0;SPXX;8;F;NPT;2;80;C5;HC;CS;0,157;Agua Contra Incendio;;;;12/03/2026;;;46253;;;;0,3;0,0471;0;0,0471;;;;;;;;;;;;;;;;;;;;;;;;;;;;;;;
"03351-FP-2""-C5-0121-HC_HOJA-4_SPXX_9";"03351-FP-2""-C5-0121-HC_HOJA-4_SPXX";"03351-FP-2""-C5-0121-HC_HOJA-4";Agua Contra Incendio;03350-02-09;;BAJO ESPESADOR;"03351-FP-2""-C5-0121-HC";4;0;SPXX;9;F;NPT;2;80;C5;HC;CS;0,157;Agua Contra Incendio;;;;12/03/2026;;;46253;;;;0,3;0,0471;0;0,0471;;;;;;;;;;;;;;;;;;;;;;;;;;;;;;;
"03351-FP-2""-C5-0121-HC_HOJA-4_SPXX_10";"03351-FP-2""-C5-0121-HC_HOJA-4_SPXX";"03351-FP-2""-C5-0121-HC_HOJA-4";Agua Contra Incendio;03350-02-09;;BAJO ESPESADOR;"03351-FP-2""-C5-0121-HC";4;0;SPXX;10;F;NPT;2;80;C5;HC;CS;0,157;Agua Contra Incendio;;;;12/03/2026;;;46253;;;;0,3;0,0471;0;0,0471;;;;;;;;;;;;;;;;;;;;;;;;;;;;;;;
"03351-FP-2""-C5-0121-HC_HOJA-4_SPXX_11";"03351-FP-2""-C5-0121-HC_HOJA-4_SPXX";"03351-FP-2""-C5-0121-HC_HOJA-4";Agua Contra Incendio;03350-02-09;;BAJO ESPESADOR;"03351-FP-2""-C5-0121-HC";4;0;SPXX;11;F;NPT;2;80;C5;HC;CS;0,157;Agua Contra Incendio;;;;12/03/2026;;;46253;;;;0,3;0,0471;0;0,0471;;;;;;;;;;;;;;;;;;;;;;;;;;;;;;;
"03351-FP-2""-C5-0121-HC_HOJA-4_SPXX_12";"03351-FP-2""-C5-0121-HC_HOJA-4_SPXX";"03351-FP-2""-C5-0121-HC_HOJA-4";Agua Contra Incendio;03350-02-09;;BAJO ESPESADOR;"03351-FP-2""-C5-0121-HC";4;0;SPXX;12;F;NPT;2;80;C5;HC;CS;0,157;Agua Contra Incendio;;;;12/03/2026;;;46253;;;;0,3;0,0471;0;0,0471;;;;;;;;;;;;;;;;;;;;;;;;;;;;;;;
"03351-FP-2""-C5-0121-HC_HOJA-4_SPXX_13";"03351-FP-2""-C5-0121-HC_HOJA-4_SPXX";"03351-FP-2""-C5-0121-HC_HOJA-4";Agua Contra Incendio;03350-02-09;;BAJO ESPESADOR;"03351-FP-2""-C5-0121-HC";4;0;SPXX;13;F;VIC;2;80;C5;HC;CS;0,157;Agua Contra Incendio;;;;12/03/2026;;;46253;;;;0,3;0,0471;0;0,0471;;;;;;;;;;;;;;;;;;;;;;;;;;;;;;;
"03351-FP-2""-C5-0121-HC_HOJA-4_SPXX_14";"03351-FP-2""-C5-0121-HC_HOJA-4_SPXX";"03351-FP-2""-C5-0121-HC_HOJA-4";Agua Contra Incendio;03350-02-09;;BAJO ESPESADOR;"03351-FP-2""-C5-0121-HC";4;0;SPXX;14;F;NPT;1;80;C5;HC;CS;0,157;Agua Contra Incendio;;;;12/03/2026;;;46253;;;;0,3;0,0471;0;0,0471;;;;;;;;;;;;;;;;;;;;;;;;;;;;;;;
"03351-FP-2""-C5-0121-HC_HOJA-4_SPXX_15";"03351-FP-2""-C5-0121-HC_HOJA-4_SPXX";"03351-FP-2""-C5-0121-HC_HOJA-4";Agua Contra Incendio;03350-02-09;;BAJO ESPESADOR;"03351-FP-2""-C5-0121-HC";4;0;SPXX;15;F;NPT;1;80;C5;HC;CS;0,157;Agua Contra Incendio;;;;12/03/2026;;;46253;;;;0,3;0,0471;0;0,0471;;;;;;;;;;;;;;;;;;;;;;;;;;;;;;;
"03351-FP-2""-C5-0121-HC_HOJA-4_SPXX_16";"03351-FP-2""-C5-0121-HC_HOJA-4_SPXX";"03351-FP-2""-C5-0121-HC_HOJA-4";Agua Contra Incendio;03350-02-09;;BAJO ESPESADOR;"03351-FP-2""-C5-0121-HC";4;0;SPXX;16;F;NPT;1;80;C5;HC;CS;0,157;Agua Contra Incendio;;;;12/03/2026;;;46253;;;;0,3;0,0471;0;0,0471;;;;;;;;;;;;;;;;;;;;;;;;;;;;;;;
"03351-FP-2""-C5-0121-HC_HOJA-4_SPXX_17";"03351-FP-2""-C5-0121-HC_HOJA-4_SPXX";"03351-FP-2""-C5-0121-HC_HOJA-4";Agua Contra Incendio;03350-02-09;;BAJO ESPESADOR;"03351-FP-2""-C5-0121-HC";4;0;SPXX;17;F;NPT;1;80;C5;HC;CS;0,157;Agua Contra Incendio;;;;12/03/2026;;;46253;;;;0,3;0,0471;0;0,0471;;;;;;;;;;;;;;;;;;;;;;;;;;;;;;;
"03351-FP-2""-C5-0121-HC_HOJA-4_SPXX_18";"03351-FP-2""-C5-0121-HC_HOJA-4_SPXX";"03351-FP-2""-C5-0121-HC_HOJA-4";Agua Contra Incendio;03350-02-09;;BAJO ESPESADOR;"03351-FP-2""-C5-0121-HC";4;0;SPXX;18;F;NPT;1;80;C5;HC;CS;0,157;Agua Contra Incendio;;;;12/03/2026;;;46253;;;;0,3;0,0471;0;0,0471;;;;;;;;;;;;;;;;;;;;;;;;;;;;;;;
"03351-FP-2""-C5-0121-HC_HOJA-4_SPXX_19";"03351-FP-2""-C5-0121-HC_HOJA-4_SPXX";"03351-FP-2""-C5-0121-HC_HOJA-4";Agua Contra Incendio;03350-02-09;;BAJO ESPESADOR;"03351-FP-2""-C5-0121-HC";4;0;SPXX;19;F;NPT;1;80;C5;HC;CS;0,157;Agua Contra Incendio;;;;12/03/2026;;;46253;;;;0,3;0,0471;0;0,0471;;;;;;;;;;;;;;;;;;;;;;;;;;;;;;;
"03351-FP-2""-C5-0121-HC_HOJA-4_SPXX_20";"03351-FP-2""-C5-0121-HC_HOJA-4_SPXX";"03351-FP-2""-C5-0121-HC_HOJA-4";Agua Contra Incendio;03350-02-09;;BAJO ESPESADOR;"03351-FP-2""-C5-0121-HC";4;0;SPXX;20;F;NPT;1;80;C5;HC;CS;0,157;Agua Contra Incendio;;;;12/03/2026;;;46253;;;;0,3;0,0471;0;0,0471;;;;;;;;;;;;;;;;;;;;;;;;;;;;;;;
"03351-FP-2""-C5-0121-HC_HOJA-4_SPXX_21";"03351-FP-2""-C5-0121-HC_HOJA-4_SPXX";"03351-FP-2""-C5-0121-HC_HOJA-4";Agua Contra Incendio;03350-02-09;;BAJO ESPESADOR;"03351-FP-2""-C5-0121-HC";4;0;SPXX;21;F;NPT;1;80;C5;HC;CS;0,157;Agua Contra Incendio;;;;12/03/2026;;;46253;;;;0,3;0,0471;0;0,0471;;;;;;;;;;;;;;;;;;;;;;;;;;;;;;;
"03351-FP-2""-C5-0121-HC_HOJA-4_SPXX_22";"03351-FP-2""-C5-0121-HC_HOJA-4_SPXX";"03351-FP-2""-C5-0121-HC_HOJA-4";Agua Contra Incendio;03350-02-09;;BAJO ESPESADOR;"03351-FP-2""-C5-0121-HC";4;0;SPXX;22;F;NPT;1;80;C5;HC;CS;0,157;Agua Contra Incendio;;;;12/03/2026;;;46253;;;;0,3;0,0471;0;0,0471;;;;;;;;;;;;;;;;;;;;;;;;;;;;;;;
"03351-FP-2""-C5-0121-HC_HOJA-4_SPXX_23";"03351-FP-2""-C5-0121-HC_HOJA-4_SPXX";"03351-FP-2""-C5-0121-HC_HOJA-4";Agua Contra Incendio;03350-02-09;;BAJO ESPESADOR;"03351-FP-2""-C5-0121-HC";4;0;SPXX;23;F;NPT;1;80;C5;HC;CS;0,157;Agua Contra Incendio;;;;12/03/2026;;;46253;;;;0,3;0,0471;0;0,0471;;;;;;;;;;;;;;;;;;;;;;;;;;;;;;;
"03351-FP-2""-C5-0121-HC_HOJA-4_SPXX_24";"03351-FP-2""-C5-0121-HC_HOJA-4_SPXX";"03351-FP-2""-C5-0121-HC_HOJA-4";Agua Contra Incendio;03350-02-09;;BAJO ESPESADOR;"03351-FP-2""-C5-0121-HC";4;0;SPXX;24;F;NPT;1;80;C5;HC;CS;0,157;Agua Contra Incendio;;;;12/03/2026;;;46253;;;;0,3;0,0471;0;0,0471;;;;;;;;;;;;;;;;;;;;;;;;;;;;;;;
"03351-FP-2""-C5-0121-HC_HOJA-4_SPXX_25";"03351-FP-2""-C5-0121-HC_HOJA-4_SPXX";"03351-FP-2""-C5-0121-HC_HOJA-4";Agua Contra Incendio;03350-02-09;;BAJO ESPESADOR;"03351-FP-2""-C5-0121-HC";4;0;SPXX;25;F;NPT;1;80;C5;HC;CS;0,157;Agua Contra Incendio;;;;12/03/2026;;;46253;;;;0,3;0,0471;0;0,0471;;;;;;;;;;;;;;;;;;;;;;;;;;;;;;;
"03351-GW-1""-C1-0031-N_HOJA-1_SPXX_1";"03351-GW-1""-C1-0031-N_HOJA-1_SPXX";"03351-GW-1""-C1-0031-N_HOJA-1";Agua de Sello;03350-02-02;;BAJO ESPESADOR;"03351-GW-1""-C1-0031-N";1;0;SPXX;1;F;SW;1;80;C1;N;CS;0,214;Agua de Sello;;;;12/03/2026;46244;46248;46221;46248;;;0,9;0,1926;0,0642;0,1284;EJECUTADA;46246;0;;;;;;;;;;;;;;;;;;;;;;;;;;;;
"03351-GW-1""-C1-0031-N_HOJA-1_SPXX_2";"03351-GW-1""-C1-0031-N_HOJA-1_SPXX";"03351-GW-1""-C1-0031-N_HOJA-1";Agua de Sello;03350-02-02;;BAJO ESPESADOR;"03351-GW-1""-C1-0031-N";1;0;SPXX;2;F;SW;1;80;C1;N;CS;0,214;Agua de Sello;;;;12/03/2026;46244;46244;46221;46244;;;0,9;0,1926;0,0642;0,1284;EJECUTADA;46244;0;;;;;;;;;;;;;;;;;;;;;;;;;;;;
"03351-GW-1""-C1-0031-N_HOJA-1_SPXX_3";"03351-GW-1""-C1-0031-N_HOJA-1_SPXX";"03351-GW-1""-C1-0031-N_HOJA-1";Agua de Sello;03350-02-02;;BAJO ESPESADOR;"03351-GW-1""-C1-0031-N";1;0;SPXX;3;F;SW;1;80;C1;N;CS;0,214;Agua de Sello;;;;12/03/2026;46244;46244;46221;46244;;;0,9;0,1926;0,0642;0,1284;EJECUTADA;46244;0;;;;;;;;;;;;;;;;;;;;;;;;;;;;
"03351-GW-1""-C1-0031-N_HOJA-1_SPXX_4";"03351-GW-1""-C1-0031-N_HOJA-1_SPXX";"03351-GW-1""-C1-0031-N_HOJA-1";Agua de Sello;03350-02-02;;BAJO ESPESADOR;"03351-GW-1""-C1-0031-N";1;0;SPXX;4;F;SW;1;80;C1;N;CS;0,214;Agua de Sello;;W-11;;12/03/2026;46244;46244;46244;46244;;;0,9;0,1926;0,0428;0,1498;EJECUTADA;46244;W-11;;;;;;;;;;;;;;;;;;;;;;;;;;;;
"03351-GW-1""-C1-0031-N_HOJA-1_SPXX_5";"03351-GW-1""-C1-0031-N_HOJA-1_SPXX";"03351-GW-1""-C1-0031-N_HOJA-1";Agua de Sello;03350-02-02;;BAJO ESPESADOR;"03351-GW-1""-C1-0031-N";1;0;SPXX;5;F;SW;1;80;C1;N;CS;0,214;Agua de Sello;;W-11;;12/03/2026;46243;46243;46221;46245;;;0,9;0,1926;0,0642;0,1284;EJECUTADA;46243;W-11;;;;;;;;;;;;;;;;;;;;;;;;;;;;
"03351-GW-1""-C1-0031-N_HOJA-1_SPXX_6";"03351-GW-1""-C1-0031-N_HOJA-1_SPXX";"03351-GW-1""-C1-0031-N_HOJA-1";Agua de Sello;03350-02-02;;BAJO ESPESADOR;"03351-GW-1""-C1-0031-N";1;0;SPXX;6;F;SW;1;80;C1;N;CS;0,214;Agua de Sello;;;;12/03/2026;46244;46248;46244;46248;;;0,9;0,1926;0,0428;0,1498;EJECUTADA;46248;0;;;;;;;;;;;;;;;;;;;;;;;;;;;;
"03351-GW-1""-C1-0031-N_HOJA-1_SPXX_7";"03351-GW-1""-C1-0031-N_HOJA-1_SPXX";"03351-GW-1""-C1-0031-N_HOJA-1";Agua de Sello;03350-02-02;;BAJO ESPESADOR;"03351-GW-1""-C1-0031-N";1;0;SPXX;7;F;SW;1;80;C1;N;CS;0,214;Agua de Sello;;;;12/03/2026;46244;46248;46221;46248;;;0,9;0,1926;0,0642;0,1284;EJECUTADA;46248;0;;;;;;;;;;;;;;;;;;;;;;;;;;;;
"03351-GW-1""-C1-0031-N_HOJA-1_SPXX_8";"03351-GW-1""-C1-0031-N_HOJA-1_SPXX";"03351-GW-1""-C1-0031-N_HOJA-1";Agua de Sello;03350-02-02;;BAJO ESPESADOR;"03351-GW-1""-C1-0031-N";1;0;SPXX;8;F;NPT;1;80;C1;N;CS;0,214;Agua de Sello;;;;12/03/2026;46243;46243;46243;46245;46251;;0,95;0,2033;0,0428;0,1605;EJECUTADA;46243;NPT;;;;;;;;;;;;;;;;;;;;;;;;;;;;
"03351-GW-1""-C1-0031-N_HOJA-1_SPXX_9";"03351-GW-1""-C1-0031-N_HOJA-1_SPXX";"03351-GW-1""-C1-0031-N_HOJA-1";Agua de Sello;03350-02-02;;BAJO ESPESADOR;"03351-GW-1""-C1-0031-N";1;0;SPXX;9;F;NPT;1;80;C1;N;CS;0,214;Agua de Sello;;;;12/03/2026;46243;46243;46221;46245;46251;;0,95;0,2033;0,0642;0,1391;EJECUTADA;46243;NPT;;;;;;;;;;;;;;;;;;;;;;;;;;;;
"03351-GW-1""-C1-0031-N_HOJA-1_SPXX_10";"03351-GW-1""-C1-0031-N_HOJA-1_SPXX";"03351-GW-1""-C1-0031-N_HOJA-1";Agua de Sello;03350-02-02;;BAJO ESPESADOR;"03351-GW-1""-C1-0031-N";1;0;SPXX;10;F;SW;1;80;C1;N;CS;0,214;Agua de Sello;;;;12/03/2026;46244;46248;46221;46248;;;0,9;0,1926;0,0642;0,1284;EJECUTADA;46248;0;;;;;;;;;;;;;;;;;;;;;;;;;;;;
"03351-GW-1""-C1-0031-N_HOJA-1_SPXX_11";"03351-GW-1""-C1-0031-N_HOJA-1_SPXX";"03351-GW-1""-C1-0031-N_HOJA-1";Agua de Sello;03350-02-02;;BAJO ESPESADOR;"03351-GW-1""-C1-0031-N";1;0;SPXX;11;F;SW;1;80;C1;N;CS;0,214;Agua de Sello;;;;12/03/2026;46244;46248;46221;46248;;;0,9;0,1926;0,0642;0,1284;EJECUTADA;46248;0;;;;;;;;;;;;;;;;;;;;;;;;;;;;
"03351-GW-1""-C1-0031-N_HOJA-1_SPXX_12";"03351-GW-1""-C1-0031-N_HOJA-1_SPXX";"03351-GW-1""-C1-0031-N_HOJA-1";Agua de Sello;03350-02-02;;BAJO ESPESADOR;"03351-GW-1""-C1-0031-N";1;0;SPXX;12;F;SW;1;80;C1;N;CS;0,214;Agua de Sello;;;;12/03/2026;46244;46248;46244;46248;;;0,9;0,1926;0,0428;0,1498;EJECUTADA;46248;0;;;;;;;;;;;;;;;;;;;;;;;;;;;;
"03351-GW-1""-C1-0031-N_HOJA-1_SPXX_13";"03351-GW-1""-C1-0031-N_HOJA-1_SPXX";"03351-GW-1""-C1-0031-N_HOJA-1";Agua de Sello;03350-02-02;;BAJO ESPESADOR;"03351-GW-1""-C1-0031-N";1;0;SPXX;13;F;SW;1;80;C1;N;CS;0,214;Agua de Sello;;;;12/03/2026;46244;46248;46221;46248;;;0,9;0,1926;0,0428;0,1498;EJECUTADA;46248;0;;;;;;;;;;;;;;;;;;;;;;;;;;;;
"03351-GW-1""-C1-0031-N_HOJA-1_SPXX_14";"03351-GW-1""-C1-0031-N_HOJA-1_SPXX";"03351-GW-1""-C1-0031-N_HOJA-1";Agua de Sello;03350-02-02;;BAJO ESPESADOR;"03351-GW-1""-C1-0031-N";1;0;SPXX;14;F;SW;1;80;C1;N;CS;0,214;Agua de Sello;;;;12/03/2026;46244;46248;46221;46248;;;0,9;0,1926;0,0642;0,1284;EJECUTADA;46248;0;;;;;;;;;;;;;;;;;;;;;;;;;;;;
"03351-GW-1""-C1-0031-N_HOJA-2_SPXX_1";"03351-GW-1""-C1-0031-N_HOJA-2_SPXX";"03351-GW-1""-C1-0031-N_HOJA-2";Agua de Sello;03350-02-02;;BAJO ESPESADOR;"03351-GW-1""-C1-0031-N";2;0;SPXX;1;F;SW;1;80;C1;N;CS;0,214;Agua de Sello;;;;12/03/2026;46244;46248;46244;46248;;;0,9;0,1926;0,0428;0,1498;EJECUTADA;46248;0;;;;;;;;;;;;;;;;;;;;;;;;;;;;
"03351-GW-1""-C1-0031-N_HOJA-2_SPXX_2";"03351-GW-1""-C1-0031-N_HOJA-2_SPXX";"03351-GW-1""-C1-0031-N_HOJA-2";Agua de Sello;03350-02-02;;BAJO ESPESADOR;"03351-GW-1""-C1-0031-N";2;0;SPXX;2;F;SW;1;80;C1;N;CS;0,214;Agua de Sello;;;;12/03/2026;46244;46248;46221;46248;;;0,9;0,1926;0,0642;0,1284;EJECUTADA;46248;0;;;;;;;;;;;;;;;;;;;;;;;;;;;;
"03351-GW-1""-C1-0031-N_HOJA-2_SPXX_3";"03351-GW-1""-C1-0031-N_HOJA-2_SPXX";"03351-GW-1""-C1-0031-N_HOJA-2";Agua de Sello;03350-02-02;;BAJO ESPESADOR;"03351-GW-1""-C1-0031-N";2;0;SPXX;3;F;NPT;1;80;C1;N;CS;0,214;Agua de Sello;;;;12/03/2026;46243;46243;46221;46245;46251;;0,95;0,2033;0,0642;0,1391;EJECUTADA;46243;NPT;;;;;;;;;;;;;;;;;;;;;;;;;;;;
"03351-GW-1""-C1-0031-N_HOJA-2_SPXX_4";"03351-GW-1""-C1-0031-N_HOJA-2_SPXX";"03351-GW-1""-C1-0031-N_HOJA-2";Agua de Sello;03350-02-02;;BAJO ESPESADOR;"03351-GW-1""-C1-0031-N";2;0;SPXX;4;F;NPT;1;80;C1;N;CS;0,214;Agua de Sello;;;;12/03/2026;46243;46243;46243;46245;46251;;0,95;0,2033;0,0428;0,1605;EJECUTADA;46243;NPT;;;;;;;;;;;;;;;;;;;;;;;;;;;;
"03351-GW-1""-C1-0031-N_HOJA-2_SPXX_5";"03351-GW-1""-C1-0031-N_HOJA-2_SPXX";"03351-GW-1""-C1-0031-N_HOJA-2";Agua de Sello;03350-02-02;;BAJO ESPESADOR;"03351-GW-1""-C1-0031-N";2;0;SPXX;5;F;SW;1;80;C1;N;CS;0,214;Agua de Sello;;W-11;;12/03/2026;46243;46243;46221;46245;;;0,9;0,1926;0,0642;0,1284;EJECUTADA;46243;W-11;;;;;;;;;;;;;;;;;;;;;;;;;;;;
"03351-GW-1""-C1-0031-N_HOJA-2_SPXX_6";"03351-GW-1""-C1-0031-N_HOJA-2_SPXX";"03351-GW-1""-C1-0031-N_HOJA-2";Agua de Sello;03350-02-02;;BAJO ESPESADOR;"03351-GW-1""-C1-0031-N";2;0;SPXX;6;F;SW;1;80;C1;N;CS;0,214;Agua de Sello;;;;12/03/2026;46244;46248;46244;46248;;;0,9;0,1926;0,0428;0,1498;EJECUTADA;46248;0;;;;;;;;;;;;;;;;;;;;;;;;;;;;
"03351-GW-1""-C1-0031-N_HOJA-2_SPXX_7";"03351-GW-1""-C1-0031-N_HOJA-2_SPXX";"03351-GW-1""-C1-0031-N_HOJA-2";Agua de Sello;03350-02-02;;BAJO ESPESADOR;"03351-GW-1""-C1-0031-N";2;0;SPXX;7;F;SW;1;80;C1;N;CS;0,214;Agua de Sello;;;;12/03/2026;46244;46248;46221;46248;;;0,9;0,1926;0,0642;0,1284;EJECUTADA;46248;0;;;;;;;;;;;;;;;;;;;;;;;;;;;;
"03351-GW-1""-C1-0031-N_HOJA-2_SPXX_8";"03351-GW-1""-C1-0031-N_HOJA-2_SPXX";"03351-GW-1""-C1-0031-N_HOJA-2";Agua de Sello;03350-02-02;;BAJO ESPESADOR;"03351-GW-1""-C1-0031-N";2;0;SPXX;8;F;SW;1;80;C1;N;CS;0,214;Agua de Sello;;;;12/03/2026;46244;46248;46221;46248;;;0,9;0,1926;0,0642;0,1284;EJECUTADA;46248;0;;;;;;;;;;;;;;;;;;;;;;;;;;;;
"03351-GW-1""-C1-0031-N_HOJA-2_SPXX_9";"03351-GW-1""-C1-0031-N_HOJA-2_SPXX";"03351-GW-1""-C1-0031-N_HOJA-2";Agua de Sello;03350-02-02;;BAJO ESPESADOR;"03351-GW-1""-C1-0031-N";2;0;SPXX;9;F;SW;1;80;C1;N;CS;0,214;Agua de Sello;;;;12/03/2026;46244;46248;46244;46248;;;0,9;0,1926;0,0428;0,1498;EJECUTADA;46248;0;;;;;;;;;;;;;;;;;;;;;;;;;;;;
"03351-GW-1""-C1-0031-N_HOJA-2_SPXX_10";"03351-GW-1""-C1-0031-N_HOJA-2_SPXX";"03351-GW-1""-C1-0031-N_HOJA-2";Agua de Sello;03350-02-02;;BAJO ESPESADOR;"03351-GW-1""-C1-0031-N";2;0;SPXX;10;F;SW;1;80;C1;N;CS;0,214;Agua de Sello;;;;12/03/2026;46244;46248;46221;46248;;;0,9;0,1926;0,0642;0,1284;EJECUTADA;46248;0;;;;;;;;;;;;;;;;;;;;;;;;;;;;
"03351-GW-1""-C1-0031-N_HOJA-2_SPXX_11";"03351-GW-1""-C1-0031-N_HOJA-2_SPXX";"03351-GW-1""-C1-0031-N_HOJA-2";Agua de Sello;03350-02-02;;BAJO ESPESADOR;"03351-GW-1""-C1-0031-N";2;0;SPXX;11;F;SW;1;80;C1;N;CS;0,214;Agua de Sello;;;;12/03/2026;46244;46248;46244;46248;;;0,9;0,1926;0,0428;0,1498;EJECUTADA;46248;0;;;;;;;;;;;;;;;;;;;;;;;;;;;;
"03351-GW-1""-C1-0031-N_HOJA-2_SPXX_12";"03351-GW-1""-C1-0031-N_HOJA-2_SPXX";"03351-GW-1""-C1-0031-N_HOJA-2";Agua de Sello;03350-02-02;;BAJO ESPESADOR;"03351-GW-1""-C1-0031-N";2;0;SPXX;12;F;SW;1;80;C1;N;CS;0,214;Agua de Sello;;;;12/03/2026;46244;46248;46221;46248;;;0,9;0,1926;0,0642;0,1284;EJECUTADA;46248;0;;;;;;;;;;;;;;;;;;;;;;;;;;;;
"03351-GW-1""-C1-0031-N_HOJA-3_SPXX_1";"03351-GW-1""-C1-0031-N_HOJA-3_SPXX";"03351-GW-1""-C1-0031-N_HOJA-3";Agua de Sello;03350-02-02;;BAJO ESPESADOR;"03351-GW-1""-C1-0031-N";3;0;SPXX;1;F;SW;1;80;C1;N;CS;0,214;Agua de Sello;;;;12/03/2026;46244;46248;46244;46248;;;0,9;0,1926;0,0428;0,1498;EJECUTADA;46248;0;;;;;;;;;;;;;;;;;;;;;;;;;;;;
"03351-GW-1""-C1-0031-N_HOJA-3_SPXX_2";"03351-GW-1""-C1-0031-N_HOJA-3_SPXX";"03351-GW-1""-C1-0031-N_HOJA-3";Agua de Sello;03350-02-02;;BAJO ESPESADOR;"03351-GW-1""-C1-0031-N";3;0;SPXX;2;F;SW;1;80;C1;N;CS;0,214;Agua de Sello;;;;12/03/2026;46244;46248;46221;46248;;;0,9;0,1926;0,0642;0,1284;EJECUTADA;46248;0;;;;;;;;;;;;;;;;;;;;;;;;;;;;
"03351-GW-1""-C1-0031-N_HOJA-3_SPXX_3";"03351-GW-1""-C1-0031-N_HOJA-3_SPXX";"03351-GW-1""-C1-0031-N_HOJA-3";Agua de Sello;03350-02-02;;BAJO ESPESADOR;"03351-GW-1""-C1-0031-N";3;0;SPXX;3;F;SW;1;80;C1;N;CS;0,214;Agua de Sello;;;;12/03/2026;46244;46248;46221;46248;;;0,9;0,1926;0,0642;0,1284;EJECUTADA;46248;0;;;;;;;;;;;;;;;;;;;;;;;;;;;;
"03351-GW-1""-C1-0031-N_HOJA-3_SPXX_4";"03351-GW-1""-C1-0031-N_HOJA-3_SPXX";"03351-GW-1""-C1-0031-N_HOJA-3";Agua de Sello;03350-02-02;;BAJO ESPESADOR;"03351-GW-1""-C1-0031-N";3;0;SPXX;4;F;SW;1;80;C1;N;CS;0,214;Agua de Sello;;;;12/03/2026;46244;46248;46244;46248;;;0,9;0,1926;0,0428;0,1498;EJECUTADA;46248;0;;;;;;;;;;;;;;;;;;;;;;;;;;;;
"03351-GW-1""-C1-0031-N_HOJA-3_SPXX_5";"03351-GW-1""-C1-0031-N_HOJA-3_SPXX";"03351-GW-1""-C1-0031-N_HOJA-3";Agua de Sello;03350-02-02;;BAJO ESPESADOR;"03351-GW-1""-C1-0031-N";3;0;SPXX;5;F;SW;1;80;C1;N;CS;0,214;Agua de Sello;;;;12/03/2026;46244;46248;46221;46248;;;0,9;0,1926;0,0642;0,1284;EJECUTADA;46248;0;;;;;;;;;;;;;;;;;;;;;;;;;;;;
"03351-GW-1""-C1-0031-N_HOJA-3_SPXX_6";"03351-GW-1""-C1-0031-N_HOJA-3_SPXX";"03351-GW-1""-C1-0031-N_HOJA-3";Agua de Sello;03350-02-02;;BAJO ESPESADOR;"03351-GW-1""-C1-0031-N";3;0;SPXX;6;F;SW;1;80;C1;N;CS;0,214;Agua de Sello;;;;12/03/2026;46244;46248;46221;46248;;;0,9;0,1926;0,0642;0,1284;EJECUTADA;46248;0;;;;;;;;;;;;;;;;;;;;;;;;;;;;
"03351-GW-1""-C1-0031-N_HOJA-3_SPXX_7";"03351-GW-1""-C1-0031-N_HOJA-3_SPXX";"03351-GW-1""-C1-0031-N_HOJA-3";Agua de Sello;03350-02-02;;BAJO ESPESADOR;"03351-GW-1""-C1-0031-N";3;0;SPXX;7;F;SW;1;80;C1;N;CS;0,214;Agua de Sello;;;;12/03/2026;46244;46248;46244;46248;;;0,9;0,1926;0,0428;0,1498;EJECUTADA;46248;0;;;;;;;;;;;;;;;;;;;;;;;;;;;;
"03351-GW-1""-C1-0031-N_HOJA-3_SPXX_8";"03351-GW-1""-C1-0031-N_HOJA-3_SPXX";"03351-GW-1""-C1-0031-N_HOJA-3";Agua de Sello;03350-02-02;;BAJO ESPESADOR;"03351-GW-1""-C1-0031-N";3;0;SPXX;8;F;SW;1;80;C1;N;CS;0,214;Agua de Sello;;;;12/03/2026;46244;46248;46221;46248;;;0,9;0,1926;0,0428;0,1498;EJECUTADA;46248;0;;;;;;;;;;;;;;;;;;;;;;;;;;;;
"03351-GW-1""-C1-0031-N_HOJA-3_SPXX_9";"03351-GW-1""-C1-0031-N_HOJA-3_SPXX";"03351-GW-1""-C1-0031-N_HOJA-3";Agua de Sello;03350-02-02;;BAJO ESPESADOR;"03351-GW-1""-C1-0031-N";3;0;SPXX;9;F;SW;1;80;C1;N;CS;0,214;Agua de Sello;;;;12/03/2026;46244;46248;46221;46248;;;0,9;0,1926;0,0642;0,1284;EJECUTADA;46248;0;;;;;;;;;;;;;;;;;;;;;;;;;;;;
"03351-GW-1""-C1-0032-N_HOJA-1_SPXX_1";"03351-GW-1""-C1-0032-N_HOJA-1_SPXX";"03351-GW-1""-C1-0032-N_HOJA-1";Agua de Sello;03350-02-02;;BAJO ESPESADOR;"03351-GW-1""-C1-0032-N";1;0;SPXX;1;F;SW;1;80;C1;N;CS;0,21;Agua de Sello;;W-11;;12/03/2026;46244;46244;46221;46244;;;0,9;0,189;0,063;0,126;EJECUTADA;46244;W-11;;;;;;;;;;;;;;;;;;;;;;;;;;;;
"03351-GW-1""-C1-0032-N_HOJA-1_SPXX_2";"03351-GW-1""-C1-0032-N_HOJA-1_SPXX";"03351-GW-1""-C1-0032-N_HOJA-1";Agua de Sello;03350-02-02;;BAJO ESPESADOR;"03351-GW-1""-C1-0032-N";1;0;SPXX;2;F;SW;;80;C1;N;CS;0,21;Agua de Sello;;W-11;ELIMINADA;12/03/2026;46243;46243;46243;46247;46258;46258;1;0,21;0,042;0,168;EJECUTADA;46243;W-11;;;;;;;;;;;;;;;;;;;;;;;;;;;;
"03351-GW-1""-C1-0032-N_HOJA-1_SPXX_3";"03351-GW-1""-C1-0032-N_HOJA-1_SPXX";"03351-GW-1""-C1-0032-N_HOJA-1";Agua de Sello;03350-02-02;;BAJO ESPESADOR;"03351-GW-1""-C1-0032-N";1;0;SPXX;3;F;SW;;80;C1;N;CS;0,21;Agua de Sello;;W-11;ELIMINADA;12/03/2026;46243;46243;46221;46247;46258;46258;1;0,21;0,042;0,168;EJECUTADA;46243;W-11;;;;;;;;;;;;;;;;;;;;;;;;;;;;
"03351-GW-1""-C1-0032-N_HOJA-1_SPXX_4";"03351-GW-1""-C1-0032-N_HOJA-1_SPXX";"03351-GW-1""-C1-0032-N_HOJA-1";Agua de Sello;03350-02-02;;BAJO ESPESADOR;"03351-GW-1""-C1-0032-N";1;0;SPXX;4;F;NPT;1;80;C1;N;CS;0,21;Agua de Sello;;;;12/03/2026;46243;46243;46221;46247;46251;;0,95;0,1995;0,063;0,1365;EJECUTADA;46243;NPT;;;;;;;;;;;;;;;;;;;;;;;;;;;;
"03351-GW-1""-C1-0032-N_HOJA-1_SPXX_5";"03351-GW-1""-C1-0032-N_HOJA-1_SPXX";"03351-GW-1""-C1-0032-N_HOJA-1";Agua de Sello;03350-02-02;;BAJO ESPESADOR;"03351-GW-1""-C1-0032-N";1;0;SPXX;5;F;NPT;1;80;C1;N;CS;0,21;Agua de Sello;;;;12/03/2026;46243;46243;46221;46247;46251;;0,95;0,1995;0,063;0,1365;EJECUTADA;46243;NPT;;;;;;;;;;;;;;;;;;;;;;;;;;;;
"03351-GW-1""-C1-0032-N_HOJA-1_SPXX_6";"03351-GW-1""-C1-0032-N_HOJA-1_SPXX";"03351-GW-1""-C1-0032-N_HOJA-1";Agua de Sello;03350-02-02;;BAJO ESPESADOR;"03351-GW-1""-C1-0032-N";1;0;SPXX;6;F;SW;1;80;C1;N;CS;0,21;Agua de Sello;;W-11;;12/03/2026;46243;46243;46243;46247;;;0,9;0,189;0,042;0,147;EJECUTADA;46243;W-11;;;;;;;;;;;;;;;;;;;;;;;;;;;;
"03351-GW-1""-C1-0032-N_HOJA-1_SPXX_7";"03351-GW-1""-C1-0032-N_HOJA-1_SPXX";"03351-GW-1""-C1-0032-N_HOJA-1";Agua de Sello;03350-02-02;;BAJO ESPESADOR;"03351-GW-1""-C1-0032-N";1;0;SPXX;7;F;SW;1;80;C1;N;CS;0,21;Agua de Sello;;W-11;;12/03/2026;46243;46243;46221;46247;;;0,9;0,189;0,063;0,126;EJECUTADA;46243;W-11;;;;;;;;;;;;;;;;;;;;;;;;;;;;
"03351-GW-1""-C1-0032-N_HOJA-1_SPXX_8";"03351-GW-1""-C1-0032-N_HOJA-1_SPXX";"03351-GW-1""-C1-0032-N_HOJA-1";Agua de Sello;03350-02-02;;BAJO ESPESADOR;"03351-GW-1""-C1-0032-N";1;0;SPXX;8;F;SW;1;80;C1;N;CS;0,21;Agua de Sello;;W-11;;12/03/2026;46244;46244;46221;46244;;;0,9;0,189;0,063;0,126;EJECUTADA;46244;W-11;;;;;;;;;;;;;;;;;;;;;;;;;;;;
"03351-GW-1""-C1-0032-N_HOJA-1_SPXX_9";"03351-GW-1""-C1-0032-N_HOJA-1_SPXX";"03351-GW-1""-C1-0032-N_HOJA-1";Agua de Sello;03350-02-02;;BAJO ESPESADOR;"03351-GW-1""-C1-0032-N";1;0;SPXX;9;F;SW;1;80;C1;N;CS;0,21;Agua de Sello;;;;12/03/2026;46244;46248;46221;46247;;;0,9;0,189;0,042;0,147;EJECUTADA;46248;0;;;;;;;;;;;;;;;;;;;;;;;;;;;;
"03351-GW-1""-C1-0032-N_HOJA-1_SPXX_10";"03351-GW-1""-C1-0032-N_HOJA-1_SPXX";"03351-GW-1""-C1-0032-N_HOJA-1";Agua de Sello;03350-02-02;;BAJO ESPESADOR;"03351-GW-1""-C1-0032-N";1;0;SPXX;10;F;SW;;80;C1;N;CS;0,21;Agua de Sello;;;ELIMINADA;12/03/2026;46244;46248;46221;46247;46258;46258;1;0,21;0,063;0,147;EJECUTADA;46248;0;;;;;;;;;;;;;;;;;;;;;;;;;;;;
"03351-GW-1""-C1-0032-N_HOJA-1_SPXX_11";"03351-GW-1""-C1-0032-N_HOJA-1_SPXX";"03351-GW-1""-C1-0032-N_HOJA-1";Agua de Sello;03350-02-02;;BAJO ESPESADOR;"03351-GW-1""-C1-0032-N";1;0;SPXX;11;F;SW;;80;C1;N;CS;;Agua de Sello;;;ELIMINADA;12/03/2026;46244;46248;46221;46247;46258;46258;1;0;0;0;;;;;;;;;;;;;;;;;;;;;;;;;;;;;;;
"03351-GW-1""-C1-0032-N_HOJA-1_SPXX_12";"03351-GW-1""-C1-0032-N_HOJA-1_SPXX";"03351-GW-1""-C1-0032-N_HOJA-1";Agua de Sello;03350-02-02;;BAJO ESPESADOR;"03351-GW-1""-C1-0032-N";1;0;SPXX;12;F;SW;1;80;C1;N;CS;;Agua de Sello;;;;12/03/2026;46244;46248;46221;46247;;;0,9;0;0;0;;;;;;;;;;;;;;;;;;;;;;;;;;;;;;;
"03351-GW-1""-C1-0033-N_HOJA-1_SPXX_1";"03351-GW-1""-C1-0033-N_HOJA-1_SPXX";"03351-GW-1""-C1-0033-N_HOJA-1";Agua de Sello;03350-02-02;;BAJO ESPESADOR;"03351-GW-1""-C1-0033-N";1;0;SPXX;1;F;SW;1;80;C1;N;CS;0,231;Agua de Sello;;;;12/03/2026;46244;46248;46244;46248;46251;;0,95;0,21945;0;0,21945;EJECUTADA;46246;0;;;;;;;;;;;;;;;;;;;;;;;;;;;;
"03351-GW-1""-C1-0033-N_HOJA-1_SPXX_2";"03351-GW-1""-C1-0033-N_HOJA-1_SPXX";"03351-GW-1""-C1-0033-N_HOJA-1";Agua de Sello;03350-02-02;;BAJO ESPESADOR;"03351-GW-1""-C1-0033-N";1;0;SPXX;2;F;SW;1;80;C1;N;CS;0,231;Agua de Sello;;;;12/03/2026;46248;46248;46248;46248;46251;;0,95;0,21945;0;0,21945;EJECUTADA;46246;0;;;;;;;;;;;;;;;;;;;;;;;;;;;;
"03351-GW-1""-C1-0033-N_HOJA-2_SPXX_1";"03351-GW-1""-C1-0033-N_HOJA-2_SPXX";"03351-GW-1""-C1-0033-N_HOJA-2";Agua de Sello;03350-02-02;;BAJO ESPESADOR;"03351-GW-1""-C1-0033-N";2;0;SPXX;1;F;SW;1;80;C1;N;CS;0,231;Agua de Sello;;;;12/03/2026;46248;46248;46247;46248;;;0,9;0,2079;0;0,2079;EJECUTADA;46246;0;;;;;;;;;;;;;;;;;;;;;;;;;;;;
"03351-GW-1""-C1-0033-N_HOJA-2_SPXX_2";"03351-GW-1""-C1-0033-N_HOJA-2_SPXX";"03351-GW-1""-C1-0033-N_HOJA-2";Agua de Sello;03350-02-02;;BAJO ESPESADOR;"03351-GW-1""-C1-0033-N";2;0;SPXX;2;F;SW;1;80;C1;N;CS;0,231;Agua de Sello;;;;12/03/2026;46248;46248;46248;46248;;;;;;;EJECUTADA;46246;0;;;;;;;;;;;;;;;;;;;;;;;;;;;;
"03351-GW-1""-C1-0033-N_HOJA-2_SPXX_3";"03351-GW-1""-C1-0033-N_HOJA-2_SPXX";"03351-GW-1""-C1-0033-N_HOJA-2";Agua de Sello;03350-02-02;;BAJO ESPESADOR;"03351-GW-1""-C1-0033-N";2;0;SPXX;3;F;SW;1;80;C1;N;CS;0,231;Agua de Sello;;;;12/03/2026;46248;46248;46248;46248;;;;;;;EJECUTADA;46246;0;;;;;;;;;;;;;;;;;;;;;;;;;;;;
"03351-GW-1""-C1-0033-N_HOJA-2_SPXX_4";"03351-GW-1""-C1-0033-N_HOJA-2_SPXX";"03351-GW-1""-C1-0033-N_HOJA-2";Agua de Sello;03350-02-02;;BAJO ESPESADOR;"03351-GW-1""-C1-0033-N";2;0;SPXX;4;F;SW;1;80;C1;N;CS;0,231;Agua de Sello;;;;12/03/2026;46248;46248;46248;46248;;;;;;;EJECUTADA;46246;0;;;;;;;;;;;;;;;;;;;;;;;;;;;;
"03351-GW-1""-C1-0033-N_HOJA-2_SPXX_5";"03351-GW-1""-C1-0033-N_HOJA-2_SPXX";"03351-GW-1""-C1-0033-N_HOJA-2";Agua de Sello;03350-02-02;;BAJO ESPESADOR;"03351-GW-1""-C1-0033-N";2;0;SPXX;5;F;SW;1;80;C1;N;CS;0,231;Agua de Sello;;;;12/03/2026;46248;46248;46248;46248;;;;;;;EJECUTADA;46246;0;;;;;;;;;;;;;;;;;;;;;;;;;;;;
"03351-GW-1""-C1-0033-N_HOJA-2_SPXX_6";"03351-GW-1""-C1-0033-N_HOJA-2_SPXX";"03351-GW-1""-C1-0033-N_HOJA-2";Agua de Sello;03350-02-02;;BAJO ESPESADOR;"03351-GW-1""-C1-0033-N";2;0;SPXX;6;F;SW;1;80;C1;N;CS;0,231;Agua de Sello;;;;12/03/2026;46248;46248;46248;46248;;;;;;;EJECUTADA;46246;0;;;;;;;;;;;;;;;;;;;;;;;;;;;;
"03351-GW-1""-C1-0033-N_HOJA-2_SPXX_7";"03351-GW-1""-C1-0033-N_HOJA-2_SPXX";"03351-GW-1""-C1-0033-N_HOJA-2";Agua de Sello;03350-02-02;;BAJO ESPESADOR;"03351-GW-1""-C1-0033-N";2;0;SPXX;7;F;SW;1;80;C1;N;CS;0,231;Agua de Sello;;;;12/03/2026;46248;46248;46248;46248;;;;;;;EJECUTADA;46246;0;;;;;;;;;;;;;;;;;;;;;;;;;;;;
"03351-GW-1""-C1-0033-N_HOJA-2_SPXX_8";"03351-GW-1""-C1-0033-N_HOJA-2_SPXX";"03351-GW-1""-C1-0033-N_HOJA-2";Agua de Sello;03350-02-02;;BAJO ESPESADOR;"03351-GW-1""-C1-0033-N";2;0;SPXX;8;F;SW;1;80;C1;N;CS;0,231;Agua de Sello;;;;12/03/2026;46248;46248;46248;46248;;;;;;;EJECUTADA;46246;0;;;;;;;;;;;;;;;;;;;;;;;;;;;;
"03351-GW-1""-C1-0033-N_HOJA-2_SPXX_9";"03351-GW-1""-C1-0033-N_HOJA-2_SPXX";"03351-GW-1""-C1-0033-N_HOJA-2";Agua de Sello;03350-02-02;;BAJO ESPESADOR;"03351-GW-1""-C1-0033-N";2;0;SPXX;9;F;SW;1;80;C1;N;CS;0,231;Agua de Sello;;;;12/03/2026;46248;46248;46248;46248;46251;;0,95;0,21945;0;0,21945;EJECUTADA;46246;0;;;;;;;;;;;;;;;;;;;;;;;;;;;;
"03351-GW-1""-C1-0033-N_HOJA-2_SPXX_10";"03351-GW-1""-C1-0033-N_HOJA-2_SPXX";"03351-GW-1""-C1-0033-N_HOJA-2";Agua de Sello;03350-02-02;;BAJO ESPESADOR;"03351-GW-1""-C1-0033-N";2;0;SPXX;10;F;SW;1;80;C1;N;CS;0,231;Agua de Sello;;;;12/03/2026;46248;46248;46248;46248;46251;;0,95;0,21945;0;0,21945;EJECUTADA;46246;0;;;;;;;;;;;;;;;;;;;;;;;;;;;;
"03351-GW-1""-C1-0033-N_HOJA-2_SPXX_11";"03351-GW-1""-C1-0033-N_HOJA-2_SPXX";"03351-GW-1""-C1-0033-N_HOJA-2";Agua de Sello;03350-02-02;;BAJO ESPESADOR;"03351-GW-1""-C1-0033-N";2;0;SPXX;11;F;SW;1;80;C1;N;CS;0,231;Agua de Sello;;;;12/03/2026;46248;46248;46248;46248;;;;;;;EJECUTADA;46246;0;;;;;;;;;;;;;;;;;;;;;;;;;;;;
"03351-GW-1""-C1-0033-N_HOJA-3_SPXX_1";"03351-GW-1""-C1-0033-N_HOJA-3_SPXX";"03351-GW-1""-C1-0033-N_HOJA-3";Agua de Sello;03350-02-02;;BAJO ESPESADOR;"03351-GW-1""-C1-0033-N";3;0;SPXX;1;F;SW;1;80;C1;N;CS;0,231;Agua de Sello;;;;12/03/2026;46248;46248;46247;46248;;;0,9;0,2079;0;0,2079;EJECUTADA;46246;0;;;;;;;;;;;;;;;;;;;;;;;;;;;;
"03351-GW-1""-C1-0033-N_HOJA-3_SPXX_2";"03351-GW-1""-C1-0033-N_HOJA-3_SPXX";"03351-GW-1""-C1-0033-N_HOJA-3";Agua de Sello;03350-02-02;;BAJO ESPESADOR;"03351-GW-1""-C1-0033-N";3;0;SPXX;2;F;SW;1;80;C1;N;CS;0,231;Agua de Sello;;;;12/03/2026;46248;46248;46248;46248;;;;;;;EJECUTADA;46246;0;;;;;;;;;;;;;;;;;;;;;;;;;;;;
"03351-GW-1""-C1-0033-N_HOJA-3_SPXX_3";"03351-GW-1""-C1-0033-N_HOJA-3_SPXX";"03351-GW-1""-C1-0033-N_HOJA-3";Agua de Sello;03350-02-02;;BAJO ESPESADOR;"03351-GW-1""-C1-0033-N";3;0;SPXX;3;F;SW;1;80;C1;N;CS;0,231;Agua de Sello;;;;12/03/2026;46248;46248;46248;46248;;;;;;;EJECUTADA;46246;0;;;;;;;;;;;;;;;;;;;;;;;;;;;;
"03351-GW-1""-C1-0033-N_HOJA-3_SPXX_4";"03351-GW-1""-C1-0033-N_HOJA-3_SPXX";"03351-GW-1""-C1-0033-N_HOJA-3";Agua de Sello;03350-02-02;;BAJO ESPESADOR;"03351-GW-1""-C1-0033-N";3;0;SPXX;4;F;SW;1;80;C1;N;CS;0,231;Agua de Sello;;;;12/03/2026;46248;46248;46248;46248;;;;;;;EJECUTADA;46246;0;;;;;;;;;;;;;;;;;;;;;;;;;;;;
"03351-GW-1""-C1-0033-N_HOJA-3_SPXX_5";"03351-GW-1""-C1-0033-N_HOJA-3_SPXX";"03351-GW-1""-C1-0033-N_HOJA-3";Agua de Sello;03350-02-02;;BAJO ESPESADOR;"03351-GW-1""-C1-0033-N";3;0;SPXX;5;F;SW;1;80;C1;N;CS;0,231;Agua de Sello;;;;12/03/2026;46248;46248;46248;46248;;;;;;;EJECUTADA;46246;0;;;;;;;;;;;;;;;;;;;;;;;;;;;;
"03351-GW-1""-C1-0033-N_HOJA-3_SPXX_6";"03351-GW-1""-C1-0033-N_HOJA-3_SPXX";"03351-GW-1""-C1-0033-N_HOJA-3";Agua de Sello;03350-02-02;;BAJO ESPESADOR;"03351-GW-1""-C1-0033-N";3;0;SPXX;6;F;SW;1;80;C1;N;CS;0,231;Agua de Sello;;;;12/03/2026;46248;46248;46248;46248;;;;;;;EJECUTADA;46246;0;;;;;;;;;;;;;;;;;;;;;;;;;;;;
"03351-GW-1""-C1-0033-N_HOJA-3_SPXX_7";"03351-GW-1""-C1-0033-N_HOJA-3_SPXX";"03351-GW-1""-C1-0033-N_HOJA-3";Agua de Sello;03350-02-02;;BAJO ESPESADOR;"03351-GW-1""-C1-0033-N";3;0;SPXX;7;F;SW;1;80;C1;N;CS;0,231;Agua de Sello;;;;12/03/2026;46248;46248;46248;46248;;;;;;;EJECUTADA;46246;0;;;;;;;;;;;;;;;;;;;;;;;;;;;;
"03351-GW-1""-C1-0033-N_HOJA-3_SPXX_8";"03351-GW-1""-C1-0033-N_HOJA-3_SPXX";"03351-GW-1""-C1-0033-N_HOJA-3";Agua de Sello;03350-02-02;;BAJO ESPESADOR;"03351-GW-1""-C1-0033-N";3;0;SPXX;8;F;SW;1;80;C1;N;CS;0,231;Agua de Sello;;;;12/03/2026;46248;46248;46248;46248;;;;;;;EJECUTADA;46246;0;;;;;;;;;;;;;;;;;;;;;;;;;;;;
"03351-GW-1""-C1-0033-N_HOJA-4_SPXX_1";"03351-GW-1""-C1-0033-N_HOJA-4_SPXX";"03351-GW-1""-C1-0033-N_HOJA-4";Agua de Sello;03350-02-02;;BAJO ESPESADOR;"03351-GW-1""-C1-0033-N";4;0;SPXX;1;F;SW;1;80;C1;N;CS;0,231;Agua de Sello;;;;12/03/2026;46248;46248;46247;46248;;;0,9;0,2079;0;0,2079;EJECUTADA;46246;0;;;;;;;;;;;;;;;;;;;;;;;;;;;;
"03351-GW-1""-C1-0033-N_HOJA-4_SPXX_2";"03351-GW-1""-C1-0033-N_HOJA-4_SPXX";"03351-GW-1""-C1-0033-N_HOJA-4";Agua de Sello;03350-02-02;;BAJO ESPESADOR;"03351-GW-1""-C1-0033-N";4;0;SPXX;2;F;SW;1;80;C1;N;CS;0,231;Agua de Sello;;;;12/03/2026;46248;46248;46248;46248;46251;;0,95;0,21945;0;0,21945;EJECUTADA;46246;0;;;;;;;;;;;;;;;;;;;;;;;;;;;;
"03351-GW-1""-C1-0033-N_HOJA-4_SPXX_3";"03351-GW-1""-C1-0033-N_HOJA-4_SPXX";"03351-GW-1""-C1-0033-N_HOJA-4";Agua de Sello;03350-02-02;;BAJO ESPESADOR;"03351-GW-1""-C1-0033-N";4;0;SPXX;3;F;SW;1;80;C1;N;CS;0,231;Agua de Sello;;;;12/03/2026;46248;46248;46248;46248;46251;;0,95;0,21945;0;0,21945;EJECUTADA;46246;0;;;;;;;;;;;;;;;;;;;;;;;;;;;;
"03351-GW-1""-C1-0033-N_HOJA-4_SPXX_4";"03351-GW-1""-C1-0033-N_HOJA-4_SPXX";"03351-GW-1""-C1-0033-N_HOJA-4";Agua de Sello;03350-02-02;;BAJO ESPESADOR;"03351-GW-1""-C1-0033-N";4;0;SPXX;4;F;SW;1;80;C1;N;CS;0,231;Agua de Sello;;;;12/03/2026;46248;46248;46248;46248;;;;;;;EJECUTADA;46246;0;;;;;;;;;;;;;;;;;;;;;;;;;;;;
"03351-GW-1""-C1-0033-N_HOJA-4_SPXX_5";"03351-GW-1""-C1-0033-N_HOJA-4_SPXX";"03351-GW-1""-C1-0033-N_HOJA-4";Agua de Sello;03350-02-02;;BAJO ESPESADOR;"03351-GW-1""-C1-0033-N";4;0;SPXX;5;F;SW;1;80;C1;N;CS;0,231;Agua de Sello;;;;12/03/2026;46248;46248;46248;46248;;;;;;;EJECUTADA;46246;0;;;;;;;;;;;;;;;;;;;;;;;;;;;;
"03351-GW-1""-C1-0033-N_HOJA-4_SPXX_6";"03351-GW-1""-C1-0033-N_HOJA-4_SPXX";"03351-GW-1""-C1-0033-N_HOJA-4";Agua de Sello;03350-02-02;;BAJO ESPESADOR;"03351-GW-1""-C1-0033-N";4;0;SPXX;6;F;SW;1;80;C1;N;CS;0,231;Agua de Sello;;;;12/03/2026;46248;46248;46248;46248;;;;;;;EJECUTADA;46246;0;;;;;;;;;;;;;;;;;;;;;;;;;;;;
"03351-GW-1""-C1-0033-N_HOJA-4_SPXX_7";"03351-GW-1""-C1-0033-N_HOJA-4_SPXX";"03351-GW-1""-C1-0033-N_HOJA-4";Agua de Sello;03350-02-02;;BAJO ESPESADOR;"03351-GW-1""-C1-0033-N";4;0;SPXX;7;F;SW;1;80;C1;N;CS;0,231;Agua de Sello;;;;12/03/2026;46248;46248;46248;46248;;;;;;;EJECUTADA;46246;0;;;;;;;;;;;;;;;;;;;;;;;;;;;;
"03351-GW-1""-C1-0033-N_HOJA-4_SPXX_8";"03351-GW-1""-C1-0033-N_HOJA-4_SPXX";"03351-GW-1""-C1-0033-N_HOJA-4";Agua de Sello;03350-02-02;;BAJO ESPESADOR;"03351-GW-1""-C1-0033-N";4;0;SPXX;8;F;SW;1;80;C1;N;CS;0,231;Agua de Sello;;;;12/03/2026;46248;46248;46248;46248;;;;;;;EJECUTADA;46246;0;;;;;;;;;;;;;;;;;;;;;;;;;;;;
"03351-GW-1""-C1-0033-N_HOJA-4_SPXX_9";"03351-GW-1""-C1-0033-N_HOJA-4_SPXX";"03351-GW-1""-C1-0033-N_HOJA-4";Agua de Sello;03350-02-02;;BAJO ESPESADOR;"03351-GW-1""-C1-0033-N";4;0;SPXX;9;F;SW;1;80;C1;N;CS;0,231;Agua de Sello;;;;12/03/2026;46248;46248;46248;46248;;;;;;;EJECUTADA;46246;0;;;;;;;;;;;;;;;;;;;;;;;;;;;;
"03351-GW-1""-C1-0033-N_HOJA-4_SPXX_10";"03351-GW-1""-C1-0033-N_HOJA-4_SPXX";"03351-GW-1""-C1-0033-N_HOJA-4";Agua de Sello;03350-02-02;;BAJO ESPESADOR;"03351-GW-1""-C1-0033-N";4;0;SPXX;10;F;SW;1;80;C1;N;CS;0,231;Agua de Sello;;;;12/03/2026;46248;46248;46248;46248;;;;;;;EJECUTADA;46246;0;;;;;;;;;;;;;;;;;;;;;;;;;;;;
"03351-GW-1""-C1-0033-N_HOJA-4_SPXX_11";"03351-GW-1""-C1-0033-N_HOJA-4_SPXX";"03351-GW-1""-C1-0033-N_HOJA-4";Agua de Sello;03350-02-02;;BAJO ESPESADOR;"03351-GW-1""-C1-0033-N";4;0;SPXX;11;F;SW;1;80;C1;N;CS;0,231;Agua de Sello;;;;12/03/2026;46248;46248;46248;46248;46251;;0,95;0,21945;0;0,21945;EJECUTADA;46246;0;;;;;;;;;;;;;;;;;;;;;;;;;;;;
"03351-GW-1""-C1-0033-N_HOJA-5_SPXX_1";"03351-GW-1""-C1-0033-N_HOJA-5_SPXX";"03351-GW-1""-C1-0033-N_HOJA-5";Agua de Sello;03350-02-02;;BAJO ESPESADOR;"03351-GW-1""-C1-0033-N";5;0;SPXX;1;F;SW;1;80;C1;N;CS;0,231;Agua de Sello;;;;12/03/2026;46248;46248;46247;46248;46251;;0,95;0,21945;0;0,21945;EJECUTADA;46246;0;;;;;;;;;;;;;;;;;;;;;;;;;;;;
"03351-GW-1""-C1-0033-N_HOJA-5_SPXX_2";"03351-GW-1""-C1-0033-N_HOJA-5_SPXX";"03351-GW-1""-C1-0033-N_HOJA-5";Agua de Sello;03350-02-02;;BAJO ESPESADOR;"03351-GW-1""-C1-0033-N";5;0;SPXX;2;F;SW;1;80;C1;N;CS;0,231;Agua de Sello;;;;12/03/2026;46248;46248;46248;46248;;;;;;;EJECUTADA;46246;0;;;;;;;;;;;;;;;;;;;;;;;;;;;;
"03351-GW-1""-C1-0033-N_HOJA-5_SPXX_3";"03351-GW-1""-C1-0033-N_HOJA-5_SPXX";"03351-GW-1""-C1-0033-N_HOJA-5";Agua de Sello;03350-02-02;;BAJO ESPESADOR;"03351-GW-1""-C1-0033-N";5;0;SPXX;3;F;SW;1;80;C1;N;CS;0,231;Agua de Sello;;;;12/03/2026;46248;46248;46248;46248;;;;;;;EJECUTADA;46246;0;;;;;;;;;;;;;;;;;;;;;;;;;;;;
"03351-GW-1""-C1-0033-N_HOJA-5_SPXX_4";"03351-GW-1""-C1-0033-N_HOJA-5_SPXX";"03351-GW-1""-C1-0033-N_HOJA-5";Agua de Sello;03350-02-02;;BAJO ESPESADOR;"03351-GW-1""-C1-0033-N";5;0;SPXX;4;F;SW;1;80;C1;N;CS;0,231;Agua de Sello;;;;12/03/2026;46248;46248;46248;46248;;;;;;;EJECUTADA;46246;0;;;;;;;;;;;;;;;;;;;;;;;;;;;;
"03351-GW-1""-C1-0033-N_HOJA-5_SPXX_5";"03351-GW-1""-C1-0033-N_HOJA-5_SPXX";"03351-GW-1""-C1-0033-N_HOJA-5";Agua de Sello;03350-02-02;;BAJO ESPESADOR;"03351-GW-1""-C1-0033-N";5;0;SPXX;5;F;SW;1;80;C1;N;CS;0,231;Agua de Sello;;;;12/03/2026;46248;46248;46248;46248;;;;;;;EJECUTADA;46246;0;;;;;;;;;;;;;;;;;;;;;;;;;;;;
"03351-GW-1""-C1-0033-N_HOJA-6_SPXX_1";"03351-GW-1""-C1-0033-N_HOJA-6_SPXX";"03351-GW-1""-C1-0033-N_HOJA-6";Agua de Sello;03350-02-02;;BAJO ESPESADOR;"03351-GW-1""-C1-0033-N";6;0;SPXX;1;F;SW;1;80;C1;N;CS;0,231;Agua de Sello;;;;12/03/2026;46248;46248;46248;46248;46251;;0,95;0,21945;0;0,21945;EJECUTADA;46246;0;;;;;;;;;;;;;;;;;;;;;;;;;;;;
"03351-GW-1""-C1-0033-N_HOJA-6_SPXX_2";"03351-GW-1""-C1-0033-N_HOJA-6_SPXX";"03351-GW-1""-C1-0033-N_HOJA-6";Agua de Sello;03350-02-02;;BAJO ESPESADOR;"03351-GW-1""-C1-0033-N";6;0;SPXX;2;F;SW;1;80;C1;N;CS;0,231;Agua de Sello;;;;12/03/2026;46248;46248;46248;46248;46251;;0,95;0,21945;0;0,21945;EJECUTADA;46246;0;;;;;;;;;;;;;;;;;;;;;;;;;;;;
"03351-GW-1""-C1-0033-N_HOJA-6_SPXX_3";"03351-GW-1""-C1-0033-N_HOJA-6_SPXX";"03351-GW-1""-C1-0033-N_HOJA-6";Agua de Sello;03350-02-02;;BAJO ESPESADOR;"03351-GW-1""-C1-0033-N";6;0;SPXX;3;F;SW;1;80;C1;N;CS;0,231;Agua de Sello;;;;12/03/2026;46248;46248;46248;46248;;;;;;;EJECUTADA;46246;0;;;;;;;;;;;;;;;;;;;;;;;;;;;;
"03351-GW-1""-C1-0033-N_HOJA-6_SPXX_4";"03351-GW-1""-C1-0033-N_HOJA-6_SPXX";"03351-GW-1""-C1-0033-N_HOJA-6";Agua de Sello;03350-02-02;;BAJO ESPESADOR;"03351-GW-1""-C1-0033-N";6;0;SPXX;4;F;SW;1;80;C1;N;CS;0,231;Agua de Sello;;;;12/03/2026;46248;46248;46248;46248;;;;;;;EJECUTADA;46246;0;;;;;;;;;;;;;;;;;;;;;;;;;;;;
"03351-GW-1""-C1-0034-N_HOJA-1_SPXX_1";"03351-GW-1""-C1-0034-N_HOJA-1_SPXX";"03351-GW-1""-C1-0034-N_HOJA-1";Agua de Sello;03350-02-02;;BAJO ESPESADOR;"03351-GW-1""-C1-0034-N";1;0;SPXX;1;F;SW;1;80;C1;N;CS;0,256;Agua de Sello;;;;12/03/2026;46247;46248;46221;46248;;;0,9;0,2304;0,0768;0,1536;EJECUTADA;46247;0;;;;;;;;;;;;;;;;;;;;;;;;;;;;
"03351-GW-1""-C1-0034-N_HOJA-1_SPXX_2";"03351-GW-1""-C1-0034-N_HOJA-1_SPXX";"03351-GW-1""-C1-0034-N_HOJA-1";Agua de Sello;03350-02-02;;BAJO ESPESADOR;"03351-GW-1""-C1-0034-N";1;0;SPXX;2;F;SW;1;80;C1;N;CS;0,256;Agua de Sello;;;ELIMINADA;12/03/2026;46247;46248;46244;46248;46258;46258;1;0,256;0,0512;0,2048;;;;;;;;;;;;;;;;;;;;;;;;;;;;;;;
"03351-GW-1""-C1-0034-N_HOJA-1_SPXX_3";"03351-GW-1""-C1-0034-N_HOJA-1_SPXX";"03351-GW-1""-C1-0034-N_HOJA-1";Agua de Sello;03350-02-02;;BAJO ESPESADOR;"03351-GW-1""-C1-0034-N";1;0;SPXX;3;F;SW;1;80;C1;N;CS;0,256;Agua de Sello;;;ELIMINADA;12/03/2026;46247;46248;46221;46248;46258;46258;1;0,256;0,0768;0,1792;;;;;;;;;;;;;;;;;;;;;;;;;;;;;;;
"03351-GW-1""-C1-0034-N_HOJA-1_SPXX_4";"03351-GW-1""-C1-0034-N_HOJA-1_SPXX";"03351-GW-1""-C1-0034-N_HOJA-1";Agua de Sello;03350-02-02;;BAJO ESPESADOR;"03351-GW-1""-C1-0034-N";1;0;SPXX;4;F;SW;1;80;C1;N;CS;0,256;Agua de Sello;;;;12/03/2026;46247;46248;46244;46248;;;0,9;0,2304;0,0512;0,1792;EJECUTADA;46247;0;;;;;;;;;;;;;;;;;;;;;;;;;;;;
"03351-GW-1""-C1-0034-N_HOJA-1_SPXX_5";"03351-GW-1""-C1-0034-N_HOJA-1_SPXX";"03351-GW-1""-C1-0034-N_HOJA-1";Agua de Sello;03350-02-02;;BAJO ESPESADOR;"03351-GW-1""-C1-0034-N";1;0;SPXX;5;F;SW;1;80;C1;N;CS;0,256;Agua de Sello;;;;12/03/2026;46247;46248;46244;46248;;;0,9;0,2304;0,0512;0,1792;EJECUTADA;46247;0;;;;;;;;;;;;;;;;;;;;;;;;;;;;
"03351-GW-1""-C1-0034-N_HOJA-1_SPXX_6";"03351-GW-1""-C1-0034-N_HOJA-1_SPXX";"03351-GW-1""-C1-0034-N_HOJA-1";Agua de Sello;03350-02-02;;BAJO ESPESADOR;"03351-GW-1""-C1-0034-N";1;0;SPXX;6;F;SW;1;80;C1;N;CS;0,256;Agua de Sello;;;;12/03/2026;46247;46248;46221;46248;;;0,9;0,2304;0,0768;0,1536;EJECUTADA;46247;0;;;;;;;;;;;;;;;;;;;;;;;;;;;;
"03351-GW-1""-C1-0034-N_HOJA-1_SPXX_7";"03351-GW-1""-C1-0034-N_HOJA-1_SPXX";"03351-GW-1""-C1-0034-N_HOJA-1";Agua de Sello;03350-02-02;;BAJO ESPESADOR;"03351-GW-1""-C1-0034-N";1;0;SPXX;7;F;SW;1;80;C1;N;CS;0,256;Agua de Sello;;;;12/03/2026;46247;46248;46221;46248;;;0,9;0,2304;0,0768;0,1536;EJECUTADA;46247;0;;;;;;;;;;;;;;;;;;;;;;;;;;;;
"03351-GW-1""-C1-0034-N_HOJA-1_SPXX_8";"03351-GW-1""-C1-0034-N_HOJA-1_SPXX";"03351-GW-1""-C1-0034-N_HOJA-1";Agua de Sello;03350-02-02;;BAJO ESPESADOR;"03351-GW-1""-C1-0034-N";1;0;SPXX;8;F;SW;1;80;C1;N;CS;0,256;Agua de Sello;;;;12/03/2026;46247;46248;46244;46248;;;0,9;0,2304;0,0512;0,1792;EJECUTADA;46247;0;;;;;;;;;;;;;;;;;;;;;;;;;;;;
"03351-GW-1""-C1-0034-N_HOJA-1_SPXX_9";"03351-GW-1""-C1-0034-N_HOJA-1_SPXX";"03351-GW-1""-C1-0034-N_HOJA-1";Agua de Sello;03350-02-02;;BAJO ESPESADOR;"03351-GW-1""-C1-0034-N";1;0;SPXX;9;F;SW;1;80;C1;N;CS;0,256;Agua de Sello;;;;12/03/2026;46247;46248;46221;46248;;;0,9;0,2304;0,0768;0,1536;EJECUTADA;46247;0;;;;;;;;;;;;;;;;;;;;;;;;;;;;
"03351-GW-1""-C1-0034-N_HOJA-1_SPXX_10";"03351-GW-1""-C1-0034-N_HOJA-1_SPXX";"03351-GW-1""-C1-0034-N_HOJA-1";Agua de Sello;03350-02-02;;BAJO ESPESADOR;"03351-GW-1""-C1-0034-N";1;0;SPXX;10;F;SW;1;80;C1;N;CS;;Agua de Sello;;;ELIMINADA;12/03/2026;46247;46248;46221;46248;46258;46258;1;0;0,0768;-0,0768;;;;;;;;;;;;;;;;;;;;;;;;;;;;;;;
"03351-GW-1""-C1-0034-N_HOJA-1_SPXX_11";"03351-GW-1""-C1-0034-N_HOJA-1_SPXX";"03351-GW-1""-C1-0034-N_HOJA-1";Agua de Sello;03350-02-02;;BAJO ESPESADOR;"03351-GW-1""-C1-0034-N";1;0;SPXX;11;F;SW;1;80;C1;N;CS;;Agua de Sello;;;ELIMINADA;12/03/2026;46247;46248;46221;46248;46258;46258;1;0;0,0768;-0,0768;;;;;;;;;;;;;;;;;;;;;;;;;;;;;;;
"03351-GW-1""-C1-0034-N_HOJA-1_SPXX_12";"03351-GW-1""-C1-0034-N_HOJA-1_SPXX";"03351-GW-1""-C1-0034-N_HOJA-1";Agua de Sello;03350-02-02;;BAJO ESPESADOR;"03351-GW-1""-C1-0034-N";1;0;SPXX;12;F;SW;1;80;C1;N;CS;;Agua de Sello;;;;12/03/2026;46247;46248;46221;46248;;;0,9;0;0,0768;-0,0768;;;;;;;;;;;;;;;;;;;;;;;;;;;;;;;
"03351-GW-1""-C1-0035-N_HOJA-1_SPXX_1";"03351-GW-1""-C1-0035-N_HOJA-1_SPXX";"03351-GW-1""-C1-0035-N_HOJA-1";Agua de Sello;03350-02-02;;BAJO ESPESADOR;"03351-GW-1""-C1-0035-N";1;0;SPXX;1;F;SW;1;80;C1;N;CS;0,177;Agua de Sello;;;;12/03/2026;46247;46248;46244;46248;;;0,9;0,1593;0;0,1593;EJECUTADA;46247;0;;;;;;;;;;;;;;;;;;;;;;;;;;;;
"03351-GW-1""-C1-0035-N_HOJA-1_SPXX_2";"03351-GW-1""-C1-0035-N_HOJA-1_SPXX";"03351-GW-1""-C1-0035-N_HOJA-1";Agua de Sello;03350-02-02;;BAJO ESPESADOR;"03351-GW-1""-C1-0035-N";1;0;SPXX;2;F;SW;1;80;C1;N;CS;0,177;Agua de Sello;;;;12/03/2026;46248;46248;46244;46248;;;0,9;0,1593;0;0,1593;EJECUTADA;46247;0;;;;;;;;;;;;;;;;;;;;;;;;;;;;
"03351-GW-1""-C1-0035-N_HOJA-1_SPXX_3";"03351-GW-1""-C1-0035-N_HOJA-1_SPXX";"03351-GW-1""-C1-0035-N_HOJA-1";Agua de Sello;03350-02-02;;BAJO ESPESADOR;"03351-GW-1""-C1-0035-N";1;0;SPXX;3;F;SW;1;80;C1;N;CS;0,177;Agua de Sello;;;;12/03/2026;46248;46248;46244;46248;;;0,9;0,1593;0;0,1593;EJECUTADA;46247;0;;;;;;;;;;;;;;;;;;;;;;;;;;;;
"03351-GW-1""-C1-0035-N_HOJA-1_SPXX_4";"03351-GW-1""-C1-0035-N_HOJA-1_SPXX";"03351-GW-1""-C1-0035-N_HOJA-1";Agua de Sello;03350-02-02;;BAJO ESPESADOR;"03351-GW-1""-C1-0035-N";1;0;SPXX;4;F;SW;1;80;C1;N;CS;0,177;Agua de Sello;;;;12/03/2026;46248;46248;46244;46248;;;0,9;0,1593;0;0,1593;EJECUTADA;46247;0;;;;;;;;;;;;;;;;;;;;;;;;;;;;
"03351-GW-1""-C1-0035-N_HOJA-1_SPXX_5";"03351-GW-1""-C1-0035-N_HOJA-1_SPXX";"03351-GW-1""-C1-0035-N_HOJA-1";Agua de Sello;03350-02-02;;BAJO ESPESADOR;"03351-GW-1""-C1-0035-N";1;0;SPXX;5;F;SW;1;80;C1;N;CS;0,177;Agua de Sello;;;;12/03/2026;46248;46248;46244;46248;;;0,9;0,1593;0;0,1593;EJECUTADA;46247;0;;;;;;;;;;;;;;;;;;;;;;;;;;;;
"03351-GW-1""-C1-0035-N_HOJA-1_SPXX_6";"03351-GW-1""-C1-0035-N_HOJA-1_SPXX";"03351-GW-1""-C1-0035-N_HOJA-1";Agua de Sello;03350-02-02;;BAJO ESPESADOR;"03351-GW-1""-C1-0035-N";1;0;SPXX;6;F;SW;1;80;C1;N;CS;0,177;Agua de Sello;;;;12/03/2026;46248;46248;46244;46248;;;0,9;0,1593;0;0,1593;EJECUTADA;46247;0;;;;;;;;;;;;;;;;;;;;;;;;;;;;
"03351-GW-1""-C1-0035-N_HOJA-1_SPXX_7";"03351-GW-1""-C1-0035-N_HOJA-1_SPXX";"03351-GW-1""-C1-0035-N_HOJA-1";Agua de Sello;03350-02-02;;BAJO ESPESADOR;"03351-GW-1""-C1-0035-N";1;0;SPXX;7;F;SW;1;80;C1;N;CS;0,177;Agua de Sello;;;;12/03/2026;46248;46248;46244;46248;;;0,9;0,1593;0;0,1593;EJECUTADA;46247;0;;;;;;;;;;;;;;;;;;;;;;;;;;;;
"03351-GW-1""-C1-0035-N_HOJA-1_SPXX_8";"03351-GW-1""-C1-0035-N_HOJA-1_SPXX";"03351-GW-1""-C1-0035-N_HOJA-1";Agua de Sello;03350-02-02;;BAJO ESPESADOR;"03351-GW-1""-C1-0035-N";1;0;SPXX;8;F;SW;1;80;C1;N;CS;0,177;Agua de Sello;;;;12/03/2026;46248;46248;46244;46248;;;0,9;0,1593;0;0,1593;EJECUTADA;46247;0;;;;;;;;;;;;;;;;;;;;;;;;;;;;
"03351-GW-1""-C1-0035-N_HOJA-1_SPXX_9";"03351-GW-1""-C1-0035-N_HOJA-1_SPXX";"03351-GW-1""-C1-0035-N_HOJA-1";Agua de Sello;03350-02-02;;BAJO ESPESADOR;"03351-GW-1""-C1-0035-N";1;0;SPXX;9;F;SW;1;80;C1;N;CS;0,177;Agua de Sello;;;;12/03/2026;46248;46248;46244;46248;;;0,9;0,1593;0;0,1593;EJECUTADA;46247;0;;;;;;;;;;;;;;;;;;;;;;;;;;;;
"03351-GW-1""-C1-0035-N_HOJA-1_SPXX_10";"03351-GW-1""-C1-0035-N_HOJA-1_SPXX";"03351-GW-1""-C1-0035-N_HOJA-1";Agua de Sello;03350-02-02;;BAJO ESPESADOR;"03351-GW-1""-C1-0035-N";1;0;SPXX;10;F;SW;1;80;C1;N;CS;0,177;Agua de Sello;;;;12/03/2026;46248;46248;46244;46248;;;0,9;0,1593;0;0,1593;EJECUTADA;46247;0;;;;;;;;;;;;;;;;;;;;;;;;;;;;
"03351-GW-1""-C1-0035-N_HOJA-1_SPXX_11";"03351-GW-1""-C1-0035-N_HOJA-1_SPXX";"03351-GW-1""-C1-0035-N_HOJA-1";Agua de Sello;03350-02-02;;BAJO ESPESADOR;"03351-GW-1""-C1-0035-N";1;0;SPXX;11;F;SW;1;80;C1;N;CS;0,177;Agua de Sello;;;;12/03/2026;46248;46248;46244;46248;;;0,9;0,1593;0;0,1593;EJECUTADA;46247;0;;;;;;;;;;;;;;;;;;;;;;;;;;;;
"03351-GW-1""-C1-0035-N_HOJA-1_SPXX_12";"03351-GW-1""-C1-0035-N_HOJA-1_SPXX";"03351-GW-1""-C1-0035-N_HOJA-1";Agua de Sello;03350-02-02;;BAJO ESPESADOR;"03351-GW-1""-C1-0035-N";1;0;SPXX;12;F;SW;1;80;C1;N;CS;0,177;Agua de Sello;;;;12/03/2026;46248;46248;46244;46248;46251;;0,95;0,16815;0;0,16815;EJECUTADA;46247;0;;;;;;;;;;;;;;;;;;;;;;;;;;;;
"03351-GW-1""-C1-0035-N_HOJA-1_SPXX_13";"03351-GW-1""-C1-0035-N_HOJA-1_SPXX";"03351-GW-1""-C1-0035-N_HOJA-1";Agua de Sello;03350-02-02;;BAJO ESPESADOR;"03351-GW-1""-C1-0035-N";1;0;SPXX;13;F;SW;1;80;C1;N;CS;0,177;Agua de Sello;;;;12/03/2026;46248;46248;46244;46248;46251;;0,95;0,16815;0;0,16815;EJECUTADA;46247;0;;;;;;;;;;;;;;;;;;;;;;;;;;;;
"03351-GW-1""-C1-0035-N_HOJA-1_SPXX_14";"03351-GW-1""-C1-0035-N_HOJA-1_SPXX";"03351-GW-1""-C1-0035-N_HOJA-1";Agua de Sello;03350-02-02;;BAJO ESPESADOR;"03351-GW-1""-C1-0035-N";1;0;SPXX;14;F;SW;1;80;C1;N;CS;0,177;Agua de Sello;;;;12/03/2026;46248;46248;46244;46248;;;0,9;0,1593;0;0,1593;EJECUTADA;46248;0;;;;;;;;;;;;;;;;;;;;;;;;;;;;
"03351-GW-1""-C1-0035-N_HOJA-1_SPXX_15";"03351-GW-1""-C1-0035-N_HOJA-1_SPXX";"03351-GW-1""-C1-0035-N_HOJA-1";Agua de Sello;03350-02-02;;BAJO ESPESADOR;"03351-GW-1""-C1-0035-N";1;0;SPXX;15;F;SW;1;80;C1;N;CS;0,177;Agua de Sello;;;;12/03/2026;46248;46248;46244;46248;;;0,9;0,1593;0;0,1593;EJECUTADA;46248;0;;;;;;;;;;;;;;;;;;;;;;;;;;;;
"03351-GW-1""-C1-0035-N_HOJA-1_SPXX_16";"03351-GW-1""-C1-0035-N_HOJA-1_SPXX";"03351-GW-1""-C1-0035-N_HOJA-1";Agua de Sello;03350-02-02;;BAJO ESPESADOR;"03351-GW-1""-C1-0035-N";1;0;SPXX;16;F;SW;1;80;C1;N;CS;0,177;Agua de Sello;;;;12/03/2026;46248;46248;46244;46248;;;0,9;0,1593;0;0,1593;EJECUTADA;46248;0;;;;;;;;;;;;;;;;;;;;;;;;;;;;
"03351-GW-1""-C1-0035-N_HOJA-1_SPXX_17";"03351-GW-1""-C1-0035-N_HOJA-1_SPXX";"03351-GW-1""-C1-0035-N_HOJA-1";Agua de Sello;03350-02-02;;BAJO ESPESADOR;"03351-GW-1""-C1-0035-N";1;0;SPXX;17;F;SW;1;80;C1;N;CS;0,177;Agua de Sello;;;;12/03/2026;46248;46248;46244;46248;;;0,9;0,1593;0;0,1593;EJECUTADA;46248;0;;;;;;;;;;;;;;;;;;;;;;;;;;;;
"03351-GW-1""-C1-0035-N_HOJA-1_SPXX_18";"03351-GW-1""-C1-0035-N_HOJA-1_SPXX";"03351-GW-1""-C1-0035-N_HOJA-1";Agua de Sello;03350-02-02;;BAJO ESPESADOR;"03351-GW-1""-C1-0035-N";1;0;SPXX;18;F;SW;1;80;C1;N;CS;0,177;Agua de Sello;;;;12/03/2026;46248;46248;46244;46248;;;0,9;0,1593;0;0,1593;EJECUTADA;46248;0;;;;;;;;;;;;;;;;;;;;;;;;;;;;
"03351-GW-1""-C1-0035-N_HOJA-1_SPXX_19";"03351-GW-1""-C1-0035-N_HOJA-1_SPXX";"03351-GW-1""-C1-0035-N_HOJA-1";Agua de Sello;03350-02-02;;BAJO ESPESADOR;"03351-GW-1""-C1-0035-N";1;0;SPXX;19;F;SW;1;80;C1;N;CS;0,177;Agua de Sello;;;;12/03/2026;46248;46248;46244;46248;;;0,9;0,1593;0;0,1593;EJECUTADA;46248;0;;;;;;;;;;;;;;;;;;;;;;;;;;;;
"03351-GW-1""-C1-0035-N_HOJA-2_SPXX_1";"03351-GW-1""-C1-0035-N_HOJA-2_SPXX";"03351-GW-1""-C1-0035-N_HOJA-2";Agua de Sello;03350-02-02;;BAJO ESPESADOR;"03351-GW-1""-C1-0035-N";2;0;SPXX;1;F;SW;1;80;C1;N;CS;0,177;Agua de Sello;;;;12/03/2026;46248;46248;46247;46248;;;0,9;0,1593;0;0,1593;EJECUTADA;46248;0;;;;;;;;;;;;;;;;;;;;;;;;;;;;
"03351-GW-1""-C1-0035-N_HOJA-2_SPXX_2";"03351-GW-1""-C1-0035-N_HOJA-2_SPXX";"03351-GW-1""-C1-0035-N_HOJA-2";Agua de Sello;03350-02-02;;BAJO ESPESADOR;"03351-GW-1""-C1-0035-N";2;0;SPXX;2;F;SW;1;80;C1;N;CS;0,177;Agua de Sello;;;;12/03/2026;46248;46248;46247;46248;;;0,9;0,1593;0;0,1593;EJECUTADA;46248;0;;;;;;;;;;;;;;;;;;;;;;;;;;;;
"03351-GW-1""-C1-0035-N_HOJA-2_SPXX_3";"03351-GW-1""-C1-0035-N_HOJA-2_SPXX";"03351-GW-1""-C1-0035-N_HOJA-2";Agua de Sello;03350-02-02;;BAJO ESPESADOR;"03351-GW-1""-C1-0035-N";2;0;SPXX;3;F;SW;1;80;C1;N;CS;0,177;Agua de Sello;;;;12/03/2026;46248;46248;46247;46248;;;0,9;0,1593;0;0,1593;EJECUTADA;46248;0;;;;;;;;;;;;;;;;;;;;;;;;;;;;
"03351-GW-1""-C1-0035-N_HOJA-2_SPXX_4";"03351-GW-1""-C1-0035-N_HOJA-2_SPXX";"03351-GW-1""-C1-0035-N_HOJA-2";Agua de Sello;03350-02-02;;BAJO ESPESADOR;"03351-GW-1""-C1-0035-N";2;0;SPXX;4;F;SW;1;80;C1;N;CS;0,177;Agua de Sello;;;;12/03/2026;46248;46248;46247;46248;;;0,9;0,1593;0;0,1593;EJECUTADA;46248;0;;;;;;;;;;;;;;;;;;;;;;;;;;;;
"03351-GW-1""-C1-0035-N_HOJA-2_SPXX_5";"03351-GW-1""-C1-0035-N_HOJA-2_SPXX";"03351-GW-1""-C1-0035-N_HOJA-2";Agua de Sello;03350-02-02;;BAJO ESPESADOR;"03351-GW-1""-C1-0035-N";2;0;SPXX;5;F;SW;1;80;C1;N;CS;0,177;Agua de Sello;;;;12/03/2026;46248;46248;46247;46248;46251;;0,95;0,16815;0;0,16815;EJECUTADA;46248;0;;;;;;;;;;;;;;;;;;;;;;;;;;;;
"03351-GW-1""-C1-0035-N_HOJA-2_SPXX_6";"03351-GW-1""-C1-0035-N_HOJA-2_SPXX";"03351-GW-1""-C1-0035-N_HOJA-2";Agua de Sello;03350-02-02;;BAJO ESPESADOR;"03351-GW-1""-C1-0035-N";2;0;SPXX;6;F;SW;1;80;C1;N;CS;0,177;Agua de Sello;;;;12/03/2026;46248;46248;46247;46248;46251;;0,95;0,16815;0;0,16815;EJECUTADA;46248;0;;;;;;;;;;;;;;;;;;;;;;;;;;;;
"03351-GW-1""-C1-0035-N_HOJA-2_SPXX_7";"03351-GW-1""-C1-0035-N_HOJA-2_SPXX";"03351-GW-1""-C1-0035-N_HOJA-2";Agua de Sello;03350-02-02;;BAJO ESPESADOR;"03351-GW-1""-C1-0035-N";2;0;SPXX;7;F;SW;1;80;C1;N;CS;0,177;Agua de Sello;;;;12/03/2026;46248;46248;46247;46248;;;0,9;0,1593;0;0,1593;EJECUTADA;46248;0;;;;;;;;;;;;;;;;;;;;;;;;;;;;
"03351-GW-1""-C1-0035-N_HOJA-2_SPXX_8";"03351-GW-1""-C1-0035-N_HOJA-2_SPXX";"03351-GW-1""-C1-0035-N_HOJA-2";Agua de Sello;03350-02-02;;BAJO ESPESADOR;"03351-GW-1""-C1-0035-N";2;0;SPXX;8;F;SW;1;80;C1;N;CS;0,177;Agua de Sello;;;;12/03/2026;46248;46248;46247;46248;;;0,9;0,1593;0;0,1593;EJECUTADA;46248;0;;;;;;;;;;;;;;;;;;;;;;;;;;;;
"03351-GW-1""-C1-0035-N_HOJA-2_SPXX_9";"03351-GW-1""-C1-0035-N_HOJA-2_SPXX";"03351-GW-1""-C1-0035-N_HOJA-2";Agua de Sello;03350-02-02;;BAJO ESPESADOR;"03351-GW-1""-C1-0035-N";2;0;SPXX;9;F;SW;1;80;C1;N;CS;0,177;Agua de Sello;;;;12/03/2026;46248;46248;46247;46248;;;0,9;0,1593;0;0,1593;EJECUTADA;46248;0;;;;;;;;;;;;;;;;;;;;;;;;;;;;
"03351-GW-1""-C1-0035-N_HOJA-2_SPXX_10";"03351-GW-1""-C1-0035-N_HOJA-2_SPXX";"03351-GW-1""-C1-0035-N_HOJA-2";Agua de Sello;03350-02-02;;BAJO ESPESADOR;"03351-GW-1""-C1-0035-N";2;0;SPXX;10;F;SW;1;80;C1;N;CS;0,177;Agua de Sello;;;;12/03/2026;46248;46248;46247;46248;;;0,9;0,1593;0;0,1593;EJECUTADA;46248;0;;;;;;;;;;;;;;;;;;;;;;;;;;;;
"03351-GW-1""-C1-0035-N_HOJA-2_SPXX_11";"03351-GW-1""-C1-0035-N_HOJA-2_SPXX";"03351-GW-1""-C1-0035-N_HOJA-2";Agua de Sello;03350-02-02;;BAJO ESPESADOR;"03351-GW-1""-C1-0035-N";2;0;SPXX;11;F;SW;1;80;C1;N;CS;0,177;Agua de Sello;;;;12/03/2026;46248;46248;46247;46248;;;0,9;0,1593;0;0,1593;EJECUTADA;46248;0;;;;;;;;;;;;;;;;;;;;;;;;;;;;
"03351-GW-1""-C1-0035-N_HOJA-2_SPXX_12";"03351-GW-1""-C1-0035-N_HOJA-2_SPXX";"03351-GW-1""-C1-0035-N_HOJA-2";Agua de Sello;03350-02-02;;BAJO ESPESADOR;"03351-GW-1""-C1-0035-N";2;0;SPXX;12;F;SW;1;80;C1;N;CS;0,177;Agua de Sello;;;;12/03/2026;46248;46248;46247;46248;;;0,9;0,1593;0;0,1593;EJECUTADA;46248;0;;;;;;;;;;;;;;;;;;;;;;;;;;;;
"03351-GW-1""-C1-0035-N_HOJA-2_SPXX_13";"03351-GW-1""-C1-0035-N_HOJA-2_SPXX";"03351-GW-1""-C1-0035-N_HOJA-2";Agua de Sello;03350-02-02;;BAJO ESPESADOR;"03351-GW-1""-C1-0035-N";2;0;SPXX;13;F;SW;1;80;C1;N;CS;0,177;Agua de Sello;;;;12/03/2026;46248;46248;46247;46248;;;0,9;0,1593;0;0,1593;EJECUTADA;46248;0;;;;;;;;;;;;;;;;;;;;;;;;;;;;
"03351-GW-1""-C1-0035-N_HOJA-2_SPXX_14";"03351-GW-1""-C1-0035-N_HOJA-2_SPXX";"03351-GW-1""-C1-0035-N_HOJA-2";Agua de Sello;03350-02-02;;BAJO ESPESADOR;"03351-GW-1""-C1-0035-N";2;0;SPXX;14;F;SW;1;80;C1;N;CS;0,177;Agua de Sello;;;;12/03/2026;46248;46248;46247;46248;;;0,9;0,1593;0;0,1593;EJECUTADA;46248;0;;;;;;;;;;;;;;;;;;;;;;;;;;;;
"03351-GW-1""-C1-0035-N_HOJA-3_SPXX_1";"03351-GW-1""-C1-0035-N_HOJA-3_SPXX";"03351-GW-1""-C1-0035-N_HOJA-3";Agua de Sello;03350-02-02;;BAJO ESPESADOR;"03351-GW-1""-C1-0035-N";3;0;SPXX;1;F;SW;1;80;C1;N;CS;0,177;Agua de Sello;;;;12/03/2026;46248;46248;46247;46248;;;0,9;0,1593;0;0,1593;EJECUTADA;46248;0;;;;;;;;;;;;;;;;;;;;;;;;;;;;
"03351-GW-1""-C1-0035-N_HOJA-3_SPXX_2";"03351-GW-1""-C1-0035-N_HOJA-3_SPXX";"03351-GW-1""-C1-0035-N_HOJA-3";Agua de Sello;03350-02-02;;BAJO ESPESADOR;"03351-GW-1""-C1-0035-N";3;0;SPXX;2;F;SW;1;80;C1;N;CS;0,177;Agua de Sello;;;;12/03/2026;46248;46248;46247;46248;;;0,9;0,1593;0;0,1593;EJECUTADA;46248;0;;;;;;;;;;;;;;;;;;;;;;;;;;;;
"03351-GW-1""-C1-0035-N_HOJA-3_SPXX_3";"03351-GW-1""-C1-0035-N_HOJA-3_SPXX";"03351-GW-1""-C1-0035-N_HOJA-3";Agua de Sello;03350-02-02;;BAJO ESPESADOR;"03351-GW-1""-C1-0035-N";3;0;SPXX;3;F;SW;1;80;C1;N;CS;0,177;Agua de Sello;;;;12/03/2026;46248;46248;46247;46248;;;0,9;0,1593;0;0,1593;EJECUTADA;46248;0;;;;;;;;;;;;;;;;;;;;;;;;;;;;
"03351-GW-1""-C1-0035-N_HOJA-3_SPXX_4";"03351-GW-1""-C1-0035-N_HOJA-3_SPXX";"03351-GW-1""-C1-0035-N_HOJA-3";Agua de Sello;03350-02-02;;BAJO ESPESADOR;"03351-GW-1""-C1-0035-N";3;0;SPXX;4;F;SW;1;80;C1;N;CS;0,177;Agua de Sello;;;;12/03/2026;46248;46248;46247;46248;;;0,9;0,1593;0;0,1593;EJECUTADA;46248;0;;;;;;;;;;;;;;;;;;;;;;;;;;;;
"03351-GW-1""-C1-0035-N_HOJA-3_SPXX_5";"03351-GW-1""-C1-0035-N_HOJA-3_SPXX";"03351-GW-1""-C1-0035-N_HOJA-3";Agua de Sello;03350-02-02;;BAJO ESPESADOR;"03351-GW-1""-C1-0035-N";3;0;SPXX;5;F;SW;1;80;C1;N;CS;0,177;Agua de Sello;;;;12/03/2026;46248;46248;46247;46248;;;0,9;0,1593;0;0,1593;EJECUTADA;46248;0;;;;;;;;;;;;;;;;;;;;;;;;;;;;
"03351-GW-1""-C1-0035-N_HOJA-4_SPXX_1";"03351-GW-1""-C1-0035-N_HOJA-4_SPXX";"03351-GW-1""-C1-0035-N_HOJA-4";Agua de Sello;03350-02-02;;BAJO ESPESADOR;"03351-GW-1""-C1-0035-N";4;0;SPXX;1;F;SW;1;80;C1;N;CS;0,177;Agua de Sello;;;;12/03/2026;46248;46248;46247;46248;;;0,9;0,1593;0;0,1593;EJECUTADA;46248;0;;;;;;;;;;;;;;;;;;;;;;;;;;;;
"03351-GW-1""-C1-0035-N_HOJA-4_SPXX_2";"03351-GW-1""-C1-0035-N_HOJA-4_SPXX";"03351-GW-1""-C1-0035-N_HOJA-4";Agua de Sello;03350-02-02;;BAJO ESPESADOR;"03351-GW-1""-C1-0035-N";4;0;SPXX;2;F;SW;1;80;C1;N;CS;0,177;Agua de Sello;;;;12/03/2026;46248;46248;46247;46248;;;0,9;0,1593;0;0,1593;EJECUTADA;46248;0;;;;;;;;;;;;;;;;;;;;;;;;;;;;
"03351-GW-1""-C1-0035-N_HOJA-4_SPXX_3";"03351-GW-1""-C1-0035-N_HOJA-4_SPXX";"03351-GW-1""-C1-0035-N_HOJA-4";Agua de Sello;03350-02-02;;BAJO ESPESADOR;"03351-GW-1""-C1-0035-N";4;0;SPXX;3;F;SW;1;80;C1;N;CS;0,177;Agua de Sello;;;;12/03/2026;46248;46248;46247;46248;;;0,9;0,1593;0;0,1593;EJECUTADA;46248;0;;;;;;;;;;;;;;;;;;;;;;;;;;;;
"03351-GW-1""-C1-0035-N_HOJA-4_SPXX_4";"03351-GW-1""-C1-0035-N_HOJA-4_SPXX";"03351-GW-1""-C1-0035-N_HOJA-4";Agua de Sello;03350-02-02;;BAJO ESPESADOR;"03351-GW-1""-C1-0035-N";4;0;SPXX;4;F;SW;1;80;C1;N;CS;0,177;Agua de Sello;;;;12/03/2026;46248;46248;46247;46248;;;0,9;0,1593;0;0,1593;EJECUTADA;46248;0;;;;;;;;;;;;;;;;;;;;;;;;;;;;
"03351-GW-1""-C1-0036-N_HOJA-1_SPXX_1";"03351-GW-1""-C1-0036-N_HOJA-1_SPXX";"03351-GW-1""-C1-0036-N_HOJA-1";Agua de Sello;03350-02-02;;BAJO ESPESADOR;"03351-GW-1""-C1-0036-N";1;0;SPXX;1;F;SW;1;80;C1;N;CS;0,2;Agua de Sello;;;;12/03/2026;46247;46248;46221;46248;;;0,9;0,18;0;0,18;EJECUTADA;46259;W-16;;;;;;;;;;;;;;;;;;;;;;;;;;;;
"03351-GW-1""-C1-0036-N_HOJA-1_SPXX_2";"03351-GW-1""-C1-0036-N_HOJA-1_SPXX";"03351-GW-1""-C1-0036-N_HOJA-1";Agua de Sello;03350-02-02;;BAJO ESPESADOR;"03351-GW-1""-C1-0036-N";1;0;SPXX;2;F;SW;1;80;C1;N;CS;0,2;Agua de Sello;;;ELIMINADA;12/03/2026;46247;46248;46244;46248;46258;46258;1;0,2;0,04;0,16;;;;;;;;;;;;;;;;;;;;;;;;;;;;;;;
"03351-GW-1""-C1-0036-N_HOJA-1_SPXX_3";"03351-GW-1""-C1-0036-N_HOJA-1_SPXX";"03351-GW-1""-C1-0036-N_HOJA-1";Agua de Sello;03350-02-02;;BAJO ESPESADOR;"03351-GW-1""-C1-0036-N";1;0;SPXX;3;F;SW;1;80;C1;N;CS;0,2;Agua de Sello;;;ELIMINADA;12/03/2026;46247;46248;46244;46248;46258;46258;1;0,2;0,04;0,16;;;;;;;;;;;;;;;;;;;;;;;;;;;;;;;
"03351-GW-1""-C1-0036-N_HOJA-1_SPXX_4";"03351-GW-1""-C1-0036-N_HOJA-1_SPXX";"03351-GW-1""-C1-0036-N_HOJA-1";Agua de Sello;03350-02-02;;BAJO ESPESADOR;"03351-GW-1""-C1-0036-N";1;0;SPXX;4;F;SW;1;80;C1;N;CS;0,2;Agua de Sello;;;;12/03/2026;46247;46248;46221;46248;;;0,9;0,18;0,06;0,12;EJECUTADA;46259;W-16;;;;;;;;;;;;;;;;;;;;;;;;;;;;
"03351-GW-1""-C1-0036-N_HOJA-1_SPXX_5";"03351-GW-1""-C1-0036-N_HOJA-1_SPXX";"03351-GW-1""-C1-0036-N_HOJA-1";Agua de Sello;03350-02-02;;BAJO ESPESADOR;"03351-GW-1""-C1-0036-N";1;0;SPXX;5;F;SW;1;80;C1;N;CS;0,2;Agua de Sello;;;;12/03/2026;46247;46248;46244;46248;;;0,9;0,18;0,04;0,14;EJECUTADA;46259;W-16;;;;;;;;;;;;;;;;;;;;;;;;;;;;
"03351-GW-1""-C1-0036-N_HOJA-1_SPXX_6";"03351-GW-1""-C1-0036-N_HOJA-1_SPXX";"03351-GW-1""-C1-0036-N_HOJA-1";Agua de Sello;03350-02-02;;BAJO ESPESADOR;"03351-GW-1""-C1-0036-N";1;0;SPXX;6;F;SW;1;80;C1;N;CS;0,2;Agua de Sello;;;;12/03/2026;46247;46248;46221;46248;;;0,9;0,18;0,06;0,12;EJECUTADA;46259;W-16;;;;;;;;;;;;;;;;;;;;;;;;;;;;
"03351-GW-1""-C1-0036-N_HOJA-1_SPXX_7";"03351-GW-1""-C1-0036-N_HOJA-1_SPXX";"03351-GW-1""-C1-0036-N_HOJA-1";Agua de Sello;03350-02-02;;BAJO ESPESADOR;"03351-GW-1""-C1-0036-N";1;0;SPXX;7;F;SW;1;80;C1;N;CS;0,2;Agua de Sello;;;;12/03/2026;46247;46248;46244;46248;;;0,9;0,18;0,04;0,14;EJECUTADA;46259;W-16;;;;;;;;;;;;;;;;;;;;;;;;;;;;
"03351-GW-1""-C1-0036-N_HOJA-1_SPXX_8";"03351-GW-1""-C1-0036-N_HOJA-1_SPXX";"03351-GW-1""-C1-0036-N_HOJA-1";Agua de Sello;03350-02-02;;BAJO ESPESADOR;"03351-GW-1""-C1-0036-N";1;0;SPXX;8;F;SW;1;80;C1;N;CS;0,2;Agua de Sello;;;;12/03/2026;46247;46248;46221;46248;;;0,9;0,18;0,06;0,12;EJECUTADA;46259;W-16;;;;;;;;;;;;;;;;;;;;;;;;;;;;
"03351-GW-1""-C1-0036-N_HOJA-1_SPXX_9";"03351-GW-1""-C1-0036-N_HOJA-1_SPXX";"03351-GW-1""-C1-0036-N_HOJA-1";Agua de Sello;03350-02-02;;BAJO ESPESADOR;"03351-GW-1""-C1-0036-N";1;0;SPXX;9;F;SW;1;80;C1;N;CS;0,2;Agua de Sello;;;;12/03/2026;46247;46248;46244;46248;;;0,9;0,18;0,04;0,14;EJECUTADA;46259;W-16;;;;;;;;;;;;;;;;;;;;;;;;;;;;
"03351-GW-1""-C1-0036-N_HOJA-1_SPXX_10";"03351-GW-1""-C1-0036-N_HOJA-1_SPXX";"03351-GW-1""-C1-0036-N_HOJA-1";Agua de Sello;03350-02-02;;BAJO ESPESADOR;"03351-GW-1""-C1-0036-N";1;0;SPXX;10;F;SW;1;80;C1;N;CS;0,2;Agua de Sello;;;ELIMINADA;12/03/2026;46247;46248;46244;46248;46258;46258;1;0,2;0;0,2;;;;;;;;;;;;;;;;;;;;;;;;;;;;;;;
"03351-GW-1""-C1-0036-N_HOJA-1_SPXX_11";"03351-GW-1""-C1-0036-N_HOJA-1_SPXX";"03351-GW-1""-C1-0036-N_HOJA-1";Agua de Sello;03350-02-02;;BAJO ESPESADOR;"03351-GW-1""-C1-0036-N";1;0;SPXX;11;F;SW;1;80;C1;N;CS;;Agua de Sello;;;ELIMINADA;12/03/2026;46247;46248;46244;46248;46258;46258;1;0;0;0;;;;;;;;;;;;;;;;;;;;;;;;;;;;;;;
"03351-GW-1""-C1-0036-N_HOJA-1_SPXX_12";"03351-GW-1""-C1-0036-N_HOJA-1_SPXX";"03351-GW-1""-C1-0036-N_HOJA-1";Agua de Sello;03350-02-02;;BAJO ESPESADOR;"03351-GW-1""-C1-0036-N";1;0;SPXX;12;F;SW;1;80;C1;N;CS;;Agua de Sello;;;;12/03/2026;46247;46248;46221;46248;;;0,9;0;0;0;EJECUTADA;46259;W-16;;;;;;;;;;;;;;;;;;;;;;;;;;;;
"03351-GW-1""-C1-0043-N_HOJA-1_SPXX_1";"03351-GW-1""-C1-0043-N_HOJA-1_SPXX";"03351-GW-1""-C1-0043-N_HOJA-1";Agua de Sello;03350-02-02;;BAJO ESPESADOR;"03351-GW-1""-C1-0043-N";1;0;SPXX;1;F;SW;1;80;C1;N;CS;1,43;Agua de Sello;;;;12/03/2026;46247;;46221;;;;0,35;0,5005;0,286;0,2145;;;;;;;;;;;;;;;;;;;;;;;;;;;;;;;
"03351-GW-1""-C1-0043-N_HOJA-1_SPXX_2";"03351-GW-1""-C1-0043-N_HOJA-1_SPXX";"03351-GW-1""-C1-0043-N_HOJA-1";Agua de Sello;03350-02-02;;BAJO ESPESADOR;"03351-GW-1""-C1-0043-N";1;0;SPXX;2;F;SW;1;80;C1;N;CS;1,43;Agua de Sello;;;;12/03/2026;46247;;46221;;;;0,35;0,5005;0,286;0,2145;;;;;;;;;;;;;;;;;;;;;;;;;;;;;;;
"03351-GW-1""-C1-0043-N_HOJA-1_SPXX_3";"03351-GW-1""-C1-0043-N_HOJA-1_SPXX";"03351-GW-1""-C1-0043-N_HOJA-1";Agua de Sello;03350-02-02;;BAJO ESPESADOR;"03351-GW-1""-C1-0043-N";1;0;SPXX;3;F;SW;1;80;C1;N;CS;1,43;Agua de Sello;;;;12/03/2026;46247;;46221;;;;0,35;0,5005;0,286;0,2145;;;;;;;;;;;;;;;;;;;;;;;;;;;;;;;
"03351-GW-1""-C1-0043-N_HOJA-1_SPXX_4";"03351-GW-1""-C1-0043-N_HOJA-1_SPXX";"03351-GW-1""-C1-0043-N_HOJA-1";Agua de Sello;03350-02-02;;BAJO ESPESADOR;"03351-GW-1""-C1-0043-N";1;0;SPXX;4;F;SW;1;80;C1;N;CS;1,43;Agua de Sello;;;;12/03/2026;46247;;46221;;;;0,35;0,5005;0,429;0,0715;;;;;;;;;;;;;;;;;;;;;;;;;;;;;;;
"03351-GW-1""-C1-0043-N_HOJA-1_SPXX_5";"03351-GW-1""-C1-0043-N_HOJA-1_SPXX";"03351-GW-1""-C1-0043-N_HOJA-1";Agua de Sello;03350-02-02;;BAJO ESPESADOR;"03351-GW-1""-C1-0043-N";1;0;SPXX;5;F;SW;1;80;C1;N;CS;1,43;Agua de Sello;;;;12/03/2026;46247;;46221;;;;0,35;0,5005;0,286;0,2145;;;;;;;;;;;;;;;;;;;;;;;;;;;;;;;
"03351-GW-1""-C1-0043-N_HOJA-1_SPXX_6";"03351-GW-1""-C1-0043-N_HOJA-1_SPXX";"03351-GW-1""-C1-0043-N_HOJA-1";Agua de Sello;03350-02-02;;BAJO ESPESADOR;"03351-GW-1""-C1-0043-N";1;0;SPXX;6;F;SW;1;80;C1;N;CS;1,43;Agua de Sello;;;;12/03/2026;46247;;46221;;;;0,35;0,5005;0,429;0,0715;;;;;;;;;;;;;;;;;;;;;;;;;;;;;;;
"03351-GW-1""-C1-0043-N_HOJA-1_SPXX_7";"03351-GW-1""-C1-0043-N_HOJA-1_SPXX";"03351-GW-1""-C1-0043-N_HOJA-1";Agua de Sello;03350-02-02;;BAJO ESPESADOR;"03351-GW-1""-C1-0043-N";1;0;SPXX;7;F;SW;1;80;C1;N;CS;1,43;Agua de Sello;;;;12/03/2026;46247;;46221;;;;0,35;0,5005;0,286;0,2145;;;;;;;;;;;;;;;;;;;;;;;;;;;;;;;
"03351-GW-1""-C1-0043-N_HOJA-1_SPXX_8";"03351-GW-1""-C1-0043-N_HOJA-1_SPXX";"03351-GW-1""-C1-0043-N_HOJA-1";Agua de Sello;03350-02-02;;BAJO ESPESADOR;"03351-GW-1""-C1-0043-N";1;0;SPXX;8;F;SW;1;80;C1;N;CS;1,43;Agua de Sello;;;;12/03/2026;46247;;46221;;;;0,35;0,5005;0,429;0,0715;;;;;;;;;;;;;;;;;;;;;;;;;;;;;;;
"03351-GW-1""-C1-0043-N_HOJA-1_SPXX_9";"03351-GW-1""-C1-0043-N_HOJA-1_SPXX";"03351-GW-1""-C1-0043-N_HOJA-1";Agua de Sello;03350-02-02;;BAJO ESPESADOR;"03351-GW-1""-C1-0043-N";1;0;SPXX;9;F;SW;1;80;C1;N;CS;1,43;Agua de Sello;;;;12/03/2026;46247;;46221;;;;0,35;0,5005;0,286;0,2145;;;;;;;;;;;;;;;;;;;;;;;;;;;;;;;
"03351-GW-1""-C1-0043-N_HOJA-1_SPXX_10";"03351-GW-1""-C1-0043-N_HOJA-1_SPXX";"03351-GW-1""-C1-0043-N_HOJA-1";Agua de Sello;03350-02-02;;BAJO ESPESADOR;"03351-GW-1""-C1-0043-N";1;0;SPXX;10;F;SW;1;80;C1;N;CS;1,43;Agua de Sello;;;;12/03/2026;46247;;46221;;;;0,35;0,5005;0,286;0,2145;;;;;;;;;;;;;;;;;;;;;;;;;;;;;;;
"03351-GW-1""-C1-0043-N_HOJA-1_SPXX_11";"03351-GW-1""-C1-0043-N_HOJA-1_SPXX";"03351-GW-1""-C1-0043-N_HOJA-1";Agua de Sello;03350-02-02;;BAJO ESPESADOR;"03351-GW-1""-C1-0043-N";1;0;SPXX;11;F;SW;1;80;C1;N;CS;1,43;Agua de Sello;;;;12/03/2026;46247;;46221;;;;0,35;0,5005;0,429;0,0715;;;;;;;;;;;;;;;;;;;;;;;;;;;;;;;
"03351-GW-1""-C1-0043-N_HOJA-1_SPXX_12";"03351-GW-1""-C1-0043-N_HOJA-1_SPXX";"03351-GW-1""-C1-0043-N_HOJA-1";Agua de Sello;03350-02-02;;BAJO ESPESADOR;"03351-GW-1""-C1-0043-N";1;0;SPXX;12;F;SW;1;80;C1;N;CS;1,43;Agua de Sello;;;;12/03/2026;46247;;46221;;;;0,35;0,5005;0,286;0,2145;;;;;;;;;;;;;;;;;;;;;;;;;;;;;;;
"03351-GW-1""-C1-0043-N_HOJA-1_SPXX_13";"03351-GW-1""-C1-0043-N_HOJA-1_SPXX";"03351-GW-1""-C1-0043-N_HOJA-1";Agua de Sello;03350-02-02;;BAJO ESPESADOR;"03351-GW-1""-C1-0043-N";1;0;SPXX;13;F;SW;1;80;C1;N;CS;1,43;Agua de Sello;;W-11;;12/03/2026;46242;46242;46221;46242;;;0,9;1,287;0,429;0,858;EJECUTADA;46242;W-11;;;;;;;;;;;;;;;;;;;;;;;;;;;;
"03351-GW-1""-C1-0043-N_HOJA-1_SPXX_14";"03351-GW-1""-C1-0043-N_HOJA-1_SPXX";"03351-GW-1""-C1-0043-N_HOJA-1";Agua de Sello;03350-02-02;;BAJO ESPESADOR;"03351-GW-1""-C1-0043-N";1;0;SPXX;14;F;SW;1;80;C1;N;CS;1,43;Agua de Sello;;;;12/03/2026;46247;;46221;;;;0,35;0,5005;0,286;0,2145;;;;;;;;;;;;;;;;;;;;;;;;;;;;;;;
"03351-GW-1""-C1-0043-N_HOJA-2_SPXX_1";"03351-GW-1""-C1-0043-N_HOJA-2_SPXX";"03351-GW-1""-C1-0043-N_HOJA-2";Agua de Sello;03350-02-02;;BAJO ESPESADOR;"03351-GW-1""-C1-0043-N";2;0;SPXX;1;F;SW;1;80;C1;N;CS;1,554;Agua de Sello;;;;12/03/2026;46247;;46221;;;;0,35;0,5439;0,286;0,2579;;;;;;;;;;;;;;;;;;;;;;;;;;;;;;;
"03351-GW-1""-C1-0043-N_HOJA-2_SPXX_2";"03351-GW-1""-C1-0043-N_HOJA-2_SPXX";"03351-GW-1""-C1-0043-N_HOJA-2";Agua de Sello;03350-02-02;;BAJO ESPESADOR;"03351-GW-1""-C1-0043-N";2;0;SPXX;2;F;SW;1;80;C1;N;CS;1,554;Agua de Sello;;W-11;;12/03/2026;46242;46242;46221;46242;;;0,9;1,3986;0,429;0,9696;EJECUTADA;46242;W-11;;;;;;;;;;;;;;;;;;;;;;;;;;;;
"03351-GW-1""-C1-0043-N_HOJA-2_SPXX_3";"03351-GW-1""-C1-0043-N_HOJA-2_SPXX";"03351-GW-1""-C1-0043-N_HOJA-2";Agua de Sello;03350-02-02;;BAJO ESPESADOR;"03351-GW-1""-C1-0043-N";2;0;SPXX;3;F;SW;1;80;C1;N;CS;1,554;Agua de Sello;;W-11;;12/03/2026;46242;46242;46221;46242;;;0,9;1,3986;0,286;1,1126;EJECUTADA;46242;W-11;;;;;;;;;;;;;;;;;;;;;;;;;;;;
"03351-GW-1""-C1-0043-N_HOJA-2_SPXX_4";"03351-GW-1""-C1-0043-N_HOJA-2_SPXX";"03351-GW-1""-C1-0043-N_HOJA-2";Agua de Sello;03350-02-02;;BAJO ESPESADOR;"03351-GW-1""-C1-0043-N";2;0;SPXX;4;F;SW;1;80;C1;N;CS;1,554;Agua de Sello;;W-11;;12/03/2026;46242;46242;46221;46242;;;0,9;1,3986;0,429;0,9696;EJECUTADA;46242;W-11;;;;;;;;;;;;;;;;;;;;;;;;;;;;
"03351-GW-1""-C1-0043-N_HOJA-2_SPXX_5";"03351-GW-1""-C1-0043-N_HOJA-2_SPXX";"03351-GW-1""-C1-0043-N_HOJA-2";Agua de Sello;03350-02-02;;BAJO ESPESADOR;"03351-GW-1""-C1-0043-N";2;0;SPXX;5;F;SW;1;80;C1;N;CS;1,554;Agua de Sello;;;;12/03/2026;46247;;46221;;;;0,35;0,5439;0,286;0,2579;;;;;;;;;;;;;;;;;;;;;;;;;;;;;;;
"03351-GW-1""-C1-0043-N_HOJA-2_SPXX_6";"03351-GW-1""-C1-0043-N_HOJA-2_SPXX";"03351-GW-1""-C1-0043-N_HOJA-2";Agua de Sello;03350-02-02;;BAJO ESPESADOR;"03351-GW-1""-C1-0043-N";2;0;SPXX;6;F;SW;1;80;C1;N;CS;1,554;Agua de Sello;;W-11;;12/03/2026;46242;46242;46221;46242;;;0,9;1,3986;0,429;0,9696;EJECUTADA;46242;W-11;;;;;;;;;;;;;;;;;;;;;;;;;;;;
"03351-GW-1""-C1-0043-N_HOJA-2_SPXX_7";"03351-GW-1""-C1-0043-N_HOJA-2_SPXX";"03351-GW-1""-C1-0043-N_HOJA-2";Agua de Sello;03350-02-02;;BAJO ESPESADOR;"03351-GW-1""-C1-0043-N";2;0;SPXX;7;F;SW;1;80;C1;N;CS;1,554;Agua de Sello;;W-11;;12/03/2026;46242;46242;46221;46242;;;0,9;1,3986;0,286;1,1126;EJECUTADA;46242;W-11;;;;;;;;;;;;;;;;;;;;;;;;;;;;
"03351-GW-1""-C1-0043-N_HOJA-2_SPXX_8";"03351-GW-1""-C1-0043-N_HOJA-2_SPXX";"03351-GW-1""-C1-0043-N_HOJA-2";Agua de Sello;03350-02-02;;BAJO ESPESADOR;"03351-GW-1""-C1-0043-N";2;0;SPXX;8;F;SW;1;80;C1;N;CS;1,554;Agua de Sello;;;;12/03/2026;46247;46258;46221;46258;;;0,9;1,3986;0,429;0,9696;EJECUTADA;46259;W-02;;;;;;;;;;;;;;;;;;;;;;;;;;;;
"03351-GW-1""-C1-0043-N_HOJA-2_SPXX_9";"03351-GW-1""-C1-0043-N_HOJA-2_SPXX";"03351-GW-1""-C1-0043-N_HOJA-2";Agua de Sello;03350-02-02;;BAJO ESPESADOR;"03351-GW-1""-C1-0043-N";2;0;SPXX;9;F;SW;1;80;C1;N;CS;1,554;Agua de Sello;;;;12/03/2026;46247;46258;46221;46258;;;0,9;1,3986;0,286;1,1126;EJECUTADA;46259;W-02;;;;;;;;;;;;;;;;;;;;;;;;;;;;
"03351-GW-1""-C1-0043-N_HOJA-2_SPXX_10";"03351-GW-1""-C1-0043-N_HOJA-2_SPXX";"03351-GW-1""-C1-0043-N_HOJA-2";Agua de Sello;03350-02-02;;BAJO ESPESADOR;"03351-GW-1""-C1-0043-N";2;0;SPXX;10;F;SW;1;80;C1;N;CS;1,554;Agua de Sello;;;;12/03/2026;46247;46258;46221;46258;;;0,9;1,3986;0,429;0,9696;EJECUTADA;46259;W-02;;;;;;;;;;;;;;;;;;;;;;;;;;;;
"03351-GW-1""-C1-0043-N_HOJA-2_SPXX_11";"03351-GW-1""-C1-0043-N_HOJA-2_SPXX";"03351-GW-1""-C1-0043-N_HOJA-2";Agua de Sello;03350-02-02;;BAJO ESPESADOR;"03351-GW-1""-C1-0043-N";2;0;SPXX;11;F;SW;1;80;C1;N;CS;1,554;Agua de Sello;;;;12/03/2026;46247;46258;46221;46258;;;0,9;1,3986;0,286;1,1126;EJECUTADA;46259;W-02;;;;;;;;;;;;;;;;;;;;;;;;;;;;
"03351-GW-1""-C1-0043-N_HOJA-2_SPXX_12";"03351-GW-1""-C1-0043-N_HOJA-2_SPXX";"03351-GW-1""-C1-0043-N_HOJA-2";Agua de Sello;03350-02-02;;BAJO ESPESADOR;"03351-GW-1""-C1-0043-N";2;0;SPXX;12;F;SW;1;80;C1;N;CS;1,554;Agua de Sello;;;;12/03/2026;46247;46258;46221;46258;;;0,9;1,3986;0,429;0,9696;EJECUTADA;46259;W-02;;;;;;;;;;;;;;;;;;;;;;;;;;;;
"03351-GW-1""-C1-0043-N_HOJA-2_SPXX_13";"03351-GW-1""-C1-0043-N_HOJA-2_SPXX";"03351-GW-1""-C1-0043-N_HOJA-2";Agua de Sello;03350-02-02;;BAJO ESPESADOR;"03351-GW-1""-C1-0043-N";2;0;SPXX;13;F;SW;1;80;C1;N;CS;1,554;Agua de Sello;;;;12/03/2026;46247;46258;46221;46258;;;0,9;1,3986;0,286;1,1126;EJECUTADA;46259;W-02;;;;;;;;;;;;;;;;;;;;;;;;;;;;
"03351-GW-1""-C1-0043-N_HOJA-3_SPXX_1";"03351-GW-1""-C1-0043-N_HOJA-3_SPXX";"03351-GW-1""-C1-0043-N_HOJA-3";Agua de Sello;03350-02-02;;BAJO ESPESADOR;"03351-GW-1""-C1-0043-N";3;0;SPXX;1;F;SW;1;80;C1;N;CS;1,073;Agua de Sello;;;;12/03/2026;46247;46258;46221;46258;;;0,9;0,9657;0;0,9657;EJECUTADA;46259;W-02;;;;;;;;;;;;;;;;;;;;;;;;;;;;
"03351-GW-1""-C1-0043-N_HOJA-3_SPXX_2";"03351-GW-1""-C1-0043-N_HOJA-3_SPXX";"03351-GW-1""-C1-0043-N_HOJA-3";Agua de Sello;03350-02-02;;BAJO ESPESADOR;"03351-GW-1""-C1-0043-N";3;0;SPXX;2;F;SW;1;80;C1;N;CS;1,073;Agua de Sello;;;;12/03/2026;46247;46258;46221;46258;;;0,9;0,9657;0;0,9657;EJECUTADA;46259;W-02;;;;;;;;;;;;;;;;;;;;;;;;;;;;
"03351-GW-1""-C1-0043-N_HOJA-3_SPXX_3";"03351-GW-1""-C1-0043-N_HOJA-3_SPXX";"03351-GW-1""-C1-0043-N_HOJA-3";Agua de Sello;03350-02-02;;BAJO ESPESADOR;"03351-GW-1""-C1-0043-N";3;0;SPXX;3;F;SW;1;80;C1;N;CS;1,073;Agua de Sello;;;;12/03/2026;46247;46258;46221;46258;;;0,9;0,9657;0;0,9657;EJECUTADA;46259;W-02;;;;;;;;;;;;;;;;;;;;;;;;;;;;
"03351-GW-1""-C1-0043-N_HOJA-3_SPXX_4";"03351-GW-1""-C1-0043-N_HOJA-3_SPXX";"03351-GW-1""-C1-0043-N_HOJA-3";Agua de Sello;03350-02-02;;BAJO ESPESADOR;"03351-GW-1""-C1-0043-N";3;0;SPXX;4;F;SW;1;80;C1;N;CS;1,073;Agua de Sello;;;;12/03/2026;46247;46258;46221;46258;;;0,9;0,9657;0;0,9657;EJECUTADA;46259;W-02;;;;;;;;;;;;;;;;;;;;;;;;;;;;
"03351-GW-1""-C1-0043-N_HOJA-3_SPXX_5";"03351-GW-1""-C1-0043-N_HOJA-3_SPXX";"03351-GW-1""-C1-0043-N_HOJA-3";Agua de Sello;03350-02-02;;BAJO ESPESADOR;"03351-GW-1""-C1-0043-N";3;0;SPXX;5;F;SW;1;80;C1;N;CS;1,073;Agua de Sello;;;;12/03/2026;46247;46258;46221;46258;;;0,9;0,9657;0;0,9657;EJECUTADA;46259;W-02;;;;;;;;;;;;;;;;;;;;;;;;;;;;
"03351-GW-1""-C1-0043-N_HOJA-3_SPXX_6";"03351-GW-1""-C1-0043-N_HOJA-3_SPXX";"03351-GW-1""-C1-0043-N_HOJA-3";Agua de Sello;03350-02-02;;BAJO ESPESADOR;"03351-GW-1""-C1-0043-N";3;0;SPXX;6;F;SW;1;80;C1;N;CS;1,073;Agua de Sello;;;;12/03/2026;46247;46258;46221;46258;;;0,9;0,9657;0;0,9657;EJECUTADA;46259;W-02;;;;;;;;;;;;;;;;;;;;;;;;;;;;
"03351-GW-1""-C1-0043-N_HOJA-3_SPXX_7";"03351-GW-1""-C1-0043-N_HOJA-3_SPXX";"03351-GW-1""-C1-0043-N_HOJA-3";Agua de Sello;03350-02-02;;BAJO ESPESADOR;"03351-GW-1""-C1-0043-N";3;0;SPXX;7;F;SW;1;80;C1;N;CS;1,073;Agua de Sello;;;;12/03/2026;46247;46258;46221;46258;;;0,9;0,9657;0;0,9657;EJECUTADA;46259;W-02;;;;;;;;;;;;;;;;;;;;;;;;;;;;
"03351-GW-1""-C1-0043-N_HOJA-3_SPXX_8";"03351-GW-1""-C1-0043-N_HOJA-3_SPXX";"03351-GW-1""-C1-0043-N_HOJA-3";Agua de Sello;03350-02-02;;BAJO ESPESADOR;"03351-GW-1""-C1-0043-N";3;0;SPXX;8;F;SW;1;80;C1;N;CS;1,073;Agua de Sello;;;;12/03/2026;46247;46258;46221;46258;;;0,9;0,9657;0;0,9657;EJECUTADA;46259;W-02;;;;;;;;;;;;;;;;;;;;;;;;;;;;
"03351-GW-1""-C1-0043-N_HOJA-3_SPXX_9";"03351-GW-1""-C1-0043-N_HOJA-3_SPXX";"03351-GW-1""-C1-0043-N_HOJA-3";Agua de Sello;03350-02-02;;BAJO ESPESADOR;"03351-GW-1""-C1-0043-N";3;0;SPXX;9;F;SW;1;80;C1;N;CS;1,073;Agua de Sello;;;;12/03/2026;46247;46258;46221;46258;;;0,9;0,9657;0;0,9657;EJECUTADA;46259;W-02;;;;;;;;;;;;;;;;;;;;;;;;;;;;
"03351-GW-1""-C1-0043-N_HOJA-3_SPXX_10";"03351-GW-1""-C1-0043-N_HOJA-3_SPXX";"03351-GW-1""-C1-0043-N_HOJA-3";Agua de Sello;03350-02-02;;BAJO ESPESADOR;"03351-GW-1""-C1-0043-N";3;0;SPXX;10;F;SW;1;80;C1;N;CS;1,073;Agua de Sello;;;;12/03/2026;46247;46258;46221;46258;;;0,9;0,9657;0;0,9657;EJECUTADA;46259;W-02;;;;;;;;;;;;;;;;;;;;;;;;;;;;
"03351-GW-1""-C1-0043-N_HOJA-3_SPXX_11";"03351-GW-1""-C1-0043-N_HOJA-3_SPXX";"03351-GW-1""-C1-0043-N_HOJA-3";Agua de Sello;03350-02-02;;BAJO ESPESADOR;"03351-GW-1""-C1-0043-N";3;0;SPXX;11;F;SW;1;80;C1;N;CS;1,073;Agua de Sello;;;;12/03/2026;46247;46258;46221;46258;;;0,9;0,9657;0;0,9657;EJECUTADA;46259;W-02;;;;;;;;;;;;;;;;;;;;;;;;;;;;
"03351-GW-1""-C1-0043-N_HOJA-3_SPXX_12";"03351-GW-1""-C1-0043-N_HOJA-3_SPXX";"03351-GW-1""-C1-0043-N_HOJA-3";Agua de Sello;03350-02-02;;BAJO ESPESADOR;"03351-GW-1""-C1-0043-N";3;0;SPXX;12;F;SW;1;80;C1;N;CS;1,073;Agua de Sello;;;;12/03/2026;46247;46258;46221;46258;;;0,9;0,9657;0;0,9657;EJECUTADA;46259;W-02;;;;;;;;;;;;;;;;;;;;;;;;;;;;
"03351-GW-1""-C1-0043-N_HOJA-3_SPXX_13";"03351-GW-1""-C1-0043-N_HOJA-3_SPXX";"03351-GW-1""-C1-0043-N_HOJA-3";Agua de Sello;03350-02-02;;BAJO ESPESADOR;"03351-GW-1""-C1-0043-N";3;0;SPXX;13;F;SW;1;80;C1;N;CS;1,073;Agua de Sello;;;;12/03/2026;46247;46258;46221;46258;;;0,9;0,9657;0;0,9657;EJECUTADA;46259;W-02;;;;;;;;;;;;;;;;;;;;;;;;;;;;
"03351-GW-1""-C1-0043-N_HOJA-3_SPXX_14";"03351-GW-1""-C1-0043-N_HOJA-3_SPXX";"03351-GW-1""-C1-0043-N_HOJA-3";Agua de Sello;03350-02-02;;BAJO ESPESADOR;"03351-GW-1""-C1-0043-N";3;0;SPXX;14;F;SW;1;80;C1;N;CS;1,073;Agua de Sello;;;;12/03/2026;46247;46258;46221;46258;;;0,9;0,9657;0;0,9657;EJECUTADA;46259;W-02;;;;;;;;;;;;;;;;;;;;;;;;;;;;
"03351-GW-1""-C1-0043-N_HOJA-3_SPXX_15";"03351-GW-1""-C1-0043-N_HOJA-3_SPXX";"03351-GW-1""-C1-0043-N_HOJA-3";Agua de Sello;03350-02-02;;BAJO ESPESADOR;"03351-GW-1""-C1-0043-N";3;0;SPXX;15;F;SW;1;80;C1;N;CS;1,073;Agua de Sello;;;;12/03/2026;46247;46258;46221;46258;;;0,9;0,9657;0;0,9657;EJECUTADA;46259;W-02;;;;;;;;;;;;;;;;;;;;;;;;;;;;
"03351-GW-1""-C1-0043-N_HOJA-3_SPXX_16";"03351-GW-1""-C1-0043-N_HOJA-3_SPXX";"03351-GW-1""-C1-0043-N_HOJA-3";Agua de Sello;03350-02-02;;BAJO ESPESADOR;"03351-GW-1""-C1-0043-N";3;0;SPXX;16;F;SW;1;80;C1;N;CS;1,073;Agua de Sello;;;;12/03/2026;46247;46258;46221;46258;;;0,9;0,9657;0;0,9657;EJECUTADA;46259;W-02;;;;;;;;;;;;;;;;;;;;;;;;;;;;
"03351-GW-1""-C1-0075-N_HOJA-1_SPXX_1";"03351-GW-1""-C1-0075-N_HOJA-1_SPXX";"03351-GW-1""-C1-0075-N_HOJA-1";Agua de Sello;03350-02-02;;TORRE TRASFERENCIA;"03351-GW-1""-C1-0075-N";1;0;SPXX;1;F;SW;1;80;C1;N;CS;0,1;Agua de Sello;;;;12/03/2026;46249;;46221;;;;0,35;0,035;0,03;0,005;;;;;;;;;;;;;;;;;;;;;;;;;;;;;;;
"03351-GW-1""-C1-0075-N_HOJA-1_SPXX_2";"03351-GW-1""-C1-0075-N_HOJA-1_SPXX";"03351-GW-1""-C1-0075-N_HOJA-1";Agua de Sello;03350-02-02;;TORRE TRASFERENCIA;"03351-GW-1""-C1-0075-N";1;0;SPXX;2;F;SW;1;80;C1;N;CS;0,1;Agua de Sello;;;;12/03/2026;46249;;46244;;;;0,35;0,035;0,02;0,015;;;;;;;;;;;;;;;;;;;;;;;;;;;;;;;
"03351-GW-1""-C1-0075-N_HOJA-1_SPXX_3";"03351-GW-1""-C1-0075-N_HOJA-1_SPXX";"03351-GW-1""-C1-0075-N_HOJA-1";Agua de Sello;03350-02-02;;TORRE TRASFERENCIA;"03351-GW-1""-C1-0075-N";1;0;SPXX;3;F;SW;1;80;C1;N;CS;0,1;Agua de Sello;;;;12/03/2026;46249;;46221;;;;0,35;0,035;0,03;0,005;;;;;;;;;;;;;;;;;;;;;;;;;;;;;;;
"03351-GW-1""-C1-0075-N_HOJA-1_SPXX_4";"03351-GW-1""-C1-0075-N_HOJA-1_SPXX";"03351-GW-1""-C1-0075-N_HOJA-1";Agua de Sello;03350-02-02;;TORRE TRASFERENCIA;"03351-GW-1""-C1-0075-N";1;0;SPXX;4;F;SW;1;80;C1;N;CS;0,1;Agua de Sello;;;;12/03/2026;46249;;46244;;;;0,35;0,035;0,02;0,015;;;;;;;;;;;;;;;;;;;;;;;;;;;;;;;
"03351-GW-1""-C1-0075-N_HOJA-1_SPXX_5";"03351-GW-1""-C1-0075-N_HOJA-1_SPXX";"03351-GW-1""-C1-0075-N_HOJA-1";Agua de Sello;03350-02-02;;TORRE TRASFERENCIA;"03351-GW-1""-C1-0075-N";1;0;SPXX;5;F;SW;1;80;C1;N;CS;0,1;Agua de Sello;;;;12/03/2026;46249;;46244;;;;0,35;0,035;0,02;0,015;;;;;;;;;;;;;;;;;;;;;;;;;;;;;;;
"03351-GW-1""-C1-0075-N_HOJA-1_SPXX_6";"03351-GW-1""-C1-0075-N_HOJA-1_SPXX";"03351-GW-1""-C1-0075-N_HOJA-1";Agua de Sello;03350-02-02;;TORRE TRASFERENCIA;"03351-GW-1""-C1-0075-N";1;0;SPXX;6;F;SW;1;80;C1;N;CS;0,1;Agua de Sello;;;;12/03/2026;46249;;46221;;;;0,35;0,035;0,03;0,005;;;;;;;;;;;;;;;;;;;;;;;;;;;;;;;
"03351-GW-1""-C1-0075-N_HOJA-1_SPXX_7";"03351-GW-1""-C1-0075-N_HOJA-1_SPXX";"03351-GW-1""-C1-0075-N_HOJA-1";Agua de Sello;03350-02-02;;TORRE TRASFERENCIA;"03351-GW-1""-C1-0075-N";1;0;SPXX;7;F;SW;1;80;C1;N;CS;0,1;Agua de Sello;;;;12/03/2026;46249;;46221;;;;0,35;0,035;0,03;0,005;;;;;;;;;;;;;;;;;;;;;;;;;;;;;;;
"03351-GW-1""-C1-0075-N_HOJA-1_SPXX_8";"03351-GW-1""-C1-0075-N_HOJA-1_SPXX";"03351-GW-1""-C1-0075-N_HOJA-1";Agua de Sello;03350-02-02;;TORRE TRASFERENCIA;"03351-GW-1""-C1-0075-N";1;0;SPXX;8;F;SW;1;80;C1;N;CS;0,1;Agua de Sello;;;;12/03/2026;46249;;46221;;;;0,35;0,035;0,03;0,005;;;;;;;;;;;;;;;;;;;;;;;;;;;;;;;
"03351-GW-1""-C1-0076-N_HOJA-1_SPXX_1";"03351-GW-1""-C1-0076-N_HOJA-1_SPXX";"03351-GW-1""-C1-0076-N_HOJA-1";Agua de Sello;03350-02-02;;TORRE TRASFERENCIA;"03351-GW-1""-C1-0076-N";1;0;SPXX;1;F;SW;1;80;C1;N;CS;0,1;Agua de Sello;;;;12/03/2026;46249;;46244;;;;0,35;0,035;0,02;0,015;;;;;;;;;;;;;;;;;;;;;;;;;;;;;;;
"03351-GW-1""-C1-0076-N_HOJA-1_SPXX_2";"03351-GW-1""-C1-0076-N_HOJA-1_SPXX";"03351-GW-1""-C1-0076-N_HOJA-1";Agua de Sello;03350-02-02;;TORRE TRASFERENCIA;"03351-GW-1""-C1-0076-N";1;0;SPXX;2;F;SW;1;80;C1;N;CS;0,1;Agua de Sello;;;;12/03/2026;46249;;46244;;;;0,35;0,035;0,02;0,015;;;;;;;;;;;;;;;;;;;;;;;;;;;;;;;
"03351-GW-1""-C1-0076-N_HOJA-1_SPXX_3";"03351-GW-1""-C1-0076-N_HOJA-1_SPXX";"03351-GW-1""-C1-0076-N_HOJA-1";Agua de Sello;03350-02-02;;TORRE TRASFERENCIA;"03351-GW-1""-C1-0076-N";1;0;SPXX;3;F;SW;1;80;C1;N;CS;0,1;Agua de Sello;;;;12/03/2026;46249;;46221;;;;0,35;0,035;0,03;0,005;;;;;;;;;;;;;;;;;;;;;;;;;;;;;;;
"03351-GW-1""-C1-0076-N_HOJA-1_SPXX_4";"03351-GW-1""-C1-0076-N_HOJA-1_SPXX";"03351-GW-1""-C1-0076-N_HOJA-1";Agua de Sello;03350-02-02;;TORRE TRASFERENCIA;"03351-GW-1""-C1-0076-N";1;0;SPXX;4;F;SW;1;80;C1;N;CS;0,1;Agua de Sello;;;;12/03/2026;46249;;46221;;;;0,35;0,035;0,03;0,005;;;;;;;;;;;;;;;;;;;;;;;;;;;;;;;
"03351-GW-1""-C1-0076-N_HOJA-1_SPXX_5";"03351-GW-1""-C1-0076-N_HOJA-1_SPXX";"03351-GW-1""-C1-0076-N_HOJA-1";Agua de Sello;03350-02-02;;TORRE TRASFERENCIA;"03351-GW-1""-C1-0076-N";1;0;SPXX;5;F;SW;1;80;C1;N;CS;0,1;Agua de Sello;;;;12/03/2026;46249;;46244;;;;0,35;0,035;0,02;0,015;;;;;;;;;;;;;;;;;;;;;;;;;;;;;;;
"03351-GW-1""-C1-0076-N_HOJA-1_SPXX_6";"03351-GW-1""-C1-0076-N_HOJA-1_SPXX";"03351-GW-1""-C1-0076-N_HOJA-1";Agua de Sello;03350-02-02;;TORRE TRASFERENCIA;"03351-GW-1""-C1-0076-N";1;0;SPXX;6;F;SW;1;80;C1;N;CS;0,1;Agua de Sello;;;;12/03/2026;46249;;46221;;;;0,35;0,035;0,03;0,005;;;;;;;;;;;;;;;;;;;;;;;;;;;;;;;
"03351-GW-1""-C1-0076-N_HOJA-1_SPXX_7";"03351-GW-1""-C1-0076-N_HOJA-1_SPXX";"03351-GW-1""-C1-0076-N_HOJA-1";Agua de Sello;03350-02-02;;TORRE TRASFERENCIA;"03351-GW-1""-C1-0076-N";1;0;SPXX;7;F;SW;1;80;C1;N;CS;0,1;Agua de Sello;;;;12/03/2026;46249;;46244;;;;0,35;0,035;0,02;0,015;;;;;;;;;;;;;;;;;;;;;;;;;;;;;;;
"03351-GW-1""-C1-0076-N_HOJA-1_SPXX_8";"03351-GW-1""-C1-0076-N_HOJA-1_SPXX";"03351-GW-1""-C1-0076-N_HOJA-1";Agua de Sello;03350-02-02;;TORRE TRASFERENCIA;"03351-GW-1""-C1-0076-N";1;0;SPXX;8;F;SW;1;80;C1;N;CS;0,1;Agua de Sello;;;;12/03/2026;46247;;46221;;;;0,35;0,035;0,03;0,005;;;;;;;;;;;;;;;;;;;;;;;;;;;;;;;
"03351-GW-2""-C1-0040-N_HOJA-1_SPXX_1";"03351-GW-2""-C1-0040-N_HOJA-1_SPXX";"03351-GW-2""-C1-0040-N_HOJA-1";Agua de Sello;03350-02-02;;TORRE TRASFERENCIA;"03351-GW-2""-C1-0040-N";1;0;SPXX;1;F;SW;2;80;C1;N;CS;0,07;Agua de Sello;03351-BOC-004/005;;;12/03/2026;46247;;46244;;;;0,35;0,0245;0,014;0,0105;;;;;;;;;;;;;;;;;;;;;;;;;;;;;;;
"03351-GW-2""-C1-0040-N_HOJA-1_SPXX_2";"03351-GW-2""-C1-0040-N_HOJA-1_SPXX";"03351-GW-2""-C1-0040-N_HOJA-1";Agua de Sello;03350-02-02;;TORRE TRASFERENCIA;"03351-GW-2""-C1-0040-N";1;0;SPXX;2;F;SW;2;80;C1;N;CS;0,07;Agua de Sello;;;;12/03/2026;46247;;46221;;;;0,35;0,0245;0,021;0,0035;;;;;;;;;;;;;;;;;;;;;;;;;;;;;;;
"03351-GW-2""-C1-0040-N_HOJA-1_SPXX_3";"03351-GW-2""-C1-0040-N_HOJA-1_SPXX";"03351-GW-2""-C1-0040-N_HOJA-1";Agua de Sello;03350-02-02;;TORRE TRASFERENCIA;"03351-GW-2""-C1-0040-N";1;0;SPXX;3;F;SW;2;80;C1;N;CS;0,07;Agua de Sello;;;;12/03/2026;46247;;46244;;;;0,35;0,0245;0,014;0,0105;;;;;;;;;;;;;;;;;;;;;;;;;;;;;;;
"03351-GW-2""-C1-0040-N_HOJA-1_SPXX_4";"03351-GW-2""-C1-0040-N_HOJA-1_SPXX";"03351-GW-2""-C1-0040-N_HOJA-1";Agua de Sello;03350-02-02;;TORRE TRASFERENCIA;"03351-GW-2""-C1-0040-N";1;0;SPXX;4;F;SW;2;80;C1;N;CS;0,07;Agua de Sello;;;;12/03/2026;46247;;46244;;;;0,35;0,0245;0,014;0,0105;;;;;;;;;;;;;;;;;;;;;;;;;;;;;;;
"03351-GW-2""-C1-0040-N_HOJA-1_SPXX_5";"03351-GW-2""-C1-0040-N_HOJA-1_SPXX";"03351-GW-2""-C1-0040-N_HOJA-1";Agua de Sello;03350-02-02;;TORRE TRASFERENCIA;"03351-GW-2""-C1-0040-N";1;0;SPXX;5;F;SW;2;80;C1;N;CS;0,07;Agua de Sello;;;;12/03/2026;46247;;46221;;;;0,35;0,0245;0,021;0,0035;;;;;;;;;;;;;;;;;;;;;;;;;;;;;;;
"03351-GW-2""-C1-0040-N_HOJA-1_SPXX_6";"03351-GW-2""-C1-0040-N_HOJA-1_SPXX";"03351-GW-2""-C1-0040-N_HOJA-1";Agua de Sello;03350-02-02;;TORRE TRASFERENCIA;"03351-GW-2""-C1-0040-N";1;0;SPXX;6;F;SW;2;80;C1;N;CS;0,07;Agua de Sello;;;;12/03/2026;46247;;46244;;;;0,35;0,0245;0,014;0,0105;;;;;;;;;;;;;;;;;;;;;;;;;;;;;;;
"03351-GW-2""-C1-0041-N_HOJA-1_SPXX_1";"03351-GW-2""-C1-0041-N_HOJA-1_SPXX";"03351-GW-2""-C1-0041-N_HOJA-1";Agua de Sello;03350-02-02;;TORRE TRASFERENCIA;"03351-GW-2""-C1-0041-N";1;0;SPXX;1;F;SW;2;80;C1;N;CS;0,11;Agua de Sello;03351-BOC-004;;;12/03/2026;46247;;46244;;;;0,35;0,0385;0,022;0,0165;;;;;;;;;;;;;;;;;;;;;;;;;;;;;;;
"03351-GW-2""-C1-0041-N_HOJA-1_SPXX_2";"03351-GW-2""-C1-0041-N_HOJA-1_SPXX";"03351-GW-2""-C1-0041-N_HOJA-1";Agua de Sello;03350-02-02;;TORRE TRASFERENCIA;"03351-GW-2""-C1-0041-N";1;0;SPXX;2;F;SW;2;80;C1;N;CS;0,11;Agua de Sello;;;;12/03/2026;46247;;46221;;;;0,35;0,0385;0,033;0,0055;;;;;;;;;;;;;;;;;;;;;;;;;;;;;;;
"03351-GW-2""-C1-0041-N_HOJA-1_SPXX_3";"03351-GW-2""-C1-0041-N_HOJA-1_SPXX";"03351-GW-2""-C1-0041-N_HOJA-1";Agua de Sello;03350-02-02;;TORRE TRASFERENCIA;"03351-GW-2""-C1-0041-N";1;0;SPXX;3;F;SW;2;80;C1;N;CS;0,11;Agua de Sello;;;;12/03/2026;46247;;46221;;;;0,35;0,0385;0,033;0,0055;;;;;;;;;;;;;;;;;;;;;;;;;;;;;;;
"03351-GW-2""-C1-0041-N_HOJA-1_SPXX_4";"03351-GW-2""-C1-0041-N_HOJA-1_SPXX";"03351-GW-2""-C1-0041-N_HOJA-1";Agua de Sello;03350-02-02;;TORRE TRASFERENCIA;"03351-GW-2""-C1-0041-N";1;0;SPXX;4;F;SW;2;80;C1;N;CS;0,11;Agua de Sello;;;;12/03/2026;46247;;46244;;;;0,35;0,0385;0,022;0,0165;;;;;;;;;;;;;;;;;;;;;;;;;;;;;;;
"03351-GW-2""-C1-0041-N_HOJA-1_SPXX_5";"03351-GW-2""-C1-0041-N_HOJA-1_SPXX";"03351-GW-2""-C1-0041-N_HOJA-1";Agua de Sello;03350-02-02;;TORRE TRASFERENCIA;"03351-GW-2""-C1-0041-N";1;0;SPXX;5;F;SW;2;80;C1;N;CS;0,11;Agua de Sello;;;;12/03/2026;46247;;46221;;;;0,35;0,0385;0,033;0,0055;;;;;;;;;;;;;;;;;;;;;;;;;;;;;;;
"03351-GW-2""-C1-0041-N_HOJA-1_SPXX_6";"03351-GW-2""-C1-0041-N_HOJA-1_SPXX";"03351-GW-2""-C1-0041-N_HOJA-1";Agua de Sello;03350-02-02;;TORRE TRASFERENCIA;"03351-GW-2""-C1-0041-N";1;0;SPXX;6;F;SW;2;80;C1;N;CS;0,11;Agua de Sello;;;;12/03/2026;46247;;46221;;;;0,35;0,0385;0,033;0,0055;;;;;;;;;;;;;;;;;;;;;;;;;;;;;;;
"03351-GW-2""-C1-0041-N_HOJA-1_SPXX_7";"03351-GW-2""-C1-0041-N_HOJA-1_SPXX";"03351-GW-2""-C1-0041-N_HOJA-1";Agua de Sello;03350-02-02;;TORRE TRASFERENCIA;"03351-GW-2""-C1-0041-N";1;0;SPXX;7;F;SW;2;80;C1;N;CS;0,11;Agua de Sello;;;;12/03/2026;46247;;46244;;;;0,35;0,0385;0,022;0,0165;;;;;;;;;;;;;;;;;;;;;;;;;;;;;;;
"03351-GW-2""-C1-0042-N_HOJA-1_SPXX_1";"03351-GW-2""-C1-0042-N_HOJA-1_SPXX";"03351-GW-2""-C1-0042-N_HOJA-1";Agua de Sello;03350-02-02;;TORRE TRASFERENCIA;"03351-GW-2""-C1-0042-N";1;0;SPXX;1;F;SW;2;80;C1;N;CS;0,11;Agua de Sello;03351-BOC-005;;;12/03/2026;46247;;46244;;;;0,35;0,0385;0,022;0,0165;;;;;;;;;;;;;;;;;;;;;;;;;;;;;;;
"03351-GW-2""-C1-0042-N_HOJA-1_SPXX_2";"03351-GW-2""-C1-0042-N_HOJA-1_SPXX";"03351-GW-2""-C1-0042-N_HOJA-1";Agua de Sello;03350-02-02;;TORRE TRASFERENCIA;"03351-GW-2""-C1-0042-N";1;0;SPXX;2;F;SW;2;80;C1;N;CS;0,11;Agua de Sello;;;;12/03/2026;46247;;46221;;;;0,35;0,0385;0,033;0,0055;;;;;;;;;;;;;;;;;;;;;;;;;;;;;;;
"03351-GW-2""-C1-0042-N_HOJA-1_SPXX_3";"03351-GW-2""-C1-0042-N_HOJA-1_SPXX";"03351-GW-2""-C1-0042-N_HOJA-1";Agua de Sello;03350-02-02;;TORRE TRASFERENCIA;"03351-GW-2""-C1-0042-N";1;0;SPXX;3;F;SW;2;80;C1;N;CS;0,11;Agua de Sello;;;;12/03/2026;46247;;46244;;;;0,35;0,0385;0,022;0,0165;;;;;;;;;;;;;;;;;;;;;;;;;;;;;;;
"03351-GW-2""-C1-0042-N_HOJA-1_SPXX_4";"03351-GW-2""-C1-0042-N_HOJA-1_SPXX";"03351-GW-2""-C1-0042-N_HOJA-1";Agua de Sello;03350-02-02;;TORRE TRASFERENCIA;"03351-GW-2""-C1-0042-N";1;0;SPXX;4;F;SW;2;80;C1;N;CS;0,11;Agua de Sello;;;;12/03/2026;46247;;46244;;;;0,35;0,0385;0,022;0,0165;;;;;;;;;;;;;;;;;;;;;;;;;;;;;;;
"03351-GW-2""-C1-0042-N_HOJA-1_SPXX_5";"03351-GW-2""-C1-0042-N_HOJA-1_SPXX";"03351-GW-2""-C1-0042-N_HOJA-1";Agua de Sello;03350-02-02;;TORRE TRASFERENCIA;"03351-GW-2""-C1-0042-N";1;0;SPXX;5;F;SW;2;80;C1;N;CS;0,11;Agua de Sello;;;;12/03/2026;46247;;46221;;;;0,35;0,0385;0,033;0,0055;;;;;;;;;;;;;;;;;;;;;;;;;;;;;;;
"03351-GW-2""-C1-0042-N_HOJA-1_SPXX_6";"03351-GW-2""-C1-0042-N_HOJA-1_SPXX";"03351-GW-2""-C1-0042-N_HOJA-1";Agua de Sello;03350-02-02;;TORRE TRASFERENCIA;"03351-GW-2""-C1-0042-N";1;0;SPXX;6;F;SW;2;80;C1;N;CS;0,11;Agua de Sello;;;;12/03/2026;46247;;46221;;;;0,35;0,0385;0,033;0,0055;;;;;;;;;;;;;;;;;;;;;;;;;;;;;;;
"03351-GW-2""-C1-0042-N_HOJA-1_SPXX_7";"03351-GW-2""-C1-0042-N_HOJA-1_SPXX";"03351-GW-2""-C1-0042-N_HOJA-1";Agua de Sello;03350-02-02;;TORRE TRASFERENCIA;"03351-GW-2""-C1-0042-N";1;0;SPXX;7;F;SW;2;80;C1;N;CS;0,11;Agua de Sello;;;;12/03/2026;46247;;46221;;;;0,35;0,0385;0,033;0,0055;;;;;;;;;;;;;;;;;;;;;;;;;;;;;;;
"03351-GW-2""-C1-0095-N_HOJA-1_SPXX_1";"03351-GW-2""-C1-0095-N_HOJA-1_SPXX";"03351-GW-2""-C1-0095-N_HOJA-1";Agua de Sello;03350-02-02;;BAJO ESPESADOR;"03351-GW-2""-C1-0095-N";1;0;SPXX;1;F;SW;1;80;C1;N;CS;0,175;Agua de Sello;03351-EST-001;;;12/03/2026;46247;;46244;;;;0,35;0,06125;0;0,06125;;;;;;;;;;;;;;;;;;;;;;;;;;;;;;;
"03351-GW-2""-C1-0095-N_HOJA-1_SPXX_2";"03351-GW-2""-C1-0095-N_HOJA-1_SPXX";"03351-GW-2""-C1-0095-N_HOJA-1";Agua de Sello;03350-02-02;;BAJO ESPESADOR;"03351-GW-2""-C1-0095-N";1;0;SPXX;2;F;SW;1;80;C1;N;CS;0,175;Agua de Sello;;;;12/03/2026;46247;;46244;;;;0,35;0,06125;0;0,06125;;;;;;;;;;;;;;;;;;;;;;;;;;;;;;;
"03351-GW-2""-C1-0095-N_HOJA-1_SPXX_3";"03351-GW-2""-C1-0095-N_HOJA-1_SPXX";"03351-GW-2""-C1-0095-N_HOJA-1";Agua de Sello;03350-02-02;;BAJO ESPESADOR;"03351-GW-2""-C1-0095-N";1;0;SPXX;3;F;SW;1;80;C1;N;CS;0,175;Agua de Sello;;;;12/03/2026;46247;;46244;;;;0,35;0,06125;0;0,06125;;;;;;;;;;;;;;;;;;;;;;;;;;;;;;;
"03351-GW-2""-C1-0095-N_HOJA-1_SPXX_4";"03351-GW-2""-C1-0095-N_HOJA-1_SPXX";"03351-GW-2""-C1-0095-N_HOJA-1";Agua de Sello;03350-02-02;;BAJO ESPESADOR;"03351-GW-2""-C1-0095-N";1;0;SPXX;4;F;SW;1;80;C1;N;CS;0,175;Agua de Sello;;;;12/03/2026;46247;;46244;;;;0,35;0,06125;0;0,06125;;;;;;;;;;;;;;;;;;;;;;;;;;;;;;;
"03351-GW-2""-C1-0095-N_HOJA-1_SPXX_5";"03351-GW-2""-C1-0095-N_HOJA-1_SPXX";"03351-GW-2""-C1-0095-N_HOJA-1";Agua de Sello;03350-02-02;;BAJO ESPESADOR;"03351-GW-2""-C1-0095-N";1;0;SPXX;5;F;SW;2;80;C1;N;CS;0,175;Agua de Sello;;;;12/03/2026;46247;;46244;;;;0,35;0,06125;0;0,06125;;;;;;;;;;;;;;;;;;;;;;;;;;;;;;;
"03351-GW-2""-C1-0095-N_HOJA-1_SPXX_6";"03351-GW-2""-C1-0095-N_HOJA-1_SPXX";"03351-GW-2""-C1-0095-N_HOJA-1";Agua de Sello;03350-02-02;;BAJO ESPESADOR;"03351-GW-2""-C1-0095-N";1;0;SPXX;6;F;SW;2;80;C1;N;CS;0,175;Agua de Sello;;;;12/03/2026;46247;;46244;;;;0,35;0,06125;0;0,06125;;;;;;;;;;;;;;;;;;;;;;;;;;;;;;;
"03351-GW-2""-C1-0095-N_HOJA-1_SPXX_7";"03351-GW-2""-C1-0095-N_HOJA-1_SPXX";"03351-GW-2""-C1-0095-N_HOJA-1";Agua de Sello;03350-02-02;;BAJO ESPESADOR;"03351-GW-2""-C1-0095-N";1;0;SPXX;7;F;SW;2;80;C1;N;CS;0,175;Agua de Sello;;;;12/03/2026;46247;;46244;;;;0,35;0,06125;0;0,06125;;;;;;;;;;;;;;;;;;;;;;;;;;;;;;;
"03351-GW-2""-C1-0095-N_HOJA-1_SPXX_8";"03351-GW-2""-C1-0095-N_HOJA-1_SPXX";"03351-GW-2""-C1-0095-N_HOJA-1";Agua de Sello;03350-02-02;;BAJO ESPESADOR;"03351-GW-2""-C1-0095-N";1;0;SPXX;8;F;SW;2;80;C1;N;CS;0,175;Agua de Sello;;;;12/03/2026;46247;;46244;;;;0,35;0,06125;0;0,06125;;;;;;;;;;;;;;;;;;;;;;;;;;;;;;;
"03351-GW-2""-C1-0095-N_HOJA-1_SPXX_9";"03351-GW-2""-C1-0095-N_HOJA-1_SPXX";"03351-GW-2""-C1-0095-N_HOJA-1";Agua de Sello;03350-02-02;;BAJO ESPESADOR;"03351-GW-2""-C1-0095-N";1;0;SPXX;9;F;SW;2;80;C1;N;CS;0,175;Agua de Sello;;;;12/03/2026;46247;;46244;;;;0,35;0,06125;0;0,06125;;;;;;;;;;;;;;;;;;;;;;;;;;;;;;;
"03351-GW-2""-C1-0095-N_HOJA-1_SPXX_10";"03351-GW-2""-C1-0095-N_HOJA-1_SPXX";"03351-GW-2""-C1-0095-N_HOJA-1";Agua de Sello;03350-02-02;;BAJO ESPESADOR;"03351-GW-2""-C1-0095-N";1;0;SPXX;10;F;SW;2;80;C1;N;CS;0,175;Agua de Sello;;;;12/03/2026;46247;;46244;;;;0,35;0,06125;0;0,06125;;;;;;;;;;;;;;;;;;;;;;;;;;;;;;;
"03351-GW-2""-C1-0095-N_HOJA-1_SPXX_11";"03351-GW-2""-C1-0095-N_HOJA-1_SPXX";"03351-GW-2""-C1-0095-N_HOJA-1";Agua de Sello;03350-02-02;;BAJO ESPESADOR;"03351-GW-2""-C1-0095-N";1;0;SPXX;11;F;SW;2;80;C1;N;CS;0,175;Agua de Sello;;;;12/03/2026;46247;;46244;;;;0,35;0,06125;0;0,06125;;;;;;;;;;;;;;;;;;;;;;;;;;;;;;;
"03351-GW-2""-C1-0095-N_HOJA-1_SPXX_12";"03351-GW-2""-C1-0095-N_HOJA-1_SPXX";"03351-GW-2""-C1-0095-N_HOJA-1";Agua de Sello;03350-02-02;;BAJO ESPESADOR;"03351-GW-2""-C1-0095-N";1;0;SPXX;12;F;SW;2;80;C1;N;CS;0,175;Agua de Sello;;;;12/03/2026;46247;;46244;;;;0,35;0,06125;0;0,06125;;;;;;;;;;;;;;;;;;;;;;;;;;;;;;;
"03351-GW-2""-C1-0095-N_HOJA-1_SPXX_13";"03351-GW-2""-C1-0095-N_HOJA-1_SPXX";"03351-GW-2""-C1-0095-N_HOJA-1";Agua de Sello;03350-02-02;;BAJO ESPESADOR;"03351-GW-2""-C1-0095-N";1;0;SPXX;13;F;SW;2;80;C1;N;CS;0,175;Agua de Sello;;;;12/03/2026;46247;;46244;;;;0,35;0,06125;0;0,06125;;;;;;;;;;;;;;;;;;;;;;;;;;;;;;;
"03351-GW-2""-C1-0095-N_HOJA-1_SPXX_14";"03351-GW-2""-C1-0095-N_HOJA-1_SPXX";"03351-GW-2""-C1-0095-N_HOJA-1";Agua de Sello;03350-02-02;;BAJO ESPESADOR;"03351-GW-2""-C1-0095-N";1;0;SPXX;14;F;SW;2;80;C1;N;CS;0,175;Agua de Sello;;;;12/03/2026;46247;;46244;;;;0,35;0,06125;0;0,06125;;;;;;;;;;;;;;;;;;;;;;;;;;;;;;;
"03351-GW-2""-C1-0095-N_HOJA-1_SPXX_15";"03351-GW-2""-C1-0095-N_HOJA-1_SPXX";"03351-GW-2""-C1-0095-N_HOJA-1";Agua de Sello;03350-02-02;;BAJO ESPESADOR;"03351-GW-2""-C1-0095-N";1;0;SPXX;15;F;SW;2;80;C1;N;CS;0,175;Agua de Sello;;;;12/03/2026;46247;;46244;;;;0,35;0,06125;0;0,06125;;;;;;;;;;;;;;;;;;;;;;;;;;;;;;;
"03351-GW-2""-C1-0095-N_HOJA-1_SPXX_16";"03351-GW-2""-C1-0095-N_HOJA-1_SPXX";"03351-GW-2""-C1-0095-N_HOJA-1";Agua de Sello;03350-02-02;;BAJO ESPESADOR;"03351-GW-2""-C1-0095-N";1;0;SPXX;16;F;SW;2;80;C1;N;CS;0,175;Agua de Sello;;;;12/03/2026;46247;;46244;;;;0,35;0,06125;0;0,06125;;;;;;;;;;;;;;;;;;;;;;;;;;;;;;;
"03351-GW-2""-C1-0095-N_HOJA-1_SPXX_17";"03351-GW-2""-C1-0095-N_HOJA-1_SPXX";"03351-GW-2""-C1-0095-N_HOJA-1";Agua de Sello;03350-02-02;;BAJO ESPESADOR;"03351-GW-2""-C1-0095-N";1;0;SPXX;17;F;SW;2;80;C1;N;CS;0,175;Agua de Sello;;;;12/03/2026;46247;;46244;;;;0,35;0,06125;0;0,06125;;;;;;;;;;;;;;;;;;;;;;;;;;;;;;;
"03351-GW-2""-C1-0095-N_HOJA-1_SPXX_18";"03351-GW-2""-C1-0095-N_HOJA-1_SPXX";"03351-GW-2""-C1-0095-N_HOJA-1";Agua de Sello;03350-02-02;;BAJO ESPESADOR;"03351-GW-2""-C1-0095-N";1;0;SPXX;18;F;SW;2;80;C1;N;CS;0,175;Agua de Sello;;;;12/03/2026;46247;;46244;;;;0,35;0,06125;0;0,06125;;;;;;;;;;;;;;;;;;;;;;;;;;;;;;;
"03351-GW-2""-C1-0095-N_HOJA-1_SPXX_19";"03351-GW-2""-C1-0095-N_HOJA-1_SPXX";"03351-GW-2""-C1-0095-N_HOJA-1";Agua de Sello;03350-02-02;;BAJO ESPESADOR;"03351-GW-2""-C1-0095-N";1;0;SPXX;19;F;SW;2;80;C1;N;CS;0,175;Agua de Sello;;;;12/03/2026;46247;;46244;;;;0,35;0,06125;0;0,06125;;;;;;;;;;;;;;;;;;;;;;;;;;;;;;;
"03351-GW-2""-C1-0095-N_HOJA-1_SPXX_20";"03351-GW-2""-C1-0095-N_HOJA-1_SPXX";"03351-GW-2""-C1-0095-N_HOJA-1";Agua de Sello;03350-02-02;;BAJO ESPESADOR;"03351-GW-2""-C1-0095-N";1;0;SPXX;20;F;NPT;2;80;C1;N;CS;0,175;Agua de Sello;;;;12/03/2026;46247;;46244;;46254;;0,4;0,07;0;0,07;;;;;;;;;;;;;;;;;;;;;;;;;;;;;;;
"03351-GW-2""-C1-0095-N_HOJA-1_SPXX_21";"03351-GW-2""-C1-0095-N_HOJA-1_SPXX";"03351-GW-2""-C1-0095-N_HOJA-1";Agua de Sello;03350-02-02;;BAJO ESPESADOR;"03351-GW-2""-C1-0095-N";1;0;SPXX;21;F;NPT;2;80;C1;N;CS;0,175;Agua de Sello;;;;12/03/2026;46247;;46244;;46254;;0,4;0,07;0;0,07;;;;;;;;;;;;;;;;;;;;;;;;;;;;;;;
"03351-GW-2""-C1-0095-N_HOJA-1_SPXX_22";"03351-GW-2""-C1-0095-N_HOJA-1_SPXX";"03351-GW-2""-C1-0095-N_HOJA-1";Agua de Sello;03350-02-02;;BAJO ESPESADOR;"03351-GW-2""-C1-0095-N";1;0;SPXX;22;F;SO;2;80;C1;N;CS;0,175;Agua de Sello;;;;12/03/2026;46247;;46244;;;;0,35;0,06125;0;0,06125;;;;;;;;;;;;;;;;;;;;;;;;;;;;;;;
"03351-GW-2""-C1-0095-N_HOJA-1_SPXX_23";"03351-GW-2""-C1-0095-N_HOJA-1_SPXX";"03351-GW-2""-C1-0095-N_HOJA-1";Agua de Sello;03350-02-02;;BAJO ESPESADOR;"03351-GW-2""-C1-0095-N";1;0;SPXX;23;F;SW;2;80;C1;N;CS;0,175;Agua de Sello;;;;12/03/2026;46247;;46244;;;;0,35;0,06125;0;0,06125;;;;;;;;;;;;;;;;;;;;;;;;;;;;;;;
"03351-GW-2""-C1-0095-N_HOJA-1_SPXX_24";"03351-GW-2""-C1-0095-N_HOJA-1_SPXX";"03351-GW-2""-C1-0095-N_HOJA-1";Agua de Sello;03350-02-02;;BAJO ESPESADOR;"03351-GW-2""-C1-0095-N";1;0;SPXX;24;F;SW;1;80;C1;N;CS;0,175;Agua de Sello;;;;12/03/2026;46247;;46244;;;;0,35;0,06125;0;0,06125;;;;;;;;;;;;;;;;;;;;;;;;;;;;;;;
"03351-GW-2""-C1-0095-N_HOJA-1_SPXX_25";"03351-GW-2""-C1-0095-N_HOJA-1_SPXX";"03351-GW-2""-C1-0095-N_HOJA-1";Agua de Sello;03350-02-02;;BAJO ESPESADOR;"03351-GW-2""-C1-0095-N";1;0;SPXX;25;F;SW;1;80;C1;N;CS;0,175;Agua de Sello;;;;12/03/2026;46247;;46244;;;;0,35;0,06125;0;0,06125;;;;;;;;;;;;;;;;;;;;;;;;;;;;;;;
"03351-GW-2""-C1-0095-N_HOJA-1_SPXX_26";"03351-GW-2""-C1-0095-N_HOJA-1_SPXX";"03351-GW-2""-C1-0095-N_HOJA-1";Agua de Sello;03350-02-02;;BAJO ESPESADOR;"03351-GW-2""-C1-0095-N";1;0;SPXX;26;F;NPT;1;80;C1;N;CS;0,175;Agua de Sello;;;;12/03/2026;46247;;46244;;46254;;0,4;0,07;0;0,07;;;;;;;;;;;;;;;;;;;;;;;;;;;;;;;
"03351-GW-2""-C1-0095-N_HOJA-2_SPXX_1";"03351-GW-2""-C1-0095-N_HOJA-2_SPXX";"03351-GW-2""-C1-0095-N_HOJA-2";Agua de Sello;03350-02-02;;BAJO ESPESADOR;"03351-GW-2""-C1-0095-N";2;0;SPXX;1;F;SO;2;80;C1;N;CS;0,2202;Agua de Sello;;;;12/03/2026;46247;;46244;;;;0,35;0,07707;0;0,07707;;;;;;;;;;;;;;;;;;;;;;;;;;;;;;;
"03351-GW-2""-C1-0095-N_HOJA-2_SPXX_2";"03351-GW-2""-C1-0095-N_HOJA-2_SPXX";"03351-GW-2""-C1-0095-N_HOJA-2";Agua de Sello;03350-02-02;;BAJO ESPESADOR;"03351-GW-2""-C1-0095-N";2;0;SPXX;2;F;SW;2;80;C1;N;CS;0,2202;Agua de Sello;;;;12/03/2026;46247;;46244;;;;0,35;0,07707;0;0,07707;;;;;;;;;;;;;;;;;;;;;;;;;;;;;;;
"03351-GW-2""-C1-0095-N_HOJA-2_SPXX_3";"03351-GW-2""-C1-0095-N_HOJA-2_SPXX";"03351-GW-2""-C1-0095-N_HOJA-2";Agua de Sello;03350-02-02;;BAJO ESPESADOR;"03351-GW-2""-C1-0095-N";2;0;SPXX;3;F;SW;2;80;C1;N;CS;0,2202;Agua de Sello;;;;12/03/2026;46247;;46244;;;;0,35;0,07707;0;0,07707;;;;;;;;;;;;;;;;;;;;;;;;;;;;;;;
"03351-GW-2""-C1-0095-N_HOJA-2_SPXX_4";"03351-GW-2""-C1-0095-N_HOJA-2_SPXX";"03351-GW-2""-C1-0095-N_HOJA-2";Agua de Sello;03350-02-02;;BAJO ESPESADOR;"03351-GW-2""-C1-0095-N";2;0;SPXX;4;F;SW;2;80;C1;N;CS;0,2202;Agua de Sello;;;;12/03/2026;46247;;46244;;;;0,35;0,07707;0;0,07707;;;;;;;;;;;;;;;;;;;;;;;;;;;;;;;
"03351-GW-2""-C1-0095-N_HOJA-2_SPXX_5";"03351-GW-2""-C1-0095-N_HOJA-2_SPXX";"03351-GW-2""-C1-0095-N_HOJA-2";Agua de Sello;03350-02-02;;BAJO ESPESADOR;"03351-GW-2""-C1-0095-N";2;0;SPXX;5;F;SW;2;80;C1;N;CS;0,2202;Agua de Sello;;;;12/03/2026;46247;;46244;;;;0,35;0,07707;0;0,07707;;;;;;;;;;;;;;;;;;;;;;;;;;;;;;;
"03351-GW-2""-C1-0095-N_HOJA-2_SPXX_6";"03351-GW-2""-C1-0095-N_HOJA-2_SPXX";"03351-GW-2""-C1-0095-N_HOJA-2";Agua de Sello;03350-02-02;;BAJO ESPESADOR;"03351-GW-2""-C1-0095-N";2;0;SPXX;6;F;SW;2;80;C1;N;CS;0,2202;Agua de Sello;;;;12/03/2026;46247;;46244;;;;0,35;0,07707;0;0,07707;;;;;;;;;;;;;;;;;;;;;;;;;;;;;;;
"03351-GW-2""-C1-0095-N_HOJA-2_SPXX_7";"03351-GW-2""-C1-0095-N_HOJA-2_SPXX";"03351-GW-2""-C1-0095-N_HOJA-2";Agua de Sello;03350-02-02;;BAJO ESPESADOR;"03351-GW-2""-C1-0095-N";2;0;SPXX;7;F;SW;2;80;C1;N;CS;0,2202;Agua de Sello;;;;12/03/2026;46247;;46244;;;;0,35;0,07707;0;0,07707;;;;;;;;;;;;;;;;;;;;;;;;;;;;;;;
"03351-GW-2""-C1-0095-N_HOJA-2_SPXX_8";"03351-GW-2""-C1-0095-N_HOJA-2_SPXX";"03351-GW-2""-C1-0095-N_HOJA-2";Agua de Sello;03350-02-02;;BAJO ESPESADOR;"03351-GW-2""-C1-0095-N";2;0;SPXX;8;F;SW;2;80;C1;N;CS;0,2202;Agua de Sello;;;;12/03/2026;46247;;46244;;;;0,35;0,07707;0;0,07707;;;;;;;;;;;;;;;;;;;;;;;;;;;;;;;
"03351-GW-2""-C1-0095-N_HOJA-2_SPXX_9";"03351-GW-2""-C1-0095-N_HOJA-2_SPXX";"03351-GW-2""-C1-0095-N_HOJA-2";Agua de Sello;03350-02-02;;BAJO ESPESADOR;"03351-GW-2""-C1-0095-N";2;0;SPXX;9;F;SW;2;80;C1;N;CS;0,2202;Agua de Sello;;;;12/03/2026;46247;;46244;;;;0,35;0,07707;0;0,07707;;;;;;;;;;;;;;;;;;;;;;;;;;;;;;;
"03351-GW-2""-C1-0095-N_HOJA-2_SPXX_10";"03351-GW-2""-C1-0095-N_HOJA-2_SPXX";"03351-GW-2""-C1-0095-N_HOJA-2";Agua de Sello;03350-02-02;;BAJO ESPESADOR;"03351-GW-2""-C1-0095-N";2;0;SPXX;10;F;SO;2;80;C1;N;CS;0,2202;Agua de Sello;;;;12/03/2026;46247;;46244;;;;0,35;0,07707;0;0,07707;;;;;;;;;;;;;;;;;;;;;;;;;;;;;;;
"03351-GW-2""-C1-0095-N_HOJA-3_SPXX_1";"03351-GW-2""-C1-0095-N_HOJA-3_SPXX";"03351-GW-2""-C1-0095-N_HOJA-3";Agua de Sello;03350-02-02;;BAJO ESPESADOR;"03351-GW-2""-C1-0095-N";3;0;SPXX;1;F;SW;1;80;C1;N;CS;0,38333;Agua de Sello;;;;12/03/2026;46247;;46244;;;;0,35;0,1341655;0;0,1341655;;;;;;;;;;;;;;;;;;;;;;;;;;;;;;;
"03351-GW-2""-C1-0095-N_HOJA-3_SPXX_2";"03351-GW-2""-C1-0095-N_HOJA-3_SPXX";"03351-GW-2""-C1-0095-N_HOJA-3";Agua de Sello;03350-02-02;;BAJO ESPESADOR;"03351-GW-2""-C1-0095-N";3;0;SPXX;2;F;SW;1;80;C1;N;CS;0,38333;Agua de Sello;;;;12/03/2026;46247;;46244;;;;0,35;0,1341655;0;0,1341655;;;;;;;;;;;;;;;;;;;;;;;;;;;;;;;
"03351-GW-2""-C1-0095-N_HOJA-3_SPXX_3";"03351-GW-2""-C1-0095-N_HOJA-3_SPXX";"03351-GW-2""-C1-0095-N_HOJA-3";Agua de Sello;03350-02-02;;BAJO ESPESADOR;"03351-GW-2""-C1-0095-N";3;0;SPXX;3;F;SW;1;80;C1;N;CS;0,38333;Agua de Sello;;;;12/03/2026;46247;;46244;;;;0,35;0,1341655;0;0,1341655;;;;;;;;;;;;;;;;;;;;;;;;;;;;;;;
"03351-GW-2""-C1-0095-N_HOJA-3_SPXX_4";"03351-GW-2""-C1-0095-N_HOJA-3_SPXX";"03351-GW-2""-C1-0095-N_HOJA-3";Agua de Sello;03350-02-02;;BAJO ESPESADOR;"03351-GW-2""-C1-0095-N";3;0;SPXX;4;F;NPT;1;80;C1;N;CS;0,38333;Agua de Sello;;;;12/03/2026;46247;;46244;;46254;;0,4;0,153332;0;0,153332;;;;;;;;;;;;;;;;;;;;;;;;;;;;;;;
"03351-GW-2""-C1-0095-N_HOJA-3_SPXX_5";"03351-GW-2""-C1-0095-N_HOJA-3_SPXX";"03351-GW-2""-C1-0095-N_HOJA-3";Agua de Sello;03350-02-02;;BAJO ESPESADOR;"03351-GW-2""-C1-0095-N";3;0;SPXX;5;F;NPT;1;80;C1;N;CS;0,38333;Agua de Sello;;;;12/03/2026;46247;;46244;;46254;;0,4;0,153332;0;0,153332;;;;;;;;;;;;;;;;;;;;;;;;;;;;;;;
"03351-GW-2""-C1-0095-N_HOJA-3_SPXX_6";"03351-GW-2""-C1-0095-N_HOJA-3_SPXX";"03351-GW-2""-C1-0095-N_HOJA-3";Agua de Sello;03350-02-02;;BAJO ESPESADOR;"03351-GW-2""-C1-0095-N";3;0;SPXX;6;F;SW;1;80;C1;N;CS;0,38333;Agua de Sello;;;;12/03/2026;46247;;46244;;;;0,35;0,1341655;0;0,1341655;;;;;;;;;;;;;;;;;;;;;;;;;;;;;;;
"03351-GW-2""-C1-0095-N_HOJA-4_SPXX_1";"03351-GW-2""-C1-0095-N_HOJA-4_SPXX";"03351-GW-2""-C1-0095-N_HOJA-4";Agua de Sello;03350-02-02;;BAJO ESPESADOR;"03351-GW-2""-C1-0095-N";4;0;SPXX;1;F;SW;1;80;C1;N;CS;0,085;Agua de Sello;;;;12/03/2026;46247;;46244;;;;0,35;0,02975;0;0,02975;;;;;;;;;;;;;;;;;;;;;;;;;;;;;;;
"03351-GW-2""-C1-0095-N_HOJA-5_SPXX_1";"03351-GW-2""-C1-0095-N_HOJA-5_SPXX";"03351-GW-2""-C1-0095-N_HOJA-5";Agua de Sello;03350-02-02;;BAJO ESPESADOR;"03351-GW-2""-C1-0095-N";5;0;SPXX;1;F;SW;1;80;C1;N;CS;0,0475;Agua de Sello;;;;12/03/2026;46247;;46244;;;;0,35;0,016625;0;0,016625;;;;;;;;;;;;;;;;;;;;;;;;;;;;;;;
"03351-GW-2""-C1-0095-N_HOJA-5_SPXX_2";"03351-GW-2""-C1-0095-N_HOJA-5_SPXX";"03351-GW-2""-C1-0095-N_HOJA-5";Agua de Sello;03350-02-02;;BAJO ESPESADOR;"03351-GW-2""-C1-0095-N";5;0;SPXX;2;F;SW;1;80;C1;N;CS;0,0475;Agua de Sello;;;;12/03/2026;46247;;46244;;;;0,35;0,016625;0;0,016625;;;;;;;;;;;;;;;;;;;;;;;;;;;;;;;
"03351-GW-2""-C1-0095-N_HOJA-5_SPXX_3";"03351-GW-2""-C1-0095-N_HOJA-5_SPXX";"03351-GW-2""-C1-0095-N_HOJA-5";Agua de Sello;03350-02-02;;BAJO ESPESADOR;"03351-GW-2""-C1-0095-N";5;0;SPXX;3;F;SW;1;80;C1;N;CS;0,0475;Agua de Sello;;;;12/03/2026;46247;;46244;;;;0,35;0,016625;0;0,016625;;;;;;;;;;;;;;;;;;;;;;;;;;;;;;;
"03351-GW-2""-C1-0095-N_HOJA-5_SPXX_4";"03351-GW-2""-C1-0095-N_HOJA-5_SPXX";"03351-GW-2""-C1-0095-N_HOJA-5";Agua de Sello;03350-02-02;;BAJO ESPESADOR;"03351-GW-2""-C1-0095-N";5;0;SPXX;4;F;SW;1;80;C1;N;CS;0,0475;Agua de Sello;;;;12/03/2026;46247;;46244;;;;0,35;0,016625;0;0,016625;;;;;;;;;;;;;;;;;;;;;;;;;;;;;;;
"03351-GW-2""-C1-0095-N_HOJA-5_SPXX_5";"03351-GW-2""-C1-0095-N_HOJA-5_SPXX";"03351-GW-2""-C1-0095-N_HOJA-5";Agua de Sello;03350-02-02;;BAJO ESPESADOR;"03351-GW-2""-C1-0095-N";5;0;SPXX;5;F;SW;2;80;C1;N;CS;0,0475;Agua de Sello;;;;12/03/2026;46247;;46244;;;;0,35;0,016625;0;0,016625;;;;;;;;;;;;;;;;;;;;;;;;;;;;;;;
"03351-GW-2""-C1-0095-N_HOJA-5_SPXX_6";"03351-GW-2""-C1-0095-N_HOJA-5_SPXX";"03351-GW-2""-C1-0095-N_HOJA-5";Agua de Sello;03350-02-02;;BAJO ESPESADOR;"03351-GW-2""-C1-0095-N";5;0;SPXX;6;F;SO;2;80;C1;N;CS;0,0475;Agua de Sello;;;;12/03/2026;46247;;46244;;;;0,35;0,016625;0;0,016625;;;;;;;;;;;;;;;;;;;;;;;;;;;;;;;
"03351-IA-1""-G1-0102-N_HOJA-1_SPXX_1";"03351-IA-1""-G1-0102-N_HOJA-1_SPXX";"03351-IA-1""-G1-0102-N_HOJA-1";Aire Instrumentación;03350-02-07;;TORRE TRASFERENCIA;"03351-IA-1""-G1-0102-N";1;0;SPXX;1;F;THD;2;80;G1;N;AG;0,781;Aire de Instrumentacion ;;;;12/03/2026;46216;;46209;;46249;;0,4;0,3124;0,27335;0,03905;;;;;;;;;;;;;;;;;;;;;;;;;;;;;;;
"03351-IA-1""-G1-0102-N_HOJA-1_SPXX_2";"03351-IA-1""-G1-0102-N_HOJA-1_SPXX";"03351-IA-1""-G1-0102-N_HOJA-1";Aire Instrumentación;03350-02-07;;TORRE TRASFERENCIA;"03351-IA-1""-G1-0102-N";1;0;SPXX;2;F;THD;1;80;G1;N;AG;0,781;Aire de Instrumentacion ;;;;12/03/2026;46216;;46209;;46249;;0,4;0,3124;0,27335;0,03905;;;;;;;;;;;;;;;;;;;;;;;;;;;;;;;
"03351-IA-1""-G1-0102-N_HOJA-1_SPXX_3";"03351-IA-1""-G1-0102-N_HOJA-1_SPXX";"03351-IA-1""-G1-0102-N_HOJA-1";Aire Instrumentación;03350-02-07;;TORRE TRASFERENCIA;"03351-IA-1""-G1-0102-N";1;0;SPXX;3;F;THD;1;80;G1;N;AG;0,781;Aire de Instrumentacion ;;;;12/03/2026;46216;;46209;;46249;;0,4;0,3124;0,27335;0,03905;;;;;;;;;;;;;;;;;;;;;;;;;;;;;;;
"03351-IA-1""-G1-0102-N_HOJA-1_SPXX_4";"03351-IA-1""-G1-0102-N_HOJA-1_SPXX";"03351-IA-1""-G1-0102-N_HOJA-1";Aire Instrumentación;03350-02-07;;TORRE TRASFERENCIA;"03351-IA-1""-G1-0102-N";1;0;SPXX;4;F;THD;1;80;G1;N;AG;0,781;Aire de Instrumentacion ;;;;12/03/2026;46216;;46209;;46249;;0,4;0,3124;0,27335;0,03905;;;;;;;;;;;;;;;;;;;;;;;;;;;;;;;
"03351-IA-1""-G1-0102-N_HOJA-1_SPXX_5";"03351-IA-1""-G1-0102-N_HOJA-1_SPXX";"03351-IA-1""-G1-0102-N_HOJA-1";Aire Instrumentación;03350-02-07;;TORRE TRASFERENCIA;"03351-IA-1""-G1-0102-N";1;0;SPXX;5;F;THD;1;80;G1;N;AG;0,781;Aire de Instrumentacion ;;;;12/03/2026;46216;;46209;;46249;;0,4;0,3124;0,27335;0,03905;;;;;;;;;;;;;;;;;;;;;;;;;;;;;;;
"03351-IA-1""-G1-0102-N_HOJA-1_SPXX_6";"03351-IA-1""-G1-0102-N_HOJA-1_SPXX";"03351-IA-1""-G1-0102-N_HOJA-1";Aire Instrumentación;03350-02-07;;TORRE TRASFERENCIA;"03351-IA-1""-G1-0102-N";1;0;SPXX;6;F;THD;1;80;G1;N;AG;0,781;Aire de Instrumentacion ;;;;12/03/2026;46216;;46209;;46249;;0,4;0,3124;0,27335;0,03905;;;;;;;;;;;;;;;;;;;;;;;;;;;;;;;
"03351-IA-1""-G1-0102-N_HOJA-1_SPXX_7";"03351-IA-1""-G1-0102-N_HOJA-1_SPXX";"03351-IA-1""-G1-0102-N_HOJA-1";Aire Instrumentación;03350-02-07;;TORRE TRASFERENCIA;"03351-IA-1""-G1-0102-N";1;0;SPXX;7;F;THD;1;80;G1;N;AG;0,781;Aire de Instrumentacion ;;;;12/03/2026;46216;;46209;;46249;;0,4;0,3124;0,27335;0,03905;;;;;;;;;;;;;;;;;;;;;;;;;;;;;;;
"03351-IA-1""-G1-0102-N_HOJA-1_SPXX_8";"03351-IA-1""-G1-0102-N_HOJA-1_SPXX";"03351-IA-1""-G1-0102-N_HOJA-1";Aire Instrumentación;03350-02-07;;TORRE TRASFERENCIA;"03351-IA-1""-G1-0102-N";1;0;SPXX;8;F;THD;1;80;G1;N;AG;0,781;Aire de Instrumentacion ;;;;12/03/2026;46216;;46209;;46249;;0,4;0,3124;0,27335;0,03905;;;;;;;;;;;;;;;;;;;;;;;;;;;;;;;
"03351-IA-1""-G1-0102-N_HOJA-1_SPXX_9";"03351-IA-1""-G1-0102-N_HOJA-1_SPXX";"03351-IA-1""-G1-0102-N_HOJA-1";Aire Instrumentación;03350-02-07;;TORRE TRASFERENCIA;"03351-IA-1""-G1-0102-N";1;0;SPXX;9;F;THD;1;80;G1;N;AG;0,781;Aire de Instrumentacion ;;;;12/03/2026;46216;;46209;;46249;;0,4;0,3124;0,27335;0,03905;;;;;;;;;;;;;;;;;;;;;;;;;;;;;;;
"03351-IA-1""-G1-0102-N_HOJA-1_SPXX_10";"03351-IA-1""-G1-0102-N_HOJA-1_SPXX";"03351-IA-1""-G1-0102-N_HOJA-1";Aire Instrumentación;03350-02-07;;TORRE TRASFERENCIA;"03351-IA-1""-G1-0102-N";1;0;SPXX;10;F;THD;1;80;G1;N;AG;0,781;Aire de Instrumentacion ;;;;12/03/2026;46216;;46209;;46249;;0,4;0,3124;0,27335;0,03905;;;;;;;;;;;;;;;;;;;;;;;;;;;;;;;
"03351-IA-1""-G1-0102-N_HOJA-1_SPXX_11";"03351-IA-1""-G1-0102-N_HOJA-1_SPXX";"03351-IA-1""-G1-0102-N_HOJA-1";Aire Instrumentación;03350-02-07;;TORRE TRASFERENCIA;"03351-IA-1""-G1-0102-N";1;0;SPXX;11;F;THD;1;80;G1;N;AG;0,781;Aire de Instrumentacion ;;;;12/03/2026;46216;;46209;;46249;;0,4;0,3124;0,27335;0,03905;;;;;;;;;;;;;;;;;;;;;;;;;;;;;;;
"03351-IA-1""-G1-0102-N_HOJA-1_SPXX_12";"03351-IA-1""-G1-0102-N_HOJA-1_SPXX";"03351-IA-1""-G1-0102-N_HOJA-1";Aire Instrumentación;03350-02-07;;TORRE TRASFERENCIA;"03351-IA-1""-G1-0102-N";1;0;SPXX;12;F;THD;1;80;G1;N;AG;0,781;Aire de Instrumentacion ;;;;12/03/2026;46216;;46209;;46249;;0,4;0,3124;0,27335;0,03905;;;;;;;;;;;;;;;;;;;;;;;;;;;;;;;
"03351-IA-1""-G1-0102-N_HOJA-1_SPXX_13";"03351-IA-1""-G1-0102-N_HOJA-1_SPXX";"03351-IA-1""-G1-0102-N_HOJA-1";Aire Instrumentación;03350-02-07;;TORRE TRASFERENCIA;"03351-IA-1""-G1-0102-N";1;0;SPXX;13;F;THD;1;80;G1;N;AG;0,781;Aire de Instrumentacion ;;;;12/03/2026;46216;;46209;;46249;;0,4;0,3124;0,27335;0,03905;;;;;;;;;;;;;;;;;;;;;;;;;;;;;;;
"03351-IA-1""-G1-0103-N_HOJA-1_SPXX_1";"03351-IA-1""-G1-0103-N_HOJA-1_SPXX";"03351-IA-1""-G1-0103-N_HOJA-1";Aire Instrumentación;03350-02-07;;TORRE TRASFERENCIA;"03351-IA-1""-G1-0103-N";1;0;SPXX;1;F;THD;2;80;G1;N;AG;0,96;Aire de Instrumentacion ;;;;12/03/2026;46216;46239;46209;46239;46247;;0,95;0,912;0;0,912;EJECUTADA;46239;0;;;;;;;;;;;;;;;;;;;;;;;;;;;;
"03351-IA-1""-G1-0103-N_HOJA-1_SPXX_2";"03351-IA-1""-G1-0103-N_HOJA-1_SPXX";"03351-IA-1""-G1-0103-N_HOJA-1";Aire Instrumentación;03350-02-07;;TORRE TRASFERENCIA;"03351-IA-1""-G1-0103-N";1;0;SPXX;2;F;THD;1;80;G1;N;AG;0,96;Aire de Instrumentacion ;;;;12/03/2026;46216;46239;46209;46239;46247;;0,95;0,912;0,336;0,576;EJECUTADA;46239;0;;;;;;;;;;;;;;;;;;;;;;;;;;;;
"03351-IA-1""-G1-0103-N_HOJA-1_SPXX_3";"03351-IA-1""-G1-0103-N_HOJA-1_SPXX";"03351-IA-1""-G1-0103-N_HOJA-1";Aire Instrumentación;03350-02-07;;TORRE TRASFERENCIA;"03351-IA-1""-G1-0103-N";1;0;SPXX;3;F;THD;1;80;G1;N;AG;0,96;Aire de Instrumentacion ;;;;12/03/2026;46216;46239;46209;46239;46247;;0,95;0,912;0,336;0,576;EJECUTADA;46239;0;;;;;;;;;;;;;;;;;;;;;;;;;;;;
"03351-IA-1""-G1-0103-N_HOJA-1_SPXX_4";"03351-IA-1""-G1-0103-N_HOJA-1_SPXX";"03351-IA-1""-G1-0103-N_HOJA-1";Aire Instrumentación;03350-02-07;;TORRE TRASFERENCIA;"03351-IA-1""-G1-0103-N";1;0;SPXX;4;F;THD;1;80;G1;N;AG;0,96;Aire de Instrumentacion ;;;;12/03/2026;46216;46241;46209;46241;46247;;0,95;0,912;0,336;0,576;EJECUTADA;46241;0;;;;;;;;;;;;;;;;;;;;;;;;;;;;
"03351-IA-1""-G1-0103-N_HOJA-1_SPXX_5";"03351-IA-1""-G1-0103-N_HOJA-1_SPXX";"03351-IA-1""-G1-0103-N_HOJA-1";Aire Instrumentación;03350-02-07;;TORRE TRASFERENCIA;"03351-IA-1""-G1-0103-N";1;0;SPXX;5;F;THD;1;80;G1;N;AG;0,96;Aire de Instrumentacion ;;;;12/03/2026;46216;46241;46209;46241;46247;;0,95;0,912;0,336;0,576;EJECUTADA;46241;0;;;;;;;;;;;;;;;;;;;;;;;;;;;;
"03351-IA-1""-G1-0103-N_HOJA-1_SPXX_6";"03351-IA-1""-G1-0103-N_HOJA-1_SPXX";"03351-IA-1""-G1-0103-N_HOJA-1";Aire Instrumentación;03350-02-07;;TORRE TRASFERENCIA;"03351-IA-1""-G1-0103-N";1;0;SPXX;6;F;THD;1;80;G1;N;AG;0,96;Aire de Instrumentacion ;;;;12/03/2026;46216;46241;46209;46241;46247;;0,95;0,912;0,336;0,576;EJECUTADA;46241;0;;;;;;;;;;;;;;;;;;;;;;;;;;;;
"03351-IA-1""-G1-0103-N_HOJA-1_SPXX_7";"03351-IA-1""-G1-0103-N_HOJA-1_SPXX";"03351-IA-1""-G1-0103-N_HOJA-1";Aire Instrumentación;03350-02-07;;TORRE TRASFERENCIA;"03351-IA-1""-G1-0103-N";1;0;SPXX;7;F;THD;1;80;G1;N;AG;0,96;Aire de Instrumentacion ;;;;12/03/2026;46216;46241;46209;46241;46247;;0,95;0,912;0,336;0,576;EJECUTADA;46241;0;;;;;;;;;;;;;;;;;;;;;;;;;;;;
"03351-IA-1""-G1-0103-N_HOJA-1_SPXX_8";"03351-IA-1""-G1-0103-N_HOJA-1_SPXX";"03351-IA-1""-G1-0103-N_HOJA-1";Aire Instrumentación;03350-02-07;;TORRE TRASFERENCIA;"03351-IA-1""-G1-0103-N";1;0;SPXX;8;F;THD;1;80;G1;N;AG;0,96;Aire de Instrumentacion ;;;;12/03/2026;46216;46241;46209;46241;46247;;0,95;0,912;0,336;0,576;EJECUTADA;46241;0;;;;;;;;;;;;;;;;;;;;;;;;;;;;
"03351-IA-1""-G1-0103-N_HOJA-1_SPXX_9";"03351-IA-1""-G1-0103-N_HOJA-1_SPXX";"03351-IA-1""-G1-0103-N_HOJA-1";Aire Instrumentación;03350-02-07;;TORRE TRASFERENCIA;"03351-IA-1""-G1-0103-N";1;0;SPXX;9;F;THD;1;80;G1;N;AG;0,96;Aire de Instrumentacion ;;;;12/03/2026;46216;46248;46209;46248;46249;;0,95;0,912;0,336;0,576;EJECUTADA;46245;0;;;;;;;;;;;;;;;;;;;;;;;;;;;;
"03351-IA-1""-G1-0103-N_HOJA-1_SPXX_10";"03351-IA-1""-G1-0103-N_HOJA-1_SPXX";"03351-IA-1""-G1-0103-N_HOJA-1";Aire Instrumentación;03350-02-07;;TORRE TRASFERENCIA;"03351-IA-1""-G1-0103-N";1;0;SPXX;10;F;THD;1;80;G1;N;AG;0,96;Aire de Instrumentacion ;;;;12/03/2026;46216;46248;46209;46248;46249;;0,95;0,912;0,336;0,576;EJECUTADA;46245;0;;;;;;;;;;;;;;;;;;;;;;;;;;;;
"03351-IA-1""-G1-0103-N_HOJA-1_SPXX_11";"03351-IA-1""-G1-0103-N_HOJA-1_SPXX";"03351-IA-1""-G1-0103-N_HOJA-1";Aire Instrumentación;03350-02-07;;TORRE TRASFERENCIA;"03351-IA-1""-G1-0103-N";1;0;SPXX;11;F;THD;1;80;G1;N;AG;0,96;Aire de Instrumentacion ;;;;12/03/2026;46216;46248;46209;46248;46249;;0,95;0,912;0,336;0,576;EJECUTADA;46245;0;;;;;;;;;;;;;;;;;;;;;;;;;;;;
"03351-IA-1""-G1-0103-N_HOJA-1_SPXX_12";"03351-IA-1""-G1-0103-N_HOJA-1_SPXX";"03351-IA-1""-G1-0103-N_HOJA-1";Aire Instrumentación;03350-02-07;;TORRE TRASFERENCIA;"03351-IA-1""-G1-0103-N";1;0;SPXX;12;F;THD;1;80;G1;N;AG;0,96;Aire de Instrumentacion ;;;;12/03/2026;46216;46248;46209;46248;46249;;0,95;0,912;0,336;0,576;EJECUTADA;46246;0;;;;;;;;;;;;;;;;;;;;;;;;;;;;
"03351-IA-1""-G1-0103-N_HOJA-1_SPXX_13";"03351-IA-1""-G1-0103-N_HOJA-1_SPXX";"03351-IA-1""-G1-0103-N_HOJA-1";Aire Instrumentación;03350-02-07;;TORRE TRASFERENCIA;"03351-IA-1""-G1-0103-N";1;0;SPXX;13;F;THD;1;80;G1;N;AG;0,96;Aire de Instrumentacion ;;;;12/03/2026;46216;46248;46209;46248;46249;;0,95;0,912;0,336;0,576;EJECUTADA;46246;0;;;;;;;;;;;;;;;;;;;;;;;;;;;;
"03351-IA-1""-G1-0104-N_HOJA-1_SPXX_1";"03351-IA-1""-G1-0104-N_HOJA-1_SPXX";"03351-IA-1""-G1-0104-N_HOJA-1";Aire Instrumentación;03350-02-07;;TORRE TRASFERENCIA;"03351-IA-1""-G1-0104-N";1;0;SPXX;1;F;THD;2;80;G1;N;AG;0,86;Aire de Instrumentacion ;03351-TCN-009;;;12/03/2026;46216;46239;46209;46239;46247;;0,95;0,817;0,301;0,516;EJECUTADA;46239;0;;;;;;;;;;;;;;;;;;;;;;;;;;;;
"03351-IA-1""-G1-0104-N_HOJA-1_SPXX_2";"03351-IA-1""-G1-0104-N_HOJA-1_SPXX";"03351-IA-1""-G1-0104-N_HOJA-1";Aire Instrumentación;03350-02-07;;TORRE TRASFERENCIA;"03351-IA-1""-G1-0104-N";1;0;SPXX;2;F;THD;1;80;G1;N;AG;0,86;Aire de Instrumentacion ;;;;12/03/2026;46216;46239;46209;46239;46247;;0,95;0,817;0,301;0,516;EJECUTADA;46239;0;;;;;;;;;;;;;;;;;;;;;;;;;;;;
"03351-IA-1""-G1-0104-N_HOJA-1_SPXX_3";"03351-IA-1""-G1-0104-N_HOJA-1_SPXX";"03351-IA-1""-G1-0104-N_HOJA-1";Aire Instrumentación;03350-02-07;;TORRE TRASFERENCIA;"03351-IA-1""-G1-0104-N";1;0;SPXX;3;F;THD;1;80;G1;N;AG;0,86;Aire de Instrumentacion ;;;;12/03/2026;46216;46239;46209;46239;46247;;0,95;0,817;0,301;0,516;EJECUTADA;46239;0;;;;;;;;;;;;;;;;;;;;;;;;;;;;
"03351-IA-1""-G1-0104-N_HOJA-1_SPXX_4";"03351-IA-1""-G1-0104-N_HOJA-1_SPXX";"03351-IA-1""-G1-0104-N_HOJA-1";Aire Instrumentación;03350-02-07;;TORRE TRASFERENCIA;"03351-IA-1""-G1-0104-N";1;0;SPXX;4;F;THD;1;80;G1;N;AG;0,86;Aire de Instrumentacion ;;;;12/03/2026;46216;46241;46209;46241;46247;;0,95;0,817;0,301;0,516;EJECUTADA;46241;0;;;;;;;;;;;;;;;;;;;;;;;;;;;;
"03351-IA-1""-G1-0104-N_HOJA-1_SPXX_5";"03351-IA-1""-G1-0104-N_HOJA-1_SPXX";"03351-IA-1""-G1-0104-N_HOJA-1";Aire Instrumentación;03350-02-07;;TORRE TRASFERENCIA;"03351-IA-1""-G1-0104-N";1;0;SPXX;5;F;THD;1;80;G1;N;AG;0,86;Aire de Instrumentacion ;;;;12/03/2026;46216;46241;46209;46241;46247;;0,95;0,817;0,301;0,516;EJECUTADA;46241;0;;;;;;;;;;;;;;;;;;;;;;;;;;;;
"03351-IA-1""-G1-0104-N_HOJA-1_SPXX_6";"03351-IA-1""-G1-0104-N_HOJA-1_SPXX";"03351-IA-1""-G1-0104-N_HOJA-1";Aire Instrumentación;03350-02-07;;TORRE TRASFERENCIA;"03351-IA-1""-G1-0104-N";1;0;SPXX;6;F;THD;1;80;G1;N;AG;0,86;Aire de Instrumentacion ;;;;12/03/2026;46216;46241;46209;46241;46247;;0,95;0,817;0,301;0,516;EJECUTADA;46241;0;;;;;;;;;;;;;;;;;;;;;;;;;;;;
"03351-IA-1""-G1-0104-N_HOJA-1_SPXX_7";"03351-IA-1""-G1-0104-N_HOJA-1_SPXX";"03351-IA-1""-G1-0104-N_HOJA-1";Aire Instrumentación;03350-02-07;;TORRE TRASFERENCIA;"03351-IA-1""-G1-0104-N";1;0;SPXX;7;F;THD;1;80;G1;N;AG;0,86;Aire de Instrumentacion ;;;;12/03/2026;46216;46241;46209;46241;46247;;0,95;0,817;0,301;0,516;EJECUTADA;46241;0;;;;;;;;;;;;;;;;;;;;;;;;;;;;
"03351-IA-1""-G1-0104-N_HOJA-1_SPXX_8";"03351-IA-1""-G1-0104-N_HOJA-1_SPXX";"03351-IA-1""-G1-0104-N_HOJA-1";Aire Instrumentación;03350-02-07;;TORRE TRASFERENCIA;"03351-IA-1""-G1-0104-N";1;0;SPXX;8;F;THD;1;80;G1;N;AG;0,86;Aire de Instrumentacion ;;;;12/03/2026;46216;46241;46209;46241;46247;;0,95;0,817;0,301;0,516;EJECUTADA;46241;0;;;;;;;;;;;;;;;;;;;;;;;;;;;;
"03351-IA-1""-G1-0104-N_HOJA-1_SPXX_9";"03351-IA-1""-G1-0104-N_HOJA-1_SPXX";"03351-IA-1""-G1-0104-N_HOJA-1";Aire Instrumentación;03350-02-07;;TORRE TRASFERENCIA;"03351-IA-1""-G1-0104-N";1;0;SPXX;9;F;THD;1;80;G1;N;AG;0,86;Aire de Instrumentacion ;;;;12/03/2026;46216;46248;46209;46248;46249;;0,95;0,817;0,301;0,516;EJECUTADA;46246;0;;;;;;;;;;;;;;;;;;;;;;;;;;;;
"03351-IA-1""-G1-0104-N_HOJA-1_SPXX_10";"03351-IA-1""-G1-0104-N_HOJA-1_SPXX";"03351-IA-1""-G1-0104-N_HOJA-1";Aire Instrumentación;03350-02-07;;TORRE TRASFERENCIA;"03351-IA-1""-G1-0104-N";1;0;SPXX;10;F;THD;1;80;G1;N;AG;0,86;Aire de Instrumentacion ;;;;12/03/2026;46216;46248;46209;46248;46249;;0,95;0,817;0,301;0,516;EJECUTADA;46246;0;;;;;;;;;;;;;;;;;;;;;;;;;;;;
"03351-IA-1""-G1-0104-N_HOJA-1_SPXX_11";"03351-IA-1""-G1-0104-N_HOJA-1_SPXX";"03351-IA-1""-G1-0104-N_HOJA-1";Aire Instrumentación;03350-02-07;;TORRE TRASFERENCIA;"03351-IA-1""-G1-0104-N";1;0;SPXX;11;F;THD;1;80;G1;N;AG;0,86;Aire de Instrumentacion ;;;;12/03/2026;46216;46248;46209;46248;46249;;0,95;0,817;0,301;0,516;EJECUTADA;46246;0;;;;;;;;;;;;;;;;;;;;;;;;;;;;
"03351-IA-1""-G1-0104-N_HOJA-1_SPXX_12";"03351-IA-1""-G1-0104-N_HOJA-1_SPXX";"03351-IA-1""-G1-0104-N_HOJA-1";Aire Instrumentación;03350-02-07;;TORRE TRASFERENCIA;"03351-IA-1""-G1-0104-N";1;0;SPXX;12;F;THD;1;80;G1;N;AG;0,86;Aire de Instrumentacion ;;;;12/03/2026;46216;46248;46209;46248;46249;;0,95;0,817;0,301;0,516;EJECUTADA;46246;0;;;;;;;;;;;;;;;;;;;;;;;;;;;;
"03351-IA-1""-G1-0104-N_HOJA-1_SPXX_13";"03351-IA-1""-G1-0104-N_HOJA-1_SPXX";"03351-IA-1""-G1-0104-N_HOJA-1";Aire Instrumentación;03350-02-07;;TORRE TRASFERENCIA;"03351-IA-1""-G1-0104-N";1;0;SPXX;13;F;THD;1;80;G1;N;AG;4,3;Aire de Instrumentacion ;;;;12/03/2026;46216;46248;46209;46248;46249;;0,95;4,085;0,301;3,784;EJECUTADA;46246;0;;;;;;;;;;;;;;;;;;;;;;;;;;;;
"03351-IA-1""-G1-0104-N_HOJA-1_SPXX_14";"03351-IA-1""-G1-0104-N_HOJA-1_SPXX";"03351-IA-1""-G1-0104-N_HOJA-1";Aire Instrumentación;03350-02-07;;TORRE TRASFERENCIA;"03351-IA-1""-G1-0104-N";1;0;SPXX;14;F;THD;;80;G1;N;AG;;Aire de Instrumentacion ;;;Eliminada;12/03/2026;46216;;46209;;;;0,35;0;0;0;;;;;;;;;;;;;;;;;;;;;;;;;;;;;;;
"03351-IA-1""-G1-0104-N_HOJA-1_SPXX_15";"03351-IA-1""-G1-0104-N_HOJA-1_SPXX";"03351-IA-1""-G1-0104-N_HOJA-1";Aire Instrumentación;03350-02-07;;TORRE TRASFERENCIA;"03351-IA-1""-G1-0104-N";1;0;SPXX;15;F;THD;;80;G1;N;AG;;Aire de Instrumentacion ;;;Eliminada;12/03/2026;46216;;46209;;;;0,35;0;0;0;;;;;;;;;;;;;;;;;;;;;;;;;;;;;;;
"03351-IA-1""-G1-0104-N_HOJA-1_SPXX_16";"03351-IA-1""-G1-0104-N_HOJA-1_SPXX";"03351-IA-1""-G1-0104-N_HOJA-1";Aire Instrumentación;03350-02-07;;TORRE TRASFERENCIA;"03351-IA-1""-G1-0104-N";1;0;SPXX;16;F;THD;;80;G1;N;AG;;Aire de Instrumentacion ;;;Eliminada;12/03/2026;46216;;46209;;;;0,35;0;0;0;;;;;;;;;;;;;;;;;;;;;;;;;;;;;;;
"03351-IA-1""-G1-0104-N_HOJA-1_SPXX_17";"03351-IA-1""-G1-0104-N_HOJA-1_SPXX";"03351-IA-1""-G1-0104-N_HOJA-1";Aire Instrumentación;03350-02-07;;TORRE TRASFERENCIA;"03351-IA-1""-G1-0104-N";1;0;SPXX;17;F;THD;;80;G1;N;AG;;Aire de Instrumentacion ;;;Eliminada;12/03/2026;46216;;46209;;;;0,35;0;0;0;;;;;;;;;;;;;;;;;;;;;;;;;;;;;;;
"03351-IA-1""-G1-0105-N_HOJA-1_SPXX_1";"03351-IA-1""-G1-0105-N_HOJA-1_SPXX";"03351-IA-1""-G1-0105-N_HOJA-1";Aire Instrumentación;03350-02-07;;BAJO ESPESADOR;"03351-IA-1""-G1-0105-N";1;0;SPXX;1;F;THD;2;80;G1;N;AG;0,3;Aire de Instrumentacion ;03351-TCN-007;;;12/03/2026;46216;46248;46209;46248;46249;;0,95;0,285;0,1645;0,1205;EJECUTADA;46245;0;;;;;;;;;;;;;;;;;;;;;;;;;;;;
"03351-IA-1""-G1-0105-N_HOJA-1_SPXX_2";"03351-IA-1""-G1-0105-N_HOJA-1_SPXX";"03351-IA-1""-G1-0105-N_HOJA-1";Aire Instrumentación;03350-02-07;;BAJO ESPESADOR;"03351-IA-1""-G1-0105-N";1;0;SPXX;2;F;THD;1;80;G1;N;AG;0,3;Aire de Instrumentacion ;;;;12/03/2026;46216;46248;46209;46248;46249;;0,95;0,285;0,1645;0,1205;EJECUTADA;46245;0;;;;;;;;;;;;;;;;;;;;;;;;;;;;
"03351-IA-1""-G1-0105-N_HOJA-1_SPXX_3";"03351-IA-1""-G1-0105-N_HOJA-1_SPXX";"03351-IA-1""-G1-0105-N_HOJA-1";Aire Instrumentación;03350-02-07;;BAJO ESPESADOR;"03351-IA-1""-G1-0105-N";1;0;SPXX;3;F;THD;1;80;G1;N;AG;0,3;Aire de Instrumentacion ;;;;12/03/2026;46216;46248;46209;46248;46249;;0,95;0,285;0,1645;0,1205;EJECUTADA;46245;0;;;;;;;;;;;;;;;;;;;;;;;;;;;;
"03351-IA-1""-G1-0105-N_HOJA-1_SPXX_4";"03351-IA-1""-G1-0105-N_HOJA-1_SPXX";"03351-IA-1""-G1-0105-N_HOJA-1";Aire Instrumentación;03350-02-07;;BAJO ESPESADOR;"03351-IA-1""-G1-0105-N";1;0;SPXX;4;F;THD;1;80;G1;N;AG;0,3;Aire de Instrumentacion ;;;;12/03/2026;46216;46248;46209;46248;46249;;0,95;0,285;0,1645;0,1205;EJECUTADA;46245;0;;;;;;;;;;;;;;;;;;;;;;;;;;;;
"03351-IA-1""-G1-0105-N_HOJA-1_SPXX_5";"03351-IA-1""-G1-0105-N_HOJA-1_SPXX";"03351-IA-1""-G1-0105-N_HOJA-1";Aire Instrumentación;03350-02-07;;BAJO ESPESADOR;"03351-IA-1""-G1-0105-N";1;0;SPXX;5;F;THD;1;80;G1;N;AG;0,3;Aire de Instrumentacion ;;;;12/03/2026;46216;46248;46209;46248;46249;;0,95;0,285;0,1645;0,1205;EJECUTADA;46245;0;;;;;;;;;;;;;;;;;;;;;;;;;;;;
"03351-IA-1""-G1-0105-N_HOJA-1_SPXX_6";"03351-IA-1""-G1-0105-N_HOJA-1_SPXX";"03351-IA-1""-G1-0105-N_HOJA-1";Aire Instrumentación;03350-02-07;;BAJO ESPESADOR;"03351-IA-1""-G1-0105-N";1;0;SPXX;6;F;THD;1;80;G1;N;AG;0,3;Aire de Instrumentacion ;;;;12/03/2026;46216;46248;46209;46248;46249;;0,95;0,285;0,1645;0,1205;EJECUTADA;46245;0;;;;;;;;;;;;;;;;;;;;;;;;;;;;
"03351-IA-1""-G1-0105-N_HOJA-1_SPXX_7";"03351-IA-1""-G1-0105-N_HOJA-1_SPXX";"03351-IA-1""-G1-0105-N_HOJA-1";Aire Instrumentación;03350-02-07;;BAJO ESPESADOR;"03351-IA-1""-G1-0105-N";1;0;SPXX;7;F;THD;1;80;G1;N;AG;0,3;Aire de Instrumentacion ;;;;12/03/2026;46216;46248;46209;46248;46249;;0,95;0,285;0,1645;0,1205;EJECUTADA;46245;0;;;;;;;;;;;;;;;;;;;;;;;;;;;;
"03351-IA-1""-G1-0105-N_HOJA-1_SPXX_8";"03351-IA-1""-G1-0105-N_HOJA-1_SPXX";"03351-IA-1""-G1-0105-N_HOJA-1";Aire Instrumentación;03350-02-07;;BAJO ESPESADOR;"03351-IA-1""-G1-0105-N";1;0;SPXX;8;F;THD;1;80;G1;N;AG;0,3;Aire de Instrumentacion ;;;;12/03/2026;46216;46248;46209;46248;46251;;0,95;0,285;0;0,285;EJECUTADA;46251;0;;;;;;;;;;;;;;;;;;;;;;;;;;;;
"03351-IA-1""-G1-0105-N_HOJA-1_SPXX_9";"03351-IA-1""-G1-0105-N_HOJA-1_SPXX";"03351-IA-1""-G1-0105-N_HOJA-1";Aire Instrumentación;03350-02-07;;BAJO ESPESADOR;"03351-IA-1""-G1-0105-N";1;0;SPXX;9;F;THD;1;80;G1;N;AG;0,3;Aire de Instrumentacion ;;;;12/03/2026;46216;46248;46209;46248;46251;;0,95;0,285;0;0,285;EJECUTADA;46251;0;;;;;;;;;;;;;;;;;;;;;;;;;;;;
"03351-IA-1""-G1-0105-N_HOJA-1_SPXX_10";"03351-IA-1""-G1-0105-N_HOJA-1_SPXX";"03351-IA-1""-G1-0105-N_HOJA-1";Aire Instrumentación;03350-02-07;;BAJO ESPESADOR;"03351-IA-1""-G1-0105-N";1;0;SPXX;10;F;THD;1;80;G1;N;AG;0,3;Aire de Instrumentacion ;;;;12/03/2026;46216;46248;46209;46248;46251;;0,95;0,285;0;0,285;EJECUTADA;46251;0;;;;;;;;;;;;;;;;;;;;;;;;;;;;
"03351-IA-1""-G1-0105-N_HOJA-1_SPXX_11";"03351-IA-1""-G1-0105-N_HOJA-1_SPXX";"03351-IA-1""-G1-0105-N_HOJA-1";Aire Instrumentación;03350-02-07;;BAJO ESPESADOR;"03351-IA-1""-G1-0105-N";1;0;SPXX;11;F;THD;1;80;G1;N;AG;0,3;Aire de Instrumentacion ;;;;12/03/2026;46216;46248;46209;46248;46251;;0,95;0,285;0;0,285;EJECUTADA;46251;0;;;;;;;;;;;;;;;;;;;;;;;;;;;;
"03351-IA-1""-G1-0106-N_HOJA-1_SPXX_1";"03351-IA-1""-G1-0106-N_HOJA-1_SPXX";"03351-IA-1""-G1-0106-N_HOJA-1";Aire Instrumentación;03350-02-07;;TORRE TRASFERENCIA;"03351-IA-1""-G1-0106-N";1;0;SPXX;1;F;THD;1;80;G1;N;AG;0,12;Aire de Instrumentacion ;03351-TCN-013;;;12/03/2026;46216;;46209;;;;0,35;0,042;0,042;0;;;;;;;;;;;;;;;;;;;;;;;;;;;;;;;
"03351-IA-1""-G1-0106-N_HOJA-1_SPXX_2";"03351-IA-1""-G1-0106-N_HOJA-1_SPXX";"03351-IA-1""-G1-0106-N_HOJA-1";Aire Instrumentación;03350-02-07;;TORRE TRASFERENCIA;"03351-IA-1""-G1-0106-N";1;0;SPXX;2;F;THD;1;80;G1;N;AG;0,12;Aire de Instrumentacion ;;;;12/03/2026;46216;;46209;;;;0,35;0,042;0,042;0;;;;;;;;;;;;;;;;;;;;;;;;;;;;;;;
"03351-IA-1""-G1-0106-N_HOJA-1_SPXX_3";"03351-IA-1""-G1-0106-N_HOJA-1_SPXX";"03351-IA-1""-G1-0106-N_HOJA-1";Aire Instrumentación;03350-02-07;;TORRE TRASFERENCIA;"03351-IA-1""-G1-0106-N";1;0;SPXX;3;F;THD;1;80;G1;N;AG;0,12;Aire de Instrumentacion ;;;;12/03/2026;46216;;46209;;;;0,35;0,042;0,042;0;;;;;;;;;;;;;;;;;;;;;;;;;;;;;;;
"03351-IA-1""-G1-0106-N_HOJA-1_SPXX_4";"03351-IA-1""-G1-0106-N_HOJA-1_SPXX";"03351-IA-1""-G1-0106-N_HOJA-1";Aire Instrumentación;03350-02-07;;TORRE TRASFERENCIA;"03351-IA-1""-G1-0106-N";1;0;SPXX;4;F;THD;1;80;G1;N;AG;0,12;Aire de Instrumentacion ;;;;12/03/2026;46216;;46209;;;;0,35;0,042;0,042;0;;;;;;;;;;;;;;;;;;;;;;;;;;;;;;;
"03351-IA-1""-G1-0106-N_HOJA-1_SPXX_5";"03351-IA-1""-G1-0106-N_HOJA-1_SPXX";"03351-IA-1""-G1-0106-N_HOJA-1";Aire Instrumentación;03350-02-07;;TORRE TRASFERENCIA;"03351-IA-1""-G1-0106-N";1;0;SPXX;5;F;THD;1;80;G1;N;AG;0,12;Aire de Instrumentacion ;;;;12/03/2026;46216;;46209;;;;0,35;0,042;0,042;0;;;;;;;;;;;;;;;;;;;;;;;;;;;;;;;
"03351-IA-1""-G1-0106-N_HOJA-1_SPXX_6";"03351-IA-1""-G1-0106-N_HOJA-1_SPXX";"03351-IA-1""-G1-0106-N_HOJA-1";Aire Instrumentación;03350-02-07;;TORRE TRASFERENCIA;"03351-IA-1""-G1-0106-N";1;0;SPXX;6;F;THD;1;80;G1;N;AG;0,12;Aire de Instrumentacion ;;;;12/03/2026;46216;;46209;;;;0,35;0,042;0,042;0;;;;;;;;;;;;;;;;;;;;;;;;;;;;;;;
"03351-IA-1""-G1-0106-N_HOJA-1_SPXX_7";"03351-IA-1""-G1-0106-N_HOJA-1_SPXX";"03351-IA-1""-G1-0106-N_HOJA-1";Aire Instrumentación;03350-02-07;;TORRE TRASFERENCIA;"03351-IA-1""-G1-0106-N";1;0;SPXX;7;F;THD;1;80;G1;N;AG;0,12;Aire de Instrumentacion ;;;;12/03/2026;46216;;46209;;;;0,35;0,042;0,042;0;;;;;;;;;;;;;;;;;;;;;;;;;;;;;;;
"03351-IA-1""-G1-0107-N_HOJA-1_SPXX_1";"03351-IA-1""-G1-0107-N_HOJA-1_SPXX";"03351-IA-1""-G1-0107-N_HOJA-1";Aire Instrumentación;03350-02-07;;BAJO ESPESADOR;"03351-IA-1""-G1-0107-N";1;0;SPXX;1;F;THD;;80;G1;N;AG;11,1;Aire de Instrumentacion ;03351-TCN-002;;Eliminada;12/03/2026;46216;46248;46209;46248;46248;46248;1;11,1;0,259;10,841;;;;;;;;;;;;;;;;;;;;;;;;;;;;;;;
"03351-IA-1""-G1-0107-N_HOJA-1_SPXX_2";"03351-IA-1""-G1-0107-N_HOJA-1_SPXX";"03351-IA-1""-G1-0107-N_HOJA-1";Aire Instrumentación;03350-02-07;;BAJO ESPESADOR;"03351-IA-1""-G1-0107-N";1;0;SPXX;2;F;THD;;80;G1;N;AG;;Aire de Instrumentacion ;;;Eliminada;12/03/2026;46216;;46209;;;;0,35;0;0;0;;;;;;;;;;;;;;;;;;;;;;;;;;;;;;;
"03351-IA-1""-G1-0107-N_HOJA-1_SPXX_3";"03351-IA-1""-G1-0107-N_HOJA-1_SPXX";"03351-IA-1""-G1-0107-N_HOJA-1";Aire Instrumentación;03350-02-07;;BAJO ESPESADOR;"03351-IA-1""-G1-0107-N";1;0;SPXX;3;F;THD;;80;G1;N;AG;;Aire de Instrumentacion ;;;Eliminada;12/03/2026;46216;;46209;;;;0,35;0;0;0;;;;;;;;;;;;;;;;;;;;;;;;;;;;;;;
"03351-IA-1""-G1-0107-N_HOJA-1_SPXX_4";"03351-IA-1""-G1-0107-N_HOJA-1_SPXX";"03351-IA-1""-G1-0107-N_HOJA-1";Aire Instrumentación;03350-02-07;;BAJO ESPESADOR;"03351-IA-1""-G1-0107-N";1;0;SPXX;4;F;THD;;80;G1;N;AG;;Aire de Instrumentacion ;;;Eliminada;12/03/2026;46216;;46209;;;;0,35;0;0;0;;;;;;;;;;;;;;;;;;;;;;;;;;;;;;;
"03351-IA-1""-G1-0107-N_HOJA-1_SPXX_5";"03351-IA-1""-G1-0107-N_HOJA-1_SPXX";"03351-IA-1""-G1-0107-N_HOJA-1";Aire Instrumentación;03350-02-07;;BAJO ESPESADOR;"03351-IA-1""-G1-0107-N";1;0;SPXX;5;F;THD;;80;G1;N;AG;;Aire de Instrumentacion ;;;Eliminada;12/03/2026;46216;;46209;;46249;;0,4;0;0;0;;;;;;;;;;;;;;;;;;;;;;;;;;;;;;;
"03351-IA-1""-G1-0107-N_HOJA-1_SPXX_6";"03351-IA-1""-G1-0107-N_HOJA-1_SPXX";"03351-IA-1""-G1-0107-N_HOJA-1";Aire Instrumentación;03350-02-07;;BAJO ESPESADOR;"03351-IA-1""-G1-0107-N";1;0;SPXX;6;F;THD;;80;G1;N;AG;;Aire de Instrumentacion ;;;Eliminada;12/03/2026;46216;;46209;;46249;;0,4;0;0;0;;;;;;;;;;;;;;;;;;;;;;;;;;;;;;;
"03351-IA-1""-G1-0107-N_HOJA-1_SPXX_7";"03351-IA-1""-G1-0107-N_HOJA-1_SPXX";"03351-IA-1""-G1-0107-N_HOJA-1";Aire Instrumentación;03350-02-07;;BAJO ESPESADOR;"03351-IA-1""-G1-0107-N";1;0;SPXX;7;F;THD;;80;G1;N;AG;;Aire de Instrumentacion ;;;Eliminada;12/03/2026;46216;;46209;;46249;;0,4;0;0;0;;;;;;;;;;;;;;;;;;;;;;;;;;;;;;;
"03351-IA-1""-G1-0107-N_HOJA-1_SPXX_8";"03351-IA-1""-G1-0107-N_HOJA-1_SPXX";"03351-IA-1""-G1-0107-N_HOJA-1";Aire Instrumentación;03350-02-07;;BAJO ESPESADOR;"03351-IA-1""-G1-0107-N";1;0;SPXX;8;F;THD;;80;G1;N;AG;;Aire de Instrumentacion ;;;Eliminada;12/03/2026;46216;;46209;;46249;;0,4;0;0;0;;;;;;;;;;;;;;;;;;;;;;;;;;;;;;;
"03351-IA-1""-G1-0107-N_HOJA-1_SPXX_9";"03351-IA-1""-G1-0107-N_HOJA-1_SPXX";"03351-IA-1""-G1-0107-N_HOJA-1";Aire Instrumentación;03350-02-07;;BAJO ESPESADOR;"03351-IA-1""-G1-0107-N";1;0;SPXX;9;F;THD;;80;G1;N;AG;;Aire de Instrumentacion ;;;Eliminada;12/03/2026;46216;;46209;;46249;;0,4;0;0;0;;;;;;;;;;;;;;;;;;;;;;;;;;;;;;;
"03351-IA-1""-G1-0107-N_HOJA-1_SPXX_10";"03351-IA-1""-G1-0107-N_HOJA-1_SPXX";"03351-IA-1""-G1-0107-N_HOJA-1";Aire Instrumentación;03350-02-07;;BAJO ESPESADOR;"03351-IA-1""-G1-0107-N";1;0;SPXX;10;F;THD;;80;G1;N;AG;;Aire de Instrumentacion ;;;Eliminada;12/03/2026;46216;;46209;;46249;;0,4;0;0;0;;;;;;;;;;;;;;;;;;;;;;;;;;;;;;;
"03351-IA-1""-G1-0107-N_HOJA-1_SPXX_11";"03351-IA-1""-G1-0107-N_HOJA-1_SPXX";"03351-IA-1""-G1-0107-N_HOJA-1";Aire Instrumentación;03350-02-07;;BAJO ESPESADOR;"03351-IA-1""-G1-0107-N";1;0;SPXX;11;F;THD;;80;G1;N;AG;;Aire de Instrumentacion ;;;Eliminada;12/03/2026;46216;;46209;;46249;;0,4;0;0;0;;;;;;;;;;;;;;;;;;;;;;;;;;;;;;;
"03351-IA-1""-G1-0107-N_HOJA-1_SPXX_12";"03351-IA-1""-G1-0107-N_HOJA-1_SPXX";"03351-IA-1""-G1-0107-N_HOJA-1";Aire Instrumentación;03350-02-07;;BAJO ESPESADOR;"03351-IA-1""-G1-0107-N";1;0;SPXX;12;F;THD;;80;G1;N;AG;;Aire de Instrumentacion ;;;Eliminada;12/03/2026;46216;;46209;;46249;;0,4;0;0;0;;;;;;;;;;;;;;;;;;;;;;;;;;;;;;;
"03351-IA-1""-G1-0107-N_HOJA-1_SPXX_13";"03351-IA-1""-G1-0107-N_HOJA-1_SPXX";"03351-IA-1""-G1-0107-N_HOJA-1";Aire Instrumentación;03350-02-07;;BAJO ESPESADOR;"03351-IA-1""-G1-0107-N";1;0;SPXX;13;F;THD;;80;G1;N;AG;;Aire de Instrumentacion ;;;Eliminada;12/03/2026;46216;;46209;;46249;;0,4;0;0;0;;;;;;;;;;;;;;;;;;;;;;;;;;;;;;;
"03351-IA-1""-G1-0107-N_HOJA-1_SPXX_14";"03351-IA-1""-G1-0107-N_HOJA-1_SPXX";"03351-IA-1""-G1-0107-N_HOJA-1";Aire Instrumentación;03350-02-07;;BAJO ESPESADOR;"03351-IA-1""-G1-0107-N";1;0;SPXX;14;F;THD;;80;G1;N;AG;;Aire de Instrumentacion ;;;Eliminada;12/03/2026;46216;;46209;;;;0,35;0;0;0;;;;;;;;;;;;;;;;;;;;;;;;;;;;;;;
"03351-IA-1""-G1-0107-N_HOJA-1_SPXX_15";"03351-IA-1""-G1-0107-N_HOJA-1_SPXX";"03351-IA-1""-G1-0107-N_HOJA-1";Aire Instrumentación;03350-02-07;;BAJO ESPESADOR;"03351-IA-1""-G1-0107-N";1;0;SPXX;15;F;THD;;80;G1;N;AG;;Aire de Instrumentacion ;;;Eliminada;12/03/2026;46216;;46209;;;;0,35;0;0;0;;;;;;;;;;;;;;;;;;;;;;;;;;;;;;;
"03351-IA-1""-G1-0108-N_HOJA-1_SPXX_1";"03351-IA-1""-G1-0108-N_HOJA-1_SPXX";"03351-IA-1""-G1-0108-N_HOJA-1";Aire Instrumentación;03350-02-07;;BAJO ESPESADOR;"03351-IA-1""-G1-0108-N";1;0;SPXX;1;F;THD;2;80;G1;N;AG;0,744;Aire de Instrumentacion ;03351-TCN-003;;;12/03/2026;46216;46247;46209;46247;46247;;0,95;0,7068;0,2821;0,4247;EJECUTADA;46247;0;;;;;;;;;;;;;;;;;;;;;;;;;;;;
"03351-IA-1""-G1-0108-N_HOJA-1_SPXX_2";"03351-IA-1""-G1-0108-N_HOJA-1_SPXX";"03351-IA-1""-G1-0108-N_HOJA-1";Aire Instrumentación;03350-02-07;;BAJO ESPESADOR;"03351-IA-1""-G1-0108-N";1;0;SPXX;2;F;THD;1;80;G1;N;AG;0,744;Aire de Instrumentacion ;;;;12/03/2026;46216;46247;46209;46247;46247;;0,95;0,7068;0,2821;0,4247;EJECUTADA;46247;0;;;;;;;;;;;;;;;;;;;;;;;;;;;;
"03351-IA-1""-G1-0108-N_HOJA-1_SPXX_3";"03351-IA-1""-G1-0108-N_HOJA-1_SPXX";"03351-IA-1""-G1-0108-N_HOJA-1";Aire Instrumentación;03350-02-07;;BAJO ESPESADOR;"03351-IA-1""-G1-0108-N";1;0;SPXX;3;F;THD;1;80;G1;N;AG;0,744;Aire de Instrumentacion ;;;;12/03/2026;46216;46247;46209;46247;46247;;0,95;0,7068;0,2821;0,4247;EJECUTADA;46247;0;;;;;;;;;;;;;;;;;;;;;;;;;;;;
"03351-IA-1""-G1-0108-N_HOJA-1_SPXX_4";"03351-IA-1""-G1-0108-N_HOJA-1_SPXX";"03351-IA-1""-G1-0108-N_HOJA-1";Aire Instrumentación;03350-02-07;;BAJO ESPESADOR;"03351-IA-1""-G1-0108-N";1;0;SPXX;4;F;THD;1;80;G1;N;AG;0,744;Aire de Instrumentacion ;;;;12/03/2026;46216;46247;46209;46247;46247;;0,95;0,7068;0,2821;0,4247;EJECUTADA;46247;0;;;;;;;;;;;;;;;;;;;;;;;;;;;;
"03351-IA-1""-G1-0108-N_HOJA-1_SPXX_5";"03351-IA-1""-G1-0108-N_HOJA-1_SPXX";"03351-IA-1""-G1-0108-N_HOJA-1";Aire Instrumentación;03350-02-07;;BAJO ESPESADOR;"03351-IA-1""-G1-0108-N";1;0;SPXX;5;F;THD;1;80;G1;N;AG;0,744;Aire de Instrumentacion ;;;;12/03/2026;46216;46247;46209;46247;46247;;0,95;0,7068;0,2821;0,4247;EJECUTADA;46247;0;;;;;;;;;;;;;;;;;;;;;;;;;;;;
"03351-IA-1""-G1-0108-N_HOJA-1_SPXX_6";"03351-IA-1""-G1-0108-N_HOJA-1_SPXX";"03351-IA-1""-G1-0108-N_HOJA-1";Aire Instrumentación;03350-02-07;;BAJO ESPESADOR;"03351-IA-1""-G1-0108-N";1;0;SPXX;6;F;THD;1;80;G1;N;AG;0,744;Aire de Instrumentacion ;;;;12/03/2026;46216;46247;46209;46247;46247;;0,95;0,7068;0,2821;0,4247;EJECUTADA;46247;0;;;;;;;;;;;;;;;;;;;;;;;;;;;;
"03351-IA-1""-G1-0108-N_HOJA-1_SPXX_7";"03351-IA-1""-G1-0108-N_HOJA-1_SPXX";"03351-IA-1""-G1-0108-N_HOJA-1";Aire Instrumentación;03350-02-07;;BAJO ESPESADOR;"03351-IA-1""-G1-0108-N";1;0;SPXX;7;F;THD;1;80;G1;N;AG;0,744;Aire de Instrumentacion ;;;;12/03/2026;46216;46247;46209;46247;46247;;0,95;0,7068;0,2821;0,4247;EJECUTADA;46247;0;;;;;;;;;;;;;;;;;;;;;;;;;;;;
"03351-IA-1""-G1-0108-N_HOJA-1_SPXX_8";"03351-IA-1""-G1-0108-N_HOJA-1_SPXX";"03351-IA-1""-G1-0108-N_HOJA-1";Aire Instrumentación;03350-02-07;;BAJO ESPESADOR;"03351-IA-1""-G1-0108-N";1;0;SPXX;8;F;THD;1;80;G1;N;AG;0,744;Aire de Instrumentacion ;;;;12/03/2026;46216;46247;46209;46247;46247;;0,95;0,7068;0,2821;0,4247;EJECUTADA;46247;0;;;;;;;;;;;;;;;;;;;;;;;;;;;;
"03351-IA-1""-G1-0108-N_HOJA-1_SPXX_9";"03351-IA-1""-G1-0108-N_HOJA-1_SPXX";"03351-IA-1""-G1-0108-N_HOJA-1";Aire Instrumentación;03350-02-07;;BAJO ESPESADOR;"03351-IA-1""-G1-0108-N";1;0;SPXX;9;F;THD;1;80;G1;N;AG;0,744;Aire de Instrumentacion ;;;;12/03/2026;46216;46248;46209;46248;46249;;0,95;0,7068;0,2821;0,4247;EJECUTADA;46245;0;;;;;;;;;;;;;;;;;;;;;;;;;;;;
"03351-IA-1""-G1-0108-N_HOJA-1_SPXX_10";"03351-IA-1""-G1-0108-N_HOJA-1_SPXX";"03351-IA-1""-G1-0108-N_HOJA-1";Aire Instrumentación;03350-02-07;;BAJO ESPESADOR;"03351-IA-1""-G1-0108-N";1;0;SPXX;10;F;THD;1;80;G1;N;AG;0,744;Aire de Instrumentacion ;;;;12/03/2026;46216;46248;46209;46248;46249;;0,95;0,7068;0,2821;0,4247;EJECUTADA;46245;0;;;;;;;;;;;;;;;;;;;;;;;;;;;;
"03351-IA-1""-G1-0108-N_HOJA-1_SPXX_11";"03351-IA-1""-G1-0108-N_HOJA-1_SPXX";"03351-IA-1""-G1-0108-N_HOJA-1";Aire Instrumentación;03350-02-07;;BAJO ESPESADOR;"03351-IA-1""-G1-0108-N";1;0;SPXX;11;F;THD;1;80;G1;N;AG;0,744;Aire de Instrumentacion ;;;;12/03/2026;46216;46248;46209;46248;46249;;0,95;0,7068;0,2821;0,4247;EJECUTADA;46245;0;;;;;;;;;;;;;;;;;;;;;;;;;;;;
"03351-IA-1""-G1-0108-N_HOJA-1_SPXX_12";"03351-IA-1""-G1-0108-N_HOJA-1_SPXX";"03351-IA-1""-G1-0108-N_HOJA-1";Aire Instrumentación;03350-02-07;;BAJO ESPESADOR;"03351-IA-1""-G1-0108-N";1;0;SPXX;12;F;THD;1;80;G1;N;AG;0,744;Aire de Instrumentacion ;;;;12/03/2026;46216;46253;46209;46253;46253;;0,95;0,7068;0;0,7068;EJECUTADA;46251;0;;;;;;;;;;;;;;;;;;;;;;;;;;;;
"03351-IA-1""-G1-0108-N_HOJA-1_SPXX_13";"03351-IA-1""-G1-0108-N_HOJA-1_SPXX";"03351-IA-1""-G1-0108-N_HOJA-1";Aire Instrumentación;03350-02-07;;BAJO ESPESADOR;"03351-IA-1""-G1-0108-N";1;0;SPXX;13;F;THD;1;80;G1;N;AG;0,744;Aire de Instrumentacion ;;;;12/03/2026;46216;46251;46209;46251;46251;;0,95;0,7068;0,2821;0,4247;EJECUTADA;46251;0;;;;;;;;;;;;;;;;;;;;;;;;;;;;
"03351-IA-1""-G1-0109-N_HOJA-1_SPXX_1";"03351-IA-1""-G1-0109-N_HOJA-1_SPXX";"03351-IA-1""-G1-0109-N_HOJA-1";Aire Instrumentación;03350-02-07;;BAJO ESPESADOR;"03351-IA-1""-G1-0109-N";1;0;SPXX;1;F;THD;2;80;G1;N;AG;0,89;Aire de Instrumentacion ;03351-TCN-004;;;12/03/2026;46216;46247;46209;46247;46247;;0,95;0,8455;0,3115;0,534;EJECUTADA;46247;0;;;;;;;;;;;;;;;;;;;;;;;;;;;;
"03351-IA-1""-G1-0109-N_HOJA-1_SPXX_2";"03351-IA-1""-G1-0109-N_HOJA-1_SPXX";"03351-IA-1""-G1-0109-N_HOJA-1";Aire Instrumentación;03350-02-07;;BAJO ESPESADOR;"03351-IA-1""-G1-0109-N";1;0;SPXX;2;F;THD;1;80;G1;N;AG;0,89;Aire de Instrumentacion ;;;;12/03/2026;46216;46247;46209;46247;46247;;0,95;0,8455;0,3115;0,534;EJECUTADA;46247;0;;;;;;;;;;;;;;;;;;;;;;;;;;;;
"03351-IA-1""-G1-0109-N_HOJA-1_SPXX_3";"03351-IA-1""-G1-0109-N_HOJA-1_SPXX";"03351-IA-1""-G1-0109-N_HOJA-1";Aire Instrumentación;03350-02-07;;BAJO ESPESADOR;"03351-IA-1""-G1-0109-N";1;0;SPXX;3;F;THD;1;80;G1;N;AG;0,89;Aire de Instrumentacion ;;;;12/03/2026;46216;46247;46209;46247;46247;;0,95;0,8455;0,3115;0,534;EJECUTADA;46247;0;;;;;;;;;;;;;;;;;;;;;;;;;;;;
"03351-IA-1""-G1-0109-N_HOJA-1_SPXX_4";"03351-IA-1""-G1-0109-N_HOJA-1_SPXX";"03351-IA-1""-G1-0109-N_HOJA-1";Aire Instrumentación;03350-02-07;;BAJO ESPESADOR;"03351-IA-1""-G1-0109-N";1;0;SPXX;4;F;THD;1;80;G1;N;AG;0,89;Aire de Instrumentacion ;;;;12/03/2026;46216;46247;46209;46247;46247;;0,95;0,8455;0,3115;0,534;EJECUTADA;46247;0;;;;;;;;;;;;;;;;;;;;;;;;;;;;
"03351-IA-1""-G1-0109-N_HOJA-1_SPXX_5";"03351-IA-1""-G1-0109-N_HOJA-1_SPXX";"03351-IA-1""-G1-0109-N_HOJA-1";Aire Instrumentación;03350-02-07;;BAJO ESPESADOR;"03351-IA-1""-G1-0109-N";1;0;SPXX;5;F;THD;1;80;G1;N;AG;0,89;Aire de Instrumentacion ;;;;12/03/2026;46216;46247;46209;46247;46247;;0,95;0,8455;0,3115;0,534;EJECUTADA;46247;0;;;;;;;;;;;;;;;;;;;;;;;;;;;;
"03351-IA-1""-G1-0109-N_HOJA-1_SPXX_6";"03351-IA-1""-G1-0109-N_HOJA-1_SPXX";"03351-IA-1""-G1-0109-N_HOJA-1";Aire Instrumentación;03350-02-07;;BAJO ESPESADOR;"03351-IA-1""-G1-0109-N";1;0;SPXX;6;F;THD;1;80;G1;N;AG;0,89;Aire de Instrumentacion ;;;;12/03/2026;46216;46247;46209;46247;46247;;0,95;0,8455;0,3115;0,534;EJECUTADA;46247;0;;;;;;;;;;;;;;;;;;;;;;;;;;;;
"03351-IA-1""-G1-0109-N_HOJA-1_SPXX_7";"03351-IA-1""-G1-0109-N_HOJA-1_SPXX";"03351-IA-1""-G1-0109-N_HOJA-1";Aire Instrumentación;03350-02-07;;BAJO ESPESADOR;"03351-IA-1""-G1-0109-N";1;0;SPXX;7;F;THD;1;80;G1;N;AG;0,89;Aire de Instrumentacion ;;;;12/03/2026;46216;46247;46209;46247;46247;;0,95;0,8455;0,3115;0,534;EJECUTADA;46247;0;;;;;;;;;;;;;;;;;;;;;;;;;;;;
"03351-IA-1""-G1-0109-N_HOJA-1_SPXX_8";"03351-IA-1""-G1-0109-N_HOJA-1_SPXX";"03351-IA-1""-G1-0109-N_HOJA-1";Aire Instrumentación;03350-02-07;;BAJO ESPESADOR;"03351-IA-1""-G1-0109-N";1;0;SPXX;8;F;THD;1;80;G1;N;AG;0,89;Aire de Instrumentacion ;;;;12/03/2026;46216;46247;46209;46247;46247;;0,95;0,8455;0,3115;0,534;EJECUTADA;46247;0;;;;;;;;;;;;;;;;;;;;;;;;;;;;
"03351-IA-1""-G1-0109-N_HOJA-1_SPXX_9";"03351-IA-1""-G1-0109-N_HOJA-1_SPXX";"03351-IA-1""-G1-0109-N_HOJA-1";Aire Instrumentación;03350-02-07;;BAJO ESPESADOR;"03351-IA-1""-G1-0109-N";1;0;SPXX;9;F;THD;1;80;G1;N;AG;0,89;Aire de Instrumentacion ;;;;12/03/2026;46216;46247;46209;46247;46247;;0,95;0,8455;0,3115;0,534;EJECUTADA;46247;0;;;;;;;;;;;;;;;;;;;;;;;;;;;;
"03351-IA-1""-G1-0109-N_HOJA-1_SPXX_10";"03351-IA-1""-G1-0109-N_HOJA-1_SPXX";"03351-IA-1""-G1-0109-N_HOJA-1";Aire Instrumentación;03350-02-07;;BAJO ESPESADOR;"03351-IA-1""-G1-0109-N";1;0;SPXX;10;F;THD;1;80;G1;N;AG;0,89;Aire de Instrumentacion ;;;;12/03/2026;46216;46247;46209;46247;46247;;0,95;0,8455;0,3115;0,534;EJECUTADA;46247;0;;;;;;;;;;;;;;;;;;;;;;;;;;;;
"03351-IA-1""-G1-0109-N_HOJA-1_SPXX_11";"03351-IA-1""-G1-0109-N_HOJA-1_SPXX";"03351-IA-1""-G1-0109-N_HOJA-1";Aire Instrumentación;03350-02-07;;BAJO ESPESADOR;"03351-IA-1""-G1-0109-N";1;0;SPXX;11;F;THD;;80;G1;N;AG;;Aire de Instrumentacion ;;;Eliminada;12/03/2026;46216;46247;46209;;;;0,6;0;0;0;EJECUTADA;46245;0;;;;;;;;;;;;;;;;;;;;;;;;;;;;
"03351-IA-1""-G1-0111-N_HOJA-1_SPXX_1";"03351-IA-1""-G1-0111-N_HOJA-1_SPXX";"03351-IA-1""-G1-0111-N_HOJA-1";Aire Instrumentación;03350-02-07;;BAJO ESPESADOR;"03351-IA-1""-G1-0111-N";1;0;SPXX;1;F;THD;2;80;G1;N;AG;0,613;Aire de Instrumentacion ;03351-TCN-001;;;12/03/2026;46216;46247;46209;46247;46247;;0,95;0,58235;0,1365;0,44585;EJECUTADA;46247;0;;;;;;;;;;;;;;;;;;;;;;;;;;;;
"03351-IA-1""-G1-0111-N_HOJA-1_SPXX_2";"03351-IA-1""-G1-0111-N_HOJA-1_SPXX";"03351-IA-1""-G1-0111-N_HOJA-1";Aire Instrumentación;03350-02-07;;BAJO ESPESADOR;"03351-IA-1""-G1-0111-N";1;0;SPXX;2;F;THD;1;80;G1;N;AG;0,613;Aire de Instrumentacion ;;;;12/03/2026;46216;46247;46209;46247;46247;;0,95;0,58235;0,1365;0,44585;EJECUTADA;46247;0;;;;;;;;;;;;;;;;;;;;;;;;;;;;
"03351-IA-1""-G1-0111-N_HOJA-1_SPXX_3";"03351-IA-1""-G1-0111-N_HOJA-1_SPXX";"03351-IA-1""-G1-0111-N_HOJA-1";Aire Instrumentación;03350-02-07;;BAJO ESPESADOR;"03351-IA-1""-G1-0111-N";1;0;SPXX;3;F;THD;1;80;G1;N;AG;0,613;Aire de Instrumentacion ;;;;12/03/2026;46216;46247;46209;46247;46247;;0,95;0,58235;0,1365;0,44585;EJECUTADA;46247;0;;;;;;;;;;;;;;;;;;;;;;;;;;;;
"03351-IA-1""-G1-0111-N_HOJA-1_SPXX_4";"03351-IA-1""-G1-0111-N_HOJA-1_SPXX";"03351-IA-1""-G1-0111-N_HOJA-1";Aire Instrumentación;03350-02-07;;BAJO ESPESADOR;"03351-IA-1""-G1-0111-N";1;0;SPXX;4;F;THD;1;80;G1;N;AG;0,613;Aire de Instrumentacion ;;;;12/03/2026;46216;46247;46209;46247;46247;;0,95;0,58235;0,1365;0,44585;EJECUTADA;46247;0;;;;;;;;;;;;;;;;;;;;;;;;;;;;
"03351-IA-1""-G1-0111-N_HOJA-1_SPXX_5";"03351-IA-1""-G1-0111-N_HOJA-1_SPXX";"03351-IA-1""-G1-0111-N_HOJA-1";Aire Instrumentación;03350-02-07;;BAJO ESPESADOR;"03351-IA-1""-G1-0111-N";1;0;SPXX;5;F;THD;1;80;G1;N;AG;0,613;Aire de Instrumentacion ;;;;12/03/2026;46216;46247;46209;46247;46247;;0,95;0,58235;0,1365;0,44585;EJECUTADA;46247;0;;;;;;;;;;;;;;;;;;;;;;;;;;;;
"03351-IA-1""-G1-0111-N_HOJA-1_SPXX_6";"03351-IA-1""-G1-0111-N_HOJA-1_SPXX";"03351-IA-1""-G1-0111-N_HOJA-1";Aire Instrumentación;03350-02-07;;BAJO ESPESADOR;"03351-IA-1""-G1-0111-N";1;0;SPXX;6;F;THD;1;80;G1;N;AG;0,613;Aire de Instrumentacion ;;;;12/03/2026;46216;46248;46209;46248;46249;;0,95;0,58235;0,1365;0,44585;EJECUTADA;46247;0;;;;;;;;;;;;;;;;;;;;;;;;;;;;
"03351-IA-1""-G1-0111-N_HOJA-1_SPXX_7";"03351-IA-1""-G1-0111-N_HOJA-1_SPXX";"03351-IA-1""-G1-0111-N_HOJA-1";Aire Instrumentación;03350-02-07;;BAJO ESPESADOR;"03351-IA-1""-G1-0111-N";1;0;SPXX;7;F;THD;1;80;G1;N;AG;0,613;Aire de Instrumentacion ;;;;12/03/2026;46216;46251;46209;46251;46250;;0,95;0,58235;0,1365;0,44585;EJECUTADA;46247;0;;;;;;;;;;;;;;;;;;;;;;;;;;;;
"03351-IA-1""-G1-0111-N_HOJA-1_SPXX_8";"03351-IA-1""-G1-0111-N_HOJA-1_SPXX";"03351-IA-1""-G1-0111-N_HOJA-1";Aire Instrumentación;03350-02-07;;BAJO ESPESADOR;"03351-IA-1""-G1-0111-N";1;0;SPXX;8;F;THD;;80;G1;N;AG;;Aire de Instrumentacion ;;;Eliminada;12/03/2026;46216;46258;46209;;;;0,6;0;0;0;EJECUTADA;46245;0;;;;;;;;;;;;;;;;;;;;;;;;;;;;
"03351-IA-1""-G1-0111-N_HOJA-1_SPXX_9";"03351-IA-1""-G1-0111-N_HOJA-1_SPXX";"03351-IA-1""-G1-0111-N_HOJA-1";Aire Instrumentación;03350-02-07;;BAJO ESPESADOR;"03351-IA-1""-G1-0111-N";1;0;SPXX;9;F;THD;;80;G1;N;AG;;Aire de Instrumentacion ;;;Eliminada;12/03/2026;46216;46258;46209;;;;0,6;0;0;0;EJECUTADA;46245;0;;;;;;;;;;;;;;;;;;;;;;;;;;;;
"03351-IA-1""-G1-0111-N_HOJA-1_SPXX_10";"03351-IA-1""-G1-0111-N_HOJA-1_SPXX";"03351-IA-1""-G1-0111-N_HOJA-1";Aire Instrumentación;03350-02-07;;BAJO ESPESADOR;"03351-IA-1""-G1-0111-N";1;0;SPXX;10;F;THD;;80;G1;N;AG;;Aire de Instrumentacion ;;;Eliminada;12/03/2026;46216;46258;46209;;;;0,6;0;0;0;EJECUTADA;46245;0;;;;;;;;;;;;;;;;;;;;;;;;;;;;
"03351-IA-1""-G1-0111-N_HOJA-1_SPXX_11";"03351-IA-1""-G1-0111-N_HOJA-1_SPXX";"03351-IA-1""-G1-0111-N_HOJA-1";Aire Instrumentación;03350-02-07;;BAJO ESPESADOR;"03351-IA-1""-G1-0111-N";1;0;SPXX;11;F;THD;;80;G1;N;AG;;Aire de Instrumentacion ;;;Eliminada;12/03/2026;46216;46258;46209;;;;0,6;0;0;0;EJECUTADA;46245;0;;;;;;;;;;;;;;;;;;;;;;;;;;;;
"03351-IA-2""-G1-0100-N_HOJA-1_SPXX_0";"03351-IA-2""-G1-0100-N_HOJA-1_SPXX";"03351-IA-2""-G1-0100-N_HOJA-1";Aire Instrumentación;03350-02-07;;TORRE TRASFERENCIA;"03351-IA-2""-G1-0100-N";1;0;SPXX;0;F;THD;2;80;G1;N;AG;30,1;Aire de Instrumentacion ;;;;12/03/2026;46216;;46209;;;;0,35;10,535;10,535;0;;;;;;;;;;;;;;;;;;;;;;;;;;;;;;;
"03351-IA-2""-G1-0100-N_HOJA-2_SPXX_1";"03351-IA-2""-G1-0100-N_HOJA-2_SPXX";"03351-IA-2""-G1-0100-N_HOJA-2";Aire Instrumentación;03350-02-07;;TORRE TRASFERENCIA;"03351-IA-2""-G1-0100-N";2;0;SPXX;1;F;THD;2;80s;G1;N;AG;0,72;Aire de Instrumentacion ;;;;12/03/2026;46216;46251;46209;46251;46251;;0,95;0,684;0,252;0,432;EJECUTADA;46251;0;;;;;;;;;;;;;;;;;;;;;;;;;;;;
"03351-IA-2""-G1-0100-N_HOJA-2_SPXX_2";"03351-IA-2""-G1-0100-N_HOJA-2_SPXX";"03351-IA-2""-G1-0100-N_HOJA-2";Aire Instrumentación;03350-02-07;;TORRE TRASFERENCIA;"03351-IA-2""-G1-0100-N";2;0;SPXX;2;F;THD;2;80s;G1;N;AG;0,72;Aire de Instrumentacion ;;;;12/03/2026;46216;46239;46209;46239;46247;;0,95;0,684;0,252;0,432;EJECUTADA;46239;0;;;;;;;;;;;;;;;;;;;;;;;;;;;;
"03351-IA-2""-G1-0100-N_HOJA-2_SPXX_3";"03351-IA-2""-G1-0100-N_HOJA-2_SPXX";"03351-IA-2""-G1-0100-N_HOJA-2";Aire Instrumentación;03350-02-07;;TORRE TRASFERENCIA;"03351-IA-2""-G1-0100-N";2;0;SPXX;3;F;THD;2;80s;G1;N;AG;0,72;Aire de Instrumentacion ;;;;12/03/2026;46216;46239;46209;46239;46247;;0,95;0,684;0,252;0,432;EJECUTADA;46239;0;;;;;;;;;;;;;;;;;;;;;;;;;;;;
"03351-IA-2""-G1-0100-N_HOJA-2_SPXX_4";"03351-IA-2""-G1-0100-N_HOJA-2_SPXX";"03351-IA-2""-G1-0100-N_HOJA-2";Aire Instrumentación;03350-02-07;;TORRE TRASFERENCIA;"03351-IA-2""-G1-0100-N";2;0;SPXX;4;F;THD;2;80s;G1;N;AG;0,72;Aire de Instrumentacion ;;;;12/03/2026;46216;46239;46209;46239;46247;;0,95;0,684;0,252;0,432;EJECUTADA;46239;0;;;;;;;;;;;;;;;;;;;;;;;;;;;;
"03351-IA-2""-G1-0100-N_HOJA-2_SPXX_5";"03351-IA-2""-G1-0100-N_HOJA-2_SPXX";"03351-IA-2""-G1-0100-N_HOJA-2";Aire Instrumentación;03350-02-07;;TORRE TRASFERENCIA;"03351-IA-2""-G1-0100-N";2;0;SPXX;5;F;THD;2;80s;G1;N;AG;0,72;Aire de Instrumentacion ;;;;12/03/2026;46216;46239;46209;46239;46247;;0,95;0,684;0,252;0,432;EJECUTADA;46239;0;;;;;;;;;;;;;;;;;;;;;;;;;;;;
"03351-IA-2""-G1-0100-N_HOJA-2_SPXX_6";"03351-IA-2""-G1-0100-N_HOJA-2_SPXX";"03351-IA-2""-G1-0100-N_HOJA-2";Aire Instrumentación;03350-02-07;;TORRE TRASFERENCIA;"03351-IA-2""-G1-0100-N";2;0;SPXX;6;F;THD;2;80s;G1;N;AG;0,72;Aire de Instrumentacion ;;;;12/03/2026;46211;46211;46216;46245;46247;;0,95;0,684;0,432;0,252;EJECUTADA;46211;0;;;;;;;;;;;;;;;;;;;;;;;;;;;;
"03351-IA-2""-G1-0100-N_HOJA-2_SPXX_7";"03351-IA-2""-G1-0100-N_HOJA-2_SPXX";"03351-IA-2""-G1-0100-N_HOJA-2";Aire Instrumentación;03350-02-07;;TORRE TRASFERENCIA;"03351-IA-2""-G1-0100-N";2;0;SPXX;7;F;THD;2;80s;G1;N;AG;0,72;Aire de Instrumentacion ;;;;12/03/2026;46211;46211;46216;46245;46247;;0,95;0,684;0,432;0,252;EJECUTADA;46211;0;;;;;;;;;;;;;;;;;;;;;;;;;;;;
"03351-IA-2""-G1-0100-N_HOJA-2_SPXX_8";"03351-IA-2""-G1-0100-N_HOJA-2_SPXX";"03351-IA-2""-G1-0100-N_HOJA-2";Aire Instrumentación;03350-02-07;;TORRE TRASFERENCIA;"03351-IA-2""-G1-0100-N";2;0;SPXX;8;F;THD;2;80s;G1;N;AG;0,72;Aire de Instrumentacion ;;;;12/03/2026;46211;46211;46216;46245;46247;;0,95;0,684;0,432;0,252;EJECUTADA;46211;0;;;;;;;;;;;;;;;;;;;;;;;;;;;;
"03351-IA-2""-G1-0100-N_HOJA-2_SPXX_9";"03351-IA-2""-G1-0100-N_HOJA-2_SPXX";"03351-IA-2""-G1-0100-N_HOJA-2";Aire Instrumentación;03350-02-07;;TORRE TRASFERENCIA;"03351-IA-2""-G1-0100-N";2;0;SPXX;9;F;THD;2;80s;G1;N;AG;0,72;Aire de Instrumentacion ;;;;12/03/2026;46211;46211;46216;46245;46247;;0,95;0,684;0,432;0,252;EJECUTADA;46211;0;;;;;;;;;;;;;;;;;;;;;;;;;;;;
"03351-IA-2""-G1-0100-N_HOJA-2_SPXX_10";"03351-IA-2""-G1-0100-N_HOJA-2_SPXX";"03351-IA-2""-G1-0100-N_HOJA-2";Aire Instrumentación;03350-02-07;;TORRE TRASFERENCIA;"03351-IA-2""-G1-0100-N";2;0;SPXX;10;F;THD;2;80s;G1;N;AG;0,72;Aire de Instrumentacion ;;;;12/03/2026;46211;46211;46216;46245;46247;;0,95;0,684;0,432;0,252;EJECUTADA;46211;0;;;;;;;;;;;;;;;;;;;;;;;;;;;;
"03351-IA-2""-G1-0100-N_HOJA-2_SPXX_11";"03351-IA-2""-G1-0100-N_HOJA-2_SPXX";"03351-IA-2""-G1-0100-N_HOJA-2";Aire Instrumentación;03350-02-07;;TORRE TRASFERENCIA;"03351-IA-2""-G1-0100-N";2;0;SPXX;11;F;THD;2;80s;G1;N;AG;0,72;Aire de Instrumentacion ;;;;12/03/2026;46216;46238;46209;46245;46247;;0,95;0,684;0,252;0,432;EJECUTADA;46238;0;;;;;;;;;;;;;;;;;;;;;;;;;;;;
"03351-IA-2""-G1-0100-N_HOJA-2_SPXX_12";"03351-IA-2""-G1-0100-N_HOJA-2_SPXX";"03351-IA-2""-G1-0100-N_HOJA-2";Aire Instrumentación;03350-02-07;;TORRE TRASFERENCIA;"03351-IA-2""-G1-0100-N";2;0;SPXX;12;F;THD;2;80s;G1;N;AG;0,72;Aire de Instrumentacion ;;;;12/03/2026;46212;46212;46212;46245;46247;;0,95;0,684;0,432;0,252;EJECUTADA;46212;0;;;;;;;;;;;;;;;;;;;;;;;;;;;;
"03351-IA-2""-G1-0100-N_HOJA-2_SPXX_13";"03351-IA-2""-G1-0100-N_HOJA-2_SPXX";"03351-IA-2""-G1-0100-N_HOJA-2";Aire Instrumentación;03350-02-07;;TORRE TRASFERENCIA;"03351-IA-2""-G1-0100-N";2;0;SPXX;13;F;THD;2;80s;G1;N;AG;0,72;Aire de Instrumentacion ;;;;12/03/2026;46212;46212;46212;46245;46247;;0,95;0,684;0,432;0,252;EJECUTADA;46212;0;;;;;;;;;;;;;;;;;;;;;;;;;;;;
"03351-IA-2""-G1-0100-N_HOJA-2_SPXX_14";"03351-IA-2""-G1-0100-N_HOJA-2_SPXX";"03351-IA-2""-G1-0100-N_HOJA-2";Aire Instrumentación;03350-02-07;;TORRE TRASFERENCIA;"03351-IA-2""-G1-0100-N";2;0;SPXX;14;F;THD;2;80s;G1;N;AG;0,72;Aire de Instrumentacion ;;;;12/03/2026;46212;46212;46212;46245;46247;;0,95;0,684;0,432;0,252;EJECUTADA;46212;0;;;;;;;;;;;;;;;;;;;;;;;;;;;;
"03351-IA-2""-G1-0100-N_HOJA-2_SPXX_15";"03351-IA-2""-G1-0100-N_HOJA-2_SPXX";"03351-IA-2""-G1-0100-N_HOJA-2";Aire Instrumentación;03350-02-07;;TORRE TRASFERENCIA;"03351-IA-2""-G1-0100-N";2;0;SPXX;15;F;THD;2;80s;G1;N;AG;0,72;Aire de Instrumentacion ;;;;12/03/2026;46212;46212;46212;46245;46247;;0,95;0,684;0,432;0,252;EJECUTADA;46212;0;;;;;;;;;;;;;;;;;;;;;;;;;;;;
"03351-IA-2""-G1-0100-N_HOJA-2_SPXX_16";"03351-IA-2""-G1-0100-N_HOJA-2_SPXX";"03351-IA-2""-G1-0100-N_HOJA-2";Aire Instrumentación;03350-02-07;;TORRE TRASFERENCIA;"03351-IA-2""-G1-0100-N";2;0;SPXX;16;F;THD;2;80s;G1;N;AG;0,72;Aire de Instrumentacion ;;;;12/03/2026;46212;46212;46212;46245;46247;;0,95;0,684;0,432;0,252;EJECUTADA;46212;0;;;;;;;;;;;;;;;;;;;;;;;;;;;;
"03351-IA-2""-G1-0100-N_HOJA-2_SPXX_17";"03351-IA-2""-G1-0100-N_HOJA-2_SPXX";"03351-IA-2""-G1-0100-N_HOJA-2";Aire Instrumentación;03350-02-07;;TORRE TRASFERENCIA;"03351-IA-2""-G1-0100-N";2;0;SPXX;17;F;THD;2;80;G1;N;AG;0,72;Aire de Instrumentacion ;;;;12/03/2026;46216;46216;46216;46245;46247;;0,95;0,684;0,432;0,252;EJECUTADA;46216;0;;;;;;;;;;;;;;;;;;;;;;;;;;;;
"03351-IA-2""-G1-0100-N_HOJA-2_SPXX_18";"03351-IA-2""-G1-0100-N_HOJA-2_SPXX";"03351-IA-2""-G1-0100-N_HOJA-2";Aire Instrumentación;03350-02-07;;TORRE TRASFERENCIA;"03351-IA-2""-G1-0100-N";2;0;SPXX;18;F;THD;2;80;G1;N;AG;0,72;Aire de Instrumentacion ;;;;12/03/2026;46216;46216;46216;46245;46247;;0,95;0,684;0,432;0,252;EJECUTADA;46216;0;;;;;;;;;;;;;;;;;;;;;;;;;;;;
"03351-IA-2""-G1-0100-N_HOJA-2_SPXX_19";"03351-IA-2""-G1-0100-N_HOJA-2_SPXX";"03351-IA-2""-G1-0100-N_HOJA-2";Aire Instrumentación;03350-02-07;;TORRE TRASFERENCIA;"03351-IA-2""-G1-0100-N";2;0;SPXX;19;F;THD;2;80;G1;N;AG;0,72;Aire de Instrumentacion ;;;;12/03/2026;46216;46216;46216;46245;46247;;0,95;0,684;0,432;0,252;EJECUTADA;46216;0;;;;;;;;;;;;;;;;;;;;;;;;;;;;
"03351-IA-2""-G1-0100-N_HOJA-2_SPXX_20";"03351-IA-2""-G1-0100-N_HOJA-2_SPXX";"03351-IA-2""-G1-0100-N_HOJA-2";Aire Instrumentación;03350-02-07;;TORRE TRASFERENCIA;"03351-IA-2""-G1-0100-N";2;0;SPXX;20;F;THD;2;80s;G1;N;AG;0,72;Aire de Instrumentacion ;;;;12/03/2026;46216;46251;46209;46251;46251;;0,95;0,684;0,252;0,432;EJECUTADA;46251;0;;;;;;;;;;;;;;;;;;;;;;;;;;;;
"03351-IA-2""-G1-0100-N_HOJA-2_SPXX_21";"03351-IA-2""-G1-0100-N_HOJA-2_SPXX";"03351-IA-2""-G1-0100-N_HOJA-2";Aire Instrumentación;03350-02-07;;TORRE TRASFERENCIA;"03351-IA-2""-G1-0100-N";2;0;SPXX;21;F;THD;2;80;G1;N;AG;0,72;Aire de Instrumentacion ;;;;12/03/2026;46216;46216;46216;46247;46247;;0,95;0,684;0,432;0,252;EJECUTADA;46216;0;;;;;;;;;;;;;;;;;;;;;;;;;;;;
"03351-IA-2""-G1-0100-N_HOJA-2_SPXX_22";"03351-IA-2""-G1-0100-N_HOJA-2_SPXX";"03351-IA-2""-G1-0100-N_HOJA-2";Aire Instrumentación;03350-02-07;;TORRE TRASFERENCIA;"03351-IA-2""-G1-0100-N";2;0;SPXX;22;F;THD;2;80;G1;N;AG;0,72;Aire de Instrumentacion ;;;;12/03/2026;46216;46216;46216;46247;46247;;0,95;0,684;0,432;0,252;EJECUTADA;46216;0;;;;;;;;;;;;;;;;;;;;;;;;;;;;
"03351-IA-2""-G1-0100-N_HOJA-2_SPXX_23";"03351-IA-2""-G1-0100-N_HOJA-2_SPXX";"03351-IA-2""-G1-0100-N_HOJA-2";Aire Instrumentación;03350-02-07;;TORRE TRASFERENCIA;"03351-IA-2""-G1-0100-N";2;0;SPXX;23;F;THD;2;80;G1;N;AG;0,72;Aire de Instrumentacion ;;;;12/03/2026;46216;46216;46216;46247;46247;;0,95;0,684;0,432;0,252;EJECUTADA;46216;0;;;;;;;;;;;;;;;;;;;;;;;;;;;;
"03351-IA-2""-G1-0100-N_HOJA-3_SPXX_1";"03351-IA-2""-G1-0100-N_HOJA-3_SPXX";"03351-IA-2""-G1-0100-N_HOJA-3";Aire Instrumentación;03350-02-07;;BAJO ESPESADOR;"03351-IA-2""-G1-0100-N";3;0;SPXX;1;F;THD;2;80;G1;N;AG;1,1;Aire de Instrumentacion ;;;;12/03/2026;46216;46240;46209;46240;46247;;0,95;1,045;0,4935;0,5515;EJECUTADA;46240;0;;;;;;;;;;;;;;;;;;;;;;;;;;;;
"03351-IA-2""-G1-0100-N_HOJA-3_SPXX_2";"03351-IA-2""-G1-0100-N_HOJA-3_SPXX";"03351-IA-2""-G1-0100-N_HOJA-3";Aire Instrumentación;03350-02-07;;BAJO ESPESADOR;"03351-IA-2""-G1-0100-N";3;0;SPXX;2;F;THD;2;80;G1;N;AG;1,1;Aire de Instrumentacion ;;;;12/03/2026;46213;46213;46213;46247;46247;;0,95;1,045;0,846;0,199;EJECUTADA;46213;0;;;;;;;;;;;;;;;;;;;;;;;;;;;;
"03351-IA-2""-G1-0100-N_HOJA-3_SPXX_3";"03351-IA-2""-G1-0100-N_HOJA-3_SPXX";"03351-IA-2""-G1-0100-N_HOJA-3";Aire Instrumentación;03350-02-07;;BAJO ESPESADOR;"03351-IA-2""-G1-0100-N";3;0;SPXX;3;F;THD;2;80;G1;N;AG;1,1;Aire de Instrumentacion ;;;;12/03/2026;46216;46242;46209;46242;46247;;0,95;1,045;0,4935;0,5515;EJECUTADA;46242;0;;;;;;;;;;;;;;;;;;;;;;;;;;;;
"03351-IA-2""-G1-0100-N_HOJA-3_SPXX_4";"03351-IA-2""-G1-0100-N_HOJA-3_SPXX";"03351-IA-2""-G1-0100-N_HOJA-3";Aire Instrumentación;03350-02-07;;BAJO ESPESADOR;"03351-IA-2""-G1-0100-N";3;0;SPXX;4;F;THD;2;80;G1;N;AG;1,1;Aire de Instrumentacion ;;;;12/03/2026;46216;46242;46209;46242;46247;;0,95;1,045;0,4935;0,5515;EJECUTADA;46242;0;;;;;;;;;;;;;;;;;;;;;;;;;;;;
"03351-IA-2""-G1-0100-N_HOJA-3_SPXX_5";"03351-IA-2""-G1-0100-N_HOJA-3_SPXX";"03351-IA-2""-G1-0100-N_HOJA-3";Aire Instrumentación;03350-02-07;;BAJO ESPESADOR;"03351-IA-2""-G1-0100-N";3;0;SPXX;5;F;THD;2;80;G1;N;AG;1,1;Aire de Instrumentacion ;;;;12/03/2026;46216;46242;46209;46242;46247;;0,95;1,045;0,4935;0,5515;EJECUTADA;46242;0;;;;;;;;;;;;;;;;;;;;;;;;;;;;
"03351-IA-2""-G1-0100-N_HOJA-3_SPXX_6";"03351-IA-2""-G1-0100-N_HOJA-3_SPXX";"03351-IA-2""-G1-0100-N_HOJA-3";Aire Instrumentación;03350-02-07;;BAJO ESPESADOR;"03351-IA-2""-G1-0100-N";3;0;SPXX;6;F;THD;2;80;G1;N;AG;1,1;Aire de Instrumentacion ;;;;12/03/2026;46216;46243;46209;46243;46247;;0,95;1,045;0,4935;0,5515;EJECUTADA;46243;0;;;;;;;;;;;;;;;;;;;;;;;;;;;;
"03351-IA-2""-G1-0100-N_HOJA-3_SPXX_7";"03351-IA-2""-G1-0100-N_HOJA-3_SPXX";"03351-IA-2""-G1-0100-N_HOJA-3";Aire Instrumentación;03350-02-07;;BAJO ESPESADOR;"03351-IA-2""-G1-0100-N";3;0;SPXX;7;F;THD;2;80;G1;N;AG;1,1;Aire de Instrumentacion ;;;;12/03/2026;46216;46243;46209;46243;46247;;0,95;1,045;0,4935;0,5515;EJECUTADA;46243;0;;;;;;;;;;;;;;;;;;;;;;;;;;;;
"03351-IA-2""-G1-0100-N_HOJA-3_SPXX_8";"03351-IA-2""-G1-0100-N_HOJA-3_SPXX";"03351-IA-2""-G1-0100-N_HOJA-3";Aire Instrumentación;03350-02-07;;BAJO ESPESADOR;"03351-IA-2""-G1-0100-N";3;0;SPXX;8;F;THD;2;80;G1;N;AG;1,1;Aire de Instrumentacion ;;;;12/03/2026;46213;46213;46213;46247;46247;;0,95;1,045;0,846;0,199;EJECUTADA;46213;0;;;;;;;;;;;;;;;;;;;;;;;;;;;;
"03351-IA-2""-G1-0100-N_HOJA-3_SPXX_9";"03351-IA-2""-G1-0100-N_HOJA-3_SPXX";"03351-IA-2""-G1-0100-N_HOJA-3";Aire Instrumentación;03350-02-07;;BAJO ESPESADOR;"03351-IA-2""-G1-0100-N";3;0;SPXX;9;F;THD;2;80;G1;N;AG;1,1;Aire de Instrumentacion ;;;;12/03/2026;46213;46213;46213;46247;46247;;0,95;1,045;0,846;0,199;EJECUTADA;46213;0;;;;;;;;;;;;;;;;;;;;;;;;;;;;
"03351-IA-2""-G1-0100-N_HOJA-3_SPXX_10";"03351-IA-2""-G1-0100-N_HOJA-3_SPXX";"03351-IA-2""-G1-0100-N_HOJA-3";Aire Instrumentación;03350-02-07;;BAJO ESPESADOR;"03351-IA-2""-G1-0100-N";3;0;SPXX;10;F;THD;2;80;G1;N;AG;1,1;Aire de Instrumentacion ;;;;12/03/2026;46213;46213;46213;46245;46247;;0,95;1,045;0,846;0,199;EJECUTADA;46213;0;;;;;;;;;;;;;;;;;;;;;;;;;;;;
"03351-IA-2""-G1-0100-N_HOJA-3_SPXX_11";"03351-IA-2""-G1-0100-N_HOJA-3_SPXX";"03351-IA-2""-G1-0100-N_HOJA-3";Aire Instrumentación;03350-02-07;;BAJO ESPESADOR;"03351-IA-2""-G1-0100-N";3;0;SPXX;11;F;THD;2;80;G1;N;AG;1,1;Aire de Instrumentacion ;;;;12/03/2026;46216;46244;46209;46244;46247;;0,95;1,045;0,4935;0,5515;EJECUTADA;46244;0;;;;;;;;;;;;;;;;;;;;;;;;;;;;
"03351-IA-2""-G1-0100-N_HOJA-3_SPXX_12";"03351-IA-2""-G1-0100-N_HOJA-3_SPXX";"03351-IA-2""-G1-0100-N_HOJA-3";Aire Instrumentación;03350-02-07;;BAJO ESPESADOR;"03351-IA-2""-G1-0100-N";3;0;SPXX;12;F;THD;2;80;G1;N;AG;1,1;Aire de Instrumentacion ;;;;12/03/2026;46212;46212;46216;46245;46247;;0,95;1,045;0,846;0,199;EJECUTADA;46212;0;;;;;;;;;;;;;;;;;;;;;;;;;;;;
"03351-IA-2""-G1-0100-N_HOJA-3_SPXX_13";"03351-IA-2""-G1-0100-N_HOJA-3_SPXX";"03351-IA-2""-G1-0100-N_HOJA-3";Aire Instrumentación;03350-02-07;;BAJO ESPESADOR;"03351-IA-2""-G1-0100-N";3;0;SPXX;13;F;THD;2;80;G1;N;AG;1,1;Aire de Instrumentacion ;;;;12/03/2026;46212;46212;46216;46245;46247;;0,95;1,045;0,846;0,199;EJECUTADA;46212;0;;;;;;;;;;;;;;;;;;;;;;;;;;;;
"03351-IA-2""-G1-0100-N_HOJA-3_SPXX_14";"03351-IA-2""-G1-0100-N_HOJA-3_SPXX";"03351-IA-2""-G1-0100-N_HOJA-3";Aire Instrumentación;03350-02-07;;BAJO ESPESADOR;"03351-IA-2""-G1-0100-N";3;0;SPXX;14;F;THD;2;80;G1;N;AG;1,1;Aire de Instrumentacion ;;;;12/03/2026;46212;46212;46216;46245;46247;;0,95;1,045;0,846;0,199;EJECUTADA;46212;0;;;;;;;;;;;;;;;;;;;;;;;;;;;;
"03351-IA-2""-G1-0100-N_HOJA-3_SPXX_15";"03351-IA-2""-G1-0100-N_HOJA-3_SPXX";"03351-IA-2""-G1-0100-N_HOJA-3";Aire Instrumentación;03350-02-07;;BAJO ESPESADOR;"03351-IA-2""-G1-0100-N";3;0;SPXX;15;F;THD;2;80;G1;N;AG;1,1;Aire de Instrumentacion ;;;;12/03/2026;46212;46212;46216;46245;46247;;0,95;1,045;0,846;0,199;EJECUTADA;46212;0;;;;;;;;;;;;;;;;;;;;;;;;;;;;
"03351-IA-2""-G1-0100-N_HOJA-3_SPXX_16";"03351-IA-2""-G1-0100-N_HOJA-3_SPXX";"03351-IA-2""-G1-0100-N_HOJA-3";Aire Instrumentación;03350-02-07;;BAJO ESPESADOR;"03351-IA-2""-G1-0100-N";3;0;SPXX;16;F;THD;2;80;G1;N;AG;1,1;Aire de Instrumentacion ;;;;12/03/2026;46212;46212;46216;46245;46247;;0,95;1,045;0,846;0,199;EJECUTADA;46212;0;;;;;;;;;;;;;;;;;;;;;;;;;;;;
"03351-IA-2""-G1-0100-N_HOJA-3_SPXX_17";"03351-IA-2""-G1-0100-N_HOJA-3_SPXX";"03351-IA-2""-G1-0100-N_HOJA-3";Aire Instrumentación;03350-02-07;;BAJO ESPESADOR;"03351-IA-2""-G1-0100-N";3;0;SPXX;17;F;THD;2;80;G1;N;AG;1,1;Aire de Instrumentacion ;;;;12/03/2026;46251;46251;46251;46251;46251;;0,95;1,045;0;1,045;EJECUTADA;46251;0;;;;;;;;;;;;;;;;;;;;;;;;;;;;
"03351-IA-2""-G1-0100-N_HOJA-3_SPXX_18";"03351-IA-2""-G1-0100-N_HOJA-3_SPXX";"03351-IA-2""-G1-0100-N_HOJA-3";Aire Instrumentación;03350-02-07;;BAJO ESPESADOR;"03351-IA-2""-G1-0100-N";3;0;SPXX;18;F;THD;2;80;G1;N;AG;1,1;Aire de Instrumentacion ;;;;12/03/2026;46251;46251;46251;46251;46251;;0,95;1,045;0;1,045;EJECUTADA;46251;0;;;;;;;;;;;;;;;;;;;;;;;;;;;;
"03351-IA-2""-G1-0100-N_HOJA-3_SPXX_19";"03351-IA-2""-G1-0100-N_HOJA-3_SPXX";"03351-IA-2""-G1-0100-N_HOJA-3";Aire Instrumentación;03350-02-07;;BAJO ESPESADOR;"03351-IA-2""-G1-0100-N";3;0;SPXX;19;F;THD;2;80;G1;N;AG;1,1;Aire de Instrumentacion ;;;;12/03/2026;46251;46251;46251;46251;46251;;0,95;1,045;0;1,045;EJECUTADA;46251;0;;;;;;;;;;;;;;;;;;;;;;;;;;;;
"03351-IA-2""-G1-0100-N_HOJA-3_SPXX_20";"03351-IA-2""-G1-0100-N_HOJA-3_SPXX";"03351-IA-2""-G1-0100-N_HOJA-3";Aire Instrumentación;03350-02-07;;BAJO ESPESADOR;"03351-IA-2""-G1-0100-N";3;0;SPXX;20;F;THD;2;80;G1;N;AG;1,1;Aire de Instrumentacion ;;;;12/03/2026;46251;46251;46251;46251;46251;;0,95;1,045;0;1,045;EJECUTADA;46251;0;;;;;;;;;;;;;;;;;;;;;;;;;;;;
"03351-IA-2""-G1-0100-N_HOJA-3_SPXX_21";"03351-IA-2""-G1-0100-N_HOJA-3_SPXX";"03351-IA-2""-G1-0100-N_HOJA-3";Aire Instrumentación;03350-02-07;;BAJO ESPESADOR;"03351-IA-2""-G1-0100-N";3;0;SPXX;21;F;THD;2;80;G1;N;AG;1,1;Aire de Instrumentacion ;;;;12/03/2026;46251;46251;46251;46251;46251;;0,95;1,045;0;1,045;EJECUTADA;46251;0;;;;;;;;;;;;;;;;;;;;;;;;;;;;
"03351-IA-2""-G1-0100-N_HOJA-3_SPXX_22";"03351-IA-2""-G1-0100-N_HOJA-3_SPXX";"03351-IA-2""-G1-0100-N_HOJA-3";Aire Instrumentación;03350-02-07;;BAJO ESPESADOR;"03351-IA-2""-G1-0100-N";3;0;SPXX;22;F;THD;2;80;G1;N;AG;1,1;Aire de Instrumentacion ;;;;12/03/2026;46251;46251;46251;46251;46251;;0,95;1,045;0;1,045;EJECUTADA;46251;0;;;;;;;;;;;;;;;;;;;;;;;;;;;;
"03351-IA-2""-G1-0100-N_HOJA-3_SPXX_23";"03351-IA-2""-G1-0100-N_HOJA-3_SPXX";"03351-IA-2""-G1-0100-N_HOJA-3";Aire Instrumentación;03350-02-07;;BAJO ESPESADOR;"03351-IA-2""-G1-0100-N";3;0;SPXX;23;F;THD;2;80;G1;N;AG;1,1;Aire de Instrumentacion ;;;;12/03/2026;46251;46251;46251;46251;46251;;0,95;1,045;0;1,045;EJECUTADA;46251;0;;;;;;;;;;;;;;;;;;;;;;;;;;;;
"03351-IA-2""-G1-0100-N_HOJA-4_SPXX_1";"03351-IA-2""-G1-0100-N_HOJA-4_SPXX";"03351-IA-2""-G1-0100-N_HOJA-4";Aire Instrumentación;03350-02-07;;BAJO ESPESADOR;"03351-IA-2""-G1-0100-N";4;0;SPXX;1;F;THD;2;80s;G1;N;AG;0,764;Aire de Instrumentacion ;;;;12/03/2026;46216;46245;46209;46245;46247;;0,95;0,7258;0,2485;0,4773;EJECUTADA;46245;0;;;;;;;;;;;;;;;;;;;;;;;;;;;;
"03351-IA-2""-G1-0100-N_HOJA-4_SPXX_2";"03351-IA-2""-G1-0100-N_HOJA-4_SPXX";"03351-IA-2""-G1-0100-N_HOJA-4";Aire Instrumentación;03350-02-07;;BAJO ESPESADOR;"03351-IA-2""-G1-0100-N";4;0;SPXX;2;F;THD;2;80s;G1;N;AG;0,764;Aire de Instrumentacion ;;;;12/03/2026;46216;46245;46209;46245;46247;;0,95;0,7258;0,2485;0,4773;EJECUTADA;46245;0;;;;;;;;;;;;;;;;;;;;;;;;;;;;
"03351-IA-2""-G1-0100-N_HOJA-4_SPXX_3";"03351-IA-2""-G1-0100-N_HOJA-4_SPXX";"03351-IA-2""-G1-0100-N_HOJA-4";Aire Instrumentación;03350-02-07;;BAJO ESPESADOR;"03351-IA-2""-G1-0100-N";4;0;SPXX;3;F;THD;2;80s;G1;N;AG;0,764;Aire de Instrumentacion ;;;;12/03/2026;46216;46245;46209;46245;46247;;0,95;0,7258;0,2485;0,4773;EJECUTADA;46245;0;;;;;;;;;;;;;;;;;;;;;;;;;;;;
"03351-IA-2""-G1-0100-N_HOJA-4_SPXX_4";"03351-IA-2""-G1-0100-N_HOJA-4_SPXX";"03351-IA-2""-G1-0100-N_HOJA-4";Aire Instrumentación;03350-02-07;;BAJO ESPESADOR;"03351-IA-2""-G1-0100-N";4;0;SPXX;4;F;THD;2;80s;G1;N;AG;0,764;Aire de Instrumentacion ;;;;12/03/2026;46216;46245;46209;46245;46247;;0,95;0,7258;0,2485;0,4773;EJECUTADA;46245;0;;;;;;;;;;;;;;;;;;;;;;;;;;;;
"03351-IA-2""-G1-0100-N_HOJA-4_SPXX_5";"03351-IA-2""-G1-0100-N_HOJA-4_SPXX";"03351-IA-2""-G1-0100-N_HOJA-4";Aire Instrumentación;03350-02-07;;BAJO ESPESADOR;"03351-IA-2""-G1-0100-N";4;0;SPXX;5;F;THD;2;80s;G1;N;AG;0,764;Aire de Instrumentacion ;;;;12/03/2026;46216;46245;46209;46245;46247;;0,95;0,7258;0,2485;0,4773;EJECUTADA;46245;0;;;;;;;;;;;;;;;;;;;;;;;;;;;;
"03351-IA-2""-G1-0100-N_HOJA-4_SPXX_6";"03351-IA-2""-G1-0100-N_HOJA-4_SPXX";"03351-IA-2""-G1-0100-N_HOJA-4";Aire Instrumentación;03350-02-07;;BAJO ESPESADOR;"03351-IA-2""-G1-0100-N";4;0;SPXX;6;F;THD;2;80s;G1;N;AG;0,764;Aire de Instrumentacion ;;;;12/03/2026;46216;46245;46209;46245;46247;;0,95;0,7258;0,2485;0,4773;EJECUTADA;46245;0;;;;;;;;;;;;;;;;;;;;;;;;;;;;
"03351-IA-2""-G1-0100-N_HOJA-4_SPXX_7";"03351-IA-2""-G1-0100-N_HOJA-4_SPXX";"03351-IA-2""-G1-0100-N_HOJA-4";Aire Instrumentación;03350-02-07;;BAJO ESPESADOR;"03351-IA-2""-G1-0100-N";4;0;SPXX;7;F;THD;2;80s;G1;N;AG;0,764;Aire de Instrumentacion ;;;;12/03/2026;46216;46246;46209;46246;46247;;0,95;0,7258;0,2485;0,4773;EJECUTADA;46246;0;;;;;;;;;;;;;;;;;;;;;;;;;;;;
"03351-IA-2""-G1-0100-N_HOJA-4_SPXX_8";"03351-IA-2""-G1-0100-N_HOJA-4_SPXX";"03351-IA-2""-G1-0100-N_HOJA-4";Aire Instrumentación;03350-02-07;;BAJO ESPESADOR;"03351-IA-2""-G1-0100-N";4;0;SPXX;8;F;THD;2;80s;G1;N;AG;0,764;Aire de Instrumentacion ;;;;12/03/2026;46216;46246;46209;46246;46247;;0,95;0,7258;0,2485;0,4773;EJECUTADA;46246;0;;;;;;;;;;;;;;;;;;;;;;;;;;;;
"03351-IA-2""-G1-0100-N_HOJA-4_SPXX_9";"03351-IA-2""-G1-0100-N_HOJA-4_SPXX";"03351-IA-2""-G1-0100-N_HOJA-4";Aire Instrumentación;03350-02-07;;BAJO ESPESADOR;"03351-IA-2""-G1-0100-N";4;0;SPXX;9;F;THD;2;80s;G1;N;AG;0,764;Aire de Instrumentacion ;;;;12/03/2026;46216;46246;46209;46246;46247;;0,95;0,7258;0,2485;0,4773;EJECUTADA;46246;0;;;;;;;;;;;;;;;;;;;;;;;;;;;;
"03351-IA-2""-G1-0100-N_HOJA-4_SPXX_10";"03351-IA-2""-G1-0100-N_HOJA-4_SPXX";"03351-IA-2""-G1-0100-N_HOJA-4";Aire Instrumentación;03350-02-07;;BAJO ESPESADOR;"03351-IA-2""-G1-0100-N";4;0;SPXX;10;F;THD;2;80s;G1;N;AG;0,764;Aire de Instrumentacion ;;;;12/03/2026;46216;46246;46209;46246;46247;;0,95;0,7258;0,2485;0,4773;EJECUTADA;46246;0;;;;;;;;;;;;;;;;;;;;;;;;;;;;
"03351-IA-2""-G1-0100-N_HOJA-4_SPXX_11";"03351-IA-2""-G1-0100-N_HOJA-4_SPXX";"03351-IA-2""-G1-0100-N_HOJA-4";Aire Instrumentación;03350-02-07;;BAJO ESPESADOR;"03351-IA-2""-G1-0100-N";4;0;SPXX;11;F;THD;2;80s;G1;N;AG;0,764;Aire de Instrumentacion ;;;;12/03/2026;46216;46246;46209;46246;46247;;0,95;0,7258;0,2485;0,4773;EJECUTADA;46246;0;;;;;;;;;;;;;;;;;;;;;;;;;;;;
"03351-IA-2""-G1-0100-N_HOJA-4_SPXX_12";"03351-IA-2""-G1-0100-N_HOJA-4_SPXX";"03351-IA-2""-G1-0100-N_HOJA-4";Aire Instrumentación;03350-02-07;;BAJO ESPESADOR;"03351-IA-2""-G1-0100-N";4;0;SPXX;12;F;THD;2;80s;G1;N;AG;0,764;Aire de Instrumentacion ;;;;12/03/2026;46216;46246;46209;46246;46247;;0,95;0,7258;0,2485;0,4773;EJECUTADA;46246;0;;;;;;;;;;;;;;;;;;;;;;;;;;;;
"03351-IA-2""-G1-0100-N_HOJA-4_SPXX_13";"03351-IA-2""-G1-0100-N_HOJA-4_SPXX";"03351-IA-2""-G1-0100-N_HOJA-4";Aire Instrumentación;03350-02-07;;BAJO ESPESADOR;"03351-IA-2""-G1-0100-N";4;0;SPXX;13;F;THD;2;80s;G1;N;AG;0,764;Aire de Instrumentacion ;;;;12/03/2026;46216;46246;46209;46246;46247;;0,95;0,7258;0,2485;0,4773;EJECUTADA;46246;0;;;;;;;;;;;;;;;;;;;;;;;;;;;;
"03351-IA-2""-G1-0100-N_HOJA-4_SPXX_14";"03351-IA-2""-G1-0100-N_HOJA-4_SPXX";"03351-IA-2""-G1-0100-N_HOJA-4";Aire Instrumentación;03350-02-07;;BAJO ESPESADOR;"03351-IA-2""-G1-0100-N";4;0;SPXX;14;F;THD;;80s;G1;N;AG;;Aire de Instrumentacion ;;;Eliminada;12/03/2026;46216;46246;46209;46246;46247;;0,95;0;0;0;EJECUTADA;46246;0;;;;;;;;;;;;;;;;;;;;;;;;;;;;
"03351-IA-2""-G1-0101-N_HOJA-1_SPXX_1";"03351-IA-2""-G1-0101-N_HOJA-1_SPXX";"03351-IA-2""-G1-0101-N_HOJA-1";Aire Instrumentación;03350-02-07;;TORRE TRASFERENCIA;"03351-IA-2""-G1-0101-N";1;0;SPXX;1;F;THD;2;80;G1;N;AG;0,86;Aire de Instrumentacion ;;;;12/03/2026;46216;46255;46209;45889;46249;;0,95;0,817;0,301;0,516;;;;;;;;;;;;;;;;;;;;;;;;;;;;;;;
"03351-IA-2""-G1-0101-N_HOJA-1_SPXX_2";"03351-IA-2""-G1-0101-N_HOJA-1_SPXX";"03351-IA-2""-G1-0101-N_HOJA-1";Aire Instrumentación;03350-02-07;;TORRE TRASFERENCIA;"03351-IA-2""-G1-0101-N";1;0;SPXX;2;F;THD;2;80;G1;N;AG;0,86;Aire de Instrumentacion ;;;;12/03/2026;46216;46255;46209;45889;46249;;0,95;0,817;0,301;0,516;;;;;;;;;;;;;;;;;;;;;;;;;;;;;;;
"03351-IA-2""-G1-0101-N_HOJA-1_SPXX_3";"03351-IA-2""-G1-0101-N_HOJA-1_SPXX";"03351-IA-2""-G1-0101-N_HOJA-1";Aire Instrumentación;03350-02-07;;TORRE TRASFERENCIA;"03351-IA-2""-G1-0101-N";1;0;SPXX;3;F;THD;2;80;G1;N;AG;0,86;Aire de Instrumentacion ;;;;12/03/2026;46216;46255;46209;45889;46249;;0,95;0,817;0,301;0,516;;;;;;;;;;;;;;;;;;;;;;;;;;;;;;;
"03351-IA-2""-G1-0101-N_HOJA-1_SPXX_4";"03351-IA-2""-G1-0101-N_HOJA-1_SPXX";"03351-IA-2""-G1-0101-N_HOJA-1";Aire Instrumentación;03350-02-07;;TORRE TRASFERENCIA;"03351-IA-2""-G1-0101-N";1;0;SPXX;4;F;THD;2;80;G1;N;AG;0,86;Aire de Instrumentacion ;;;;12/03/2026;46216;46255;46209;45889;46249;;0,95;0,817;0,301;0,516;;;;;;;;;;;;;;;;;;;;;;;;;;;;;;;
"03351-IA-2""-G1-0101-N_HOJA-1_SPXX_5";"03351-IA-2""-G1-0101-N_HOJA-1_SPXX";"03351-IA-2""-G1-0101-N_HOJA-1";Aire Instrumentación;03350-02-07;;TORRE TRASFERENCIA;"03351-IA-2""-G1-0101-N";1;0;SPXX;5;F;THD;2;80;G1;N;AG;0,86;Aire de Instrumentacion ;;;;12/03/2026;46216;46255;46209;45889;46249;;0,95;0,817;0,301;0,516;;;;;;;;;;;;;;;;;;;;;;;;;;;;;;;
"03351-IA-2""-G1-0101-N_HOJA-1_SPXX_6";"03351-IA-2""-G1-0101-N_HOJA-1_SPXX";"03351-IA-2""-G1-0101-N_HOJA-1";Aire Instrumentación;03350-02-07;;TORRE TRASFERENCIA;"03351-IA-2""-G1-0101-N";1;0;SPXX;6;F;THD;2;80;G1;N;AG;0,86;Aire de Instrumentacion ;;;;12/03/2026;46216;46255;46209;45889;46249;;0,95;0,817;0,301;0,516;;;;;;;;;;;;;;;;;;;;;;;;;;;;;;;
"03351-IA-2""-G1-0101-N_HOJA-1_SPXX_7";"03351-IA-2""-G1-0101-N_HOJA-1_SPXX";"03351-IA-2""-G1-0101-N_HOJA-1";Aire Instrumentación;03350-02-07;;TORRE TRASFERENCIA;"03351-IA-2""-G1-0101-N";1;0;SPXX;7;F;THD;2;80;G1;N;AG;0,86;Aire de Instrumentacion ;;;;12/03/2026;46216;46255;46209;45889;46249;;0,95;0,817;0,301;0,516;;;;;;;;;;;;;;;;;;;;;;;;;;;;;;;
"03351-IA-2""-G1-0101-N_HOJA-1_SPXX_8";"03351-IA-2""-G1-0101-N_HOJA-1_SPXX";"03351-IA-2""-G1-0101-N_HOJA-1";Aire Instrumentación;03350-02-07;;TORRE TRASFERENCIA;"03351-IA-2""-G1-0101-N";1;0;SPXX;8;F;THD;2;80;G1;N;AG;0,86;Aire de Instrumentacion ;;;;12/03/2026;46216;46255;46209;45889;46249;;0,95;0,817;0,301;0,516;;;;;;;;;;;;;;;;;;;;;;;;;;;;;;;
"03351-IA-2""-G1-0101-N_HOJA-1_SPXX_9";"03351-IA-2""-G1-0101-N_HOJA-1_SPXX";"03351-IA-2""-G1-0101-N_HOJA-1";Aire Instrumentación;03350-02-07;;TORRE TRASFERENCIA;"03351-IA-2""-G1-0101-N";1;0;SPXX;9;F;THD;2;80;G1;N;AG;0,86;Aire de Instrumentacion ;;;;12/03/2026;46216;46255;46209;45889;46249;;0,95;0,817;0,301;0,516;;;;;;;;;;;;;;;;;;;;;;;;;;;;;;;
"03351-IA-2""-G1-0101-N_HOJA-1_SPXX_10";"03351-IA-2""-G1-0101-N_HOJA-1_SPXX";"03351-IA-2""-G1-0101-N_HOJA-1";Aire Instrumentación;03350-02-07;;TORRE TRASFERENCIA;"03351-IA-2""-G1-0101-N";1;0;SPXX;10;F;THD;2;80;G1;N;AG;0,86;Aire de Instrumentacion ;;;;12/03/2026;46216;46255;46209;45889;46249;;0,95;0,817;0,301;0,516;;;;;;;;;;;;;;;;;;;;;;;;;;;;;;;
"03351-IA-2""-G1-0101-N_HOJA-1_SPXX_11";"03351-IA-2""-G1-0101-N_HOJA-1_SPXX";"03351-IA-2""-G1-0101-N_HOJA-1";Aire Instrumentación;03350-02-07;;TORRE TRASFERENCIA;"03351-IA-2""-G1-0101-N";1;0;SPXX;11;F;THD;2;80;G1;N;AG;0,86;Aire de Instrumentacion ;;;;12/03/2026;46216;46255;46209;45889;46249;;0,95;0,817;0,301;0,516;;;;;;;;;;;;;;;;;;;;;;;;;;;;;;;
"03351-IA-2""-G1-0101-N_HOJA-1_SPXX_12";"03351-IA-2""-G1-0101-N_HOJA-1_SPXX";"03351-IA-2""-G1-0101-N_HOJA-1";Aire Instrumentación;03350-02-07;;TORRE TRASFERENCIA;"03351-IA-2""-G1-0101-N";1;0;SPXX;12;F;THD;2;80;G1;N;AG;0,86;Aire de Instrumentacion ;;;;12/03/2026;46216;46255;46209;45889;46249;;0,95;0,817;0,301;0,516;;;;;;;;;;;;;;;;;;;;;;;;;;;;;;;
"03351-IA-2""-G1-0101-N_HOJA-1_SPXX_13";"03351-IA-2""-G1-0101-N_HOJA-1_SPXX";"03351-IA-2""-G1-0101-N_HOJA-1";Aire Instrumentación;03350-02-07;;TORRE TRASFERENCIA;"03351-IA-2""-G1-0101-N";1;0;SPXX;13;F;THD;2;80;G1;N;AG;0,86;Aire de Instrumentacion ;;;;12/03/2026;46216;46255;46209;45889;46249;;0,95;0,817;0,301;0,516;;;;;;;;;;;;;;;;;;;;;;;;;;;;;;;
"03351-IA-2""-G1-0101-N_HOJA-1_SPXX_14";"03351-IA-2""-G1-0101-N_HOJA-1_SPXX";"03351-IA-2""-G1-0101-N_HOJA-1";Aire Instrumentación;03350-02-07;;TORRE TRASFERENCIA;"03351-IA-2""-G1-0101-N";1;0;SPXX;14;F;THD;2;80;G1;N;AG;0,86;Aire de Instrumentacion ;;;;12/03/2026;46216;46255;46209;45889;46249;;0,95;0,817;0,301;0,516;;;;;;;;;;;;;;;;;;;;;;;;;;;;;;;
"03351-IA-2""-G1-0101-N_HOJA-1_SPXX_15";"03351-IA-2""-G1-0101-N_HOJA-1_SPXX";"03351-IA-2""-G1-0101-N_HOJA-1";Aire Instrumentación;03350-02-07;;TORRE TRASFERENCIA;"03351-IA-2""-G1-0101-N";1;0;SPXX;15;F;THD;2;80;G1;N;AG;0,86;Aire de Instrumentacion ;;;;12/03/2026;46216;46255;46209;45889;46249;;0,95;0,817;0,301;0,516;;;;;;;;;;;;;;;;;;;;;;;;;;;;;;;
"03351-IA-2""-G1-0101-N_HOJA-1_SPXX_16";"03351-IA-2""-G1-0101-N_HOJA-1_SPXX";"03351-IA-2""-G1-0101-N_HOJA-1";Aire Instrumentación;03350-02-07;;TORRE TRASFERENCIA;"03351-IA-2""-G1-0101-N";1;0;SPXX;16;F;THD;1;80;G1;N;AG;0,86;Aire de Instrumentacion ;;;;12/03/2026;46216;46255;46209;45889;46249;;0,95;0,817;0,301;0,516;;;;;;;;;;;;;;;;;;;;;;;;;;;;;;;
"03351-IA-2""-G1-0101-N_HOJA-1_SPXX_17";"03351-IA-2""-G1-0101-N_HOJA-1_SPXX";"03351-IA-2""-G1-0101-N_HOJA-1";Aire Instrumentación;03350-02-07;;TORRE TRASFERENCIA;"03351-IA-2""-G1-0101-N";1;0;SPXX;17;F;THD;1;80;G1;N;AG;0,86;Aire de Instrumentacion ;;;;12/03/2026;46216;46255;46209;45889;46249;;0,95;0,817;0,301;0,516;;;;;;;;;;;;;;;;;;;;;;;;;;;;;;;
"03351-IA-2""-G1-0101-N_HOJA-1_SPXX_18";"03351-IA-2""-G1-0101-N_HOJA-1_SPXX";"03351-IA-2""-G1-0101-N_HOJA-1";Aire Instrumentación;03350-02-07;;TORRE TRASFERENCIA;"03351-IA-2""-G1-0101-N";1;0;SPXX;18;F;THD;1;80;G1;N;AG;0,86;Aire de Instrumentacion ;;;;12/03/2026;46216;46255;46209;45889;46249;;0,95;0,817;0,301;0,516;;;;;;;;;;;;;;;;;;;;;;;;;;;;;;;
"03351-IA-2""-G1-0101-N_HOJA-1_SPXX_19";"03351-IA-2""-G1-0101-N_HOJA-1_SPXX";"03351-IA-2""-G1-0101-N_HOJA-1";Aire Instrumentación;03350-02-07;;TORRE TRASFERENCIA;"03351-IA-2""-G1-0101-N";1;0;SPXX;19;F;THD;1;80;G1;N;AG;0,86;Aire de Instrumentacion ;;;;12/03/2026;46216;46255;46209;45889;46249;;0,95;0,817;0,301;0,516;;;;;;;;;;;;;;;;;;;;;;;;;;;;;;;
"03351-IA-2""-G1-0110-N_HOJA-1_SPXX_1";"03351-IA-2""-G1-0110-N_HOJA-1_SPXX";"03351-IA-2""-G1-0110-N_HOJA-1";Aire Instrumentación;03350-02-07;;PIPE RACK ;"03351-IA-2""-G1-0110-N";1;0;SPXX;1;F;THD;;80;G1;N;AG;28;Aire de Instrumentacion ;03351-TCN-014;;Eliminada;12/03/2026;46216;46248;46209;46248;46248;46248;1;28;0,49;27,51;;;;;;;;;;;;;;;;;;;;;;;;;;;;;;;
"03351-IA-2""-G1-0110-N_HOJA-1_SPXX_2";"03351-IA-2""-G1-0110-N_HOJA-1_SPXX";"03351-IA-2""-G1-0110-N_HOJA-1";Aire Instrumentación;03350-02-07;;PIPE RACK ;"03351-IA-2""-G1-0110-N";1;0;SPXX;2;F;THD;;80;G1;N;AG;;Aire de Instrumentacion ;;;Eliminada;12/03/2026;46216;;46209;;46249;;0,4;0;0;0;;;;;;;;;;;;;;;;;;;;;;;;;;;;;;;
"03351-IA-2""-G1-0110-N_HOJA-1_SPXX_3";"03351-IA-2""-G1-0110-N_HOJA-1_SPXX";"03351-IA-2""-G1-0110-N_HOJA-1";Aire Instrumentación;03350-02-07;;PIPE RACK ;"03351-IA-2""-G1-0110-N";1;0;SPXX;3;F;THD;;80;G1;N;AG;;Aire de Instrumentacion ;;;Eliminada;12/03/2026;46216;;46209;;46249;;0,4;0;0;0;;;;;;;;;;;;;;;;;;;;;;;;;;;;;;;
"03351-IA-2""-G1-0110-N_HOJA-1_SPXX_4";"03351-IA-2""-G1-0110-N_HOJA-1_SPXX";"03351-IA-2""-G1-0110-N_HOJA-1";Aire Instrumentación;03350-02-07;;PIPE RACK ;"03351-IA-2""-G1-0110-N";1;0;SPXX;4;F;THD;;80;G1;N;AG;;Aire de Instrumentacion ;;;Eliminada;12/03/2026;46216;;46209;;46249;;0,4;0;0;0;;;;;;;;;;;;;;;;;;;;;;;;;;;;;;;
"03351-IA-2""-G1-0110-N_HOJA-1_SPXX_5";"03351-IA-2""-G1-0110-N_HOJA-1_SPXX";"03351-IA-2""-G1-0110-N_HOJA-1";Aire Instrumentación;03350-02-07;;PIPE RACK ;"03351-IA-2""-G1-0110-N";1;0;SPXX;5;F;THD;;80;G1;N;AG;;Aire de Instrumentacion ;;;Eliminada;12/03/2026;46216;;46209;;46249;;0,4;0;0;0;;;;;;;;;;;;;;;;;;;;;;;;;;;;;;;
"03351-IA-2""-G1-0110-N_HOJA-1_SPXX_6";"03351-IA-2""-G1-0110-N_HOJA-1_SPXX";"03351-IA-2""-G1-0110-N_HOJA-1";Aire Instrumentación;03350-02-07;;PIPE RACK ;"03351-IA-2""-G1-0110-N";1;0;SPXX;6;F;THD;;80;G1;N;AG;;Aire de Instrumentacion ;;;Eliminada;12/03/2026;46216;;46209;;46249;;0,4;0;0;0;;;;;;;;;;;;;;;;;;;;;;;;;;;;;;;
"03351-IA-2""-G1-0110-N_HOJA-1_SPXX_7";"03351-IA-2""-G1-0110-N_HOJA-1_SPXX";"03351-IA-2""-G1-0110-N_HOJA-1";Aire Instrumentación;03350-02-07;;PIPE RACK ;"03351-IA-2""-G1-0110-N";1;0;SPXX;7;F;THD;;80;G1;N;AG;;Aire de Instrumentacion ;;;Eliminada;12/03/2026;46216;;46209;;46249;;0,4;0;0;0;;;;;;;;;;;;;;;;;;;;;;;;;;;;;;;
"03351-IA-2""-G1-0110-N_HOJA-1_SPXX_8";"03351-IA-2""-G1-0110-N_HOJA-1_SPXX";"03351-IA-2""-G1-0110-N_HOJA-1";Aire Instrumentación;03350-02-07;;PIPE RACK ;"03351-IA-2""-G1-0110-N";1;0;SPXX;8;F;THD;;80;G1;N;AG;;Aire de Instrumentacion ;;;Eliminada;12/03/2026;46216;;46209;;46249;;0,4;0;0;0;;;;;;;;;;;;;;;;;;;;;;;;;;;;;;;
"03351-IA-2""-G1-0110-N_HOJA-1_SPXX_9";"03351-IA-2""-G1-0110-N_HOJA-1_SPXX";"03351-IA-2""-G1-0110-N_HOJA-1";Aire Instrumentación;03350-02-07;;PIPE RACK ;"03351-IA-2""-G1-0110-N";1;0;SPXX;9;F;THD;;80;G1;N;AG;;Aire de Instrumentacion ;;;Eliminada;12/03/2026;46216;;46209;;46249;;0,4;0;0;0;;;;;;;;;;;;;;;;;;;;;;;;;;;;;;;
"03351-IA-2""-G1-0110-N_HOJA-1_SPXX_10";"03351-IA-2""-G1-0110-N_HOJA-1_SPXX";"03351-IA-2""-G1-0110-N_HOJA-1";Aire Instrumentación;03350-02-07;;PIPE RACK ;"03351-IA-2""-G1-0110-N";1;0;SPXX;10;F;THD;;80;G1;N;AG;;Aire de Instrumentacion ;;;Eliminada;12/03/2026;46216;;46209;;46249;;0,4;0;0;0;;;;;;;;;;;;;;;;;;;;;;;;;;;;;;;
"03351-IA-2""-G1-0110-N_HOJA-1_SPXX_11";"03351-IA-2""-G1-0110-N_HOJA-1_SPXX";"03351-IA-2""-G1-0110-N_HOJA-1";Aire Instrumentación;03350-02-07;;PIPE RACK ;"03351-IA-2""-G1-0110-N";1;0;SPXX;11;F;THD;;80;G1;N;AG;;Aire de Instrumentacion ;;;Eliminada;12/03/2026;46216;;46209;;46249;;0,4;0;0;0;;;;;;;;;;;;;;;;;;;;;;;;;;;;;;;
"03351-IA-2""-G1-0110-N_HOJA-1_SPXX_12";"03351-IA-2""-G1-0110-N_HOJA-1_SPXX";"03351-IA-2""-G1-0110-N_HOJA-1";Aire Instrumentación;03350-02-07;;PIPE RACK ;"03351-IA-2""-G1-0110-N";1;0;SPXX;12;F;THD;;80;G1;N;AG;;Aire de Instrumentacion ;;;Eliminada;12/03/2026;46216;;46209;;46249;;0,4;0;0;0;;;;;;;;;;;;;;;;;;;;;;;;;;;;;;;
"03351-IA-2""-G1-0110-N_HOJA-1_SPXX_13";"03351-IA-2""-G1-0110-N_HOJA-1_SPXX";"03351-IA-2""-G1-0110-N_HOJA-1";Aire Instrumentación;03350-02-07;;PIPE RACK ;"03351-IA-2""-G1-0110-N";1;0;SPXX;13;F;THD;;80;G1;N;AG;;Aire de Instrumentacion ;;;Eliminada;12/03/2026;46216;;46209;;46249;;0,4;0;0;0;;;;;;;;;;;;;;;;;;;;;;;;;;;;;;;
"03351-IA-2""-G1-0110-N_HOJA-1_SPXX_14";"03351-IA-2""-G1-0110-N_HOJA-1_SPXX";"03351-IA-2""-G1-0110-N_HOJA-1";Aire Instrumentación;03350-02-07;;PIPE RACK ;"03351-IA-2""-G1-0110-N";1;0;SPXX;14;F;THD;;80;G1;N;AG;;Aire de Instrumentacion ;;;Eliminada;12/03/2026;46216;;46209;;46249;;0,4;0;0;0;;;;;;;;;;;;;;;;;;;;;;;;;;;;;;;
"03351-IA-2""-G1-0110-N_HOJA-1_SPXX_15";"03351-IA-2""-G1-0110-N_HOJA-1_SPXX";"03351-IA-2""-G1-0110-N_HOJA-1";Aire Instrumentación;03350-02-07;;PIPE RACK ;"03351-IA-2""-G1-0110-N";1;0;SPXX;15;F;THD;;80;G1;N;AG;;Aire de Instrumentacion ;;;Eliminada;12/03/2026;46216;;46209;;46249;;0,4;0;0;0;;;;;;;;;;;;;;;;;;;;;;;;;;;;;;;
"03351-IA-2""-G1-0110-N_HOJA-1_SPXX_16";"03351-IA-2""-G1-0110-N_HOJA-1_SPXX";"03351-IA-2""-G1-0110-N_HOJA-1";Aire Instrumentación;03350-02-07;;PIPE RACK ;"03351-IA-2""-G1-0110-N";1;0;SPXX;16;F;THD;;80;G1;N;AG;;Aire de Instrumentacion ;;;Eliminada;12/03/2026;46216;;46209;;46249;;0,4;0;0;0;;;;;;;;;;;;;;;;;;;;;;;;;;;;;;;
"03351-IA-2""-G1-0110-N_HOJA-1_SPXX_17";"03351-IA-2""-G1-0110-N_HOJA-1_SPXX";"03351-IA-2""-G1-0110-N_HOJA-1";Aire Instrumentación;03350-02-07;;PIPE RACK ;"03351-IA-2""-G1-0110-N";1;0;SPXX;17;F;THD;;80;G1;N;AG;;Aire de Instrumentacion ;;;Eliminada;12/03/2026;46216;;46209;;46249;;0,4;0;0;0;;;;;;;;;;;;;;;;;;;;;;;;;;;;;;;
"03351-IA-2""-G1-0110-N_HOJA-1_SPXX_18";"03351-IA-2""-G1-0110-N_HOJA-1_SPXX";"03351-IA-2""-G1-0110-N_HOJA-1";Aire Instrumentación;03350-02-07;;PIPE RACK ;"03351-IA-2""-G1-0110-N";1;0;SPXX;18;F;THD;;80;G1;N;AG;;Aire de Instrumentacion ;;;Eliminada;12/03/2026;46216;;46209;;46249;;0,4;0;0;0;;;;;;;;;;;;;;;;;;;;;;;;;;;;;;;
"03351-IA-2""-G1-0110-N_HOJA-1_SPXX_19";"03351-IA-2""-G1-0110-N_HOJA-1_SPXX";"03351-IA-2""-G1-0110-N_HOJA-1";Aire Instrumentación;03350-02-07;;PIPE RACK ;"03351-IA-2""-G1-0110-N";1;0;SPXX;19;F;THD;;80;G1;N;AG;;Aire de Instrumentacion ;;;Eliminada;12/03/2026;46216;;46209;;46249;;0,4;0;0;0;;;;;;;;;;;;;;;;;;;;;;;;;;;;;;;
"03351-IA-2""-G1-0110-N_HOJA-1_SPXX_20";"03351-IA-2""-G1-0110-N_HOJA-1_SPXX";"03351-IA-2""-G1-0110-N_HOJA-1";Aire Instrumentación;03350-02-07;;PIPE RACK ;"03351-IA-2""-G1-0110-N";1;0;SPXX;20;F;THD;;80;G1;N;AG;;Aire de Instrumentacion ;;;Eliminada;12/03/2026;46216;;46209;;46249;;0,4;0;0;0;;;;;;;;;;;;;;;;;;;;;;;;;;;;;;;
"03351-IA-2""-G1-0112-N_HOJA-1_SPXX_0";"03351-IA-2""-G1-0112-N_HOJA-1_SPXX";"03351-IA-2""-G1-0112-N_HOJA-1";Aire Instrumentación;03350-02-07;;PIPE RACK ;"03351-IA-2""-G1-0112-N";1;0;SPXX;0;F;THD;;80s;G1;N;AG;87,34;Aire de Instrumentacion ;;;;12/03/2026;46216;46250;46209;46250;46249;46250;1;87,34;3,36;83,98;;;;;;;;;;;;;;;;;;;;;;;;;;;;;;;
"03351-IA-2""-G1-0112-N_HOJA-2_SPXX_1";"03351-IA-2""-G1-0112-N_HOJA-2_SPXX";"03351-IA-2""-G1-0112-N_HOJA-2";Aire Instrumentación;03350-02-07;;PIPE RACK ;"03351-IA-2""-G1-0112-N";2;0;SPXX;1;F;THD;;80s;G1;N;AG;;Aire de Instrumentacion ;03351-TCN-010;;Eliminada;12/03/2026;46216;;46209;;46249;;0,4;0;0;0;;;;;;;;;;;;;;;;;;;;;;;;;;;;;;;
"03351-IA-2""-G1-0112-N_HOJA-2_SPXX_2";"03351-IA-2""-G1-0112-N_HOJA-2_SPXX";"03351-IA-2""-G1-0112-N_HOJA-2";Aire Instrumentación;03350-02-07;;PIPE RACK ;"03351-IA-2""-G1-0112-N";2;0;SPXX;2;F;THD;;80s;G1;N;AG;;Aire de Instrumentacion ;;;Eliminada;12/03/2026;46216;;46209;;46249;;0,4;0;0;0;;;;;;;;;;;;;;;;;;;;;;;;;;;;;;;
"03351-IA-2""-G1-0112-N_HOJA-2_SPXX_3";"03351-IA-2""-G1-0112-N_HOJA-2_SPXX";"03351-IA-2""-G1-0112-N_HOJA-2";Aire Instrumentación;03350-02-07;;PIPE RACK ;"03351-IA-2""-G1-0112-N";2;0;SPXX;3;F;THD;;80s;G1;N;AG;;Aire de Instrumentacion ;;;Eliminada;12/03/2026;46216;;46209;;46249;;0,4;0;0;0;;;;;;;;;;;;;;;;;;;;;;;;;;;;;;;
"03351-IA-2""-G1-0112-N_HOJA-2_SPXX_4";"03351-IA-2""-G1-0112-N_HOJA-2_SPXX";"03351-IA-2""-G1-0112-N_HOJA-2";Aire Instrumentación;03350-02-07;;PIPE RACK ;"03351-IA-2""-G1-0112-N";2;0;SPXX;4;F;THD;;80s;G1;N;AG;;Aire de Instrumentacion ;;;Eliminada;12/03/2026;46216;;46209;;46249;;0,4;0;0;0;;;;;;;;;;;;;;;;;;;;;;;;;;;;;;;
"03351-IA-2""-G1-0112-N_HOJA-2_SPXX_5";"03351-IA-2""-G1-0112-N_HOJA-2_SPXX";"03351-IA-2""-G1-0112-N_HOJA-2";Aire Instrumentación;03350-02-07;;PIPE RACK ;"03351-IA-2""-G1-0112-N";2;0;SPXX;5;F;THD;;80s;G1;N;AG;;Aire de Instrumentacion ;;;Eliminada;12/03/2026;46216;;46209;;46249;;0,4;0;0;0;;;;;;;;;;;;;;;;;;;;;;;;;;;;;;;
"03351-IA-2""-G1-0112-N_HOJA-2_SPXX_6";"03351-IA-2""-G1-0112-N_HOJA-2_SPXX";"03351-IA-2""-G1-0112-N_HOJA-2";Aire Instrumentación;03350-02-07;;PIPE RACK ;"03351-IA-2""-G1-0112-N";2;0;SPXX;6;F;THD;;80s;G1;N;AG;;Aire de Instrumentacion ;;;Eliminada;12/03/2026;46216;;46209;;46249;;0,4;0;0;0;;;;;;;;;;;;;;;;;;;;;;;;;;;;;;;
"03351-IA-2""-G1-0112-N_HOJA-2_SPXX_7";"03351-IA-2""-G1-0112-N_HOJA-2_SPXX";"03351-IA-2""-G1-0112-N_HOJA-2";Aire Instrumentación;03350-02-07;;PIPE RACK ;"03351-IA-2""-G1-0112-N";2;0;SPXX;7;F;THD;;80s;G1;N;AG;;Aire de Instrumentacion ;;;Eliminada;12/03/2026;46216;;46209;;46249;;0,4;0;0;0;;;;;;;;;;;;;;;;;;;;;;;;;;;;;;;
"03351-IA-2""-G1-0112-N_HOJA-2_SPXX_8";"03351-IA-2""-G1-0112-N_HOJA-2_SPXX";"03351-IA-2""-G1-0112-N_HOJA-2";Aire Instrumentación;03350-02-07;;PIPE RACK ;"03351-IA-2""-G1-0112-N";2;0;SPXX;8;F;THD;;80s;G1;N;AG;;Aire de Instrumentacion ;;;Eliminada;12/03/2026;46216;;46209;;46249;;0,4;0;0;0;;;;;;;;;;;;;;;;;;;;;;;;;;;;;;;
"03351-IA-2""-G1-0112-N_HOJA-2_SPXX_9";"03351-IA-2""-G1-0112-N_HOJA-2_SPXX";"03351-IA-2""-G1-0112-N_HOJA-2";Aire Instrumentación;03350-02-07;;PIPE RACK ;"03351-IA-2""-G1-0112-N";2;0;SPXX;9;F;THD;;80s;G1;N;AG;;Aire de Instrumentacion ;;;Eliminada;12/03/2026;46216;;46209;;46249;;0,4;0;0;0;;;;;;;;;;;;;;;;;;;;;;;;;;;;;;;
"03351-IA-2""-G1-0112-N_HOJA-2_SPXX_10";"03351-IA-2""-G1-0112-N_HOJA-2_SPXX";"03351-IA-2""-G1-0112-N_HOJA-2";Aire Instrumentación;03350-02-07;;PIPE RACK ;"03351-IA-2""-G1-0112-N";2;0;SPXX;10;F;THD;;80s;G1;N;AG;;Aire de Instrumentacion ;;;Eliminada;12/03/2026;46216;;46209;;46249;;0,4;0;0;0;;;;;;;;;;;;;;;;;;;;;;;;;;;;;;;
"03351-IA-2""-G1-0112-N_HOJA-2_SPXX_11";"03351-IA-2""-G1-0112-N_HOJA-2_SPXX";"03351-IA-2""-G1-0112-N_HOJA-2";Aire Instrumentación;03350-02-07;;PIPE RACK ;"03351-IA-2""-G1-0112-N";2;0;SPXX;11;F;THD;;80s;G1;N;AG;;Aire de Instrumentacion ;;;Eliminada;12/03/2026;46216;;46209;;46249;;0,4;0;0;0;;;;;;;;;;;;;;;;;;;;;;;;;;;;;;;
"03351-IA-2""-G1-0112-N_HOJA-2_SPXX_12";"03351-IA-2""-G1-0112-N_HOJA-2_SPXX";"03351-IA-2""-G1-0112-N_HOJA-2";Aire Instrumentación;03350-02-07;;PIPE RACK ;"03351-IA-2""-G1-0112-N";2;0;SPXX;12;F;THD;;80s;G1;N;AG;;Aire de Instrumentacion ;;;Eliminada;12/03/2026;46216;;46209;;46249;;0,4;0;0;0;;;;;;;;;;;;;;;;;;;;;;;;;;;;;;;
"03351-IA-2""-G1-0112-N_HOJA-2_SPXX_13";"03351-IA-2""-G1-0112-N_HOJA-2_SPXX";"03351-IA-2""-G1-0112-N_HOJA-2";Aire Instrumentación;03350-02-07;;PIPE RACK ;"03351-IA-2""-G1-0112-N";2;0;SPXX;13;F;THD;;80s;G1;N;AG;;Aire de Instrumentacion ;;;Eliminada;12/03/2026;46216;;46209;;46249;;0,4;0;0;0;;;;;;;;;;;;;;;;;;;;;;;;;;;;;;;
"03351-IA-2""-G1-0112-N_HOJA-2_SPXX_14";"03351-IA-2""-G1-0112-N_HOJA-2_SPXX";"03351-IA-2""-G1-0112-N_HOJA-2";Aire Instrumentación;03350-02-07;;PIPE RACK ;"03351-IA-2""-G1-0112-N";2;0;SPXX;14;F;THD;;80s;G1;N;AG;;Aire de Instrumentacion ;;;Eliminada;12/03/2026;46216;;46209;;46249;;0,4;0;0;0;;;;;;;;;;;;;;;;;;;;;;;;;;;;;;;
"03351-IA-2""-G1-0112-N_HOJA-3_SPXX_1";"03351-IA-2""-G1-0112-N_HOJA-3_SPXX";"03351-IA-2""-G1-0112-N_HOJA-3";Aire Instrumentación;03350-02-07;;PIPE RACK ;"03351-IA-2""-G1-0112-N";3;0;SPXX;1;F;THD;;80s;G1;N;AG;;Aire de Instrumentacion ;;;Eliminada;12/03/2026;46216;;46209;;46249;;0,4;0;0;0;;;;;;;;;;;;;;;;;;;;;;;;;;;;;;;
"03351-IA-2""-G1-0112-N_HOJA-3_SPXX_2";"03351-IA-2""-G1-0112-N_HOJA-3_SPXX";"03351-IA-2""-G1-0112-N_HOJA-3";Aire Instrumentación;03350-02-07;;PIPE RACK ;"03351-IA-2""-G1-0112-N";3;0;SPXX;2;F;THD;;80s;G1;N;AG;;Aire de Instrumentacion ;;;Eliminada;12/03/2026;46216;;46209;;46249;;0,4;0;0;0;;;;;;;;;;;;;;;;;;;;;;;;;;;;;;;
"03351-IA-2""-G1-0112-N_HOJA-3_SPXX_3";"03351-IA-2""-G1-0112-N_HOJA-3_SPXX";"03351-IA-2""-G1-0112-N_HOJA-3";Aire Instrumentación;03350-02-07;;PIPE RACK ;"03351-IA-2""-G1-0112-N";3;0;SPXX;3;F;THD;;80s;G1;N;AG;;Aire de Instrumentacion ;;;Eliminada;12/03/2026;46216;;46209;;46249;;0,4;0;0;0;;;;;;;;;;;;;;;;;;;;;;;;;;;;;;;
"03351-IA-2""-G1-0112-N_HOJA-3_SPXX_4";"03351-IA-2""-G1-0112-N_HOJA-3_SPXX";"03351-IA-2""-G1-0112-N_HOJA-3";Aire Instrumentación;03350-02-07;;PIPE RACK ;"03351-IA-2""-G1-0112-N";3;0;SPXX;4;F;THD;;80s;G1;N;AG;;Aire de Instrumentacion ;;;Eliminada;12/03/2026;46216;;46209;;46249;;0,4;0;0;0;;;;;;;;;;;;;;;;;;;;;;;;;;;;;;;
"03351-IA-2""-G1-0112-N_HOJA-3_SPXX_5";"03351-IA-2""-G1-0112-N_HOJA-3_SPXX";"03351-IA-2""-G1-0112-N_HOJA-3";Aire Instrumentación;03350-02-07;;PIPE RACK ;"03351-IA-2""-G1-0112-N";3;0;SPXX;5;F;THD;;80s;G1;N;AG;;Aire de Instrumentacion ;;;Eliminada;12/03/2026;46216;;46209;;46249;;0,4;0;0;0;;;;;;;;;;;;;;;;;;;;;;;;;;;;;;;
"03351-IA-2""-G1-0112-N_HOJA-3_SPXX_6";"03351-IA-2""-G1-0112-N_HOJA-3_SPXX";"03351-IA-2""-G1-0112-N_HOJA-3";Aire Instrumentación;03350-02-07;;PIPE RACK ;"03351-IA-2""-G1-0112-N";3;0;SPXX;6;F;THD;;80s;G1;N;AG;;Aire de Instrumentacion ;;;Eliminada;12/03/2026;46216;;46209;;46249;;0,4;0;0;0;;;;;;;;;;;;;;;;;;;;;;;;;;;;;;;
"03351-IA-2""-G1-0112-N_HOJA-3_SPXX_7";"03351-IA-2""-G1-0112-N_HOJA-3_SPXX";"03351-IA-2""-G1-0112-N_HOJA-3";Aire Instrumentación;03350-02-07;;PIPE RACK ;"03351-IA-2""-G1-0112-N";3;0;SPXX;7;F;THD;;80s;G1;N;AG;;Aire de Instrumentacion ;;;Eliminada;12/03/2026;46216;;46209;;46249;;0,4;0;0;0;;;;;;;;;;;;;;;;;;;;;;;;;;;;;;;
"03351-IA-2""-G1-0112-N_HOJA-3_SPXX_8";"03351-IA-2""-G1-0112-N_HOJA-3_SPXX";"03351-IA-2""-G1-0112-N_HOJA-3";Aire Instrumentación;03350-02-07;;PIPE RACK ;"03351-IA-2""-G1-0112-N";3;0;SPXX;8;F;THD;;80s;G1;N;AG;;Aire de Instrumentacion ;;;Eliminada;12/03/2026;46216;;46209;;46249;;0,4;0;0;0;;;;;;;;;;;;;;;;;;;;;;;;;;;;;;;
"03351-IA-2""-G1-0112-N_HOJA-3_SPXX_9";"03351-IA-2""-G1-0112-N_HOJA-3_SPXX";"03351-IA-2""-G1-0112-N_HOJA-3";Aire Instrumentación;03350-02-07;;PIPE RACK ;"03351-IA-2""-G1-0112-N";3;0;SPXX;9;F;THD;;80s;G1;N;AG;;Aire de Instrumentacion ;;;Eliminada;12/03/2026;46216;;46209;;46249;;0,4;0;0;0;;;;;;;;;;;;;;;;;;;;;;;;;;;;;;;
"03351-IA-2""-G1-0112-N_HOJA-3_SPXX_10";"03351-IA-2""-G1-0112-N_HOJA-3_SPXX";"03351-IA-2""-G1-0112-N_HOJA-3";Aire Instrumentación;03350-02-07;;PIPE RACK ;"03351-IA-2""-G1-0112-N";3;0;SPXX;10;F;THD;;80s;G1;N;AG;;Aire de Instrumentacion ;;;Eliminada;12/03/2026;46216;;46209;;46249;;0,4;0;0;0;;;;;;;;;;;;;;;;;;;;;;;;;;;;;;;
"03351-IA-2""-G1-0112-N_HOJA-3_SPXX_11";"03351-IA-2""-G1-0112-N_HOJA-3_SPXX";"03351-IA-2""-G1-0112-N_HOJA-3";Aire Instrumentación;03350-02-07;;PIPE RACK ;"03351-IA-2""-G1-0112-N";3;0;SPXX;11;F;THD;;80s;G1;N;AG;;Aire de Instrumentacion ;;;Eliminada;12/03/2026;46216;;46209;;46249;;0,4;0;0;0;;;;;;;;;;;;;;;;;;;;;;;;;;;;;;;
"03351-IA-2""-G1-0112-N_HOJA-3_SPXX_12";"03351-IA-2""-G1-0112-N_HOJA-3_SPXX";"03351-IA-2""-G1-0112-N_HOJA-3";Aire Instrumentación;03350-02-07;;PIPE RACK ;"03351-IA-2""-G1-0112-N";3;0;SPXX;12;F;THD;;80s;G1;N;AG;;Aire de Instrumentacion ;;;Eliminada;12/03/2026;46216;;46209;;46249;;0,4;0;0;0;;;;;;;;;;;;;;;;;;;;;;;;;;;;;;;
"03351-IA-2""-G1-0112-N_HOJA-3_SPXX_13";"03351-IA-2""-G1-0112-N_HOJA-3_SPXX";"03351-IA-2""-G1-0112-N_HOJA-3";Aire Instrumentación;03350-02-07;;PIPE RACK ;"03351-IA-2""-G1-0112-N";3;0;SPXX;13;F;THD;;80s;G1;N;AG;;Aire de Instrumentacion ;;;Eliminada;12/03/2026;46216;;46209;;46249;;0,4;0;0;0;;;;;;;;;;;;;;;;;;;;;;;;;;;;;;;
"03351-IA-2""-G1-0112-N_HOJA-3_SPXX_14";"03351-IA-2""-G1-0112-N_HOJA-3_SPXX";"03351-IA-2""-G1-0112-N_HOJA-3";Aire Instrumentación;03350-02-07;;PIPE RACK ;"03351-IA-2""-G1-0112-N";3;0;SPXX;14;F;THD;;80s;G1;N;AG;;Aire de Instrumentacion ;;;Eliminada;12/03/2026;46216;;46209;;46249;;0,4;0;0;0;;;;;;;;;;;;;;;;;;;;;;;;;;;;;;;
"03351-IA-2""-G1-0112-N_HOJA-3_SPXX_15";"03351-IA-2""-G1-0112-N_HOJA-3_SPXX";"03351-IA-2""-G1-0112-N_HOJA-3";Aire Instrumentación;03350-02-07;;PIPE RACK ;"03351-IA-2""-G1-0112-N";3;0;SPXX;15;F;THD;;80s;G1;N;AG;;Aire de Instrumentacion ;;;Eliminada;12/03/2026;46216;;46209;;46249;;0,4;0;0;0;;;;;;;;;;;;;;;;;;;;;;;;;;;;;;;
"03351-IA-2""-G1-0112-N_HOJA-3_SPXX_16";"03351-IA-2""-G1-0112-N_HOJA-3_SPXX";"03351-IA-2""-G1-0112-N_HOJA-3";Aire Instrumentación;03350-02-07;;PIPE RACK ;"03351-IA-2""-G1-0112-N";3;0;SPXX;16;F;THD;;80s;G1;N;AG;;Aire de Instrumentacion ;;;Eliminada;12/03/2026;46216;;46209;;46249;;0,4;0;0;0;;;;;;;;;;;;;;;;;;;;;;;;;;;;;;;
"03351-IA-2""-G1-0112-N_HOJA-3_SPXX_17";"03351-IA-2""-G1-0112-N_HOJA-3_SPXX";"03351-IA-2""-G1-0112-N_HOJA-3";Aire Instrumentación;03350-02-07;;PIPE RACK ;"03351-IA-2""-G1-0112-N";3;0;SPXX;17;F;THD;;80s;G1;N;AG;;Aire de Instrumentacion ;;;Eliminada;12/03/2026;46216;;46209;;46249;;0,4;0;0;0;;;;;;;;;;;;;;;;;;;;;;;;;;;;;;;
"03351-IA-2""-G1-0112-N_HOJA-3_SPXX_18";"03351-IA-2""-G1-0112-N_HOJA-3_SPXX";"03351-IA-2""-G1-0112-N_HOJA-3";Aire Instrumentación;03350-02-07;;PIPE RACK ;"03351-IA-2""-G1-0112-N";3;0;SPXX;18;F;THD;;80s;G1;N;AG;;Aire de Instrumentacion ;;;Eliminada;12/03/2026;46216;;46209;;46249;;0,4;0;0;0;;;;;;;;;;;;;;;;;;;;;;;;;;;;;;;
"03351-IA-2""-G1-0112-N_HOJA-3_SPXX_19";"03351-IA-2""-G1-0112-N_HOJA-3_SPXX";"03351-IA-2""-G1-0112-N_HOJA-3";Aire Instrumentación;03350-02-07;;PIPE RACK ;"03351-IA-2""-G1-0112-N";3;0;SPXX;19;F;THD;;80s;G1;N;AG;;Aire de Instrumentacion ;;;Eliminada;12/03/2026;46216;;46209;;46249;;0,4;0;0;0;;;;;;;;;;;;;;;;;;;;;;;;;;;;;;;
"03351-IA-2""-G1-0112-N_HOJA-3_SPXX_20";"03351-IA-2""-G1-0112-N_HOJA-3_SPXX";"03351-IA-2""-G1-0112-N_HOJA-3";Aire Instrumentación;03350-02-07;;PIPE RACK ;"03351-IA-2""-G1-0112-N";3;0;SPXX;20;F;THD;;80s;G1;N;AG;;Aire de Instrumentacion ;;;Eliminada;12/03/2026;46216;;46209;;46249;;0,4;0;0;0;;;;;;;;;;;;;;;;;;;;;;;;;;;;;;;
"03351-IA-2""-G1-0112-N_HOJA-3_SPXX_21";"03351-IA-2""-G1-0112-N_HOJA-3_SPXX";"03351-IA-2""-G1-0112-N_HOJA-3";Aire Instrumentación;03350-02-07;;PIPE RACK ;"03351-IA-2""-G1-0112-N";3;0;SPXX;21;F;THD;;80s;G1;N;AG;;Aire de Instrumentacion ;;;Eliminada;12/03/2026;46216;;46209;;46249;;0,4;0;0;0;;;;;;;;;;;;;;;;;;;;;;;;;;;;;;;
"03351-IA-2""-G1-0112-N_HOJA-3_SPXX_22";"03351-IA-2""-G1-0112-N_HOJA-3_SPXX";"03351-IA-2""-G1-0112-N_HOJA-3";Aire Instrumentación;03350-02-07;;PIPE RACK ;"03351-IA-2""-G1-0112-N";3;0;SPXX;22;F;THD;;80s;G1;N;AG;;Aire de Instrumentacion ;;;Eliminada;12/03/2026;46216;;46209;;46249;;0,4;0;0;0;;;;;;;;;;;;;;;;;;;;;;;;;;;;;;;
"03351-IA-2""-G1-0112-N_HOJA-3_SPXX_23";"03351-IA-2""-G1-0112-N_HOJA-3_SPXX";"03351-IA-2""-G1-0112-N_HOJA-3";Aire Instrumentación;03350-02-07;;PIPE RACK ;"03351-IA-2""-G1-0112-N";3;0;SPXX;23;F;THD;;80s;G1;N;AG;;Aire de Instrumentacion ;;;Eliminada;12/03/2026;46216;;46209;;46249;;0,4;0;0;0;;;;;;;;;;;;;;;;;;;;;;;;;;;;;;;
"03351-IA-2""-G1-0112-N_HOJA-3_SPXX_24";"03351-IA-2""-G1-0112-N_HOJA-3_SPXX";"03351-IA-2""-G1-0112-N_HOJA-3";Aire Instrumentación;03350-02-07;;PIPE RACK ;"03351-IA-2""-G1-0112-N";3;0;SPXX;24;F;THD;;80s;G1;N;AG;;Aire de Instrumentacion ;;;Eliminada;12/03/2026;46216;;46209;;46249;;0,4;0;0;0;;;;;;;;;;;;;;;;;;;;;;;;;;;;;;;
"03351-IA-2""-G1-0112-N_HOJA-3_SPXX_25";"03351-IA-2""-G1-0112-N_HOJA-3_SPXX";"03351-IA-2""-G1-0112-N_HOJA-3";Aire Instrumentación;03350-02-07;;PIPE RACK ;"03351-IA-2""-G1-0112-N";3;0;SPXX;25;F;THD;;80s;G1;N;AG;;Aire de Instrumentacion ;;;Eliminada;12/03/2026;46216;;46209;;46249;;0,4;0;0;0;;;;;;;;;;;;;;;;;;;;;;;;;;;;;;;
"03351-IA-2""-G1-0112-N_HOJA-3_SPXX_26";"03351-IA-2""-G1-0112-N_HOJA-3_SPXX";"03351-IA-2""-G1-0112-N_HOJA-3";Aire Instrumentación;03350-02-07;;PIPE RACK ;"03351-IA-2""-G1-0112-N";3;0;SPXX;26;F;THD;;80s;G1;N;AG;;Aire de Instrumentacion ;;;Eliminada;12/03/2026;46216;;46209;;46249;;0,4;0;0;0;;;;;;;;;;;;;;;;;;;;;;;;;;;;;;;
"03351-PW-2""-C1-0014-N_HOJA-1_SPXX_1";"03351-PW-2""-C1-0014-N_HOJA-1_SPXX";"03351-PW-2""-C1-0014-N_HOJA-1";Agua de Proceso;03350-02-01;;TORRE TRASFERENCIA;"03351-PW-2""-C1-0014-N";1;0;SPXX;1;F;NPT;2;80;C1;N;CS;0,832;Agua de Proceso;03351-CAJ-002;;;12/03/2026;46252;46258;46202;46249;46258;;0,95;0,7904;0,2496;0,5408;EJECUTADA;46259;W-02;;;;;;;;;;;;;;;;;;;;;;;;;;;;
"03351-PW-2""-C1-0014-N_HOJA-1_SPXX_2";"03351-PW-2""-C1-0014-N_HOJA-1_SPXX";"03351-PW-2""-C1-0014-N_HOJA-1";Agua de Proceso;03350-02-01;;TORRE TRASFERENCIA;"03351-PW-2""-C1-0014-N";1;0;SPXX;2;F;SW;2;80;C1;N;CS;0,832;Agua de Proceso;;W-16;;12/03/2026;46252;46255;46202;46249;;;0,9;0,7488;0,2496;0,4992;EJECUTADA;46255;W-16;;;;;;;;;;;;;;;;;;;;;;;;;;;;
"03351-PW-2""-C1-0014-N_HOJA-1_SPXX_3";"03351-PW-2""-C1-0014-N_HOJA-1_SPXX";"03351-PW-2""-C1-0014-N_HOJA-1";Agua de Proceso;03350-02-01;;TORRE TRASFERENCIA;"03351-PW-2""-C1-0014-N";1;0;SPXX;3;F;SW;2;80;C1;N;CS;0,832;Agua de Proceso;;W-16;;12/03/2026;46252;46255;46202;46249;;;0,9;0,7488;0,2496;0,4992;EJECUTADA;46255;W-16;;;;;;;;;;;;;;;;;;;;;;;;;;;;
"03351-PW-2""-C1-0014-N_HOJA-1_SPXX_4";"03351-PW-2""-C1-0014-N_HOJA-1_SPXX";"03351-PW-2""-C1-0014-N_HOJA-1";Agua de Proceso;03350-02-01;;TORRE TRASFERENCIA;"03351-PW-2""-C1-0014-N";1;0;SPXX;4;F;NPT;2;80;C1;N;CS;0,832;Agua de Proceso;;;;12/03/2026;46252;46258;46202;46249;46258;;0,95;0,7904;0,2496;0,5408;EJECUTADA;46259;W-02;;;;;;;;;;;;;;;;;;;;;;;;;;;;
"03351-PW-2""-C1-0014-N_HOJA-1_SPXX_5";"03351-PW-2""-C1-0014-N_HOJA-1_SPXX";"03351-PW-2""-C1-0014-N_HOJA-1";Agua de Proceso;03350-02-01;;TORRE TRASFERENCIA;"03351-PW-2""-C1-0014-N";1;0;SPXX;5;F;NPT;2;80;C1;N;CS;0,832;Agua de Proceso;;;;12/03/2026;46252;46258;46202;46249;46258;;0,95;0,7904;0,2496;0,5408;EJECUTADA;46259;W-02;;;;;;;;;;;;;;;;;;;;;;;;;;;;
"03351-PW-2""-C1-0014-N_HOJA-1_SPXX_6";"03351-PW-2""-C1-0014-N_HOJA-1_SPXX";"03351-PW-2""-C1-0014-N_HOJA-1";Agua de Proceso;03350-02-01;;TORRE TRASFERENCIA;"03351-PW-2""-C1-0014-N";1;0;SPXX;6;F;SW;2;80;C1;N;CS;0,832;Agua de Proceso;;W-02;;12/03/2026;46237;46237;46237;46247;;;0,9;0,7488;0,1664;0,5824;EJECUTADA;46237;W-02;;;;;;;;;;;;;;;;;;;;;;;;;;;;
"03351-PW-2""-C1-0014-N_HOJA-1_SPXX_7";"03351-PW-2""-C1-0014-N_HOJA-1_SPXX";"03351-PW-2""-C1-0014-N_HOJA-1";Agua de Proceso;03350-02-01;;TORRE TRASFERENCIA;"03351-PW-2""-C1-0014-N";1;0;SPXX;7;F;SW;2;80;C1;N;CS;0,832;Agua de Proceso;;W-02;;12/03/2026;46237;46237;46237;46240;;;0,9;0,7488;0,1664;0,5824;EJECUTADA;46237;W-02;;;;;;;;;;;;;;;;;;;;;;;;;;;;
"03351-PW-2""-C1-0014-N_HOJA-1_SPXX_8";"03351-PW-2""-C1-0014-N_HOJA-1_SPXX";"03351-PW-2""-C1-0014-N_HOJA-1";Agua de Proceso;03350-02-01;;TORRE TRASFERENCIA;"03351-PW-2""-C1-0014-N";1;0;SPXX;8;F;SW;2;80;C1;N;CS;0,832;Agua de Proceso;;W-02;;12/03/2026;46237;46237;46237;46240;;;0,9;0,7488;0,1664;0,5824;EJECUTADA;46237;W-02;;;;;;;;;;;;;;;;;;;;;;;;;;;;
"03351-PW-2""-C1-0014-N_HOJA-1_SPXX_9";"03351-PW-2""-C1-0014-N_HOJA-1_SPXX";"03351-PW-2""-C1-0014-N_HOJA-1";Agua de Proceso;03350-02-01;;TORRE TRASFERENCIA;"03351-PW-2""-C1-0014-N";1;0;SPXX;9;F;SW;2;80;C1;N;CS;0,832;Agua de Proceso;;W-02;;12/03/2026;46237;46237;46237;46240;;;0,9;0,7488;0,1664;0,5824;EJECUTADA;46237;W-02;;;;;;;;;;;;;;;;;;;;;;;;;;;;
"03351-PW-2""-C1-0024-N_HOJA-1_SPXX_1";"03351-PW-2""-C1-0024-N_HOJA-1_SPXX";"03351-PW-2""-C1-0024-N_HOJA-1";Agua de Proceso;03350-02-01;;BAJO ESPESADOR;"03351-PW-2""-C1-0024-N";1;0;SPXX;1;F;NPT;2;80;C1;N;CS;0,143;Agua de Proceso;"03351-CT-6""-C3-0018-R3";;;12/03/2026;46254;46254;46202;46254;46255;;0,95;0,13585;0,0429;0,09295;PREARMADO;46254;0;;;;;;;;;;;;;;;;;;;;;;;;;;;;
"03351-PW-2""-C1-0024-N_HOJA-1_SPXX_2";"03351-PW-2""-C1-0024-N_HOJA-1_SPXX";"03351-PW-2""-C1-0024-N_HOJA-1";Agua de Proceso;03350-02-01;;BAJO ESPESADOR;"03351-PW-2""-C1-0024-N";1;0;SPXX;2;F;NPT;2;80;C1;N;CS;0,143;Agua de Proceso;;;;12/03/2026;46254;46254;46202;46254;;;0,9;0,1287;0,0429;0,0858;PREARMADO;46254;0;;;;;;;;;;;;;;;;;;;;;;;;;;;;
"03351-PW-2""-C1-0024-N_HOJA-1_SPXX_3";"03351-PW-2""-C1-0024-N_HOJA-1_SPXX";"03351-PW-2""-C1-0024-N_HOJA-1";Agua de Proceso;03350-02-01;;BAJO ESPESADOR;"03351-PW-2""-C1-0024-N";1;0;SPXX;3;F;SW;2;80;C1;N;CS;0,143;Agua de Proceso;;W-16;;12/03/2026;46255;46255;46202;46255;;;0,9;0,1287;0,0429;0,0858;EJECUTADA;46257;W-16;;;;;;;;;;;;;;;;;;;;;;;;;;;;
"03351-PW-2""-C1-0024-N_HOJA-1_SPXX_4";"03351-PW-2""-C1-0024-N_HOJA-1_SPXX";"03351-PW-2""-C1-0024-N_HOJA-1";Agua de Proceso;03350-02-01;;BAJO ESPESADOR;"03351-PW-2""-C1-0024-N";1;0;SPXX;4;F;SW;2;80;C1;N;CS;0,143;Agua de Proceso;;W-02;;12/03/2026;46255;46255;46202;46255;;;0,9;0,1287;0,0429;0,0858;EJECUTADA;46257;W-02;;;;;;;;;;;;;;;;;;;;;;;;;;;;
"03351-PW-2""-C1-0024-N_HOJA-1_SPXX_5";"03351-PW-2""-C1-0024-N_HOJA-1_SPXX";"03351-PW-2""-C1-0024-N_HOJA-1";Agua de Proceso;03350-02-01;;BAJO ESPESADOR;"03351-PW-2""-C1-0024-N";1;0;SPXX;5;F;NPT;2;80;C1;N;CS;0,143;Agua de Proceso;;W-02;;12/03/2026;46249;46255;46202;46255;46255;;0,95;0,13585;0,0429;0,09295;EJECUTADA;46257;W-02;;;;;;;;;;;;;;;;;;;;;;;;;;;;
"03351-PW-2""-C1-0024-N_HOJA-1_SPXX_6";"03351-PW-2""-C1-0024-N_HOJA-1_SPXX";"03351-PW-2""-C1-0024-N_HOJA-1";Agua de Proceso;03350-02-01;;BAJO ESPESADOR;"03351-PW-2""-C1-0024-N";1;0;SPXX;6;F;SW;2;80;C1;N;CS;0,143;Agua de Proceso;;;;12/03/2026;46249;;46202;;;;0,35;0,05005;0,0429;0,00715;;;;;;;;;;;;;;;;;;;;;;;;;;;;;;;
"03351-PW-2""-C1-0024-N_HOJA-1_SPXX_7";"03351-PW-2""-C1-0024-N_HOJA-1_SPXX";"03351-PW-2""-C1-0024-N_HOJA-1";Agua de Proceso;03350-02-01;;BAJO ESPESADOR;"03351-PW-2""-C1-0024-N";1;0;SPXX;7;F;SW;2;80;C1;N;CS;0,143;Agua de Proceso;;;;12/03/2026;46249;;46202;;;;0,35;0,05005;0,0429;0,00715;;;;;;;;;;;;;;;;;;;;;;;;;;;;;;;
"03351-PW-2""-C1-0025-N_HOJA-1_SPXX_1";"03351-PW-2""-C1-0025-N_HOJA-1_SPXX";"03351-PW-2""-C1-0025-N_HOJA-1";Agua de Proceso;03350-02-01;;BAJO ESPESADOR;"03351-PW-2""-C1-0025-N";1;0;SPXX;1;F;SW;2;80;C1;N;CS;0,592;Agua de Proceso;03351-ESP-001;W-02;;12/03/2026;46249;46255;46202;46255;;;0,9;0,5328;0,1776;0,3552;EJECUTADA;46257;W-02;;;;;;;;;;;;;;;;;;;;;;;;;;;;
"03351-PW-2""-C1-0025-N_HOJA-1_SPXX_2";"03351-PW-2""-C1-0025-N_HOJA-1_SPXX";"03351-PW-2""-C1-0025-N_HOJA-1";Agua de Proceso;03350-02-01;;BAJO ESPESADOR;"03351-PW-2""-C1-0025-N";1;0;SPXX;2;F;SW;2;80;C1;N;CS;0,592;Agua de Proceso;;W-02;;12/03/2026;46249;46255;46202;46255;;;0,9;0,5328;0,1776;0,3552;EJECUTADA;46257;W-02;;;;;;;;;;;;;;;;;;;;;;;;;;;;
"03351-PW-2""-C1-0025-N_HOJA-1_SPXX_3";"03351-PW-2""-C1-0025-N_HOJA-1_SPXX";"03351-PW-2""-C1-0025-N_HOJA-1";Agua de Proceso;03350-02-01;;BAJO ESPESADOR;"03351-PW-2""-C1-0025-N";1;0;SPXX;3;F;NPT;2;80;C1;N;CS;0,592;Agua de Proceso;;;;12/03/2026;46249;45890;46202;46255;;;0,9;0,5328;0,1776;0,3552;;;;;;;;;;;;;;;;;;;;;;;;;;;;;;;
"03351-PW-2""-C1-0025-N_HOJA-1_SPXX_4";"03351-PW-2""-C1-0025-N_HOJA-1_SPXX";"03351-PW-2""-C1-0025-N_HOJA-1";Agua de Proceso;03350-02-01;;BAJO ESPESADOR;"03351-PW-2""-C1-0025-N";1;0;SPXX;4;F;NPT;2;80;C1;N;CS;0,592;Agua de Proceso;;;;12/03/2026;46249;45890;46202;46255;;;0,9;0,5328;0,1776;0,3552;;;;;;;;;;;;;;;;;;;;;;;;;;;;;;;
"03351-PW-2""-C1-0025-N_HOJA-1_SPXX_5";"03351-PW-2""-C1-0025-N_HOJA-1_SPXX";"03351-PW-2""-C1-0025-N_HOJA-1";Agua de Proceso;03350-02-01;;BAJO ESPESADOR;"03351-PW-2""-C1-0025-N";1;0;SPXX;5;F;SW;2;80;C1;N;CS;0,592;Agua de Proceso;;W-02;;12/03/2026;46249;46255;46202;46255;;;0,9;0,5328;0,1776;0,3552;EJECUTADA;46257;W-02;;;;;;;;;;;;;;;;;;;;;;;;;;;;
"03351-PW-2""-C1-0025-N_HOJA-1_SPXX_6";"03351-PW-2""-C1-0025-N_HOJA-1_SPXX";"03351-PW-2""-C1-0025-N_HOJA-1";Agua de Proceso;03350-02-01;;BAJO ESPESADOR;"03351-PW-2""-C1-0025-N";1;0;SPXX;6;F;SW;2;80;C1;N;CS;0,592;Agua de Proceso;;W-02;;12/03/2026;46249;46257;46202;46255;;;0,9;0,5328;0,1776;0,3552;EJECUTADA;46257;W-02;;;;;;;;;;;;;;;;;;;;;;;;;;;;
"03351-PW-2""-C1-0025-N_HOJA-1_SPXX_7";"03351-PW-2""-C1-0025-N_HOJA-1_SPXX";"03351-PW-2""-C1-0025-N_HOJA-1";Agua de Proceso;03350-02-01;;BAJO ESPESADOR;"03351-PW-2""-C1-0025-N";1;0;SPXX;7;F;SW;2;80;C1;N;CS;0,592;Agua de Proceso;;W-02;;12/03/2026;46249;46257;46202;46255;;;0,9;0,5328;0,1776;0,3552;EJECUTADA;46257;W-02;;;;;;;;;;;;;;;;;;;;;;;;;;;;
"03351-PW-2""-C1-0025-N_HOJA-1_SPXX_8";"03351-PW-2""-C1-0025-N_HOJA-1_SPXX";"03351-PW-2""-C1-0025-N_HOJA-1";Agua de Proceso;03350-02-01;;BAJO ESPESADOR;"03351-PW-2""-C1-0025-N";1;0;SPXX;8;F;SW;2;80;C1;N;CS;0,592;Agua de Proceso;;W-02;;12/03/2026;46257;46257;46202;46255;;;0,9;0,5328;0,1776;0,3552;EJECUTADA;46257;W-02;;;;;;;;;;;;;;;;;;;;;;;;;;;;
"03351-PW-2""-C1-0025-N_HOJA-1_SPXX_9";"03351-PW-2""-C1-0025-N_HOJA-1_SPXX";"03351-PW-2""-C1-0025-N_HOJA-1";Agua de Proceso;03350-02-01;;BAJO ESPESADOR;"03351-PW-2""-C1-0025-N";1;0;SPXX;9;F;SW;2;80;C1;N;CS;0,592;Agua de Proceso;;W-02;;12/03/2026;46257;46257;46202;46257;;;0,9;0,5328;0,1776;0,3552;EJECUTADA;46257;W-02;;;;;;;;;;;;;;;;;;;;;;;;;;;;
"03351-PW-2""-C1-0025-N_HOJA-1_SPXX_10";"03351-PW-2""-C1-0025-N_HOJA-1_SPXX";"03351-PW-2""-C1-0025-N_HOJA-1";Agua de Proceso;03350-02-01;;BAJO ESPESADOR;"03351-PW-2""-C1-0025-N";1;0;SPXX;10;F;SW;2;80;C1;N;CS;0,592;Agua de Proceso;;;;12/03/2026;;;46202;;;;0,3;0,1776;0,1776;0;;;;;;;;;;;;;;;;;;;;;;;;;;;;;;;
"03351-PW-2""-C1-0025-N_HOJA-1_SPXX_11";"03351-PW-2""-C1-0025-N_HOJA-1_SPXX";"03351-PW-2""-C1-0025-N_HOJA-1";Agua de Proceso;03350-02-01;;BAJO ESPESADOR;"03351-PW-2""-C1-0025-N";1;0;SPXX;11;F;SW;2;80;C1;N;CS;0,592;Agua de Proceso;;;;12/03/2026;;;46202;;;;0,3;0,1776;0,1776;0;;;;;;;;;;;;;;;;;;;;;;;;;;;;;;;
"03351-PW-2""-C1-0025-N_HOJA-1_SPXX_12";"03351-PW-2""-C1-0025-N_HOJA-1_SPXX";"03351-PW-2""-C1-0025-N_HOJA-1";Agua de Proceso;03350-02-01;;BAJO ESPESADOR;"03351-PW-2""-C1-0025-N";1;0;SPXX;12;F;SW;2;80;C1;N;CS;0,592;Agua de Proceso;;;;12/03/2026;;;46202;;;;0,3;0,1776;0,1776;0;;;;;;;;;;;;;;;;;;;;;;;;;;;;;;;
"03351-PW-2""-C1-0025-N_HOJA-1_SPXX_13";"03351-PW-2""-C1-0025-N_HOJA-1_SPXX";"03351-PW-2""-C1-0025-N_HOJA-1";Agua de Proceso;03350-02-01;;BAJO ESPESADOR;"03351-PW-2""-C1-0025-N";1;0;SPXX;13;F;SW;2;80;C1;N;CS;0,592;Agua de Proceso;;W-11;;12/03/2026;46242;46241;46202;46241;;;0,9;0,5328;0,1776;0,3552;EJECUTADA;46241;W-11;;;;;;;;;;;;;;;;;;;;;;;;;;;;
"03351-PW-2""-C1-0025-N_HOJA-1_SPXX_14";"03351-PW-2""-C1-0025-N_HOJA-1_SPXX";"03351-PW-2""-C1-0025-N_HOJA-1";Agua de Proceso;03350-02-01;;BAJO ESPESADOR;"03351-PW-2""-C1-0025-N";1;0;SPXX;14;F;SW;2;80;C1;N;CS;0,592;Agua de Proceso;;W-11;;12/03/2026;46242;46241;46202;46241;;;0,9;0,5328;0,1776;0,3552;EJECUTADA;46241;W-11;;;;;;;;;;;;;;;;;;;;;;;;;;;;
"03351-PW-2""-C1-0025-N_HOJA-2_SPXX_1";"03351-PW-2""-C1-0025-N_HOJA-2_SPXX";"03351-PW-2""-C1-0025-N_HOJA-2";Agua de Proceso;03350-02-01;;BAJO ESPESADOR;"03351-PW-2""-C1-0025-N";2;0;SPXX;1;F;SW;2;80;C1;N;CS;0,592;Agua de Proceso;;;;12/03/2026;;;46202;;;;0,3;0,1776;0,1776;0;;;;;;;;;;;;;;;;;;;;;;;;;;;;;;;
"03351-PW-2""-C1-0025-N_HOJA-2_SPXX_2";"03351-PW-2""-C1-0025-N_HOJA-2_SPXX";"03351-PW-2""-C1-0025-N_HOJA-2";Agua de Proceso;03350-02-01;;BAJO ESPESADOR;"03351-PW-2""-C1-0025-N";2;0;SPXX;2;F;SW;2;80;C1;N;CS;0,592;Agua de Proceso;;W-11;;12/03/2026;46242;46242;46202;46242;;;0,9;0,5328;0,1776;0,3552;EJECUTADA;46242;W-11;;;;;;;;;;;;;;;;;;;;;;;;;;;;
"03351-PW-2""-C1-0025-N_HOJA-2_SPXX_3";"03351-PW-2""-C1-0025-N_HOJA-2_SPXX";"03351-PW-2""-C1-0025-N_HOJA-2";Agua de Proceso;03350-02-01;;BAJO ESPESADOR;"03351-PW-2""-C1-0025-N";2;0;SPXX;3;F;SW;2;80;C1;N;CS;0,592;Agua de Proceso;;;;12/03/2026;;;46202;;;;0,3;0,1776;0,1776;0;;;;;;;;;;;;;;;;;;;;;;;;;;;;;;;
"03351-PW-2""-C1-0025-N_HOJA-2_SPXX_4";"03351-PW-2""-C1-0025-N_HOJA-2_SPXX";"03351-PW-2""-C1-0025-N_HOJA-2";Agua de Proceso;03350-02-01;;BAJO ESPESADOR;"03351-PW-2""-C1-0025-N";2;0;SPXX;4;F;SW;2;80;C1;N;CS;0,592;Agua de Proceso;;;;12/03/2026;;;46202;;;;0,3;0,1776;0,1776;0;;;;;;;;;;;;;;;;;;;;;;;;;;;;;;;
"03351-PW-2""-C1-0025-N_HOJA-2_SPXX_5";"03351-PW-2""-C1-0025-N_HOJA-2_SPXX";"03351-PW-2""-C1-0025-N_HOJA-2";Agua de Proceso;03350-02-01;;BAJO ESPESADOR;"03351-PW-2""-C1-0025-N";2;0;SPXX;5;F;SW;2;80;C1;N;CS;0,592;Agua de Proceso;;W-11;;12/03/2026;46242;46242;46202;46242;;;0,9;0,5328;0,1776;0,3552;EJECUTADA;46242;W-11;;;;;;;;;;;;;;;;;;;;;;;;;;;;
"03351-PW-2""-C1-0025-N_HOJA-2_SPXX_6";"03351-PW-2""-C1-0025-N_HOJA-2_SPXX";"03351-PW-2""-C1-0025-N_HOJA-2";Agua de Proceso;03350-02-01;;BAJO ESPESADOR;"03351-PW-2""-C1-0025-N";2;0;SPXX;6;F;SW;2;80;C1;N;CS;0,592;Agua de Proceso;;W-11;;12/03/2026;46242;46242;46202;46242;;;0,9;0,5328;0,1776;0,3552;EJECUTADA;46242;W-11;;;;;;;;;;;;;;;;;;;;;;;;;;;;
"03351-PW-2""-C1-0025-N_HOJA-2_SPXX_7";"03351-PW-2""-C1-0025-N_HOJA-2_SPXX";"03351-PW-2""-C1-0025-N_HOJA-2";Agua de Proceso;03350-02-01;;BAJO ESPESADOR;"03351-PW-2""-C1-0025-N";2;0;SPXX;7;F;SW;2;80;C1;N;CS;0,592;Agua de Proceso;;W-18;;12/03/2026;46217;46217;46217;46217;;;0,9;0,5328;0,5328;0;EJECUTADA;46217;W-18;;;;;;;;;;;;;;;;;;;;;;;;;;;;
"03351-PW-2""-C1-0025-N_HOJA-2_SPXX_8";"03351-PW-2""-C1-0025-N_HOJA-2_SPXX";"03351-PW-2""-C1-0025-N_HOJA-2";Agua de Proceso;03350-02-01;;BAJO ESPESADOR;"03351-PW-2""-C1-0025-N";2;0;SPXX;8;F;SW;2;80;C1;N;CS;0,592;Agua de Proceso;;W-18;;12/03/2026;46217;46217;46217;46217;;;0,9;0,5328;0,5328;0;EJECUTADA;46217;W-18;;;;;;;;;;;;;;;;;;;;;;;;;;;;
"03351-PW-2""-C1-0025-N_HOJA-2_SPXX_9";"03351-PW-2""-C1-0025-N_HOJA-2_SPXX";"03351-PW-2""-C1-0025-N_HOJA-2";Agua de Proceso;03350-02-01;;BAJO ESPESADOR;"03351-PW-2""-C1-0025-N";2;0;SPXX;9;F;SW;2;80;C1;N;CS;0,592;Agua de Proceso;;W-18;;12/03/2026;46217;46217;46217;46217;;;0,9;0,5328;0,5328;0;EJECUTADA;46217;W-18;;;;;;;;;;;;;;;;;;;;;;;;;;;;
"03351-PW-2""-C1-0025-N_HOJA-2_SPXX_10";"03351-PW-2""-C1-0025-N_HOJA-2_SPXX";"03351-PW-2""-C1-0025-N_HOJA-2";Agua de Proceso;03350-02-01;;BAJO ESPESADOR;"03351-PW-2""-C1-0025-N";2;0;SPXX;10;F;SW;2;80;C1;N;CS;0,592;Agua de Proceso;;;;12/03/2026;;;46202;;;;0,3;0,1776;0,1776;0;;;;;;;;;;;;;;;;;;;;;;;;;;;;;;;
"03351-PW-2""-C1-0025-N_HOJA-3_SPXX_1";"03351-PW-2""-C1-0025-N_HOJA-3_SPXX";"03351-PW-2""-C1-0025-N_HOJA-3";Agua de Proceso;03350-02-01;;BAJO ESPESADOR;"03351-PW-2""-C1-0025-N";3;0;SPXX;1;F;SW;2;80;C1;N;CS;0,592;Agua de Proceso;;W-02;;12/03/2026;46209;46209;46209;46209;;;0,9;0,5328;0,5328;0;EJECUTADA;46209;W-02;;;;;;;;;;;;;;;;;;;;;;;;;;;;
"03351-PW-2""-C1-0025-N_HOJA-3_SPXX_2";"03351-PW-2""-C1-0025-N_HOJA-3_SPXX";"03351-PW-2""-C1-0025-N_HOJA-3";Agua de Proceso;03350-02-01;;BAJO ESPESADOR;"03351-PW-2""-C1-0025-N";3;0;SPXX;2;F;SW;2;80;C1;N;CS;0,592;Agua de Proceso;;W-02;;12/03/2026;46209;46209;46209;46209;;;0,9;0,5328;0,5328;0;EJECUTADA;46209;W-02;;;;;;;;;;;;;;;;;;;;;;;;;;;;
"03351-PW-2""-C1-0025-N_HOJA-3_SPXX_3";"03351-PW-2""-C1-0025-N_HOJA-3_SPXX";"03351-PW-2""-C1-0025-N_HOJA-3";Agua de Proceso;03350-02-01;;BAJO ESPESADOR;"03351-PW-2""-C1-0025-N";3;0;SPXX;3;F;SW;2;80;C1;N;CS;0,592;Agua de Proceso;;W-02;;12/03/2026;46209;46209;46209;46209;;;0,9;0,5328;0,5328;0;EJECUTADA;46209;W-02;;;;;;;;;;;;;;;;;;;;;;;;;;;;
"03351-PW-2""-C1-0025-N_HOJA-3_SPXX_4";"03351-PW-2""-C1-0025-N_HOJA-3_SPXX";"03351-PW-2""-C1-0025-N_HOJA-3";Agua de Proceso;03350-02-01;;BAJO ESPESADOR;"03351-PW-2""-C1-0025-N";3;0;SPXX;4;F;SW;2;80;C1;N;CS;0,592;Agua de Proceso;;W-02;;12/03/2026;46209;46209;46209;46209;;;0,9;0,5328;0,5328;0;EJECUTADA;46209;W-02;;;;;;;;;;;;;;;;;;;;;;;;;;;;
"03351-PW-2""-C1-0025-N_HOJA-3_SPXX_5";"03351-PW-2""-C1-0025-N_HOJA-3_SPXX";"03351-PW-2""-C1-0025-N_HOJA-3";Agua de Proceso;03350-02-01;;BAJO ESPESADOR;"03351-PW-2""-C1-0025-N";3;0;SPXX;5;F;SW;2;80;C1;N;CS;0,592;Agua de Proceso;;W-02;;12/03/2026;46209;46209;46209;46209;;;0,9;0,5328;0,5328;0;EJECUTADA;46209;W-02;;;;;;;;;;;;;;;;;;;;;;;;;;;;
"03351-PW-2""-C1-0025-N_HOJA-3_SPXX_6";"03351-PW-2""-C1-0025-N_HOJA-3_SPXX";"03351-PW-2""-C1-0025-N_HOJA-3";Agua de Proceso;03350-02-01;;BAJO ESPESADOR;"03351-PW-2""-C1-0025-N";3;0;SPXX;6;F;SW;2;80;C1;N;CS;0,592;Agua de Proceso;;;;12/03/2026;;;46202;;;;0,3;0,1776;0,1776;0;;;;;;;;;;;;;;;;;;;;;;;;;;;;;;;
"03351-PW-2""-C1-0025-N_HOJA-3_SPXX_7";"03351-PW-2""-C1-0025-N_HOJA-3_SPXX";"03351-PW-2""-C1-0025-N_HOJA-3";Agua de Proceso;03350-02-01;;BAJO ESPESADOR;"03351-PW-2""-C1-0025-N";3;0;SPXX;7;F;NPT;2;80;C1;N;CS;0,592;Agua de Proceso;;W-18;;12/03/2026;46215;46215;46215;46217;;;0,9;0,5328;0,5328;0;EJECUTADA;46215;W-18;;;;;;;;;;;;;;;;;;;;;;;;;;;;
"03351-PW-2""-C1-0025-N_HOJA-3_SPXX_8";"03351-PW-2""-C1-0025-N_HOJA-3_SPXX";"03351-PW-2""-C1-0025-N_HOJA-3";Agua de Proceso;03350-02-01;;BAJO ESPESADOR;"03351-PW-2""-C1-0025-N";3;0;SPXX;8;F;NPT;2;80;C1;N;CS;0,592;Agua de Proceso;;W-18;;12/03/2026;46215;46215;46215;46217;;;0,9;0,5328;0,5328;0;EJECUTADA;46215;W-18;;;;;;;;;;;;;;;;;;;;;;;;;;;;
"03351-PW-2""-C1-0025-N_HOJA-3_SPXX_9";"03351-PW-2""-C1-0025-N_HOJA-3_SPXX";"03351-PW-2""-C1-0025-N_HOJA-3";Agua de Proceso;03350-02-01;;BAJO ESPESADOR;"03351-PW-2""-C1-0025-N";3;0;SPXX;9;F;SW;2;80;C1;N;CS;0,592;Agua de Proceso;;W-18;;12/03/2026;46215;46215;46215;46217;;;0,9;0,5328;0,5328;0;EJECUTADA;46215;W-18;;;;;;;;;;;;;;;;;;;;;;;;;;;;
"03351-PW-2""-C1-0025-N_HOJA-3_SPXX_10";"03351-PW-2""-C1-0025-N_HOJA-3_SPXX";"03351-PW-2""-C1-0025-N_HOJA-3";Agua de Proceso;03350-02-01;;BAJO ESPESADOR;"03351-PW-2""-C1-0025-N";3;0;SPXX;10;F;SW;2;80;C1;N;CS;0,592;Agua de Proceso;;W-18;;12/03/2026;46215;46215;46215;46217;;;0,9;0,5328;0,5328;0;EJECUTADA;46215;W-18;;;;;;;;;;;;;;;;;;;;;;;;;;;;
"03351-PW-2""-C1-0025-N_HOJA-3_SPXX_11";"03351-PW-2""-C1-0025-N_HOJA-3_SPXX";"03351-PW-2""-C1-0025-N_HOJA-3";Agua de Proceso;03350-02-01;;BAJO ESPESADOR;"03351-PW-2""-C1-0025-N";3;0;SPXX;11;F;SO;2;80;C1;N;CS;0,592;Agua de Proceso;;W-18;;12/03/2026;46215;46215;46215;46217;;;0,9;0,5328;0,5328;0;EJECUTADA;46215;W-18;;;;;;;;;;;;;;;;;;;;;;;;;;;;
"03351-PW-2""-C1-0025-N_HOJA-4_SPXX_1";"03351-PW-2""-C1-0025-N_HOJA-4_SPXX";"03351-PW-2""-C1-0025-N_HOJA-4";Agua de Proceso;03350-02-01;;BAJO ESPESADOR;"03351-PW-2""-C1-0025-N";4;0;SPXX;1;F;SO;2;80;C1;N;CS;0,592;Agua de Proceso;;W-18;;12/03/2026;46215;46215;46215;46217;;;0,9;0,5328;0,5328;0;EJECUTADA;46215;W-18;;;;;;;;;;;;;;;;;;;;;;;;;;;;
"03351-PW-2""-C1-0025-N_HOJA-4_SPXX_2";"03351-PW-2""-C1-0025-N_HOJA-4_SPXX";"03351-PW-2""-C1-0025-N_HOJA-4";Agua de Proceso;03350-02-01;;BAJO ESPESADOR;"03351-PW-2""-C1-0025-N";4;0;SPXX;2;F;SW;2;80;C1;N;CS;0,592;Agua de Proceso;;W-18;;12/03/2026;46215;46215;46215;46217;;;0,9;0,5328;0,5328;0;EJECUTADA;46215;W-18;;;;;;;;;;;;;;;;;;;;;;;;;;;;
"03351-PW-2""-C1-0025-N_HOJA-4_SPXX_3";"03351-PW-2""-C1-0025-N_HOJA-4_SPXX";"03351-PW-2""-C1-0025-N_HOJA-4";Agua de Proceso;03350-02-01;;BAJO ESPESADOR;"03351-PW-2""-C1-0025-N";4;0;SPXX;3;F;SW;2;80;C1;N;CS;0,592;Agua de Proceso;;;;12/03/2026;;;46202;;;;0,3;0,1776;0,1776;0;;;;;;;;;;;;;;;;;;;;;;;;;;;;;;;
"03351-PW-2""-C1-0025-N_HOJA-4_SPXX_4";"03351-PW-2""-C1-0025-N_HOJA-4_SPXX";"03351-PW-2""-C1-0025-N_HOJA-4";Agua de Proceso;03350-02-01;;BAJO ESPESADOR;"03351-PW-2""-C1-0025-N";4;0;SPXX;4;F;SW;2;80;C1;N;CS;0,592;Agua de Proceso;;;;12/03/2026;;;46202;;;;0,3;0,1776;0,1776;0;;;;;;;;;;;;;;;;;;;;;;;;;;;;;;;
"03351-PW-2""-C1-0025-N_HOJA-4_SPXX_5";"03351-PW-2""-C1-0025-N_HOJA-4_SPXX";"03351-PW-2""-C1-0025-N_HOJA-4";Agua de Proceso;03350-02-01;;BAJO ESPESADOR;"03351-PW-2""-C1-0025-N";4;0;SPXX;5;F;SO;2;80;C1;N;CS;0,592;Agua de Proceso;;;;12/03/2026;;;46202;;;;0,3;0,1776;0,1776;0;;;;;;;;;;;;;;;;;;;;;;;;;;;;;;;
"03351-PW-2""-C1-0026-N_HOJA-1_SPXX_1";"03351-PW-2""-C1-0026-N_HOJA-1_SPXX";"03351-PW-2""-C1-0026-N_HOJA-1";Agua de Proceso;03350-02-01;;BAJO ESPESADOR;"03351-PW-2""-C1-0026-N";1;0;SPXX;1;F;SW;2;80;C1;N;CS;0,179;Agua de Proceso;"03351-CT-6""-C3-0021-R3";;;12/03/2026;;;46202;;;;0,3;0,0537;0;0,0537;;;;;;;;;;;;;;;;;;;;;;;;;;;;;;;
"03351-PW-2""-C1-0026-N_HOJA-1_SPXX_2";"03351-PW-2""-C1-0026-N_HOJA-1_SPXX";"03351-PW-2""-C1-0026-N_HOJA-1";Agua de Proceso;03350-02-01;;BAJO ESPESADOR;"03351-PW-2""-C1-0026-N";1;0;SPXX;2;F;SW;2;80;C1;N;CS;0,179;Agua de Proceso;;;;12/03/2026;;;46202;;;;0,3;0,0537;0;0,0537;;;;;;;;;;;;;;;;;;;;;;;;;;;;;;;
"03351-PW-2""-C1-0026-N_HOJA-1_SPXX_3";"03351-PW-2""-C1-0026-N_HOJA-1_SPXX";"03351-PW-2""-C1-0026-N_HOJA-1";Agua de Proceso;03350-02-01;;BAJO ESPESADOR;"03351-PW-2""-C1-0026-N";1;0;SPXX;3;F;SW;2;80;C1;N;CS;0,179;Agua de Proceso;;;;12/03/2026;;;46202;;;;0,3;0,0537;0;0,0537;;;;;;;;;;;;;;;;;;;;;;;;;;;;;;;
"03351-PW-2""-C1-0026-N_HOJA-1_SPXX_4";"03351-PW-2""-C1-0026-N_HOJA-1_SPXX";"03351-PW-2""-C1-0026-N_HOJA-1";Agua de Proceso;03350-02-01;;BAJO ESPESADOR;"03351-PW-2""-C1-0026-N";1;0;SPXX;4;F;SW;2;80;C1;N;CS;0,179;Agua de Proceso;;;;12/03/2026;;;46202;;;;0,3;0,0537;0;0,0537;;;;;;;;;;;;;;;;;;;;;;;;;;;;;;;
"03351-PW-2""-C1-0026-N_HOJA-1_SPXX_5";"03351-PW-2""-C1-0026-N_HOJA-1_SPXX";"03351-PW-2""-C1-0026-N_HOJA-1";Agua de Proceso;03350-02-01;;BAJO ESPESADOR;"03351-PW-2""-C1-0026-N";1;0;SPXX;5;F;SW;2;80;C1;N;CS;0,179;Agua de Proceso;;;;12/03/2026;;;46202;;;;0,3;0,0537;0;0,0537;;;;;;;;;;;;;;;;;;;;;;;;;;;;;;;
"03351-PW-2""-C1-0026-N_HOJA-1_SPXX_6";"03351-PW-2""-C1-0026-N_HOJA-1_SPXX";"03351-PW-2""-C1-0026-N_HOJA-1";Agua de Proceso;03350-02-01;;BAJO ESPESADOR;"03351-PW-2""-C1-0026-N";1;0;SPXX;6;F;SW;2;80;C1;N;CS;0,179;Agua de Proceso;;;;12/03/2026;;;46202;;;;0,3;0,0537;0;0,0537;;;;;;;;;;;;;;;;;;;;;;;;;;;;;;;
"03351-PW-2""-C1-0026-N_HOJA-1_SPXX_7";"03351-PW-2""-C1-0026-N_HOJA-1_SPXX";"03351-PW-2""-C1-0026-N_HOJA-1";Agua de Proceso;03350-02-01;;BAJO ESPESADOR;"03351-PW-2""-C1-0026-N";1;0;SPXX;7;F;SW;2;80;C1;N;CS;0,179;Agua de Proceso;;;;12/03/2026;;;46202;;;;0,3;0,0537;0;0,0537;;;;;;;;;;;;;;;;;;;;;;;;;;;;;;;
"03351-PW-2""-C1-0026-N_HOJA-1_SPXX_8";"03351-PW-2""-C1-0026-N_HOJA-1_SPXX";"03351-PW-2""-C1-0026-N_HOJA-1";Agua de Proceso;03350-02-01;;BAJO ESPESADOR;"03351-PW-2""-C1-0026-N";1;0;SPXX;8;F;NPT;2;80;C1;N;CS;0,179;Agua de Proceso;;;;12/03/2026;;;46202;;;;0,3;0,0537;0;0,0537;;;;;;;;;;;;;;;;;;;;;;;;;;;;;;;
"03351-PW-2""-C1-0026-N_HOJA-1_SPXX_9";"03351-PW-2""-C1-0026-N_HOJA-1_SPXX";"03351-PW-2""-C1-0026-N_HOJA-1";Agua de Proceso;03350-02-01;;BAJO ESPESADOR;"03351-PW-2""-C1-0026-N";1;0;SPXX;9;F;NPT;2;80;C1;N;CS;0,179;Agua de Proceso;;;;12/03/2026;;;46202;;;;0,3;0,0537;0;0,0537;;;;;;;;;;;;;;;;;;;;;;;;;;;;;;;
"03351-PW-2""-C1-0026-N_HOJA-1_SPXX_10";"03351-PW-2""-C1-0026-N_HOJA-1_SPXX";"03351-PW-2""-C1-0026-N_HOJA-1";Agua de Proceso;03350-02-01;;BAJO ESPESADOR;"03351-PW-2""-C1-0026-N";1;0;SPXX;10;F;SO;2;80;C1;N;CS;0,179;Agua de Proceso;;;;12/03/2026;;;46202;;;;0,3;0,0537;0;0,0537;;;;;;;;;;;;;;;;;;;;;;;;;;;;;;;
"03351-PW-2""-C1-0026-N_HOJA-2_SPXX_1";"03351-PW-2""-C1-0026-N_HOJA-2_SPXX";"03351-PW-2""-C1-0026-N_HOJA-2";Agua de Proceso;03350-02-01;;BAJO ESPESADOR;"03351-PW-2""-C1-0026-N";2;0;SPXX;1;F;SO;2;80;C1;N;CS;0,193;Agua de Proceso;;;;12/03/2026;;;46202;;;;0,3;0,0579;0;0,0579;;;;;;;;;;;;;;;;;;;;;;;;;;;;;;;
"03351-PW-2""-C1-0026-N_HOJA-2_SPXX_2";"03351-PW-2""-C1-0026-N_HOJA-2_SPXX";"03351-PW-2""-C1-0026-N_HOJA-2";Agua de Proceso;03350-02-01;;BAJO ESPESADOR;"03351-PW-2""-C1-0026-N";2;0;SPXX;2;F;SW;2;80;C1;N;CS;0,193;Agua de Proceso;;;;12/03/2026;;;46202;;;;0,3;0,0579;0;0,0579;;;;;;;;;;;;;;;;;;;;;;;;;;;;;;;
"03351-PW-2""-C1-0026-N_HOJA-2_SPXX_3";"03351-PW-2""-C1-0026-N_HOJA-2_SPXX";"03351-PW-2""-C1-0026-N_HOJA-2";Agua de Proceso;03350-02-01;;BAJO ESPESADOR;"03351-PW-2""-C1-0026-N";2;0;SPXX;3;F;SW;2;80;C1;N;CS;0,193;Agua de Proceso;;;;12/03/2026;;;46202;;;;0,3;0,0579;0;0,0579;;;;;;;;;;;;;;;;;;;;;;;;;;;;;;;
"03351-PW-2""-C1-0026-N_HOJA-2_SPXX_4";"03351-PW-2""-C1-0026-N_HOJA-2_SPXX";"03351-PW-2""-C1-0026-N_HOJA-2";Agua de Proceso;03350-02-01;;BAJO ESPESADOR;"03351-PW-2""-C1-0026-N";2;0;SPXX;4;F;SW;2;80;C1;N;CS;0,193;Agua de Proceso;;;;12/03/2026;;;46202;;;;0,3;0,0579;0;0,0579;;;;;;;;;;;;;;;;;;;;;;;;;;;;;;;
"03351-PW-2""-C1-0026-N_HOJA-2_SPXX_5";"03351-PW-2""-C1-0026-N_HOJA-2_SPXX";"03351-PW-2""-C1-0026-N_HOJA-2";Agua de Proceso;03350-02-01;;BAJO ESPESADOR;"03351-PW-2""-C1-0026-N";2;0;SPXX;5;F;SW;2;80;C1;N;CS;0,193;Agua de Proceso;;;;12/03/2026;;;46202;;;;0,3;0,0579;0;0,0579;;;;;;;;;;;;;;;;;;;;;;;;;;;;;;;
"03351-PW-2""-C1-0026-N_HOJA-2_SPXX_6";"03351-PW-2""-C1-0026-N_HOJA-2_SPXX";"03351-PW-2""-C1-0026-N_HOJA-2";Agua de Proceso;03350-02-01;;BAJO ESPESADOR;"03351-PW-2""-C1-0026-N";2;0;SPXX;6;F;SO;2;80;C1;N;CS;0,193;Agua de Proceso;;;;12/03/2026;;;46202;;;;0,3;0,0579;0;0,0579;;;;;;;;;;;;;;;;;;;;;;;;;;;;;;;
"03351-PW-2""-C1-0028-N_HOJA-1_SPXX_1";"03351-PW-2""-C1-0028-N_HOJA-1_SPXX";"03351-PW-2""-C1-0028-N_HOJA-1";Agua de Proceso;03350-02-01;;BAJO ESPESADOR;"03351-PW-2""-C1-0028-N";1;0;SPXX;1;F;SO;2;80;C1;N;CS;0,14;Agua de Proceso;;;;12/03/2026;;;46202;;;;0,3;0,042;0,042;0;;;;;;;;;;;;;;;;;;;;;;;;;;;;;;;
"03351-PW-2""-C1-0028-N_HOJA-1_SPXX_2";"03351-PW-2""-C1-0028-N_HOJA-1_SPXX";"03351-PW-2""-C1-0028-N_HOJA-1";Agua de Proceso;03350-02-01;;BAJO ESPESADOR;"03351-PW-2""-C1-0028-N";1;0;SPXX;2;F;SW;2;80;C1;N;CS;0,14;Agua de Proceso;;;;12/03/2026;;;46202;;;;0,3;0,042;0,042;0;;;;;;;;;;;;;;;;;;;;;;;;;;;;;;;
"03351-PW-2""-C1-0028-N_HOJA-1_SPXX_3";"03351-PW-2""-C1-0028-N_HOJA-1_SPXX";"03351-PW-2""-C1-0028-N_HOJA-1";Agua de Proceso;03350-02-01;;BAJO ESPESADOR;"03351-PW-2""-C1-0028-N";1;0;SPXX;3;F;SW;2;80;C1;N;CS;0,14;Agua de Proceso;;;;12/03/2026;;;46202;;;;0,3;0,042;0,042;0;;;;;;;;;;;;;;;;;;;;;;;;;;;;;;;
"03351-PW-2""-C1-0028-N_HOJA-1_SPXX_4";"03351-PW-2""-C1-0028-N_HOJA-1_SPXX";"03351-PW-2""-C1-0028-N_HOJA-1";Agua de Proceso;03350-02-01;;BAJO ESPESADOR;"03351-PW-2""-C1-0028-N";1;0;SPXX;4;F;SO;2;80;C1;N;CS;0,14;Agua de Proceso;;;;12/03/2026;;;46202;;;;0,3;0,042;0,042;0;;;;;;;;;;;;;;;;;;;;;;;;;;;;;;;
"03351-PW-2""-C1-0028-N_HOJA-1_SPXX_5";"03351-PW-2""-C1-0028-N_HOJA-1_SPXX";"03351-PW-2""-C1-0028-N_HOJA-1";Agua de Proceso;03350-02-01;;BAJO ESPESADOR;"03351-PW-2""-C1-0028-N";1;0;SPXX;5;F;SO;2;80;C1;N;CS;0,14;Agua de Proceso;;;;12/03/2026;;;46202;;;;0,3;0,042;0,042;0;;;;;;;;;;;;;;;;;;;;;;;;;;;;;;;
"03351-PW-2""-C1-0028-N_HOJA-1_SPXX_6";"03351-PW-2""-C1-0028-N_HOJA-1_SPXX";"03351-PW-2""-C1-0028-N_HOJA-1";Agua de Proceso;03350-02-01;;BAJO ESPESADOR;"03351-PW-2""-C1-0028-N";1;0;SPXX;6;F;SW;2;80;C1;N;CS;0,14;Agua de Proceso;;;;12/03/2026;;;46202;;;;0,3;0,042;0,042;0;;;;;;;;;;;;;;;;;;;;;;;;;;;;;;;
"03351-PW-2""-C1-0028-N_HOJA-1_SPXX_7";"03351-PW-2""-C1-0028-N_HOJA-1_SPXX";"03351-PW-2""-C1-0028-N_HOJA-1";Agua de Proceso;03350-02-01;;BAJO ESPESADOR;"03351-PW-2""-C1-0028-N";1;0;SPXX;7;F;SW;2;80;C1;N;CS;0,14;Agua de Proceso;;;;12/03/2026;;;46202;;;;0,3;0,042;0,042;0;;;;;;;;;;;;;;;;;;;;;;;;;;;;;;;
"03351-PW-2""-C1-0028-N_HOJA-1_SPXX_8";"03351-PW-2""-C1-0028-N_HOJA-1_SPXX";"03351-PW-2""-C1-0028-N_HOJA-1";Agua de Proceso;03350-02-01;;BAJO ESPESADOR;"03351-PW-2""-C1-0028-N";1;0;SPXX;8;F;SW;2;80;C1;N;CS;0,14;Agua de Proceso;;;;12/03/2026;;;46202;;;;0,3;0,042;0,042;0;;;;;;;;;;;;;;;;;;;;;;;;;;;;;;;
"03351-PW-2""-C1-0028-N_HOJA-1_SPXX_9";"03351-PW-2""-C1-0028-N_HOJA-1_SPXX";"03351-PW-2""-C1-0028-N_HOJA-1";Agua de Proceso;03350-02-01;;BAJO ESPESADOR;"03351-PW-2""-C1-0028-N";1;0;SPXX;9;F;SW;2;80;C1;N;CS;0,14;Agua de Proceso;;;;12/03/2026;;;46202;;;;0,3;0,042;0,042;0;;;;;;;;;;;;;;;;;;;;;;;;;;;;;;;
"03351-PW-2""-C1-0028-N_HOJA-1_SPXX_10";"03351-PW-2""-C1-0028-N_HOJA-1_SPXX";"03351-PW-2""-C1-0028-N_HOJA-1";Agua de Proceso;03350-02-01;;BAJO ESPESADOR;"03351-PW-2""-C1-0028-N";1;0;SPXX;10;F;NPT;2;80;C1;N;CS;0,14;Agua de Proceso;;;;12/03/2026;;;46202;;;;0,3;0,042;0,042;0;;;;;;;;;;;;;;;;;;;;;;;;;;;;;;;
"03351-PW-2""-C1-0028-N_HOJA-1_SPXX_11";"03351-PW-2""-C1-0028-N_HOJA-1_SPXX";"03351-PW-2""-C1-0028-N_HOJA-1";Agua de Proceso;03350-02-01;;BAJO ESPESADOR;"03351-PW-2""-C1-0028-N";1;0;SPXX;11;F;NPT;2;80;C1;N;CS;0,14;Agua de Proceso;;;;12/03/2026;;;46202;;;;0,3;0,042;0,042;0;;;;;;;;;;;;;;;;;;;;;;;;;;;;;;;
"03351-PW-2""-C1-0038-N_HOJA-1_SPXX_1";"03351-PW-2""-C1-0038-N_HOJA-1_SPXX";"03351-PW-2""-C1-0038-N_HOJA-1";Agua de Proceso;03350-02-01;;TORRE TRASFERENCIA;"03351-PW-2""-C1-0038-N";1;0;SPXX;1;F;SW;2;80;C1;N;CS;0,37;Agua de Proceso;;;ELIMINADA;12/03/2026;46258;46258;46202;46258;46258;46258;1;0,37;0,111;0,259;;;;;;;;;;;;;;;;;;;;;;;;;;;;;;;
"03351-PW-2""-C1-0038-N_HOJA-1_SPXX_2";"03351-PW-2""-C1-0038-N_HOJA-1_SPXX";"03351-PW-2""-C1-0038-N_HOJA-1";Agua de Proceso;03350-02-01;;TORRE TRASFERENCIA;"03351-PW-2""-C1-0038-N";1;0;SPXX;2;F;SW;2;80;C1;N;CS;0,37;Agua de Proceso;;;ELIMINADA;12/03/2026;46258;46258;46202;46258;46258;46258;1;0,37;0,111;0,259;;;;;;;;;;;;;;;;;;;;;;;;;;;;;;;
"03351-PW-2""-C1-0038-N_HOJA-1_SPXX_3";"03351-PW-2""-C1-0038-N_HOJA-1_SPXX";"03351-PW-2""-C1-0038-N_HOJA-1";Agua de Proceso;03350-02-01;;TORRE TRASFERENCIA;"03351-PW-2""-C1-0038-N";1;0;SPXX;3;F;SW;2;80;C1;N;CS;0,37;Agua de Proceso;;;;12/03/2026;46258;46258;46202;46258;;;0,9;0,333;0,111;0,222;EJECUTADA;46259;W-02;;;;;;;;;;;;;;;;;;;;;;;;;;;;
"03351-PW-2""-C1-0038-N_HOJA-1_SPXX_4";"03351-PW-2""-C1-0038-N_HOJA-1_SPXX";"03351-PW-2""-C1-0038-N_HOJA-1";Agua de Proceso;03350-02-01;;TORRE TRASFERENCIA;"03351-PW-2""-C1-0038-N";1;0;SPXX;4;F;SW;2;80;C1;N;CS;0,37;Agua de Proceso;;;;12/03/2026;46258;46258;46202;46258;;;0,9;0,333;0,111;0,222;EJECUTADA;46259;W-02 , W-18;;;;;;;;;;;;;;;;;;;;;;;;;;;;
"03351-PW-2""-C1-0038-N_HOJA-1_SPXX_5";"03351-PW-2""-C1-0038-N_HOJA-1_SPXX";"03351-PW-2""-C1-0038-N_HOJA-1";Agua de Proceso;03350-02-01;;TORRE TRASFERENCIA;"03351-PW-2""-C1-0038-N";1;0;SPXX;5;F;SW;2;80;C1;N;CS;0,37;Agua de Proceso;;;;12/03/2026;46258;46258;46202;46258;;;0,9;0,333;0,111;0,222;EJECUTADA;46259;W-19;;;;;;;;;;;;;;;;;;;;;;;;;;;;
"03351-PW-2""-C1-0038-N_HOJA-1_SPXX_6";"03351-PW-2""-C1-0038-N_HOJA-1_SPXX";"03351-PW-2""-C1-0038-N_HOJA-1";Agua de Proceso;03350-02-01;;TORRE TRASFERENCIA;"03351-PW-2""-C1-0038-N";1;0;SPXX;6;F;SW;2;80;C1;N;CS;0,37;Agua de Proceso;;W-11;;12/03/2026;46245;46245;46202;46245;;;0,9;0,333;0,111;0,222;EJECUTADA;46245;W-11;;;;;;;;;;;;;;;;;;;;;;;;;;;;
"03351-PW-2""-C1-0038-N_HOJA-1_SPXX_7";"03351-PW-2""-C1-0038-N_HOJA-1_SPXX";"03351-PW-2""-C1-0038-N_HOJA-1";Agua de Proceso;03350-02-01;;TORRE TRASFERENCIA;"03351-PW-2""-C1-0038-N";1;0;SPXX;7;F;SW;2;80;C1;N;CS;0,37;Agua de Proceso;;;;12/03/2026;46245;46245;46202;46245;;;0,9;0,333;0,111;0,222;EJECUTADA;46245;0;;;;;;;;;;;;;;;;;;;;;;;;;;;;
"03351-PW-2""-C1-0038-N_HOJA-1_SPXX_8";"03351-PW-2""-C1-0038-N_HOJA-1_SPXX";"03351-PW-2""-C1-0038-N_HOJA-1";Agua de Proceso;03350-02-01;;TORRE TRASFERENCIA;"03351-PW-2""-C1-0038-N";1;0;SPXX;8;F;SW;2;80;C1;N;CS;0,37;Agua de Proceso;;;;12/03/2026;46258;46258;46202;46258;;;0,9;0,333;0,111;0,222;EJECUTADA;46259;W-18;;;;;;;;;;;;;;;;;;;;;;;;;;;;
"03351-PW-2""-C1-0038-N_HOJA-1_SPXX_9";"03351-PW-2""-C1-0038-N_HOJA-1_SPXX";"03351-PW-2""-C1-0038-N_HOJA-1";Agua de Proceso;03350-02-01;;TORRE TRASFERENCIA;"03351-PW-2""-C1-0038-N";1;0;SPXX;9;F;SW;2;80;C1;N;CS;0,37;Agua de Proceso;;;;12/03/2026;46258;46258;46202;46258;;;0,9;0,333;0,111;0,222;EJECUTADA;46259;W-16;;;;;;;;;;;;;;;;;;;;;;;;;;;;
"03351-PW-2""-C1-0038-N_HOJA-1_SPXX_10";"03351-PW-2""-C1-0038-N_HOJA-1_SPXX";"03351-PW-2""-C1-0038-N_HOJA-1";Agua de Proceso;03350-02-01;;TORRE TRASFERENCIA;"03351-PW-2""-C1-0038-N";1;0;SPXX;10;F;SW;2;80;C1;N;CS;0,37;Agua de Proceso;;;;12/03/2026;46258;46258;46202;46258;;;0,9;0,333;0,111;0,222;EJECUTADA;46259;W-02;;;;;;;;;;;;;;;;;;;;;;;;;;;;
"03351-PW-2""-C1-0038-N_HOJA-1_SPXX_11";"03351-PW-2""-C1-0038-N_HOJA-1_SPXX";"03351-PW-2""-C1-0038-N_HOJA-1";Agua de Proceso;03350-02-01;;TORRE TRASFERENCIA;"03351-PW-2""-C1-0038-N";1;0;SPXX;11;F;NPT;2;80;C1;N;CS;0,37;Agua de Proceso;;;;12/03/2026;46258;46258;46202;46258;46258;;0,95;0,3515;0,111;0,2405;EJECUTADA;46259;W-16;;;;;;;;;;;;;;;;;;;;;;;;;;;;
"03351-PW-2""-C1-0038-N_HOJA-1_SPXX_12";"03351-PW-2""-C1-0038-N_HOJA-1_SPXX";"03351-PW-2""-C1-0038-N_HOJA-1";Agua de Proceso;03350-02-01;;TORRE TRASFERENCIA;"03351-PW-2""-C1-0038-N";1;0;SPXX;12;F;NPT;2;80;C1;N;CS;0,37;Agua de Proceso;;;;12/03/2026;46258;46258;46202;46258;46258;;0,95;0,3515;0,111;0,2405;EJECUTADA;46259;W-02;;;;;;;;;;;;;;;;;;;;;;;;;;;;
"03351-PW-2""-C1-0038-N_HOJA-1_SPXX_13";"03351-PW-2""-C1-0038-N_HOJA-1_SPXX";"03351-PW-2""-C1-0038-N_HOJA-1";Agua de Proceso;03350-02-01;;TORRE TRASFERENCIA;"03351-PW-2""-C1-0038-N";1;0;SPXX;13;F;SW;2;80;C1;N;CS;0,37;Agua de Proceso;;;;12/03/2026;46258;46258;46202;46258;;;0,9;0,333;0,111;0,222;;;;;;;;;;;;;;;;;;;;;;;;;;;;;;;
"03351-PW-2""-C1-0039-N_HOJA-1_SPXX_1";"03351-PW-2""-C1-0039-N_HOJA-1_SPXX";"03351-PW-2""-C1-0039-N_HOJA-1";Agua de Proceso;03350-02-01;;TORRE TRANSFERENCIA;"03351-PW-2""-C1-0039-N";1;0;SPXX;1;F;SW;2;80;C1;N;CS;0,5342;Agua de Proceso;03351-EST-001;;;12/03/2026;;;46202;;;;0,3;0,16026;0;0,16026;;;;;;;;;;;;;;;;;;;;;;;;;;;;;;;
"03351-PW-2""-C1-0039-N_HOJA-1_SPXX_2";"03351-PW-2""-C1-0039-N_HOJA-1_SPXX";"03351-PW-2""-C1-0039-N_HOJA-1";Agua de Proceso;03350-02-01;;TORRE TRANSFERENCIA;"03351-PW-2""-C1-0039-N";1;0;SPXX;2;F;SW;2;80;C1;N;CS;0,5342;Agua de Proceso;;;;12/03/2026;;;46202;;;;0,3;0,16026;0;0,16026;;;;;;;;;;;;;;;;;;;;;;;;;;;;;;;
"03351-PW-2""-C1-0039-N_HOJA-1_SPXX_3";"03351-PW-2""-C1-0039-N_HOJA-1_SPXX";"03351-PW-2""-C1-0039-N_HOJA-1";Agua de Proceso;03350-02-01;;TORRE TRANSFERENCIA;"03351-PW-2""-C1-0039-N";1;0;SPXX;3;F;SW;2;80;C1;N;CS;0,5342;Agua de Proceso;;;;12/03/2026;;;46202;;;;0,3;0,16026;0;0,16026;;;;;;;;;;;;;;;;;;;;;;;;;;;;;;;
"03351-PW-2""-C1-0039-N_HOJA-1_SPXX_4";"03351-PW-2""-C1-0039-N_HOJA-1_SPXX";"03351-PW-2""-C1-0039-N_HOJA-1";Agua de Proceso;03350-02-01;;TORRE TRANSFERENCIA;"03351-PW-2""-C1-0039-N";1;0;SPXX;4;F;SW;2;80;C1;N;CS;0,5342;Agua de Proceso;;;;12/03/2026;;;46202;;;;0,3;0,16026;0;0,16026;;;;;;;;;;;;;;;;;;;;;;;;;;;;;;;
"03351-PW-2""-C1-0039-N_HOJA-1_SPXX_5";"03351-PW-2""-C1-0039-N_HOJA-1_SPXX";"03351-PW-2""-C1-0039-N_HOJA-1";Agua de Proceso;03350-02-01;;TORRE TRANSFERENCIA;"03351-PW-2""-C1-0039-N";1;0;SPXX;5;F;SW;2;80;C1;N;CS;0,5342;Agua de Proceso;;;;12/03/2026;;;46202;;;;0,3;0,16026;0;0,16026;;;;;;;;;;;;;;;;;;;;;;;;;;;;;;;
"03351-PW-2""-C1-0039-N_HOJA-1_SPXX_6";"03351-PW-2""-C1-0039-N_HOJA-1_SPXX";"03351-PW-2""-C1-0039-N_HOJA-1";Agua de Proceso;03350-02-01;;TORRE TRANSFERENCIA;"03351-PW-2""-C1-0039-N";1;0;SPXX;6;F;SW;2;80;C1;N;CS;0,5342;Agua de Proceso;;;;12/03/2026;;;46202;;;;0,3;0,16026;0;0,16026;;;;;;;;;;;;;;;;;;;;;;;;;;;;;;;
"03351-PW-2""-C1-0039-N_HOJA-1_SPXX_7";"03351-PW-2""-C1-0039-N_HOJA-1_SPXX";"03351-PW-2""-C1-0039-N_HOJA-1";Agua de Proceso;03350-02-01;;TORRE TRANSFERENCIA;"03351-PW-2""-C1-0039-N";1;0;SPXX;7;F;SW;2;80;C1;N;CS;0,5342;Agua de Proceso;;;;12/03/2026;;;46202;;;;0,3;0,16026;0;0,16026;;;;;;;;;;;;;;;;;;;;;;;;;;;;;;;
"03351-PW-2""-C1-0039-N_HOJA-1_SPXX_8";"03351-PW-2""-C1-0039-N_HOJA-1_SPXX";"03351-PW-2""-C1-0039-N_HOJA-1";Agua de Proceso;03350-02-01;;TORRE TRANSFERENCIA;"03351-PW-2""-C1-0039-N";1;0;SPXX;8;F;SW;2;80;C1;N;CS;0,5342;Agua de Proceso;;;;12/03/2026;;;46202;;;;0,3;0,16026;0;0,16026;;;;;;;;;;;;;;;;;;;;;;;;;;;;;;;
"03351-PW-2""-C1-0039-N_HOJA-1_SPXX_9";"03351-PW-2""-C1-0039-N_HOJA-1_SPXX";"03351-PW-2""-C1-0039-N_HOJA-1";Agua de Proceso;03350-02-01;;TORRE TRANSFERENCIA;"03351-PW-2""-C1-0039-N";1;0;SPXX;9;F;SW;2;80;C1;N;CS;0,5342;Agua de Proceso;;;;12/03/2026;;;46202;;;;0,3;0,16026;0;0,16026;;;;;;;;;;;;;;;;;;;;;;;;;;;;;;;
"03351-PW-2""-C1-0039-N_HOJA-1_SPXX_10";"03351-PW-2""-C1-0039-N_HOJA-1_SPXX";"03351-PW-2""-C1-0039-N_HOJA-1";Agua de Proceso;03350-02-01;;TORRE TRANSFERENCIA;"03351-PW-2""-C1-0039-N";1;0;SPXX;10;F;SW;2;80;C1;N;CS;0,5342;Agua de Proceso;;;;12/03/2026;;;46202;;;;0,3;0,16026;0;0,16026;;;;;;;;;;;;;;;;;;;;;;;;;;;;;;;
"03351-PW-2""-C1-0039-N_HOJA-2_SPXX_1";"03351-PW-2""-C1-0039-N_HOJA-2_SPXX";"03351-PW-2""-C1-0039-N_HOJA-2";Agua de Proceso;03350-02-01;;TORRE TRANSFERENCIA;"03351-PW-2""-C1-0039-N";2;0;SPXX;1;F;SW;2;80;C1;N;CS;0,17;Agua de Proceso;;;;12/03/2026;;;46202;;;;0,3;0,051;0;0,051;;;;;;;;;;;;;;;;;;;;;;;;;;;;;;;
"03351-PW-2""-C1-0039-N_HOJA-2_SPXX_2";"03351-PW-2""-C1-0039-N_HOJA-2_SPXX";"03351-PW-2""-C1-0039-N_HOJA-2";Agua de Proceso;03350-02-01;;TORRE TRANSFERENCIA;"03351-PW-2""-C1-0039-N";2;0;SPXX;2;F;SW;2;80;C1;N;CS;0,17;Agua de Proceso;;;;12/03/2026;;;46202;;;;0,3;0,051;0;0,051;;;;;;;;;;;;;;;;;;;;;;;;;;;;;;;
"03351-PW-2""-C1-0039-N_HOJA-2_SPXX_3";"03351-PW-2""-C1-0039-N_HOJA-2_SPXX";"03351-PW-2""-C1-0039-N_HOJA-2";Agua de Proceso;03350-02-01;;TORRE TRANSFERENCIA;"03351-PW-2""-C1-0039-N";2;0;SPXX;3;F;SW;2;80;C1;N;CS;0,17;Agua de Proceso;;;;12/03/2026;;;46202;;;;0,3;0,051;0;0,051;;;;;;;;;;;;;;;;;;;;;;;;;;;;;;;
"03351-PW-2""-C1-0039-N_HOJA-2_SPXX_4";"03351-PW-2""-C1-0039-N_HOJA-2_SPXX";"03351-PW-2""-C1-0039-N_HOJA-2";Agua de Proceso;03350-02-01;;TORRE TRANSFERENCIA;"03351-PW-2""-C1-0039-N";2;0;SPXX;4;F;SW;2;80;C1;N;CS;0,17;Agua de Proceso;;;;12/03/2026;;;46202;;;;0,3;0,051;0;0,051;;;;;;;;;;;;;;;;;;;;;;;;;;;;;;;
"03351-PW-2""-C1-0039-N_HOJA-2_SPXX_5";"03351-PW-2""-C1-0039-N_HOJA-2_SPXX";"03351-PW-2""-C1-0039-N_HOJA-2";Agua de Proceso;03350-02-01;;TORRE TRANSFERENCIA;"03351-PW-2""-C1-0039-N";2;0;SPXX;5;F;SW;2;80;C1;N;CS;0,17;Agua de Proceso;;;;12/03/2026;;;46202;;;;0,3;0,051;0;0,051;;;;;;;;;;;;;;;;;;;;;;;;;;;;;;;
"03351-PW-2""-C1-0039-N_HOJA-2_SPXX_6";"03351-PW-2""-C1-0039-N_HOJA-2_SPXX";"03351-PW-2""-C1-0039-N_HOJA-2";Agua de Proceso;03350-02-01;;TORRE TRANSFERENCIA;"03351-PW-2""-C1-0039-N";2;0;SPXX;6;F;NPT;2;80;C1;N;CS;0,17;Agua de Proceso;;;;12/03/2026;;;46202;;;;0,3;0,051;0;0,051;;;;;;;;;;;;;;;;;;;;;;;;;;;;;;;
"03351-PW-2""-C1-0039-N_HOJA-2_SPXX_7";"03351-PW-2""-C1-0039-N_HOJA-2_SPXX";"03351-PW-2""-C1-0039-N_HOJA-2";Agua de Proceso;03350-02-01;;TORRE TRANSFERENCIA;"03351-PW-2""-C1-0039-N";2;0;SPXX;7;F;NPT;2;80;C1;N;CS;0,17;Agua de Proceso;;;;12/03/2026;;;46202;;;;0,3;0,051;0;0,051;;;;;;;;;;;;;;;;;;;;;;;;;;;;;;;
"03351-PW-2""-C1-0039-N_HOJA-2_SPXX_8";"03351-PW-2""-C1-0039-N_HOJA-2_SPXX";"03351-PW-2""-C1-0039-N_HOJA-2";Agua de Proceso;03350-02-01;;TORRE TRANSFERENCIA;"03351-PW-2""-C1-0039-N";2;0;SPXX;8;F;SW;2;80;C1;N;CS;0,17;Agua de Proceso;;;;12/03/2026;;;46202;;;;0,3;0,051;0;0,051;;;;;;;;;;;;;;;;;;;;;;;;;;;;;;;
"03351-PW-2""-C1-0039-N_HOJA-2_SPXX_9";"03351-PW-2""-C1-0039-N_HOJA-2_SPXX";"03351-PW-2""-C1-0039-N_HOJA-2";Agua de Proceso;03350-02-01;;TORRE TRANSFERENCIA;"03351-PW-2""-C1-0039-N";2;0;SPXX;9;F;SW;2;80;C1;N;CS;0,17;Agua de Proceso;;;;12/03/2026;;;46202;;;;0,3;0,051;0;0,051;;;;;;;;;;;;;;;;;;;;;;;;;;;;;;;
"03351-PW-2""-C1-0039-N_HOJA-2_SPXX_10";"03351-PW-2""-C1-0039-N_HOJA-2_SPXX";"03351-PW-2""-C1-0039-N_HOJA-2";Agua de Proceso;03350-02-01;;TORRE TRANSFERENCIA;"03351-PW-2""-C1-0039-N";2;0;SPXX;10;F;SO;2;80;C1;N;CS;0,17;Agua de Proceso;;;;12/03/2026;;;46202;;;;0,3;0,051;0;0,051;;;;;;;;;;;;;;;;;;;;;;;;;;;;;;;
"03351-PW-2""-C1-0039-N_HOJA-3_SPXX_1";"03351-PW-2""-C1-0039-N_HOJA-3_SPXX";"03351-PW-2""-C1-0039-N_HOJA-3";Agua de Proceso;03350-02-01;;TORRE TRANSFERENCIA;"03351-PW-2""-C1-0039-N";3;0;SPXX;1;F;SO;2;80;C1;N;CS;0,311;Agua de Proceso;;;;12/03/2026;;;46202;;;;0,3;0,0933;0;0,0933;;;;;;;;;;;;;;;;;;;;;;;;;;;;;;;
"03351-PW-2""-C1-0039-N_HOJA-3_SPXX_2";"03351-PW-2""-C1-0039-N_HOJA-3_SPXX";"03351-PW-2""-C1-0039-N_HOJA-3";Agua de Proceso;03350-02-01;;TORRE TRANSFERENCIA;"03351-PW-2""-C1-0039-N";3;0;SPXX;2;F;NPT;2;80;C1;N;CS;0,311;Agua de Proceso;;;;12/03/2026;;;46202;;;;0,3;0,0933;0;0,0933;;;;;;;;;;;;;;;;;;;;;;;;;;;;;;;
"03351-PW-2""-C1-0039-N_HOJA-3_SPXX_3";"03351-PW-2""-C1-0039-N_HOJA-3_SPXX";"03351-PW-2""-C1-0039-N_HOJA-3";Agua de Proceso;03350-02-01;;TORRE TRANSFERENCIA;"03351-PW-2""-C1-0039-N";3;0;SPXX;3;F;NPT;2;80;C1;N;CS;0,311;Agua de Proceso;;;;12/03/2026;;;46202;;;;0,3;0,0933;0;0,0933;;;;;;;;;;;;;;;;;;;;;;;;;;;;;;;
"03351-PW-2""-C1-0039-N_HOJA-3_SPXX_4";"03351-PW-2""-C1-0039-N_HOJA-3_SPXX";"03351-PW-2""-C1-0039-N_HOJA-3";Agua de Proceso;03350-02-01;;TORRE TRANSFERENCIA;"03351-PW-2""-C1-0039-N";3;0;SPXX;4;F;SW;2;80;C1;N;CS;0,311;Agua de Proceso;;;;12/03/2026;;;46202;;;;0,3;0,0933;0;0,0933;;;;;;;;;;;;;;;;;;;;;;;;;;;;;;;
"03351-PW-2""-C1-0039-N_HOJA-3_SPXX_5";"03351-PW-2""-C1-0039-N_HOJA-3_SPXX";"03351-PW-2""-C1-0039-N_HOJA-3";Agua de Proceso;03350-02-01;;TORRE TRANSFERENCIA;"03351-PW-2""-C1-0039-N";3;0;SPXX;5;F;SW;2;80;C1;N;CS;0,311;Agua de Proceso;;;;12/03/2026;;;46202;;;;0,3;0,0933;0;0,0933;;;;;;;;;;;;;;;;;;;;;;;;;;;;;;;
"03351-PW-2""-C1-0039-N_HOJA-3_SPXX_6";"03351-PW-2""-C1-0039-N_HOJA-3_SPXX";"03351-PW-2""-C1-0039-N_HOJA-3";Agua de Proceso;03350-02-01;;TORRE TRANSFERENCIA;"03351-PW-2""-C1-0039-N";3;0;SPXX;6;F;SW;2;80;C1;N;CS;0,311;Agua de Proceso;;;;12/03/2026;;;46202;;;;0,3;0,0933;0;0,0933;;;;;;;;;;;;;;;;;;;;;;;;;;;;;;;
"03351-PW-2""-C1-0039-N_HOJA-3_SPXX_7";"03351-PW-2""-C1-0039-N_HOJA-3_SPXX";"03351-PW-2""-C1-0039-N_HOJA-3";Agua de Proceso;03350-02-01;;TORRE TRANSFERENCIA;"03351-PW-2""-C1-0039-N";3;0;SPXX;7;F;SW;2;80;C1;N;CS;0,311;Agua de Proceso;;;;12/03/2026;;;46202;;;;0,3;0,0933;0;0,0933;;;;;;;;;;;;;;;;;;;;;;;;;;;;;;;
"03351-PW-2""-C1-0039-N_HOJA-3_SPXX_8";"03351-PW-2""-C1-0039-N_HOJA-3_SPXX";"03351-PW-2""-C1-0039-N_HOJA-3";Agua de Proceso;03350-02-01;;TORRE TRANSFERENCIA;"03351-PW-2""-C1-0039-N";3;0;SPXX;8;F;SO;2;80;C1;N;CS;0,311;Agua de Proceso;;;;12/03/2026;;;46202;;;;0,3;0,0933;0;0,0933;;;;;;;;;;;;;;;;;;;;;;;;;;;;;;;
"03351-PW-2""-C1-0044-N_HOJA-1_SPXX_1";"03351-PW-2""-C1-0044-N_HOJA-1_SPXX";"03351-PW-2""-C1-0044-N_HOJA-1";Agua de Proceso;03350-02-01;;BAJO ESPESADOR ;"03351-PW-2""-C1-0044-N";1;0;SPXX;1;F;SO;2;80;C1;N;CS;0,29;Agua de Proceso;;;;12/03/2026;46255;46255;46202;46255;;;0,9;0,261;0,087;0,174;;;;;;;;;;;;;;;;;;;;;;;;;;;;;;;
"03351-PW-2""-C1-0044-N_HOJA-1_SPXX_2";"03351-PW-2""-C1-0044-N_HOJA-1_SPXX";"03351-PW-2""-C1-0044-N_HOJA-1";Agua de Proceso;03350-02-01;;BAJO ESPESADOR ;"03351-PW-2""-C1-0044-N";1;0;SPXX;2;F;SO;2;80;C1;N;CS;0,29;Agua de Proceso;;;;12/03/2026;46255;46255;46202;46255;;;0,9;0,261;0,087;0,174;;;;;;;;;;;;;;;;;;;;;;;;;;;;;;;
"03351-PW-2""-C1-0044-N_HOJA-1_SPXX_3";"03351-PW-2""-C1-0044-N_HOJA-1_SPXX";"03351-PW-2""-C1-0044-N_HOJA-1";Agua de Proceso;03350-02-01;;BAJO ESPESADOR ;"03351-PW-2""-C1-0044-N";1;0;SPXX;3;F;SW;2;80;C1;N;CS;0,29;Agua de Proceso;;W-02;;12/03/2026;46255;46255;46202;46255;;;0,9;0,261;0,087;0,174;EJECUTADA;46257;W-02;;;;;;;;;;;;;;;;;;;;;;;;;;;;
"03351-PW-2""-C1-0044-N_HOJA-1_SPXX_4";"03351-PW-2""-C1-0044-N_HOJA-1_SPXX";"03351-PW-2""-C1-0044-N_HOJA-1";Agua de Proceso;03350-02-01;;BAJO ESPESADOR ;"03351-PW-2""-C1-0044-N";1;0;SPXX;4;F;SW;2;80;C1;N;CS;0,29;Agua de Proceso;;W-02;;12/03/2026;46255;46255;46202;46255;;;0,9;0,261;0,087;0,174;EJECUTADA;46257;W-02;;;;;;;;;;;;;;;;;;;;;;;;;;;;
"03351-PW-2""-C1-0044-N_HOJA-1_SPXX_5";"03351-PW-2""-C1-0044-N_HOJA-1_SPXX";"03351-PW-2""-C1-0044-N_HOJA-1";Agua de Proceso;03350-02-01;;BAJO ESPESADOR ;"03351-PW-2""-C1-0044-N";1;0;SPXX;5;F;SW;2;80;C1;N;CS;0,29;Agua de Proceso;;W-18;;12/03/2026;46220;46220;46220;46247;;;0,9;0,261;0,174;0,087;EJECUTADA;46219;W-18;;;;;;;;;;;;;;;;;;;;;;;;;;;;
"03351-PW-2""-C1-0044-N_HOJA-1_SPXX_6";"03351-PW-2""-C1-0044-N_HOJA-1_SPXX";"03351-PW-2""-C1-0044-N_HOJA-1";Agua de Proceso;03350-02-01;;BAJO ESPESADOR ;"03351-PW-2""-C1-0044-N";1;0;SPXX;6;F;SW;2;80;C1;N;CS;0,29;Agua de Proceso;;W-18;;12/03/2026;46220;46220;46220;46247;;;0,9;0,261;0,174;0,087;EJECUTADA;46219;W-18;;;;;;;;;;;;;;;;;;;;;;;;;;;;
"03351-PW-2""-C1-0044-N_HOJA-1_SPXX_7";"03351-PW-2""-C1-0044-N_HOJA-1_SPXX";"03351-PW-2""-C1-0044-N_HOJA-1";Agua de Proceso;03350-02-01;;BAJO ESPESADOR ;"03351-PW-2""-C1-0044-N";1;0;SPXX;7;F;SW;2;80;C1;N;CS;0,29;Agua de Proceso;;W-18;;12/03/2026;46220;46220;46220;46247;;;0,9;0,261;0,174;0,087;EJECUTADA;46219;W-18;;;;;;;;;;;;;;;;;;;;;;;;;;;;
"03351-PW-2""-C1-0044-N_HOJA-1_SPXX_8";"03351-PW-2""-C1-0044-N_HOJA-1_SPXX";"03351-PW-2""-C1-0044-N_HOJA-1";Agua de Proceso;03350-02-01;;BAJO ESPESADOR ;"03351-PW-2""-C1-0044-N";1;0;SPXX;8;F;SW;2;80;C1;N;CS;0,29;Agua de Proceso;;;;12/03/2026;46248;46248;46202;46248;;;0,9;0,261;0,087;0,174;EJECUTADA;46248;0;;;;;;;;;;;;;;;;;;;;;;;;;;;;
"03351-PW-2""-C1-0044-N_HOJA-1_SPXX_9";"03351-PW-2""-C1-0044-N_HOJA-1_SPXX";"03351-PW-2""-C1-0044-N_HOJA-1";Agua de Proceso;03350-02-01;;BAJO ESPESADOR ;"03351-PW-2""-C1-0044-N";1;0;SPXX;9;F;NPT;2;80;C1;N;CS;0,29;Agua de Proceso;;;;12/03/2026;46248;46248;46202;46248;46258;;0,95;0,2755;0,087;0,1885;EJECUTADA;46248;0;;;;;;;;;;;;;;;;;;;;;;;;;;;;
"03351-PW-2""-C1-0044-N_HOJA-1_SPXX_10";"03351-PW-2""-C1-0044-N_HOJA-1_SPXX";"03351-PW-2""-C1-0044-N_HOJA-1";Agua de Proceso;03350-02-01;;BAJO ESPESADOR ;"03351-PW-2""-C1-0044-N";1;0;SPXX;10;F;NPT;2;80;C1;N;CS;0,29;Agua de Proceso;;;;12/03/2026;46248;46248;46202;46248;46258;;0,95;0,2755;0,087;0,1885;EJECUTADA;46248;0;;;;;;;;;;;;;;;;;;;;;;;;;;;;
"03351-PW-2""-C1-0044-N_HOJA-1_SPXX_11";"03351-PW-2""-C1-0044-N_HOJA-1_SPXX";"03351-PW-2""-C1-0044-N_HOJA-1";Agua de Proceso;03350-02-01;;BAJO ESPESADOR ;"03351-PW-2""-C1-0044-N";1;0;SPXX;11;F;SW;2;80;C1;N;CS;0,29;Agua de Proceso;;;ELIMINADA;12/03/2026;46258;46258;46202;46258;46258;46258;1;0,29;0,087;0,203;;;;;;;;;;;;;;;;;;;;;;;;;;;;;;;
"03351-PW-2""-C1-0044-N_HOJA-1_SPXX_12";"03351-PW-2""-C1-0044-N_HOJA-1_SPXX";"03351-PW-2""-C1-0044-N_HOJA-1";Agua de Proceso;03350-02-01;;BAJO ESPESADOR ;"03351-PW-2""-C1-0044-N";1;0;SPXX;12;F;SW;2;80;C1;N;CS;0,29;Agua de Proceso;;;;12/03/2026;;;46202;;;;0,3;0,087;0,087;0;;;;;;;;;;;;;;;;;;;;;;;;;;;;;;;
"03351-PW-2""-C1-0048-N_HOJA-1_SPXX_1";"03351-PW-2""-C1-0048-N_HOJA-1_SPXX";"03351-PW-2""-C1-0048-N_HOJA-1";Agua de Proceso;03350-02-01;;BAJO ESPESADOR;"03351-PW-2""-C1-0048-N";1;0;SPXX;1;F;SW;2;80;C1;N;CS;0,508;Agua de Proceso;;W-18;;12/03/2026;46215;46215;46215;46247;;;0,9;0,4572;0,3048;0,1524;EJECUTADA;46247;W-18;;;;;;;;;;;;;;;;;;;;;;;;;;;;
"03351-PW-2""-C1-0048-N_HOJA-1_SPXX_2";"03351-PW-2""-C1-0048-N_HOJA-1_SPXX";"03351-PW-2""-C1-0048-N_HOJA-1";Agua de Proceso;03350-02-01;;BAJO ESPESADOR;"03351-PW-2""-C1-0048-N";1;0;SPXX;2;F;SW;2;80;C1;N;CS;0,508;Agua de Proceso;;;;12/03/2026;46252;46258;46202;46247;;;0,9;0,4572;0,1524;0,3048;EJECUTADA;46259;W-02;;;;;;;;;;;;;;;;;;;;;;;;;;;;
"03351-PW-2""-C1-0048-N_HOJA-1_SPXX_3";"03351-PW-2""-C1-0048-N_HOJA-1_SPXX";"03351-PW-2""-C1-0048-N_HOJA-1";Agua de Proceso;03350-02-01;;BAJO ESPESADOR;"03351-PW-2""-C1-0048-N";1;0;SPXX;3;F;SW;2;80;C1;N;CS;0,508;Agua de Proceso;;W-18;;12/03/2026;46210;46210;46210;46210;;;0,9;0,4572;0,4572;0;EJECUTADA;46210;W-18;;;;;;;;;;;;;;;;;;;;;;;;;;;;
"03351-PW-2""-C1-0048-N_HOJA-1_SPXX_4";"03351-PW-2""-C1-0048-N_HOJA-1_SPXX";"03351-PW-2""-C1-0048-N_HOJA-1";Agua de Proceso;03350-02-01;;BAJO ESPESADOR;"03351-PW-2""-C1-0048-N";1;0;SPXX;4;F;SW;2;80;C1;N;CS;0,508;Agua de Proceso;;W-16;;12/03/2026;46232;46232;46202;46239;;;0,9;0,4572;0,3048;0,1524;EJECUTADA;46232;W-16;;;;;;;;;;;;;;;;;;;;;;;;;;;;
"03351-PW-2""-C1-0048-N_HOJA-1_SPXX_5";"03351-PW-2""-C1-0048-N_HOJA-1_SPXX";"03351-PW-2""-C1-0048-N_HOJA-1";Agua de Proceso;03350-02-01;;BAJO ESPESADOR;"03351-PW-2""-C1-0048-N";1;0;SPXX;5;F;SW;2;80;C1;N;CS;0,508;Agua de Proceso;;W-18;;12/03/2026;46210;46210;46210;46210;;;0,9;0,4572;0,4572;0;EJECUTADA;46210;W-18;;;;;;;;;;;;;;;;;;;;;;;;;;;;
"03351-PW-2""-C1-0048-N_HOJA-1_SPXX_6";"03351-PW-2""-C1-0048-N_HOJA-1_SPXX";"03351-PW-2""-C1-0048-N_HOJA-1";Agua de Proceso;03350-02-01;;BAJO ESPESADOR;"03351-PW-2""-C1-0048-N";1;0;SPXX;6;F;SW;2;80;C1;N;CS;0,508;Agua de Proceso;;W-18;;12/03/2026;46210;46210;46210;46210;;;0,9;0,4572;0,4572;0;EJECUTADA;46210;W-18;;;;;;;;;;;;;;;;;;;;;;;;;;;;
"03351-PW-2""-C1-0048-N_HOJA-1_SPXX_7";"03351-PW-2""-C1-0048-N_HOJA-1_SPXX";"03351-PW-2""-C1-0048-N_HOJA-1";Agua de Proceso;03350-02-01;;BAJO ESPESADOR;"03351-PW-2""-C1-0048-N";1;0;SPXX;7;F;SW;2;80;C1;N;CS;0,508;Agua de Proceso;;W-11;;12/03/2026;46239;46239;46202;46239;;;0,9;0,4572;0,1524;0,3048;EJECUTADA;46239;W-11;;;;;;;;;;;;;;;;;;;;;;;;;;;;
"03351-PW-2""-C1-0048-N_HOJA-1_SPXX_8";"03351-PW-2""-C1-0048-N_HOJA-1_SPXX";"03351-PW-2""-C1-0048-N_HOJA-1";Agua de Proceso;03350-02-01;;BAJO ESPESADOR;"03351-PW-2""-C1-0048-N";1;0;SPXX;8;F;SW;2;80;C1;N;CS;0,508;Agua de Proceso;;W-18;;12/03/2026;46210;46210;46210;46210;;;0,9;0,4572;0,4572;0;EJECUTADA;46210;W-18;;;;;;;;;;;;;;;;;;;;;;;;;;;;
"03351-PW-2""-C1-0048-N_HOJA-1_SPXX_9";"03351-PW-2""-C1-0048-N_HOJA-1_SPXX";"03351-PW-2""-C1-0048-N_HOJA-1";Agua de Proceso;03350-02-01;;BAJO ESPESADOR;"03351-PW-2""-C1-0048-N";1;0;SPXX;9;F;SW;2;80;C1;N;CS;0,508;Agua de Proceso;;W-18;;12/03/2026;46218;46218;46218;46239;;;0,9;0,4572;0,3048;0,1524;EJECUTADA;46218;W-18;;;;;;;;;;;;;;;;;;;;;;;;;;;;
"03351-PW-2""-C1-0048-N_HOJA-1_SPXX_10";"03351-PW-2""-C1-0048-N_HOJA-1_SPXX";"03351-PW-2""-C1-0048-N_HOJA-1";Agua de Proceso;03350-02-01;;BAJO ESPESADOR;"03351-PW-2""-C1-0048-N";1;0;SPXX;10;F;SW;2;80;C1;N;CS;0;Agua de Proceso;;;;12/03/2026;46252;46252;46249;46249;46252;;0,95;0;0;0;EJECUTADA;46259;W-02;;;;;;;;;;;;;;;;;;;;;;;;;;;;
"03351-PW-2""-C1-0048-N_HOJA-1_SPXX_11";"03351-PW-2""-C1-0048-N_HOJA-1_SPXX";"03351-PW-2""-C1-0048-N_HOJA-1";Agua de Proceso;03350-02-01;;BAJO ESPESADOR;"03351-PW-2""-C1-0048-N";1;0;SPXX;11;F;SW;2;80;C1;N;CS;0;Agua de Proceso;;;;12/03/2026;46252;46252;46249;46249;46252;;0,95;0;0;0;EJECUTADA;46259;W-16;;;;;;;;;;;;;;;;;;;;;;;;;;;;
"03351-PW-2""-C1-0048-N_HOJA-2_SPXX_1";"03351-PW-2""-C1-0048-N_HOJA-2_SPXX";"03351-PW-2""-C1-0048-N_HOJA-2";Agua de Proceso;03350-02-01;;BAJO ESPESADOR;"03351-PW-2""-C1-0048-N";2;0;SPXX;1;F;SW;2;80;C1;N;CS;0,508;Agua de Proceso;;W-18;;12/03/2026;46211;46211;46218;46239;;;0,9;0,4572;0,3048;0,1524;EJECUTADA;46211;W-18;;;;;;;;;;;;;;;;;;;;;;;;;;;;
"03351-PW-2""-C1-0048-N_HOJA-2_SPXX_2";"03351-PW-2""-C1-0048-N_HOJA-2_SPXX";"03351-PW-2""-C1-0048-N_HOJA-2";Agua de Proceso;03350-02-01;;BAJO ESPESADOR;"03351-PW-2""-C1-0048-N";2;0;SPXX;2;F;SW;2;80;C1;N;CS;0,508;Agua de Proceso;;W-18;;12/03/2026;46211;46211;46211;46211;;;0,9;0,4572;0,4572;0;EJECUTADA;46211;W-18;;;;;;;;;;;;;;;;;;;;;;;;;;;;
"03351-PW-2""-C1-0048-N_HOJA-2_SPXX_3";"03351-PW-2""-C1-0048-N_HOJA-2_SPXX";"03351-PW-2""-C1-0048-N_HOJA-2";Agua de Proceso;03350-02-01;;BAJO ESPESADOR;"03351-PW-2""-C1-0048-N";2;0;SPXX;3;F;SW;2;80;C1;N;CS;0,508;Agua de Proceso;;W-18;;12/03/2026;46211;46211;46211;46211;;;0,9;0,4572;0,4572;0;EJECUTADA;46211;W-18;;;;;;;;;;;;;;;;;;;;;;;;;;;;
"03351-PW-2""-C1-0048-N_HOJA-2_SPXX_4";"03351-PW-2""-C1-0048-N_HOJA-2_SPXX";"03351-PW-2""-C1-0048-N_HOJA-2";Agua de Proceso;03350-02-01;;BAJO ESPESADOR;"03351-PW-2""-C1-0048-N";2;0;SPXX;4;F;SW;2;80;C1;N;CS;0,508;Agua de Proceso;;W-18;;12/03/2026;46211;46211;46211;46211;;;0,9;0,4572;0,4572;0;EJECUTADA;46211;W-18;;;;;;;;;;;;;;;;;;;;;;;;;;;;
"03351-PW-2""-C1-0048-N_HOJA-2_SPXX_5";"03351-PW-2""-C1-0048-N_HOJA-2_SPXX";"03351-PW-2""-C1-0048-N_HOJA-2";Agua de Proceso;03350-02-01;;BAJO ESPESADOR;"03351-PW-2""-C1-0048-N";2;0;SPXX;5;F;SW;2;80;C1;N;CS;0,508;Agua de Proceso;;W-18;;12/03/2026;46216;46216;46216;46239;;;0,9;0,4572;0,3048;0,1524;EJECUTADA;46216;W-18;;;;;;;;;;;;;;;;;;;;;;;;;;;;
"03351-PW-2""-C1-0048-N_HOJA-2_SPXX_6";"03351-PW-2""-C1-0048-N_HOJA-2_SPXX";"03351-PW-2""-C1-0048-N_HOJA-2";Agua de Proceso;03350-02-01;;BAJO ESPESADOR;"03351-PW-2""-C1-0048-N";2;0;SPXX;6;F;NPT;2;80;C1;N;CS;0,508;Agua de Proceso;;W-18;;12/03/2026;46216;46216;46216;46239;;;0,9;0,4572;0,3048;0,1524;EJECUTADA;46216;W-18;;;;;;;;;;;;;;;;;;;;;;;;;;;;
"03351-PW-2""-C1-0048-N_HOJA-2_SPXX_7";"03351-PW-2""-C1-0048-N_HOJA-2_SPXX";"03351-PW-2""-C1-0048-N_HOJA-2";Agua de Proceso;03350-02-01;;BAJO ESPESADOR;"03351-PW-2""-C1-0048-N";2;0;SPXX;7;F;NPT;2;80;C1;N;CS;0,508;Agua de Proceso;;W-18;;12/03/2026;46216;46216;46216;46239;;;0,9;0,4572;0,3048;0,1524;EJECUTADA;46216;W-18;;;;;;;;;;;;;;;;;;;;;;;;;;;;
"03351-PW-2""-C1-0048-N_HOJA-2_SPXX_8";"03351-PW-2""-C1-0048-N_HOJA-2_SPXX";"03351-PW-2""-C1-0048-N_HOJA-2";Agua de Proceso;03350-02-01;;BAJO ESPESADOR;"03351-PW-2""-C1-0048-N";2;0;SPXX;8;F;SW;2;80;C1;N;CS;0,508;Agua de Proceso;;W-18;;12/03/2026;46216;46216;46216;46239;;;0,9;0,4572;0,3048;0,1524;EJECUTADA;46216;W-18;;;;;;;;;;;;;;;;;;;;;;;;;;;;
"03351-PW-2""-C1-0048-N_HOJA-2_SPXX_9";"03351-PW-2""-C1-0048-N_HOJA-2_SPXX";"03351-PW-2""-C1-0048-N_HOJA-2";Agua de Proceso;03350-02-01;;BAJO ESPESADOR;"03351-PW-2""-C1-0048-N";2;0;SPXX;9;F;SW;2;80;C1;N;CS;0,508;Agua de Proceso;;W-18;;12/03/2026;46211;46211;46211;46211;;;0,9;0,4572;0,4572;0;EJECUTADA;46211;W-18;;;;;;;;;;;;;;;;;;;;;;;;;;;;
"03351-PW-2""-C1-0048-N_HOJA-2_SPXX_10";"03351-PW-2""-C1-0048-N_HOJA-2_SPXX";"03351-PW-2""-C1-0048-N_HOJA-2";Agua de Proceso;03350-02-01;;BAJO ESPESADOR;"03351-PW-2""-C1-0048-N";2;0;SPXX;10;F;SO;2;80;C1;N;CS;0,508;Agua de Proceso;;W-18;;12/03/2026;46211;46211;46211;46211;;;0,9;0,4572;0,4572;0;EJECUTADA;46211;W-18;;;;;;;;;;;;;;;;;;;;;;;;;;;;
"03351-PW-2""-C1-0048-N_HOJA-3_SPXX_1";"03351-PW-2""-C1-0048-N_HOJA-3_SPXX";"03351-PW-2""-C1-0048-N_HOJA-3";Agua de Proceso;03350-02-01;;BAJO ESPESADOR;"03351-PW-2""-C1-0048-N";3;0;SPXX;1;F;SO;2;80;C1;N;CS;0,508;Agua de Proceso;;W-18;;12/03/2026;46216;46216;46216;46240;;;0,9;0,4572;0,3048;0,1524;EJECUTADA;46216;W-18;;;;;;;;;;;;;;;;;;;;;;;;;;;;
"03351-PW-2""-C1-0048-N_HOJA-3_SPXX_2";"03351-PW-2""-C1-0048-N_HOJA-3_SPXX";"03351-PW-2""-C1-0048-N_HOJA-3";Agua de Proceso;03350-02-01;;BAJO ESPESADOR;"03351-PW-2""-C1-0048-N";3;0;SPXX;2;F;SW;2;80;C1;N;CS;0,508;Agua de Proceso;;W-18;;12/03/2026;46211;46211;46218;46240;;;0,9;0,4572;0,3048;0,1524;EJECUTADA;46211;W-18;;;;;;;;;;;;;;;;;;;;;;;;;;;;
"03351-PW-2""-C1-0048-N_HOJA-3_SPXX_3";"03351-PW-2""-C1-0048-N_HOJA-3_SPXX";"03351-PW-2""-C1-0048-N_HOJA-3";Agua de Proceso;03350-02-01;;BAJO ESPESADOR;"03351-PW-2""-C1-0048-N";3;0;SPXX;3;F;SW;2;80;C1;N;CS;0,508;Agua de Proceso;;;ELIMINADA;12/03/2026;46252;46258;46202;46247;;;0,9;0,4572;0,1524;0,3048;;;;;;;;;;;;;;;;;;;;;;;;;;;;;;;
"03351-PW-2""-C1-0048-N_HOJA-3_SPXX_4";"03351-PW-2""-C1-0048-N_HOJA-3_SPXX";"03351-PW-2""-C1-0048-N_HOJA-3";Agua de Proceso;03350-02-01;;BAJO ESPESADOR;"03351-PW-2""-C1-0048-N";3;0;SPXX;4;F;SW;2;80;C1;N;CS;0,508;Agua de Proceso;;;ELIMINADA;12/03/2026;46252;46258;46202;46247;;;0,9;0,4572;0,1524;0,3048;;;;;;;;;;;;;;;;;;;;;;;;;;;;;;;
"03351-PW-2""-C1-0048-N_HOJA-3_SPXX_5";"03351-PW-2""-C1-0048-N_HOJA-3_SPXX";"03351-PW-2""-C1-0048-N_HOJA-3";Agua de Proceso;03350-02-01;;BAJO ESPESADOR;"03351-PW-2""-C1-0048-N";3;0;SPXX;5;F;SO;2;80;C1;N;CS;0,508;Agua de Proceso;;;;12/03/2026;46252;46258;46202;46247;;;0,9;0,4572;0,1524;0,3048;EJECUTADA;46259;W-16;;;;;;;;;;;;;;;;;;;;;;;;;;;;
"03351-PW-2""-C1-0049-N_HOJA-1_SPXX_1";"03351-PW-2""-C1-0049-N_HOJA-1_SPXX";"03351-PW-2""-C1-0049-N_HOJA-1";Agua de Proceso;03350-02-01;;BAJO ESPESADOR;"03351-PW-2""-C1-0049-N";1;0;SPXX;1;F;SW;2;80;C1;N;CS;0,391;Agua de Proceso;03351-ESP-001;W-11;;12/03/2026;46210;46240;46202;46240;;;0,9;0,3519;0,13685;0,21505;EJECUTADA;46240;W-11;;;;;;;;;;;;;;;;;;;;;;;;;;;;
"03351-PW-2""-C1-0049-N_HOJA-1_SPXX_2";"03351-PW-2""-C1-0049-N_HOJA-1_SPXX";"03351-PW-2""-C1-0049-N_HOJA-1";Agua de Proceso;03350-02-01;;BAJO ESPESADOR;"03351-PW-2""-C1-0049-N";1;0;SPXX;2;F;SW;2;80;C1;N;CS;0,391;Agua de Proceso;;W-16;;12/03/2026;46210;46236;46202;46240;;;0,9;0,3519;0,2346;0,1173;EJECUTADA;46236;W-16;;;;;;;;;;;;;;;;;;;;;;;;;;;;
"03351-PW-2""-C1-0049-N_HOJA-1_SPXX_3";"03351-PW-2""-C1-0049-N_HOJA-1_SPXX";"03351-PW-2""-C1-0049-N_HOJA-1";Agua de Proceso;03350-02-01;;BAJO ESPESADOR;"03351-PW-2""-C1-0049-N";1;0;SPXX;3;F;NPT;2;80;C1;N;CS;0,391;Agua de Proceso;;;;12/03/2026;46210;46256;46202;46256;;;0,9;0,3519;0,13685;0,21505;EJECUTADA;46259;W-16;;;;;;;;;;;;;;;;;;;;;;;;;;;;
"03351-PW-2""-C1-0049-N_HOJA-1_SPXX_4";"03351-PW-2""-C1-0049-N_HOJA-1_SPXX";"03351-PW-2""-C1-0049-N_HOJA-1";Agua de Proceso;03350-02-01;;BAJO ESPESADOR;"03351-PW-2""-C1-0049-N";1;0;SPXX;4;F;NPT;2;80;C1;N;CS;0,391;Agua de Proceso;;;;12/03/2026;46210;46256;46202;46256;;;0,9;0,3519;0,13685;0,21505;EJECUTADA;46259;W-02;;;;;;;;;;;;;;;;;;;;;;;;;;;;
"03351-PW-2""-C1-0049-N_HOJA-1_SPXX_5";"03351-PW-2""-C1-0049-N_HOJA-1_SPXX";"03351-PW-2""-C1-0049-N_HOJA-1";Agua de Proceso;03350-02-01;;BAJO ESPESADOR;"03351-PW-2""-C1-0049-N";1;0;SPXX;5;F;SW;2;80;C1;N;CS;0,391;Agua de Proceso;;W-16;;12/03/2026;46210;46236;46202;46239;;;0,9;0,3519;0,2346;0,1173;EJECUTADA;46236;W-16;;;;;;;;;;;;;;;;;;;;;;;;;;;;
"03351-PW-2""-C1-0049-N_HOJA-1_SPXX_6";"03351-PW-2""-C1-0049-N_HOJA-1_SPXX";"03351-PW-2""-C1-0049-N_HOJA-1";Agua de Proceso;03350-02-01;;BAJO ESPESADOR;"03351-PW-2""-C1-0049-N";1;0;SPXX;6;F;SW;2;80;C1;N;CS;0,391;Agua de Proceso;;W-02;;12/03/2026;46210;46256;46202;46256;;;0,9;0,3519;0,13685;0,21505;EJECUTADA;46257;W-02;;;;;;;;;;;;;;;;;;;;;;;;;;;;
"03351-PW-2""-C1-0049-N_HOJA-1_SPXX_7";"03351-PW-2""-C1-0049-N_HOJA-1_SPXX";"03351-PW-2""-C1-0049-N_HOJA-1";Agua de Proceso;03350-02-01;;BAJO ESPESADOR;"03351-PW-2""-C1-0049-N";1;0;SPXX;7;F;SW;2;80;C1;N;CS;0,391;Agua de Proceso;;W-11;;12/03/2026;46210;46240;46202;46240;;;0,9;0,3519;0,13685;0,21505;EJECUTADA;46240;W-11;;;;;;;;;;;;;;;;;;;;;;;;;;;;
"03351-PW-2""-C1-0049-N_HOJA-1_SPXX_8";"03351-PW-2""-C1-0049-N_HOJA-1_SPXX";"03351-PW-2""-C1-0049-N_HOJA-1";Agua de Proceso;03350-02-01;;BAJO ESPESADOR;"03351-PW-2""-C1-0049-N";1;0;SPXX;8;F;SW;2;80;C1;N;CS;0,391;Agua de Proceso;;W-03;;12/03/2026;46210;46240;46202;46240;;;0,9;0,3519;0,13685;0,21505;EJECUTADA;46240;W-03;;;;;;;;;;;;;;;;;;;;;;;;;;;;
"03351-PW-2""-C1-0049-N_HOJA-1_SPXX_9";"03351-PW-2""-C1-0049-N_HOJA-1_SPXX";"03351-PW-2""-C1-0049-N_HOJA-1";Agua de Proceso;03350-02-01;;BAJO ESPESADOR;"03351-PW-2""-C1-0049-N";1;0;SPXX;9;F;SW;2;80;C1;N;CS;0,391;Agua de Proceso;;W-02;;12/03/2026;46210;46257;46202;46257;;;0,9;0,3519;0,13685;0,21505;EJECUTADA;46257;W-02;;;;;;;;;;;;;;;;;;;;;;;;;;;;
"03351-PW-2""-C1-0049-N_HOJA-1_SPXX_10";"03351-PW-2""-C1-0049-N_HOJA-1_SPXX";"03351-PW-2""-C1-0049-N_HOJA-1";Agua de Proceso;03350-02-01;;BAJO ESPESADOR;"03351-PW-2""-C1-0049-N";1;0;SPXX;10;F;SW;2;80;C1;N;CS;0,391;Agua de Proceso;;W-03;;12/03/2026;46210;46239;46202;46239;;;0,9;0,3519;0,13685;0,21505;EJECUTADA;46239;W-03;;;;;;;;;;;;;;;;;;;;;;;;;;;;
"03351-PW-2""-C1-0049-N_HOJA-1_SPXX_11";"03351-PW-2""-C1-0049-N_HOJA-1_SPXX";"03351-PW-2""-C1-0049-N_HOJA-1";Agua de Proceso;03350-02-01;;BAJO ESPESADOR;"03351-PW-2""-C1-0049-N";1;0;SPXX;11;F;SW;2;80;C1;N;CS;0,391;Agua de Proceso;;W-03;;12/03/2026;46210;46239;46202;46239;;;0,9;0,3519;0,13685;0,21505;EJECUTADA;46239;W-03;;;;;;;;;;;;;;;;;;;;;;;;;;;;
"03351-PW-2""-C1-0049-N_HOJA-1_SPXX_12";"03351-PW-2""-C1-0049-N_HOJA-1_SPXX";"03351-PW-2""-C1-0049-N_HOJA-1";Agua de Proceso;03350-02-01;;BAJO ESPESADOR;"03351-PW-2""-C1-0049-N";1;0;SPXX;12;F;SW;2;80;C1;N;CS;0,391;Agua de Proceso;;W-03;;12/03/2026;46210;46239;46202;46239;;;0,9;0,3519;0,13685;0,21505;EJECUTADA;46239;W-03;;;;;;;;;;;;;;;;;;;;;;;;;;;;
"03351-PW-2""-C1-0049-N_HOJA-1_SPXX_13";"03351-PW-2""-C1-0049-N_HOJA-1_SPXX";"03351-PW-2""-C1-0049-N_HOJA-1";Agua de Proceso;03350-02-01;;BAJO ESPESADOR;"03351-PW-2""-C1-0049-N";1;0;SPXX;13;F;SW;2;80;C1;N;CS;0,391;Agua de Proceso;;W-03;;12/03/2026;46210;46239;46202;46239;;;0,9;0,3519;0,13685;0,21505;EJECUTADA;46239;W-03;;;;;;;;;;;;;;;;;;;;;;;;;;;;
"03351-PW-2""-C1-0049-N_HOJA-1_SPXX_14";"03351-PW-2""-C1-0049-N_HOJA-1_SPXX";"03351-PW-2""-C1-0049-N_HOJA-1";Agua de Proceso;03350-02-01;;BAJO ESPESADOR;"03351-PW-2""-C1-0049-N";1;0;SPXX;14;F;SW;2;80;C1;N;CS;0,391;Agua de Proceso;;W-16;;12/03/2026;46210;46236;46202;46239;;;0,9;0,3519;0,2346;0,1173;EJECUTADA;46236;W-16;;;;;;;;;;;;;;;;;;;;;;;;;;;;
"03351-PW-2""-C1-0049-N_HOJA-1_SPXX_15";"03351-PW-2""-C1-0049-N_HOJA-1_SPXX";"03351-PW-2""-C1-0049-N_HOJA-1";Agua de Proceso;03350-02-01;;BAJO ESPESADOR;"03351-PW-2""-C1-0049-N";1;0;SPXX;15;F;SW;2;80;C1;N;CS;0,391;Agua de Proceso;;W-16;;12/03/2026;46210;46236;46202;46239;;;0,9;0,3519;0,2346;0,1173;EJECUTADA;46236;W-16;;;;;;;;;;;;;;;;;;;;;;;;;;;;
"03351-PW-2""-C1-0049-N_HOJA-2_SPXX_1";"03351-PW-2""-C1-0049-N_HOJA-2_SPXX";"03351-PW-2""-C1-0049-N_HOJA-2";Agua de Proceso;03350-02-01;;BAJO ESPESADOR;"03351-PW-2""-C1-0049-N";2;0;SPXX;1;F;SW;2;80;C1;N;CS;0,391;Agua de Proceso;;;;12/03/2026;46210;46258;46202;;;;0,6;0,2346;0,13685;0,09775;;;;;;;;;;;;;;;;;;;;;;;;;;;;;;;
"03351-PW-2""-C1-0049-N_HOJA-2_SPXX_2";"03351-PW-2""-C1-0049-N_HOJA-2_SPXX";"03351-PW-2""-C1-0049-N_HOJA-2";Agua de Proceso;03350-02-01;;BAJO ESPESADOR;"03351-PW-2""-C1-0049-N";2;0;SPXX;2;F;SW;2;80;C1;N;CS;0,391;Agua de Proceso;;;;12/03/2026;46210;46258;46202;;;;0,6;0,2346;0,13685;0,09775;;;;;;;;;;;;;;;;;;;;;;;;;;;;;;;
"03351-PW-2""-C1-0049-N_HOJA-2_SPXX_3";"03351-PW-2""-C1-0049-N_HOJA-2_SPXX";"03351-PW-2""-C1-0049-N_HOJA-2";Agua de Proceso;03350-02-01;;BAJO ESPESADOR;"03351-PW-2""-C1-0049-N";2;0;SPXX;3;F;SW;2;80;C1;N;CS;0,391;Agua de Proceso;;W-16;;12/03/2026;46210;46232;46202;46239;;;0,9;0,3519;0,2346;0,1173;EJECUTADA;46232;W-16;;;;;;;;;;;;;;;;;;;;;;;;;;;;
"03351-PW-2""-C1-0049-N_HOJA-2_SPXX_4";"03351-PW-2""-C1-0049-N_HOJA-2_SPXX";"03351-PW-2""-C1-0049-N_HOJA-2";Agua de Proceso;03350-02-01;;BAJO ESPESADOR;"03351-PW-2""-C1-0049-N";2;0;SPXX;4;F;SW;2;80;C1;N;CS;0,391;Agua de Proceso;;W-16;;12/03/2026;46210;46232;46202;46239;;;0,9;0,3519;0,2346;0,1173;EJECUTADA;46232;W-16;;;;;;;;;;;;;;;;;;;;;;;;;;;;
"03351-PW-2""-C1-0049-N_HOJA-2_SPXX_5";"03351-PW-2""-C1-0049-N_HOJA-2_SPXX";"03351-PW-2""-C1-0049-N_HOJA-2";Agua de Proceso;03350-02-01;;BAJO ESPESADOR;"03351-PW-2""-C1-0049-N";2;0;SPXX;5;F;SW;2;80;C1;N;CS;0,391;Agua de Proceso;;W-16;;12/03/2026;46210;46232;46202;46239;;;0,9;0,3519;0,2346;0,1173;EJECUTADA;46232;W-16;;;;;;;;;;;;;;;;;;;;;;;;;;;;
"03351-PW-2""-C1-0049-N_HOJA-3_SPXX_1";"03351-PW-2""-C1-0049-N_HOJA-3_SPXX";"03351-PW-2""-C1-0049-N_HOJA-3";Agua de Proceso;03350-02-01;;BAJO ESPESADOR;"03351-PW-2""-C1-0049-N";3;0;SPXX;1;F;SW;2;80;C1;N;CS;0,391;Agua de Proceso;;W-16;;12/03/2026;46210;46232;46202;46239;;;0,9;0,3519;0,2346;0,1173;EJECUTADA;46232;W-16;;;;;;;;;;;;;;;;;;;;;;;;;;;;
"03351-PW-2""-C1-0049-N_HOJA-3_SPXX_2";"03351-PW-2""-C1-0049-N_HOJA-3_SPXX";"03351-PW-2""-C1-0049-N_HOJA-3";Agua de Proceso;03350-02-01;;BAJO ESPESADOR;"03351-PW-2""-C1-0049-N";3;0;SPXX;2;F;SW;2;80;C1;N;CS;0,391;Agua de Proceso;;W-16;;12/03/2026;46210;46232;46202;46239;;;0,9;0,3519;0,2346;0,1173;EJECUTADA;46232;W-16;;;;;;;;;;;;;;;;;;;;;;;;;;;;
"03351-PW-2""-C1-0049-N_HOJA-3_SPXX_3";"03351-PW-2""-C1-0049-N_HOJA-3_SPXX";"03351-PW-2""-C1-0049-N_HOJA-3";Agua de Proceso;03350-02-01;;BAJO ESPESADOR;"03351-PW-2""-C1-0049-N";3;0;SPXX;3;F;SW;2;80;C1;N;CS;0,391;Agua de Proceso;;W-16;;12/03/2026;46210;46232;46202;46239;;;0,9;0,3519;0,2346;0,1173;EJECUTADA;46232;W-16;;;;;;;;;;;;;;;;;;;;;;;;;;;;
"03351-PW-2""-C1-0049-N_HOJA-3_SPXX_4";"03351-PW-2""-C1-0049-N_HOJA-3_SPXX";"03351-PW-2""-C1-0049-N_HOJA-3";Agua de Proceso;03350-02-01;;BAJO ESPESADOR;"03351-PW-2""-C1-0049-N";3;0;SPXX;4;F;SW;2;80;C1;N;CS;0,391;Agua de Proceso;;W-16;;12/03/2026;46210;46232;46202;46239;;;0,9;0,3519;0,2346;0,1173;EJECUTADA;46232;W-16;;;;;;;;;;;;;;;;;;;;;;;;;;;;
"03351-PW-2""-C1-0049-N_HOJA-3_SPXX_5";"03351-PW-2""-C1-0049-N_HOJA-3_SPXX";"03351-PW-2""-C1-0049-N_HOJA-3";Agua de Proceso;03350-02-01;;BAJO ESPESADOR;"03351-PW-2""-C1-0049-N";3;0;SPXX;5;F;SW;2;80;C1;N;CS;0,391;Agua de Proceso;;W-16;;12/03/2026;46210;46232;46202;46239;;;0,9;0,3519;0,2346;0,1173;EJECUTADA;46232;W-16;;;;;;;;;;;;;;;;;;;;;;;;;;;;
"03351-PW-2""-C1-0049-N_HOJA-3_SPXX_6";"03351-PW-2""-C1-0049-N_HOJA-3_SPXX";"03351-PW-2""-C1-0049-N_HOJA-3";Agua de Proceso;03350-02-01;;BAJO ESPESADOR;"03351-PW-2""-C1-0049-N";3;0;SPXX;6;F;SW;2;80;C1;N;CS;0,391;Agua de Proceso;;;;12/03/2026;46210;;46202;;;;0,35;0,13685;0,13685;0;;;;;;;;;;;;;;;;;;;;;;;;;;;;;;;
"03351-PW-2""-C1-0049-N_HOJA-3_SPXX_7";"03351-PW-2""-C1-0049-N_HOJA-3_SPXX";"03351-PW-2""-C1-0049-N_HOJA-3";Agua de Proceso;03350-02-01;;BAJO ESPESADOR;"03351-PW-2""-C1-0049-N";3;0;SPXX;7;F;SW;2;80;C1;N;CS;0,391;Agua de Proceso;;;;12/03/2026;46210;;46202;;;;0,35;0,13685;0,13685;0;;;;;;;;;;;;;;;;;;;;;;;;;;;;;;;
"03351-PW-2""-C1-0049-N_HOJA-3_SPXX_8";"03351-PW-2""-C1-0049-N_HOJA-3_SPXX";"03351-PW-2""-C1-0049-N_HOJA-3";Agua de Proceso;03350-02-01;;BAJO ESPESADOR;"03351-PW-2""-C1-0049-N";3;0;SPXX;8;F;SW;2;80;C1;N;CS;0,391;Agua de Proceso;;W-18;;12/03/2026;46216;46216;46216;46239;;;0,9;0,3519;0,2346;0,1173;EJECUTADA;46216;W-18;;;;;;;;;;;;;;;;;;;;;;;;;;;;
"03351-PW-2""-C1-0049-N_HOJA-3_SPXX_9";"03351-PW-2""-C1-0049-N_HOJA-3_SPXX";"03351-PW-2""-C1-0049-N_HOJA-3";Agua de Proceso;03350-02-01;;BAJO ESPESADOR;"03351-PW-2""-C1-0049-N";3;0;SPXX;9;F;SW;2;80;C1;N;CS;0,391;Agua de Proceso;;W-18;;12/03/2026;46216;46216;46216;46239;;;0,9;0,3519;0,2346;0,1173;EJECUTADA;46216;W-18;;;;;;;;;;;;;;;;;;;;;;;;;;;;
"03351-PW-2""-C1-0049-N_HOJA-3_SPXX_10";"03351-PW-2""-C1-0049-N_HOJA-3_SPXX";"03351-PW-2""-C1-0049-N_HOJA-3";Agua de Proceso;03350-02-01;;BAJO ESPESADOR;"03351-PW-2""-C1-0049-N";3;0;SPXX;10;F;SW;2;80;C1;N;CS;0,391;Agua de Proceso;;W-18;;12/03/2026;46216;46216;46216;46239;;;0,9;0,3519;0,2346;0,1173;EJECUTADA;46216;W-18;;;;;;;;;;;;;;;;;;;;;;;;;;;;
"03351-PW-2""-C1-0049-N_HOJA-4_SPXX_1";"03351-PW-2""-C1-0049-N_HOJA-4_SPXX";"03351-PW-2""-C1-0049-N_HOJA-4";Agua de Proceso;03350-02-01;;BAJO ESPESADOR;"03351-PW-2""-C1-0049-N";4;0;SPXX;1;F;SW;2;80;C1;N;CS;0,391;Agua de Proceso;;;;12/03/2026;46210;;46202;;;;0,35;0,13685;0,13685;0;;;;;;;;;;;;;;;;;;;;;;;;;;;;;;;
"03351-PW-2""-C1-0049-N_HOJA-4_SPXX_2";"03351-PW-2""-C1-0049-N_HOJA-4_SPXX";"03351-PW-2""-C1-0049-N_HOJA-4";Agua de Proceso;03350-02-01;;BAJO ESPESADOR;"03351-PW-2""-C1-0049-N";4;0;SPXX;2;F;SW;2;80;C1;N;CS;0,391;Agua de Proceso;;;;12/03/2026;46210;;46202;;;;0,35;0,13685;0,13685;0;;;;;;;;;;;;;;;;;;;;;;;;;;;;;;;
"03351-PW-2""-C1-0049-N_HOJA-4_SPXX_3";"03351-PW-2""-C1-0049-N_HOJA-4_SPXX";"03351-PW-2""-C1-0049-N_HOJA-4";Agua de Proceso;03350-02-01;;BAJO ESPESADOR;"03351-PW-2""-C1-0049-N";4;0;SPXX;3;F;SW;2;80;C1;N;CS;0,391;Agua de Proceso;;;;12/03/2026;46210;;46202;;;;0,35;0,13685;0,13685;0;;;;;;;;;;;;;;;;;;;;;;;;;;;;;;;
"03351-PW-2""-C1-0049-N_HOJA-4_SPXX_4";"03351-PW-2""-C1-0049-N_HOJA-4_SPXX";"03351-PW-2""-C1-0049-N_HOJA-4";Agua de Proceso;03350-02-01;;BAJO ESPESADOR;"03351-PW-2""-C1-0049-N";4;0;SPXX;4;F;SW;2;80;C1;N;CS;0,391;Agua de Proceso;;;;12/03/2026;46210;;46202;;;;0,35;0,13685;0,13685;0;;;;;;;;;;;;;;;;;;;;;;;;;;;;;;;
"03351-PW-2""-C1-0049-N_HOJA-4_SPXX_5";"03351-PW-2""-C1-0049-N_HOJA-4_SPXX";"03351-PW-2""-C1-0049-N_HOJA-4";Agua de Proceso;03350-02-01;;BAJO ESPESADOR;"03351-PW-2""-C1-0049-N";4;0;SPXX;5;F;SW;2;80;C1;N;CS;0,391;Agua de Proceso;;;;12/03/2026;46210;;46202;;;;0,35;0,13685;0,13685;0;;;;;;;;;;;;;;;;;;;;;;;;;;;;;;;
"03351-PW-2""-C1-0051-N_HOJA-1_SPXX_1";"03351-PW-2""-C1-0051-N_HOJA-1_SPXX";"03351-PW-2""-C1-0051-N_HOJA-1";Agua de Proceso;03350-02-01;;BAJO ESPESADOR;"03351-PW-2""-C1-0051-N";1;0;SPXX;1;F;SW;2;80;C1;N;CS;0,085;Agua de Proceso;"03351-CT-6""-C3-0005-R3";W-18;;12/03/2026;46216;46216;46216;46240;;;0,9;0,0765;0,051;0,0255;EJECUTADA;46216;W-18;;;;;;;;;;;;;;;;;;;;;;;;;;;;
"03351-PW-2""-C1-0051-N_HOJA-1_SPXX_2";"03351-PW-2""-C1-0051-N_HOJA-1_SPXX";"03351-PW-2""-C1-0051-N_HOJA-1";Agua de Proceso;03350-02-01;;BAJO ESPESADOR;"03351-PW-2""-C1-0051-N";1;0;SPXX;2;F;NPT;2;80;C1;N;CS;0,085;Agua de Proceso;;;;12/03/2026;46216;46216;46216;46239;;;0,9;0,0765;0,051;0,0255;EJECUTADA;46216;0;;;;;;;;;;;;;;;;;;;;;;;;;;;;
"03351-PW-2""-C1-0051-N_HOJA-1_SPXX_3";"03351-PW-2""-C1-0051-N_HOJA-1_SPXX";"03351-PW-2""-C1-0051-N_HOJA-1";Agua de Proceso;03350-02-01;;BAJO ESPESADOR;"03351-PW-2""-C1-0051-N";1;0;SPXX;3;F;NPT;2;80;C1;N;CS;0,085;Agua de Proceso;;;;12/03/2026;46216;46216;46216;46239;;;0,9;0,0765;0,051;0,0255;EJECUTADA;46216;0;;;;;;;;;;;;;;;;;;;;;;;;;;;;
"03351-PW-2""-C1-0051-N_HOJA-1_SPXX_4";"03351-PW-2""-C1-0051-N_HOJA-1_SPXX";"03351-PW-2""-C1-0051-N_HOJA-1";Agua de Proceso;03350-02-01;;BAJO ESPESADOR;"03351-PW-2""-C1-0051-N";1;0;SPXX;4;F;SW;2;80;C1;N;CS;0,085;Agua de Proceso;;W-18;;12/03/2026;46216;46216;46216;46239;;;0,9;0,0765;0,051;0,0255;EJECUTADA;46216;W-18;;;;;;;;;;;;;;;;;;;;;;;;;;;;
"03351-PW-2""-C1-0051-N_HOJA-1_SPXX_5";"03351-PW-2""-C1-0051-N_HOJA-1_SPXX";"03351-PW-2""-C1-0051-N_HOJA-1";Agua de Proceso;03350-02-01;;BAJO ESPESADOR;"03351-PW-2""-C1-0051-N";1;0;SPXX;5;F;SW;2;80;C1;N;CS;0,085;Agua de Proceso;;W-18;;13/03/2026;46216;46216;46216;46239;;;0,9;0,0765;0,051;0,0255;EJECUTADA;46216;W-18;;;;;;;;;;;;;;;;;;;;;;;;;;;;
"03351-PW-2""-C1-0051-N_HOJA-1_SPXX_6";"03351-PW-2""-C1-0051-N_HOJA-1_SPXX";"03351-PW-2""-C1-0051-N_HOJA-1";Agua de Proceso;03350-02-01;;BAJO ESPESADOR;"03351-PW-2""-C1-0051-N";1;0;SPXX;6;F;SW;2;80;C1;N;CS;0,085;Agua de Proceso;;W-18;;12/03/2026;46216;46216;46216;46247;;;0,9;0,0765;0,051;0,0255;EJECUTADA;46216;W-18;;;;;;;;;;;;;;;;;;;;;;;;;;;;
"03351-PW-2""-C1-0052-N_HOJA-1_SPXX_1";"03351-PW-2""-C1-0052-N_HOJA-1_SPXX";"03351-PW-2""-C1-0052-N_HOJA-1";Agua de Proceso;03350-02-01;;BAJO ESPESADOR;"03351-PW-2""-C1-0052-N";1;0;SPXX;1;F;SW;2;80;C1;N;CS;0,1;Agua de Proceso;HV-1043;;;12/03/2026;46258;46258;46202;46258;;;0,9;0,09;0,03;0,06;EJECUTADA;46259;W-16;;;;;;;;;;;;;;;;;;;;;;;;;;;;
"03351-PW-2""-C1-0052-N_HOJA-1_SPXX_2";"03351-PW-2""-C1-0052-N_HOJA-1_SPXX";"03351-PW-2""-C1-0052-N_HOJA-1";Agua de Proceso;03350-02-01;;BAJO ESPESADOR;"03351-PW-2""-C1-0052-N";1;0;SPXX;2;F;SW;2;80;C1;N;CS;0,1;Agua de Proceso;;;;12/03/2026;46258;46258;46202;46258;;;0,9;0,09;0,03;0,06;EJECUTADA;46259;W-02;;;;;;;;;;;;;;;;;;;;;;;;;;;;
"03351-PW-2""-C1-0052-N_HOJA-1_SPXX_3";"03351-PW-2""-C1-0052-N_HOJA-1_SPXX";"03351-PW-2""-C1-0052-N_HOJA-1";Agua de Proceso;03350-02-01;;BAJO ESPESADOR;"03351-PW-2""-C1-0052-N";1;0;SPXX;3;F;SW;2;80;C1;N;CS;0,1;Agua de Proceso;;;;12/03/2026;46258;46258;46202;46258;;;0,9;0,09;0,03;0,06;EJECUTADA;46259;W-02;;;;;;;;;;;;;;;;;;;;;;;;;;;;
"03351-PW-2""-C1-0052-N_HOJA-1_SPXX_4";"03351-PW-2""-C1-0052-N_HOJA-1_SPXX";"03351-PW-2""-C1-0052-N_HOJA-1";Agua de Proceso;03350-02-01;;BAJO ESPESADOR;"03351-PW-2""-C1-0052-N";1;0;SPXX;4;F;SW;2;80;C1;N;CS;0,1;Agua de Proceso;;;;12/03/2026;46258;46258;46202;46258;;;0,9;0,09;0,03;0,06;EJECUTADA;46259;W-18;;;;;;;;;;;;;;;;;;;;;;;;;;;;
"03351-PW-2""-C1-0052-N_HOJA-1_SPXX_5";"03351-PW-2""-C1-0052-N_HOJA-1_SPXX";"03351-PW-2""-C1-0052-N_HOJA-1";Agua de Proceso;03350-02-01;;BAJO ESPESADOR;"03351-PW-2""-C1-0052-N";1;0;SPXX;5;F;SW;2;80;C1;N;CS;0,1;Agua de Proceso;;;;12/03/2026;46258;46258;46202;46258;;;0,9;0,09;0,03;0,06;EJECUTADA;46259;W-02;;;;;;;;;;;;;;;;;;;;;;;;;;;;
"03351-PW-2""-C1-0053-N_HOJA-1_SPXX_1";"03351-PW-2""-C1-0053-N_HOJA-1_SPXX";"03351-PW-2""-C1-0053-N_HOJA-1";Agua de Proceso;03350-02-01;;BAJO ESPESADOR;"03351-PW-2""-C1-0053-N";1;0;SPXX;1;F;SW;2;80;C1;N;CS;0,1;Agua de Proceso;"03351-CT-6""-C3-0007-R3";;;12/03/2026;;;46202;;;;0,3;0,03;0,03;0;;;;;;;;;;;;;;;;;;;;;;;;;;;;;;;
"03351-PW-2""-C1-0053-N_HOJA-1_SPXX_2";"03351-PW-2""-C1-0053-N_HOJA-1_SPXX";"03351-PW-2""-C1-0053-N_HOJA-1";Agua de Proceso;03350-02-01;;BAJO ESPESADOR;"03351-PW-2""-C1-0053-N";1;0;SPXX;2;F;SW;2;80;C1;N;CS;0,1;Agua de Proceso;;;;12/03/2026;;;46202;;;;0,3;0,03;0,03;0;;;;;;;;;;;;;;;;;;;;;;;;;;;;;;;
"03351-PW-2""-C1-0053-N_HOJA-1_SPXX_3";"03351-PW-2""-C1-0053-N_HOJA-1_SPXX";"03351-PW-2""-C1-0053-N_HOJA-1";Agua de Proceso;03350-02-01;;BAJO ESPESADOR;"03351-PW-2""-C1-0053-N";1;0;SPXX;3;F;SW;2;80;C1;N;CS;0,1;Agua de Proceso;;;;12/03/2026;;;46202;;;;0,3;0,03;0,03;0;;;;;;;;;;;;;;;;;;;;;;;;;;;;;;;
"03351-PW-2""-C1-0053-N_HOJA-1_SPXX_4";"03351-PW-2""-C1-0053-N_HOJA-1_SPXX";"03351-PW-2""-C1-0053-N_HOJA-1";Agua de Proceso;03350-02-01;;BAJO ESPESADOR;"03351-PW-2""-C1-0053-N";1;0;SPXX;4;F;SW;2;80;C1;N;CS;0,1;Agua de Proceso;;;;12/03/2026;;;46202;;;;0,3;0,03;0,03;0;;;;;;;;;;;;;;;;;;;;;;;;;;;;;;;
"03351-PW-2""-C1-0053-N_HOJA-1_SPXX_5";"03351-PW-2""-C1-0053-N_HOJA-1_SPXX";"03351-PW-2""-C1-0053-N_HOJA-1";Agua de Proceso;03350-02-01;;BAJO ESPESADOR;"03351-PW-2""-C1-0053-N";1;0;SPXX;5;F;SW;2;80;C1;N;CS;0,1;Agua de Proceso;;;;12/03/2026;;;46202;;;;0,3;0,03;0,03;0;;;;;;;;;;;;;;;;;;;;;;;;;;;;;;;
"03351-PW-2""-C1-0053-N_HOJA-1_SPXX_6";"03351-PW-2""-C1-0053-N_HOJA-1_SPXX";"03351-PW-2""-C1-0053-N_HOJA-1";Agua de Proceso;03350-02-01;;BAJO ESPESADOR;"03351-PW-2""-C1-0053-N";1;0;SPXX;6;F;SW;2;80;C1;N;CS;0,1;Agua de Proceso;;;;12/03/2026;;;46202;;;;0,3;0,03;0,03;0;;;;;;;;;;;;;;;;;;;;;;;;;;;;;;;
"03351-PW-2""-C1-0054-N_HOJA-1_SPXX_1";"03351-PW-2""-C1-0054-N_HOJA-1_SPXX";"03351-PW-2""-C1-0054-N_HOJA-1";Agua de Proceso;03350-02-01;;PIPE RACK ;"03351-PW-2""-C1-0054-N";1;0;SPXX;1;F;SW;2;80;C1;N;CS;0,98;Agua de Proceso;;;;12/03/2026;;;46202;;;;0,3;0,294;0,294;0;;;;;;;;;;;;;;;;;;;;;;;;;;;;;;;
"03351-PW-2""-C1-0054-N_HOJA-1_SPXX_2";"03351-PW-2""-C1-0054-N_HOJA-1_SPXX";"03351-PW-2""-C1-0054-N_HOJA-1";Agua de Proceso;03350-02-01;;PIPE RACK ;"03351-PW-2""-C1-0054-N";1;0;SPXX;2;F;SW;2;80;C1;N;CS;0,98;Agua de Proceso;;;;12/03/2026;;;46202;;;;0,3;0,294;0,294;0;;;;;;;;;;;;;;;;;;;;;;;;;;;;;;;
"03351-PW-2""-C1-0054-N_HOJA-1_SPXX_3";"03351-PW-2""-C1-0054-N_HOJA-1_SPXX";"03351-PW-2""-C1-0054-N_HOJA-1";Agua de Proceso;03350-02-01;;PIPE RACK ;"03351-PW-2""-C1-0054-N";1;0;SPXX;3;F;SW;2;80;C1;N;CS;0,98;Agua de Proceso;;;;12/03/2026;;;46202;;;;0,3;0,294;0,294;0;;;;;;;;;;;;;;;;;;;;;;;;;;;;;;;
"03351-PW-2""-C1-0054-N_HOJA-1_SPXX_4";"03351-PW-2""-C1-0054-N_HOJA-1_SPXX";"03351-PW-2""-C1-0054-N_HOJA-1";Agua de Proceso;03350-02-01;;PIPE RACK ;"03351-PW-2""-C1-0054-N";1;0;SPXX;4;F;SW;2;80;C1;N;CS;0,98;Agua de Proceso;;;;12/03/2026;46249;;46202;;;;0,35;0,343;0,294;0,049;;;;;;;;;;;;;;;;;;;;;;;;;;;;;;;
"03351-PW-2""-C1-0054-N_HOJA-1_SPXX_5";"03351-PW-2""-C1-0054-N_HOJA-1_SPXX";"03351-PW-2""-C1-0054-N_HOJA-1";Agua de Proceso;03350-02-01;;PIPE RACK ;"03351-PW-2""-C1-0054-N";1;0;SPXX;5;F;SW;2;80;C1;N;CS;0,98;Agua de Proceso;;;;12/03/2026;46249;;46202;;;;0,35;0,343;0,294;0,049;;;;;;;;;;;;;;;;;;;;;;;;;;;;;;;
"03351-PW-2""-C1-0054-N_HOJA-1_SPXX_6";"03351-PW-2""-C1-0054-N_HOJA-1_SPXX";"03351-PW-2""-C1-0054-N_HOJA-1";Agua de Proceso;03350-02-01;;PIPE RACK ;"03351-PW-2""-C1-0054-N";1;0;SPXX;6;F;SW;2;80;C1;N;CS;0,98;Agua de Proceso;;;;12/03/2026;46249;;46202;;;;0,35;0,343;0,294;0,049;;;;;;;;;;;;;;;;;;;;;;;;;;;;;;;
"03351-PW-2""-C1-0054-N_HOJA-1_SPXX_7";"03351-PW-2""-C1-0054-N_HOJA-1_SPXX";"03351-PW-2""-C1-0054-N_HOJA-1";Agua de Proceso;03350-02-01;;PIPE RACK ;"03351-PW-2""-C1-0054-N";1;0;SPXX;7;F;SW;2;80;C1;N;CS;0,98;Agua de Proceso;;;;12/03/2026;46249;;46202;;;;0,35;0,343;0,294;0,049;;;;;;;;;;;;;;;;;;;;;;;;;;;;;;;
"03351-PW-2""-C1-0054-N_HOJA-1_SPXX_8";"03351-PW-2""-C1-0054-N_HOJA-1_SPXX";"03351-PW-2""-C1-0054-N_HOJA-1";Agua de Proceso;03350-02-01;;PIPE RACK ;"03351-PW-2""-C1-0054-N";1;0;SPXX;8;F;SW;2;80;C1;N;CS;0,98;Agua de Proceso;;;;12/03/2026;46249;;46202;;;;0,35;0,343;0,294;0,049;;;;;;;;;;;;;;;;;;;;;;;;;;;;;;;
"03351-PW-2""-C1-0054-N_HOJA-1_SPXX_9";"03351-PW-2""-C1-0054-N_HOJA-1_SPXX";"03351-PW-2""-C1-0054-N_HOJA-1";Agua de Proceso;03350-02-01;;PIPE RACK ;"03351-PW-2""-C1-0054-N";1;0;SPXX;9;F;SW;2;80;C1;N;CS;0,98;Agua de Proceso;;;;12/03/2026;46249;;46202;;;;0,35;0,343;0,294;0,049;;;;;;;;;;;;;;;;;;;;;;;;;;;;;;;
"03351-PW-2""-C1-0054-N_HOJA-1_SPXX_10";"03351-PW-2""-C1-0054-N_HOJA-1_SPXX";"03351-PW-2""-C1-0054-N_HOJA-1";Agua de Proceso;03350-02-01;;PIPE RACK ;"03351-PW-2""-C1-0054-N";1;0;SPXX;10;F;SW;2;80;C1;N;CS;0,98;Agua de Proceso;;;;12/03/2026;46249;;46202;;;;0,35;0,343;0,294;0,049;;;;;;;;;;;;;;;;;;;;;;;;;;;;;;;
"03351-PW-2""-C1-0054-N_HOJA-1_SPXX_11";"03351-PW-2""-C1-0054-N_HOJA-1_SPXX";"03351-PW-2""-C1-0054-N_HOJA-1";Agua de Proceso;03350-02-01;;PIPE RACK ;"03351-PW-2""-C1-0054-N";1;0;SPXX;11;F;SW;2;80;C1;N;CS;0,98;Agua de Proceso;;;;12/03/2026;46249;;46202;;;;0,35;0,343;0,294;0,049;;;;;;;;;;;;;;;;;;;;;;;;;;;;;;;
"03351-PW-2""-C1-0054-N_HOJA-1_SPXX_12";"03351-PW-2""-C1-0054-N_HOJA-1_SPXX";"03351-PW-2""-C1-0054-N_HOJA-1";Agua de Proceso;03350-02-01;;PIPE RACK ;"03351-PW-2""-C1-0054-N";1;0;SPXX;12;F;SW;2;80;C1;N;CS;0,98;Agua de Proceso;;;;12/03/2026;46249;;46202;;;;0,35;0,343;0,294;0,049;;;;;;;;;;;;;;;;;;;;;;;;;;;;;;;
"03351-PW-2""-C1-0054-N_HOJA-1_SPXX_13";"03351-PW-2""-C1-0054-N_HOJA-1_SPXX";"03351-PW-2""-C1-0054-N_HOJA-1";Agua de Proceso;03350-02-01;;PIPE RACK ;"03351-PW-2""-C1-0054-N";1;0;SPXX;13;F;SW;2;80;C1;N;CS;0,98;Agua de Proceso;;;;12/03/2026;46249;;46202;;;;0,35;0,343;0,294;0,049;;;;;;;;;;;;;;;;;;;;;;;;;;;;;;;
"03351-PW-2""-C1-0054-N_HOJA-1_SPXX_14";"03351-PW-2""-C1-0054-N_HOJA-1_SPXX";"03351-PW-2""-C1-0054-N_HOJA-1";Agua de Proceso;03350-02-01;;PIPE RACK ;"03351-PW-2""-C1-0054-N";1;0;SPXX;14;F;SW;2;80;C1;N;CS;0,98;Agua de Proceso;;;;12/03/2026;46249;;46202;;;;0,35;0,343;0,294;0,049;;;;;;;;;;;;;;;;;;;;;;;;;;;;;;;
"03351-PW-2""-C1-0054-N_HOJA-1_SPXX_15";"03351-PW-2""-C1-0054-N_HOJA-1_SPXX";"03351-PW-2""-C1-0054-N_HOJA-1";Agua de Proceso;03350-02-01;;PIPE RACK ;"03351-PW-2""-C1-0054-N";1;0;SPXX;15;F;SW;2;80;C1;N;CS;0,98;Agua de Proceso;;;;12/03/2026;46249;;46202;;;;0,35;0,343;0,294;0,049;;;;;;;;;;;;;;;;;;;;;;;;;;;;;;;
"03351-PW-2""-C1-0054-N_HOJA-1_SPXX_16";"03351-PW-2""-C1-0054-N_HOJA-1_SPXX";"03351-PW-2""-C1-0054-N_HOJA-1";Agua de Proceso;03350-02-01;;PIPE RACK ;"03351-PW-2""-C1-0054-N";1;0;SPXX;16;F;SW;2;80;C1;N;CS;0,98;Agua de Proceso;;;;12/03/2026;46249;;46202;;;;0,35;0,343;0,294;0,049;;;;;;;;;;;;;;;;;;;;;;;;;;;;;;;
"03351-PW-2""-C1-0054-N_HOJA-1_SPXX_17";"03351-PW-2""-C1-0054-N_HOJA-1_SPXX";"03351-PW-2""-C1-0054-N_HOJA-1";Agua de Proceso;03350-02-01;;PIPE RACK ;"03351-PW-2""-C1-0054-N";1;0;SPXX;17;F;SW;2;80;C1;N;CS;0,98;Agua de Proceso;;;;12/03/2026;46249;;46202;;;;0,35;0,343;0,294;0,049;;;;;;;;;;;;;;;;;;;;;;;;;;;;;;;
"03351-PW-2""-C1-0054-N_HOJA-1_SPXX_18";"03351-PW-2""-C1-0054-N_HOJA-1_SPXX";"03351-PW-2""-C1-0054-N_HOJA-1";Agua de Proceso;03350-02-01;;PIPE RACK ;"03351-PW-2""-C1-0054-N";1;0;SPXX;18;F;SW;2;80;C1;N;CS;0,98;Agua de Proceso;;;;12/03/2026;46249;;46202;;;;0,35;0,343;0,294;0,049;;;;;;;;;;;;;;;;;;;;;;;;;;;;;;;
"03351-PW-2""-C1-0054-N_HOJA-1_SPXX_19";"03351-PW-2""-C1-0054-N_HOJA-1_SPXX";"03351-PW-2""-C1-0054-N_HOJA-1";Agua de Proceso;03350-02-01;;PIPE RACK ;"03351-PW-2""-C1-0054-N";1;0;SPXX;19;F;SW;2;80;C1;N;CS;0,98;Agua de Proceso;;;;12/03/2026;46249;;46202;;;;0,35;0,343;0,294;0,049;;;;;;;;;;;;;;;;;;;;;;;;;;;;;;;
"03351-PW-2""-C1-0054-N_HOJA-1_SPXX_20";"03351-PW-2""-C1-0054-N_HOJA-1_SPXX";"03351-PW-2""-C1-0054-N_HOJA-1";Agua de Proceso;03350-02-01;;PIPE RACK ;"03351-PW-2""-C1-0054-N";1;0;SPXX;20;F;SW;2;80;C1;N;CS;0,98;Agua de Proceso;;;;12/03/2026;46249;;46202;;;;0,35;0,343;0,294;0,049;;;;;;;;;;;;;;;;;;;;;;;;;;;;;;;
"03351-PW-2""-C1-0054-N_HOJA-1_SPXX_21";"03351-PW-2""-C1-0054-N_HOJA-1_SPXX";"03351-PW-2""-C1-0054-N_HOJA-1";Agua de Proceso;03350-02-01;;PIPE RACK ;"03351-PW-2""-C1-0054-N";1;0;SPXX;21;F;SW;2;80;C1;N;CS;0,98;Agua de Proceso;;;;12/03/2026;46249;;46202;;;;0,35;0,343;0,294;0,049;;;;;;;;;;;;;;;;;;;;;;;;;;;;;;;
"03351-PW-2""-C1-0054-N_HOJA-1_SPXX_22";"03351-PW-2""-C1-0054-N_HOJA-1_SPXX";"03351-PW-2""-C1-0054-N_HOJA-1";Agua de Proceso;03350-02-01;;PIPE RACK ;"03351-PW-2""-C1-0054-N";1;0;SPXX;22;F;SW;2;80;C1;N;CS;0,98;Agua de Proceso;;;;12/03/2026;46249;;46202;;;;0,35;0,343;0,294;0,049;;;;;;;;;;;;;;;;;;;;;;;;;;;;;;;
"03351-PW-2""-C1-0054-N_HOJA-1_SPXX_23";"03351-PW-2""-C1-0054-N_HOJA-1_SPXX";"03351-PW-2""-C1-0054-N_HOJA-1";Agua de Proceso;03350-02-01;;PIPE RACK ;"03351-PW-2""-C1-0054-N";1;0;SPXX;23;F;SW;2;80;C1;N;CS;0,98;Agua de Proceso;;;;12/03/2026;46249;;46202;;;;0,35;0,343;0,294;0,049;;;;;;;;;;;;;;;;;;;;;;;;;;;;;;;
"03351-PW-2""-C1-0054-N_HOJA-1_SPXX_24";"03351-PW-2""-C1-0054-N_HOJA-1_SPXX";"03351-PW-2""-C1-0054-N_HOJA-1";Agua de Proceso;03350-02-01;;PIPE RACK ;"03351-PW-2""-C1-0054-N";1;0;SPXX;24;F;SW;2;80;C1;N;CS;0,98;Agua de Proceso;;;;12/03/2026;46249;;46202;;;;0,35;0,343;0,294;0,049;;;;;;;;;;;;;;;;;;;;;;;;;;;;;;;
"03351-PW-2""-C1-0054-N_HOJA-1_SPXX_25";"03351-PW-2""-C1-0054-N_HOJA-1_SPXX";"03351-PW-2""-C1-0054-N_HOJA-1";Agua de Proceso;03350-02-01;;PIPE RACK ;"03351-PW-2""-C1-0054-N";1;0;SPXX;25;F;SW;2;80;C1;N;CS;0,98;Agua de Proceso;;;;12/03/2026;46249;;46202;;;;0,35;0,343;0,294;0,049;;;;;;;;;;;;;;;;;;;;;;;;;;;;;;;
"03351-PW-2""-C1-0054-N_HOJA-1_SPXX_26";"03351-PW-2""-C1-0054-N_HOJA-1_SPXX";"03351-PW-2""-C1-0054-N_HOJA-1";Agua de Proceso;03350-02-01;;PIPE RACK ;"03351-PW-2""-C1-0054-N";1;0;SPXX;26;F;SW;2;80;C1;N;CS;0,98;Agua de Proceso;;;;12/03/2026;;;46202;;;;0,3;0,294;0,294;0;;;;;;;;;;;;;;;;;;;;;;;;;;;;;;;
"03351-PW-2""-C1-0054-N_HOJA-1_SPXX_27";"03351-PW-2""-C1-0054-N_HOJA-1_SPXX";"03351-PW-2""-C1-0054-N_HOJA-1";Agua de Proceso;03350-02-01;;PIPE RACK ;"03351-PW-2""-C1-0054-N";1;0;SPXX;27;F;SW;2;80;C1;N;CS;0,98;Agua de Proceso;;;;12/03/2026;;;46202;;;;0,3;0,294;0,294;0;;;;;;;;;;;;;;;;;;;;;;;;;;;;;;;
"03351-PW-2""-C1-0054-N_HOJA-1_SPXX_28";"03351-PW-2""-C1-0054-N_HOJA-1_SPXX";"03351-PW-2""-C1-0054-N_HOJA-1";Agua de Proceso;03350-02-01;;PIPE RACK ;"03351-PW-2""-C1-0054-N";1;0;SPXX;28;F;SW;2;80;C1;N;CS;0,98;Agua de Proceso;;;;12/03/2026;;;46202;;;;0,3;0,294;0,294;0;;;;;;;;;;;;;;;;;;;;;;;;;;;;;;;
"03351-PW-2""-C1-0054-N_HOJA-1_SPXX_29";"03351-PW-2""-C1-0054-N_HOJA-1_SPXX";"03351-PW-2""-C1-0054-N_HOJA-1";Agua de Proceso;03350-02-01;;PIPE RACK ;"03351-PW-2""-C1-0054-N";1;0;SPXX;29;F;SW;2;80;C1;N;CS;0,98;Agua de Proceso;;;;12/03/2026;;;46202;;;;0,3;0,294;0,294;0;;;;;;;;;;;;;;;;;;;;;;;;;;;;;;;
"03351-PW-2""-C1-0054-N_HOJA-1_SPXX_30";"03351-PW-2""-C1-0054-N_HOJA-1_SPXX";"03351-PW-2""-C1-0054-N_HOJA-1";Agua de Proceso;03350-02-01;;PIPE RACK ;"03351-PW-2""-C1-0054-N";1;0;SPXX;30;F;SW;2;80;C1;N;CS;0,98;Agua de Proceso;;;;12/03/2026;;;46202;;;;0,3;0,294;0,294;0;;;;;;;;;;;;;;;;;;;;;;;;;;;;;;;
"03351-PW-2""-C1-0054-N_HOJA-1_SPXX_31";"03351-PW-2""-C1-0054-N_HOJA-1_SPXX";"03351-PW-2""-C1-0054-N_HOJA-1";Agua de Proceso;03350-02-01;;PIPE RACK ;"03351-PW-2""-C1-0054-N";1;0;SPXX;31;F;SW;2;80;C1;N;CS;0,98;Agua de Proceso;;;;12/03/2026;;;46202;;;;0,3;0,294;0,294;0;;;;;;;;;;;;;;;;;;;;;;;;;;;;;;;
"03351-PW-2""-C1-0054-N_HOJA-1_SPXX_32";"03351-PW-2""-C1-0054-N_HOJA-1_SPXX";"03351-PW-2""-C1-0054-N_HOJA-1";Agua de Proceso;03350-02-01;;PIPE RACK ;"03351-PW-2""-C1-0054-N";1;0;SPXX;32;F;SW;2;80;C1;N;CS;0,98;Agua de Proceso;;;;12/03/2026;;;46202;;;;0,3;0,294;0,294;0;;;;;;;;;;;;;;;;;;;;;;;;;;;;;;;
"03351-PW-2""-C1-0054-N_HOJA-1_SPXX_33";"03351-PW-2""-C1-0054-N_HOJA-1_SPXX";"03351-PW-2""-C1-0054-N_HOJA-1";Agua de Proceso;03350-02-01;;PIPE RACK ;"03351-PW-2""-C1-0054-N";1;0;SPXX;33;F;SW;2;80;C1;N;CS;0,98;Agua de Proceso;;;;12/03/2026;;;46202;;;;0,3;0,294;0,294;0;;;;;;;;;;;;;;;;;;;;;;;;;;;;;;;
"03351-PW-2""-C1-0055-N_HOJA-1_SPXX_1";"03351-PW-2""-C1-0055-N_HOJA-1_SPXX";"03351-PW-2""-C1-0055-N_HOJA-1";Agua de Proceso;03350-02-01;;PIPE RACK ;"03351-PW-2""-C1-0055-N";1;0;SPXX;1;F;SW;2;80;C1;N;CS;0,115;Agua de Proceso;;;;12/03/2026;;;46202;;;;0,3;0,0345;0,0345;0;;;;;;;;;;;;;;;;;;;;;;;;;;;;;;;
"03351-PW-2""-C1-0055-N_HOJA-1_SPXX_2";"03351-PW-2""-C1-0055-N_HOJA-1_SPXX";"03351-PW-2""-C1-0055-N_HOJA-1";Agua de Proceso;03350-02-01;;PIPE RACK ;"03351-PW-2""-C1-0055-N";1;0;SPXX;2;F;SW;2;80;C1;N;CS;0,115;Agua de Proceso;;;;12/03/2026;;;46202;;;;0,3;0,0345;0,0345;0;;;;;;;;;;;;;;;;;;;;;;;;;;;;;;;
"03351-PW-2""-C1-0055-N_HOJA-1_SPXX_3";"03351-PW-2""-C1-0055-N_HOJA-1_SPXX";"03351-PW-2""-C1-0055-N_HOJA-1";Agua de Proceso;03350-02-01;;PIPE RACK ;"03351-PW-2""-C1-0055-N";1;0;SPXX;3;F;SW;2;80;C1;N;CS;0,115;Agua de Proceso;;;;12/03/2026;;;46202;;;;0,3;0,0345;0,0345;0;;;;;;;;;;;;;;;;;;;;;;;;;;;;;;;
"03351-PW-2""-C1-0055-N_HOJA-1_SPXX_4";"03351-PW-2""-C1-0055-N_HOJA-1_SPXX";"03351-PW-2""-C1-0055-N_HOJA-1";Agua de Proceso;03350-02-01;;PIPE RACK ;"03351-PW-2""-C1-0055-N";1;0;SPXX;4;F;SW;2;80;C1;N;CS;0,115;Agua de Proceso;;;;12/03/2026;;;46202;;;;0,3;0,0345;0,0345;0;;;;;;;;;;;;;;;;;;;;;;;;;;;;;;;
"03351-PW-2""-C1-0055-N_HOJA-1_SPXX_5";"03351-PW-2""-C1-0055-N_HOJA-1_SPXX";"03351-PW-2""-C1-0055-N_HOJA-1";Agua de Proceso;03350-02-01;;PIPE RACK ;"03351-PW-2""-C1-0055-N";1;0;SPXX;5;F;SW;2;80;C1;N;CS;0,115;Agua de Proceso;;;;12/03/2026;;;46202;;;;0,3;0,0345;0,0345;0;;;;;;;;;;;;;;;;;;;;;;;;;;;;;;;
"03351-PW-2""-C1-0055-N_HOJA-1_SPXX_6";"03351-PW-2""-C1-0055-N_HOJA-1_SPXX";"03351-PW-2""-C1-0055-N_HOJA-1";Agua de Proceso;03350-02-01;;PIPE RACK ;"03351-PW-2""-C1-0055-N";1;0;SPXX;6;F;SW;2;80;C1;N;CS;0,115;Agua de Proceso;;;;12/03/2026;;;46202;;;;0,3;0,0345;0,0345;0;;;;;;;;;;;;;;;;;;;;;;;;;;;;;;;
"03351-PW-2""-C1-0055-N_HOJA-1_SPXX_7";"03351-PW-2""-C1-0055-N_HOJA-1_SPXX";"03351-PW-2""-C1-0055-N_HOJA-1";Agua de Proceso;03350-02-01;;PIPE RACK ;"03351-PW-2""-C1-0055-N";1;0;SPXX;7;F;SW;2;80;C1;N;CS;0,115;Agua de Proceso;;;;12/03/2026;;;46202;;;;0,3;0,0345;0,0345;0;;;;;;;;;;;;;;;;;;;;;;;;;;;;;;;
"03351-PW-2""-C1-0055-N_HOJA-1_SPXX_8";"03351-PW-2""-C1-0055-N_HOJA-1_SPXX";"03351-PW-2""-C1-0055-N_HOJA-1";Agua de Proceso;03350-02-01;;PIPE RACK ;"03351-PW-2""-C1-0055-N";1;0;SPXX;8;F;SW;2;80;C1;N;CS;0,115;Agua de Proceso;;;;12/03/2026;;;46202;;;;0,3;0,0345;0,0345;0;;;;;;;;;;;;;;;;;;;;;;;;;;;;;;;
"03351-PW-2""-C1-0056-N_HOJA-1_SPXX_1";"03351-PW-2""-C1-0056-N_HOJA-1_SPXX";"03351-PW-2""-C1-0056-N_HOJA-1";Agua de Proceso;03350-02-01;;PIPE RACK ;"03351-PW-2""-C1-0056-N";1;0;SPXX;1;F;SW;2;80;C1;N;CS;1,31;Agua de Proceso;;;;12/03/2026;;;46202;;;;0,3;0,393;0,393;0;;;;;;;;;;;;;;;;;;;;;;;;;;;;;;;
"03351-PW-2""-C1-0056-N_HOJA-1_SPXX_2";"03351-PW-2""-C1-0056-N_HOJA-1_SPXX";"03351-PW-2""-C1-0056-N_HOJA-1";Agua de Proceso;03350-02-01;;PIPE RACK ;"03351-PW-2""-C1-0056-N";1;0;SPXX;2;F;SW;2;80;C1;N;CS;1,31;Agua de Proceso;;;;12/03/2026;;;46202;;;;0,3;0,393;0,393;0;;;;;;;;;;;;;;;;;;;;;;;;;;;;;;;
"03351-PW-2""-C1-0056-N_HOJA-1_SPXX_3";"03351-PW-2""-C1-0056-N_HOJA-1_SPXX";"03351-PW-2""-C1-0056-N_HOJA-1";Agua de Proceso;03350-02-01;;PIPE RACK ;"03351-PW-2""-C1-0056-N";1;0;SPXX;3;F;SW;2;80;C1;N;CS;1,31;Agua de Proceso;;;;12/03/2026;;;46202;;;;0,3;0,393;0,393;0;;;;;;;;;;;;;;;;;;;;;;;;;;;;;;;
"03351-PW-2""-C1-0056-N_HOJA-1_SPXX_4";"03351-PW-2""-C1-0056-N_HOJA-1_SPXX";"03351-PW-2""-C1-0056-N_HOJA-1";Agua de Proceso;03350-02-01;;PIPE RACK ;"03351-PW-2""-C1-0056-N";1;0;SPXX;4;F;SW;2;80;C1;N;CS;1,31;Agua de Proceso;;;;12/03/2026;;;46202;;;;0,3;0,393;0,393;0;;;;;;;;;;;;;;;;;;;;;;;;;;;;;;;
"03351-PW-2""-C1-0056-N_HOJA-1_SPXX_5";"03351-PW-2""-C1-0056-N_HOJA-1_SPXX";"03351-PW-2""-C1-0056-N_HOJA-1";Agua de Proceso;03350-02-01;;PIPE RACK ;"03351-PW-2""-C1-0056-N";1;0;SPXX;5;F;SW;2;80;C1;N;CS;1,31;Agua de Proceso;;;;12/03/2026;;;46202;;;;0,3;0,393;0,393;0;;;;;;;;;;;;;;;;;;;;;;;;;;;;;;;
"03351-PW-2""-C1-0056-N_HOJA-1_SPXX_6";"03351-PW-2""-C1-0056-N_HOJA-1_SPXX";"03351-PW-2""-C1-0056-N_HOJA-1";Agua de Proceso;03350-02-01;;PIPE RACK ;"03351-PW-2""-C1-0056-N";1;0;SPXX;6;F;SW;2;80;C1;N;CS;1,31;Agua de Proceso;;;;12/03/2026;;;46202;;;;0,3;0,393;0,393;0;;;;;;;;;;;;;;;;;;;;;;;;;;;;;;;
"03351-PW-2""-C1-0056-N_HOJA-1_SPXX_7";"03351-PW-2""-C1-0056-N_HOJA-1_SPXX";"03351-PW-2""-C1-0056-N_HOJA-1";Agua de Proceso;03350-02-01;;PIPE RACK ;"03351-PW-2""-C1-0056-N";1;0;SPXX;7;F;SW;2;80;C1;N;CS;1,31;Agua de Proceso;;;;12/03/2026;46249;;46202;;;;0,35;0,4585;0,393;0,0655;;;;;;;;;;;;;;;;;;;;;;;;;;;;;;;
"03351-PW-2""-C1-0056-N_HOJA-1_SPXX_8";"03351-PW-2""-C1-0056-N_HOJA-1_SPXX";"03351-PW-2""-C1-0056-N_HOJA-1";Agua de Proceso;03350-02-01;;PIPE RACK ;"03351-PW-2""-C1-0056-N";1;0;SPXX;8;F;SW;2;80;C1;N;CS;1,31;Agua de Proceso;;;;12/03/2026;46249;;46202;;;;0,35;0,4585;0,393;0,0655;;;;;;;;;;;;;;;;;;;;;;;;;;;;;;;
"03351-PW-2""-C1-0056-N_HOJA-1_SPXX_9";"03351-PW-2""-C1-0056-N_HOJA-1_SPXX";"03351-PW-2""-C1-0056-N_HOJA-1";Agua de Proceso;03350-02-01;;PIPE RACK ;"03351-PW-2""-C1-0056-N";1;0;SPXX;9;F;SW;2;80;C1;N;CS;1,31;Agua de Proceso;;;;12/03/2026;46249;;46202;;;;0,35;0,4585;0,393;0,0655;;;;;;;;;;;;;;;;;;;;;;;;;;;;;;;
"03351-PW-2""-C1-0056-N_HOJA-1_SPXX_10";"03351-PW-2""-C1-0056-N_HOJA-1_SPXX";"03351-PW-2""-C1-0056-N_HOJA-1";Agua de Proceso;03350-02-01;;PIPE RACK ;"03351-PW-2""-C1-0056-N";1;0;SPXX;10;F;SW;2;80;C1;N;CS;1,31;Agua de Proceso;;;;12/03/2026;46249;;46202;;;;0,35;0,4585;0,393;0,0655;;;;;;;;;;;;;;;;;;;;;;;;;;;;;;;
"03351-PW-2""-C1-0056-N_HOJA-1_SPXX_11";"03351-PW-2""-C1-0056-N_HOJA-1_SPXX";"03351-PW-2""-C1-0056-N_HOJA-1";Agua de Proceso;03350-02-01;;PIPE RACK ;"03351-PW-2""-C1-0056-N";1;0;SPXX;11;F;SW;2;80;C1;N;CS;1,31;Agua de Proceso;;;;12/03/2026;46249;;46202;;;;0,35;0,4585;0,393;0,0655;;;;;;;;;;;;;;;;;;;;;;;;;;;;;;;
"03351-PW-2""-C1-0056-N_HOJA-1_SPXX_12";"03351-PW-2""-C1-0056-N_HOJA-1_SPXX";"03351-PW-2""-C1-0056-N_HOJA-1";Agua de Proceso;03350-02-01;;PIPE RACK ;"03351-PW-2""-C1-0056-N";1;0;SPXX;12;F;SW;2;80;C1;N;CS;1,31;Agua de Proceso;;;;12/03/2026;46249;;46202;;;;0,35;0,4585;0,393;0,0655;;;;;;;;;;;;;;;;;;;;;;;;;;;;;;;
"03351-PW-2""-C1-0056-N_HOJA-1_SPXX_13";"03351-PW-2""-C1-0056-N_HOJA-1_SPXX";"03351-PW-2""-C1-0056-N_HOJA-1";Agua de Proceso;03350-02-01;;PIPE RACK ;"03351-PW-2""-C1-0056-N";1;0;SPXX;13;F;SW;2;80;C1;N;CS;1,31;Agua de Proceso;;;;12/03/2026;46249;;46202;;;;0,35;0,4585;0,393;0,0655;;;;;;;;;;;;;;;;;;;;;;;;;;;;;;;
"03351-PW-2""-C1-0056-N_HOJA-1_SPXX_14";"03351-PW-2""-C1-0056-N_HOJA-1_SPXX";"03351-PW-2""-C1-0056-N_HOJA-1";Agua de Proceso;03350-02-01;;PIPE RACK ;"03351-PW-2""-C1-0056-N";1;0;SPXX;14;F;SW;2;80;C1;N;CS;1,31;Agua de Proceso;;;;12/03/2026;46249;;46202;;;;0,35;0,4585;0,393;0,0655;;;;;;;;;;;;;;;;;;;;;;;;;;;;;;;
"03351-PW-2""-C1-0056-N_HOJA-1_SPXX_15";"03351-PW-2""-C1-0056-N_HOJA-1_SPXX";"03351-PW-2""-C1-0056-N_HOJA-1";Agua de Proceso;03350-02-01;;PIPE RACK ;"03351-PW-2""-C1-0056-N";1;0;SPXX;15;F;SW;2;80;C1;N;CS;1,31;Agua de Proceso;;;;12/03/2026;46249;;46202;;;;0,35;0,4585;0,393;0,0655;;;;;;;;;;;;;;;;;;;;;;;;;;;;;;;
"03351-PW-2""-C1-0056-N_HOJA-1_SPXX_16";"03351-PW-2""-C1-0056-N_HOJA-1_SPXX";"03351-PW-2""-C1-0056-N_HOJA-1";Agua de Proceso;03350-02-01;;PIPE RACK ;"03351-PW-2""-C1-0056-N";1;0;SPXX;16;F;SW;2;80;C1;N;CS;1,31;Agua de Proceso;;;;12/03/2026;46249;;46202;;;;0,35;0,4585;0,393;0,0655;;;;;;;;;;;;;;;;;;;;;;;;;;;;;;;
"03351-PW-2""-C1-0056-N_HOJA-1_SPXX_17";"03351-PW-2""-C1-0056-N_HOJA-1_SPXX";"03351-PW-2""-C1-0056-N_HOJA-1";Agua de Proceso;03350-02-01;;PIPE RACK ;"03351-PW-2""-C1-0056-N";1;0;SPXX;17;F;SW;2;80;C1;N;CS;1,31;Agua de Proceso;;;;12/03/2026;46249;;46202;;;;0,35;0,4585;0,393;0,0655;;;;;;;;;;;;;;;;;;;;;;;;;;;;;;;
"03351-PW-2""-C1-0056-N_HOJA-1_SPXX_18";"03351-PW-2""-C1-0056-N_HOJA-1_SPXX";"03351-PW-2""-C1-0056-N_HOJA-1";Agua de Proceso;03350-02-01;;PIPE RACK ;"03351-PW-2""-C1-0056-N";1;0;SPXX;18;F;SW;2;80;C1;N;CS;1,31;Agua de Proceso;;;;12/03/2026;46249;;46202;;;;0,35;0,4585;0,393;0,0655;;;;;;;;;;;;;;;;;;;;;;;;;;;;;;;
"03351-PW-2""-C1-0056-N_HOJA-1_SPXX_19";"03351-PW-2""-C1-0056-N_HOJA-1_SPXX";"03351-PW-2""-C1-0056-N_HOJA-1";Agua de Proceso;03350-02-01;;PIPE RACK ;"03351-PW-2""-C1-0056-N";1;0;SPXX;19;F;SW;2;80;C1;N;CS;1,31;Agua de Proceso;;;;12/03/2026;46249;;46202;;;;0,35;0,4585;0,393;0,0655;;;;;;;;;;;;;;;;;;;;;;;;;;;;;;;
"03351-PW-2""-C1-0056-N_HOJA-1_SPXX_20";"03351-PW-2""-C1-0056-N_HOJA-1_SPXX";"03351-PW-2""-C1-0056-N_HOJA-1";Agua de Proceso;03350-02-01;;PIPE RACK ;"03351-PW-2""-C1-0056-N";1;0;SPXX;20;F;SW;2;80;C1;N;CS;1,31;Agua de Proceso;;;;12/03/2026;46249;;46202;;;;0,35;0,4585;0,393;0,0655;;;;;;;;;;;;;;;;;;;;;;;;;;;;;;;
"03351-PW-2""-C1-0056-N_HOJA-1_SPXX_21";"03351-PW-2""-C1-0056-N_HOJA-1_SPXX";"03351-PW-2""-C1-0056-N_HOJA-1";Agua de Proceso;03350-02-01;;PIPE RACK ;"03351-PW-2""-C1-0056-N";1;0;SPXX;21;F;SW;2;80;C1;N;CS;1,31;Agua de Proceso;;;;12/03/2026;46249;;46202;;;;0,35;0,4585;0,393;0,0655;;;;;;;;;;;;;;;;;;;;;;;;;;;;;;;
"03351-PW-2""-C1-0056-N_HOJA-1_SPXX_22";"03351-PW-2""-C1-0056-N_HOJA-1_SPXX";"03351-PW-2""-C1-0056-N_HOJA-1";Agua de Proceso;03350-02-01;;PIPE RACK ;"03351-PW-2""-C1-0056-N";1;0;SPXX;22;F;SW;2;80;C1;N;CS;1,31;Agua de Proceso;;;;12/03/2026;46249;;46202;;;;0,35;0,4585;0,393;0,0655;;;;;;;;;;;;;;;;;;;;;;;;;;;;;;;
"03351-GW-2""-C1-0078-N_HOJA-1_SPXX_1";"03351-GW-2""-C1-0078-N_HOJA-1_SPXX";"03351-GW-2""-C1-0078-N_HOJA-1";Agua de Sello;03350-02-02;;TORRE TRASFERENCIA;"03351-GW-2""-C1-0078-N";1;0;SPXX;1;F;SW;2;80;C1;N;CS;0,15;Agua de Proceso;A PISO;;;12/03/2026;46232;46232;46202;46245;;;0,9;0,135;0,09;0,045;EJECUTADA;46232;W-16;;;;;;;;;;;;;;;;;;;;;;;;;;;;
"03351-GW-2""-C1-0078-N_HOJA-1_SPXX_2";"03351-GW-2""-C1-0078-N_HOJA-1_SPXX";"03351-GW-2""-C1-0078-N_HOJA-1";Agua de Sello;03350-02-02;;TORRE TRASFERENCIA;"03351-GW-2""-C1-0078-N";1;0;SPXX;2;F;NPT;2;80;C2;N;CS;0,15;Agua de Proceso;;;;12/03/2026;46232;46232;46202;46245;;;0,9;0,135;0,09;0,045;EJECUTADA;46232;0;;;;;;;;;;;;;;;;;;;;;;;;;;;;
"03351-GW-2""-C1-0078-N_HOJA-1_SPXX_3";"03351-GW-2""-C1-0078-N_HOJA-1_SPXX";"03351-GW-2""-C1-0078-N_HOJA-1";Agua de Sello;03350-02-02;;TORRE TRASFERENCIA;"03351-GW-2""-C1-0078-N";1;0;SPXX;3;F;NPT;2;80;C3;N;CS;0,15;Agua de Proceso;;;;12/03/2026;46232;46232;46202;46245;;;0,9;0,135;0,09;0,045;EJECUTADA;46232;0;;;;;;;;;;;;;;;;;;;;;;;;;;;;
"03351-GW-2""-C1-0078-N_HOJA-1_SPXX_4";"03351-GW-2""-C1-0078-N_HOJA-1_SPXX";"03351-GW-2""-C1-0078-N_HOJA-1";Agua de Sello;03350-02-02;;TORRE TRASFERENCIA;"03351-GW-2""-C1-0078-N";1;0;SPXX;4;F;SW;2;80;C4;N;CS;0,15;Agua de Proceso;;;;12/03/2026;46232;46232;46202;46245;;;0,9;0,135;0,09;0,045;EJECUTADA;46232;W-16;;;;;;;;;;;;;;;;;;;;;;;;;;;;
"03351-GW-2""-C1-0078-N_HOJA-1_SPXX_5";"03351-GW-2""-C1-0078-N_HOJA-1_SPXX";"03351-GW-2""-C1-0078-N_HOJA-1";Agua de Sello;03350-02-02;;TORRE TRASFERENCIA;"03351-GW-2""-C1-0078-N";1;0;SPXX;5;F;SW;2;80;C5;N;CS;0,15;Agua de Proceso;;;;12/03/2026;46232;46232;46202;46245;;;0,9;0,135;0,09;0,045;EJECUTADA;46232;W-16;;;;;;;;;;;;;;;;;;;;;;;;;;;;
"03351-PW-2""-C1-0081-N_HOJA-1_SPXX_1";"03351-PW-2""-C1-0081-N_HOJA-1_SPXX";"03351-PW-2""-C1-0081-N_HOJA-1";Agua de Proceso;03350-02-01;;TORRE TRASFERENCIA;"03351-PW-2""-C1-0081-N";1;0;SPXX;1;F;SW;2;80;C1;N;CS;0,171;Agua de Proceso;"03351-CT-6""-C3-0030-R3";;;12/03/2026;46249;46257;46202;46257;;;0,9;0,1539;0,0513;0,1026;EJECUTADA;46259;W-18;;;;;;;;;;;;;;;;;;;;;;;;;;;;
"03351-PW-2""-C1-0081-N_HOJA-1_SPXX_2";"03351-PW-2""-C1-0081-N_HOJA-1_SPXX";"03351-PW-2""-C1-0081-N_HOJA-1";Agua de Proceso;03350-02-01;;TORRE TRASFERENCIA;"03351-PW-2""-C1-0081-N";1;0;SPXX;2;F;NPT;2;80;C1;N;CS;0,171;Agua de Proceso;;;;12/03/2026;46249;46257;46202;46257;;;0,9;0,1539;0,0513;0,1026;EJECUTADA;46259;W-02;;;;;;;;;;;;;;;;;;;;;;;;;;;;
"03351-PW-2""-C1-0081-N_HOJA-1_SPXX_3";"03351-PW-2""-C1-0081-N_HOJA-1_SPXX";"03351-PW-2""-C1-0081-N_HOJA-1";Agua de Proceso;03350-02-01;;TORRE TRASFERENCIA;"03351-PW-2""-C1-0081-N";1;0;SPXX;3;F;NPT;2;80;C1;N;CS;0,171;Agua de Proceso;;;;12/03/2026;46249;;46202;;;;0,35;0,05985;0,0513;0,00855;;;;;;;;;;;;;;;;;;;;;;;;;;;;;;;
"03351-PW-2""-C1-0081-N_HOJA-1_SPXX_4";"03351-PW-2""-C1-0081-N_HOJA-1_SPXX";"03351-PW-2""-C1-0081-N_HOJA-1";Agua de Proceso;03350-02-01;;TORRE TRASFERENCIA;"03351-PW-2""-C1-0081-N";1;0;SPXX;4;F;SW;2;80;C1;N;CS;0,171;Agua de Proceso;;;;12/03/2026;46249;46257;46202;46257;;;0,9;0,1539;0,0513;0,1026;;;;;;;;;;;;;;;;;;;;;;;;;;;;;;;
"03351-PW-2""-C1-0081-N_HOJA-1_SPXX_5";"03351-PW-2""-C1-0081-N_HOJA-1_SPXX";"03351-PW-2""-C1-0081-N_HOJA-1";Agua de Proceso;03350-02-01;;TORRE TRASFERENCIA;"03351-PW-2""-C1-0081-N";1;0;SPXX;5;F;SW;2;80;C1;N;CS;0,171;Agua de Proceso;;;;12/03/2026;46249;;46202;;;;0,35;0,05985;0,0513;0,00855;;;;;;;;;;;;;;;;;;;;;;;;;;;;;;;
"03351-PW-2""-C1-0081-N_HOJA-1_SPXX_6";"03351-PW-2""-C1-0081-N_HOJA-1_SPXX";"03351-PW-2""-C1-0081-N_HOJA-1";Agua de Proceso;03350-02-01;;TORRE TRASFERENCIA;"03351-PW-2""-C1-0081-N";1;0;SPXX;6;F;SW;2;80;C1;N;CS;0,171;Agua de Proceso;;;;12/03/2026;46249;;46202;;;;0,35;0,05985;0,0513;0,00855;;;;;;;;;;;;;;;;;;;;;;;;;;;;;;;
"03351-PW-2""-C1-0081-N_HOJA-1_SPXX_7";"03351-PW-2""-C1-0081-N_HOJA-1_SPXX";"03351-PW-2""-C1-0081-N_HOJA-1";Agua de Proceso;03350-02-01;;TORRE TRASFERENCIA;"03351-PW-2""-C1-0081-N";1;0;SPXX;7;F;SW;2;80;C1;N;CS;0,171;Agua de Proceso;;;;12/03/2026;46249;;46202;;;;0,35;0,05985;0,0513;0,00855;;;;;;;;;;;;;;;;;;;;;;;;;;;;;;;
"03351-PW-2""-C1-0081-N_HOJA-1_SPXX_8";"03351-PW-2""-C1-0081-N_HOJA-1_SPXX";"03351-PW-2""-C1-0081-N_HOJA-1";Agua de Proceso;03350-02-01;;TORRE TRASFERENCIA;"03351-PW-2""-C1-0081-N";1;0;SPXX;8;F;SW;2;80;C1;N;CS;0,171;Agua de Proceso;;;;12/03/2026;46249;;46202;;;;0,35;0,05985;0,0513;0,00855;;;;;;;;;;;;;;;;;;;;;;;;;;;;;;;
"03351-PW-2""-C1-0082-N_HOJA-1_SPXX_1";"03351-PW-2""-C1-0082-N_HOJA-1_SPXX";"03351-PW-2""-C1-0082-N_HOJA-1";Agua de Proceso;03350-02-01;;TORRE TRASFERENCIA;"03351-PW-2""-C1-0082-N";1;0;SPXX;1;F;SO;2;80;C1;N;CS;0,15;Agua de Proceso;"03351-CT-6""-C3-0030-R3";;;12/03/2026;46249;46258;46202;46258;;;0,9;0,135;0,045;0,09;EJECUTADA;46259;W-16;;;;;;;;;;;;;;;;;;;;;;;;;;;;
"03351-PW-2""-C1-0082-N_HOJA-1_SPXX_2";"03351-PW-2""-C1-0082-N_HOJA-1_SPXX";"03351-PW-2""-C1-0082-N_HOJA-1";Agua de Proceso;03350-02-01;;TORRE TRASFERENCIA;"03351-PW-2""-C1-0082-N";1;0;SPXX;2;F;SO;2;80;C1;N;CS;0,15;Agua de Proceso;;;;12/03/2026;46257;46257;46202;46257;;;0,9;0,135;0,045;0,09;EJECUTADA;46259;W-02;;;;;;;;;;;;;;;;;;;;;;;;;;;;
"03351-PW-2""-C1-0082-N_HOJA-1_SPXX_3";"03351-PW-2""-C1-0082-N_HOJA-1_SPXX";"03351-PW-2""-C1-0082-N_HOJA-1";Agua de Proceso;03350-02-01;;TORRE TRASFERENCIA;"03351-PW-2""-C1-0082-N";1;0;SPXX;3;F;SW;2;80;C1;N;CS;0,15;Agua de Proceso;;;;12/03/2026;46257;46257;46202;46257;;;0,9;0,135;0,045;0,09;EJECUTADA;46259;W-02;;;;;;;;;;;;;;;;;;;;;;;;;;;;
"03351-PW-2""-C1-0082-N_HOJA-1_SPXX_4";"03351-PW-2""-C1-0082-N_HOJA-1_SPXX";"03351-PW-2""-C1-0082-N_HOJA-1";Agua de Proceso;03350-02-01;;TORRE TRASFERENCIA;"03351-PW-2""-C1-0082-N";1;0;SPXX;4;F;SW;2;80;C1;N;CS;0,15;Agua de Proceso;;;;12/03/2026;46257;46257;46202;46257;;;0,9;0,135;0,045;0,09;EJECUTADA;46259;W-02;;;;;;;;;;;;;;;;;;;;;;;;;;;;
"03351-PW-2""-C1-0082-N_HOJA-1_SPXX_5";"03351-PW-2""-C1-0082-N_HOJA-1_SPXX";"03351-PW-2""-C1-0082-N_HOJA-1";Agua de Proceso;03350-02-01;;TORRE TRASFERENCIA;"03351-PW-2""-C1-0082-N";1;0;SPXX;5;F;SW;2;80;C1;N;CS;0,15;Agua de Proceso;;;;12/03/2026;46257;46257;46202;46257;;;0,9;0,135;0,045;0,09;EJECUTADA;46259;W-02;;;;;;;;;;;;;;;;;;;;;;;;;;;;
"03351-PW-2""-C1-0082-N_HOJA-1_SPXX_6";"03351-PW-2""-C1-0082-N_HOJA-1_SPXX";"03351-PW-2""-C1-0082-N_HOJA-1";Agua de Proceso;03350-02-01;;TORRE TRASFERENCIA;"03351-PW-2""-C1-0082-N";1;0;SPXX;6;F;SW;2;80;C1;N;CS;0,15;Agua de Proceso;;;;12/03/2026;46257;46257;46202;46257;;;0,9;0,135;0,045;0,09;EJECUTADA;46259;W-16;;;;;;;;;;;;;;;;;;;;;;;;;;;;
"03351-PW-2""-C1-0082-N_HOJA-1_SPXX_7";"03351-PW-2""-C1-0082-N_HOJA-1_SPXX";"03351-PW-2""-C1-0082-N_HOJA-1";Agua de Proceso;03350-02-01;;TORRE TRASFERENCIA;"03351-PW-2""-C1-0082-N";1;0;SPXX;7;F;NPT;2;80;C1;N;CS;0,15;Agua de Proceso;;;;12/03/2026;46258;46258;46202;46258;;;0,9;0,135;0,045;0,09;EJECUTADA;46259;W-02;;;;;;;;;;;;;;;;;;;;;;;;;;;;
"03351-PW-2""-C1-0082-N_HOJA-1_SPXX_8";"03351-PW-2""-C1-0082-N_HOJA-1_SPXX";"03351-PW-2""-C1-0082-N_HOJA-1";Agua de Proceso;03350-02-01;;TORRE TRASFERENCIA;"03351-PW-2""-C1-0082-N";1;0;SPXX;8;F;NPT;2;80;C1;N;CS;0,15;Agua de Proceso;;;;12/03/2026;;;46202;;;;0,3;0,045;0,045;0;;;;;;;;;;;;;;;;;;;;;;;;;;;;;;;
"03351-PW-2""-C1-0082-N_HOJA-1_SPXX_9";"03351-PW-2""-C1-0082-N_HOJA-1_SPXX";"03351-PW-2""-C1-0082-N_HOJA-1";Agua de Proceso;03350-02-01;;TORRE TRASFERENCIA;"03351-PW-2""-C1-0082-N";1;0;SPXX;9;F;SO;2;80;C1;N;CS;0,15;Agua de Proceso;;;;12/03/2026;;;46202;;;;0,3;0,045;0,045;0;;;;;;;;;;;;;;;;;;;;;;;;;;;;;;;
"03351-PW-2""-C1-0082-N_HOJA-1_SPXX_10";"03351-PW-2""-C1-0082-N_HOJA-1_SPXX";"03351-PW-2""-C1-0082-N_HOJA-1";Agua de Proceso;03350-02-01;;TORRE TRASFERENCIA;"03351-PW-2""-C1-0082-N";1;0;SPXX;10;F;SO;2;80;C1;N;CS;0,15;Agua de Proceso;;;;12/03/2026;;;46202;;;;0,3;0,045;0,045;0;;;;;;;;;;;;;;;;;;;;;;;;;;;;;;;
"03351-PW-2""-C1-0082-N_HOJA-1_SPXX_11";"03351-PW-2""-C1-0082-N_HOJA-1_SPXX";"03351-PW-2""-C1-0082-N_HOJA-1";Agua de Proceso;03350-02-01;;TORRE TRASFERENCIA;"03351-PW-2""-C1-0082-N";1;0;SPXX;11;F;SW;2;80;C1;N;CS;0,15;Agua de Proceso;;;;12/03/2026;;;46202;;;;0,3;0,045;0,045;0;;;;;;;;;;;;;;;;;;;;;;;;;;;;;;;
"03351-PW-2""-C1-0083-N_HOJA-1_SPXX_1";"03351-PW-2""-C1-0083-N_HOJA-1_SPXX";"03351-PW-2""-C1-0083-N_HOJA-1";Agua de Proceso;03350-02-01;;TORRE TRASFERENCIA;"03351-PW-2""-C1-0083-N";1;0;SPXX;1;F;SW;2;80;C1;N;CS;0,15;Agua de Proceso;;;;12/03/2026;46258;46258;46202;46258;;;0,9;0,135;0,045;0,09;EJECUTADA;46259;W-02;;;;;;;;;;;;;;;;;;;;;;;;;;;;
"03351-PW-2""-C1-0083-N_HOJA-1_SPXX_2";"03351-PW-2""-C1-0083-N_HOJA-1_SPXX";"03351-PW-2""-C1-0083-N_HOJA-1";Agua de Proceso;03350-02-01;;TORRE TRASFERENCIA;"03351-PW-2""-C1-0083-N";1;0;SPXX;2;F;SW;2;80;C1;N;CS;0,15;Agua de Proceso;;;;12/03/2026;46258;46258;46202;46258;;;0,9;0,135;0,045;0,09;EJECUTADA;46259;W-02;;;;;;;;;;;;;;;;;;;;;;;;;;;;
"03351-PW-2""-C1-0083-N_HOJA-1_SPXX_3";"03351-PW-2""-C1-0083-N_HOJA-1_SPXX";"03351-PW-2""-C1-0083-N_HOJA-1";Agua de Proceso;03350-02-01;;TORRE TRASFERENCIA;"03351-PW-2""-C1-0083-N";1;0;SPXX;3;F;SW;2;80;C1;N;CS;0,15;Agua de Proceso;;;;12/03/2026;;;46202;;;;0,3;0,045;0,045;0;;;;;;;;;;;;;;;;;;;;;;;;;;;;;;;
"03351-PW-2""-C1-0083-N_HOJA-1_SPXX_4";"03351-PW-2""-C1-0083-N_HOJA-1_SPXX";"03351-PW-2""-C1-0083-N_HOJA-1";Agua de Proceso;03350-02-01;;TORRE TRASFERENCIA;"03351-PW-2""-C1-0083-N";1;0;SPXX;4;F;SW;2;80;C1;N;CS;0,15;Agua de Proceso;;;;12/03/2026;46227;46227;46202;46245;;;0,9;0,135;0,09;0,045;EJECUTADA;46227;0;;;;;;;;;;;;;;;;;;;;;;;;;;;;
"03351-PW-2""-C1-0083-N_HOJA-1_SPXX_5";"03351-PW-2""-C1-0083-N_HOJA-1_SPXX";"03351-PW-2""-C1-0083-N_HOJA-1";Agua de Proceso;03350-02-01;;TORRE TRASFERENCIA;"03351-PW-2""-C1-0083-N";1;0;SPXX;5;F;SW;2;80;C1;N;CS;0,15;Agua de Proceso;;;;12/03/2026;46227;46227;46202;46245;;;0,9;0,135;0,09;0,045;EJECUTADA;46227;0;;;;;;;;;;;;;;;;;;;;;;;;;;;;
"03351-PW-2""-C1-0083-N_HOJA-1_SPXX_6";"03351-PW-2""-C1-0083-N_HOJA-1_SPXX";"03351-PW-2""-C1-0083-N_HOJA-1";Agua de Proceso;03350-02-01;;TORRE TRASFERENCIA;"03351-PW-2""-C1-0083-N";1;0;SPXX;6;F;SO;2;80;C1;N;CS;0,15;Agua de Proceso;;;;12/03/2026;46227;46227;46202;46245;;;0,9;0,135;0,09;0,045;EJECUTADA;46227;0;;;;;;;;;;;;;;;;;;;;;;;;;;;;
"03351-PW-2""-C1-0083-N_HOJA-1_SPXX_7";"03351-PW-2""-C1-0083-N_HOJA-1_SPXX";"03351-PW-2""-C1-0083-N_HOJA-1";Agua de Proceso;03350-02-01;;TORRE TRASFERENCIA;"03351-PW-2""-C1-0083-N";1;0;SPXX;7;F;SO;2;80;C1;N;CS;0,15;Agua de Proceso;;;;12/03/2026;46227;46227;46202;46245;;;0,9;0,135;0,09;0,045;EJECUTADA;46227;0;;;;;;;;;;;;;;;;;;;;;;;;;;;;
"03351-PW-2""-C1-0083-N_HOJA-1_SPXX_8";"03351-PW-2""-C1-0083-N_HOJA-1_SPXX";"03351-PW-2""-C1-0083-N_HOJA-1";Agua de Proceso;03350-02-01;;TORRE TRASFERENCIA;"03351-PW-2""-C1-0083-N";1;0;SPXX;8;F;SW;2;80;C1;N;CS;0,15;Agua de Proceso;;;;12/03/2026;;;46202;;;;0,3;0,045;0,045;0;;;;;;;;;;;;;;;;;;;;;;;;;;;;;;;
"03351-PW-2""-C1-0083-N_HOJA-1_SPXX_9";"03351-PW-2""-C1-0083-N_HOJA-1_SPXX";"03351-PW-2""-C1-0083-N_HOJA-1";Agua de Proceso;03350-02-01;;TORRE TRASFERENCIA;"03351-PW-2""-C1-0083-N";1;0;SPXX;9;F;SW;2;80;C1;N;CS;0,15;Agua de Proceso;;;;12/03/2026;;;46202;;;;0,3;0,045;0,045;0;;;;;;;;;;;;;;;;;;;;;;;;;;;;;;;
"03351-PW-2""-C1-0083-N_HOJA-1_SPXX_10";"03351-PW-2""-C1-0083-N_HOJA-1_SPXX";"03351-PW-2""-C1-0083-N_HOJA-1";Agua de Proceso;03350-02-01;;TORRE TRASFERENCIA;"03351-PW-2""-C1-0083-N";1;0;SPXX;10;F;SW;2;80;C1;N;CS;0,15;Agua de Proceso;;;;12/03/2026;;;46202;;;;0,3;0,045;0,045;0;;;;;;;;;;;;;;;;;;;;;;;;;;;;;;;
"03351-PW-2""-C1-0083-N_HOJA-1_SPXX_11";"03351-PW-2""-C1-0083-N_HOJA-1_SPXX";"03351-PW-2""-C1-0083-N_HOJA-1";Agua de Proceso;03350-02-01;;TORRE TRASFERENCIA;"03351-PW-2""-C1-0083-N";1;0;SPXX;11;F;SW;2;80;C1;N;CS;0,15;Agua de Proceso;;;;12/03/2026;;;46202;;;;0,3;0,045;0,045;0;;;;;;;;;;;;;;;;;;;;;;;;;;;;;;;
"03351-PW-2""-C1-0083-N_HOJA-1_SPXX_12";"03351-PW-2""-C1-0083-N_HOJA-1_SPXX";"03351-PW-2""-C1-0083-N_HOJA-1";Agua de Proceso;03350-02-01;;TORRE TRASFERENCIA;"03351-PW-2""-C1-0083-N";1;0;SPXX;12;F;SO;2;80;C1;N;CS;0,15;Agua de Proceso;;;;12/03/2026;46227;46227;46202;46247;;;0,9;0,135;0,09;0,045;EJECUTADA;46227;0;;;;;;;;;;;;;;;;;;;;;;;;;;;;
"03351-PW-2""-C1-0084-N_HOJA-1_SPXX_1";"03351-PW-2""-C1-0084-N_HOJA-1_SPXX";"03351-PW-2""-C1-0084-N_HOJA-1";Agua de Proceso;03350-02-01;;TORRE TRASFERENCIA;"03351-PW-2""-C1-0084-N";1;0;SPXX;1;F;SO;2;80;C1;N;CS;0,2;Agua de Proceso;;;;12/03/2026;46257;46257;46202;46257;;;0,9;0,18;0,06;0,12;EJECUTADA;46258;W-27;;;;;;;;;;;;;;;;;;;;;;;;;;;;
"03351-PW-2""-C1-0084-N_HOJA-1_SPXX_2";"03351-PW-2""-C1-0084-N_HOJA-1_SPXX";"03351-PW-2""-C1-0084-N_HOJA-1";Agua de Proceso;03350-02-01;;TORRE TRASFERENCIA;"03351-PW-2""-C1-0084-N";1;0;SPXX;2;F;SO;2;80;C1;N;CS;0,2;Agua de Proceso;;W-02;;12/03/2026;46224;46224;46202;46247;;;0,9;0,18;0,12;0,06;EJECUTADA;46224;W-02;;;;;;;;;;;;;;;;;;;;;;;;;;;;
"03351-PW-2""-C1-0084-N_HOJA-1_SPXX_3";"03351-PW-2""-C1-0084-N_HOJA-1_SPXX";"03351-PW-2""-C1-0084-N_HOJA-1";Agua de Proceso;03350-02-01;;TORRE TRASFERENCIA;"03351-PW-2""-C1-0084-N";1;0;SPXX;3;F;SW;2;80;C1;N;CS;0,2;Agua de Proceso;;W-02;;12/03/2026;46224;46224;46202;46247;;;0,9;0,18;0,12;0,06;EJECUTADA;46224;W-02;;;;;;;;;;;;;;;;;;;;;;;;;;;;
"03351-PW-2""-C1-0084-N_HOJA-1_SPXX_4";"03351-PW-2""-C1-0084-N_HOJA-1_SPXX";"03351-PW-2""-C1-0084-N_HOJA-1";Agua de Proceso;03350-02-01;;TORRE TRASFERENCIA;"03351-PW-2""-C1-0084-N";1;0;SPXX;4;F;SW;2;80;C1;N;CS;0,2;Agua de Proceso;;W-02;;12/03/2026;46224;46224;46202;46247;;;0,9;0,18;0,12;0,06;EJECUTADA;46224;W-02;;;;;;;;;;;;;;;;;;;;;;;;;;;;
"03351-PW-2""-C1-0084-N_HOJA-1_SPXX_5";"03351-PW-2""-C1-0084-N_HOJA-1_SPXX";"03351-PW-2""-C1-0084-N_HOJA-1";Agua de Proceso;03350-02-01;;TORRE TRASFERENCIA;"03351-PW-2""-C1-0084-N";1;0;SPXX;5;F;SW;2;80;C1;N;CS;0,2;Agua de Proceso;;;;12/03/2026;46257;46257;46202;46257;;;0,9;0,18;0,06;0,12;EJECUTADA;46258;W-27;;;;;;;;;;;;;;;;;;;;;;;;;;;;
"03351-PW-2""-C1-0084-N_HOJA-1_SPXX_6";"03351-PW-2""-C1-0084-N_HOJA-1_SPXX";"03351-PW-2""-C1-0084-N_HOJA-1";Agua de Proceso;03350-02-01;;TORRE TRASFERENCIA;"03351-PW-2""-C1-0084-N";1;0;SPXX;6;F;SW;2;80;C1;N;CS;0,2;Agua de Proceso;;;;12/03/2026;46257;46257;46202;46257;;;0,9;0,18;0,06;0,12;EJECUTADA;46258;W-27;;;;;;;;;;;;;;;;;;;;;;;;;;;;
"03351-PW-2""-C1-0084-N_HOJA-1_SPXX_7";"03351-PW-2""-C1-0084-N_HOJA-1_SPXX";"03351-PW-2""-C1-0084-N_HOJA-1";Agua de Proceso;03350-02-01;;TORRE TRASFERENCIA;"03351-PW-2""-C1-0084-N";1;0;SPXX;7;F;NPT;2;80;C1;N;CS;0,2;Agua de Proceso;;;;12/03/2026;46257;46257;46202;46257;;;0,9;0,18;0,06;0,12;EJECUTADA;46258;W-27;;;;;;;;;;;;;;;;;;;;;;;;;;;;
"03351-PW-2""-C1-0084-N_HOJA-1_SPXX_8";"03351-PW-2""-C1-0084-N_HOJA-1_SPXX";"03351-PW-2""-C1-0084-N_HOJA-1";Agua de Proceso;03350-02-01;;TORRE TRASFERENCIA;"03351-PW-2""-C1-0084-N";1;0;SPXX;8;F;NPT;2;80;C1;N;CS;0,2;Agua de Proceso;;;;12/03/2026;;;46202;;;;0,3;0,06;0,06;0;;;;;;;;;;;;;;;;;;;;;;;;;;;;;;;
"03351-PW-2""-C1-0084-N_HOJA-1_SPXX_9";"03351-PW-2""-C1-0084-N_HOJA-1_SPXX";"03351-PW-2""-C1-0084-N_HOJA-1";Agua de Proceso;03350-02-01;;TORRE TRASFERENCIA;"03351-PW-2""-C1-0084-N";1;0;SPXX;9;F;SO;2;80;C1;N;CS;0,2;Agua de Proceso;;W-02;;12/03/2026;46224;46224;46202;46247;;;0,9;0,18;0,12;0,06;EJECUTADA;46224;W-02;;;;;;;;;;;;;;;;;;;;;;;;;;;;
"03351-PW-2""-C1-0084-N_HOJA-1_SPXX_10";"03351-PW-2""-C1-0084-N_HOJA-1_SPXX";"03351-PW-2""-C1-0084-N_HOJA-1";Agua de Proceso;03350-02-01;;TORRE TRASFERENCIA;"03351-PW-2""-C1-0084-N";1;0;SPXX;10;F;SO;2;80;C1;N;CS;0,2;Agua de Proceso;;;;12/03/2026;46227;46227;46202;46247;;;0,9;0,18;0,12;0,06;EJECUTADA;46227;0;;;;;;;;;;;;;;;;;;;;;;;;;;;;
"03351-PW-2""-C1-0084-N_HOJA-1_SPXX_11";"03351-PW-2""-C1-0084-N_HOJA-1_SPXX";"03351-PW-2""-C1-0084-N_HOJA-1";Agua de Proceso;03350-02-01;;TORRE TRASFERENCIA;"03351-PW-2""-C1-0084-N";1;0;SPXX;11;F;SO;2;80;C1;N;CS;0,2;Agua de Proceso;;;;12/03/2026;46227;46227;46202;46247;;;0,9;0,18;0,12;0,06;EJECUTADA;46227;0;;;;;;;;;;;;;;;;;;;;;;;;;;;;
"03351-PW-2""-C1-0085-N_HOJA-1_SPXX_1";"03351-PW-2""-C1-0085-N_HOJA-1_SPXX";"03351-PW-2""-C1-0085-N_HOJA-1";Agua de Proceso;03350-02-01;;BAJO ESPESADOR;"03351-PW-2""-C1-0085-N";1;0;SPXX;1;F;SO;2;80;C1;N;CS;0,25;Agua de Proceso;"03351-CT-6""-C3-0046-R3";;;12/03/2026;46252;;46202;46241;;;0,65;0,1625;0,075;0,0875;;;;;;;;;;;;;;;;;;;;;;;;;;;;;;;
"03351-PW-2""-C1-0085-N_HOJA-1_SPXX_2";"03351-PW-2""-C1-0085-N_HOJA-1_SPXX";"03351-PW-2""-C1-0085-N_HOJA-1";Agua de Proceso;03350-02-01;;BAJO ESPESADOR;"03351-PW-2""-C1-0085-N";1;0;SPXX;2;F;SW;2;80;C1;N;CS;0,25;Agua de Proceso;;W-11;;12/03/2026;46242;46241;46202;46241;;;0,9;0,225;0,075;0,15;EJECUTADA;46241;W-11;;;;;;;;;;;;;;;;;;;;;;;;;;;;
"03351-PW-2""-C1-0085-N_HOJA-1_SPXX_3";"03351-PW-2""-C1-0085-N_HOJA-1_SPXX";"03351-PW-2""-C1-0085-N_HOJA-1";Agua de Proceso;03350-02-01;;BAJO ESPESADOR;"03351-PW-2""-C1-0085-N";1;0;SPXX;3;F;SW;2;80;C1;N;CS;0,25;Agua de Proceso;;W-11;;12/03/2026;46242;46241;46202;46241;;;0,9;0,225;0,075;0,15;EJECUTADA;46241;W-11;;;;;;;;;;;;;;;;;;;;;;;;;;;;
"03351-PW-2""-C1-0085-N_HOJA-1_SPXX_4";"03351-PW-2""-C1-0085-N_HOJA-1_SPXX";"03351-PW-2""-C1-0085-N_HOJA-1";Agua de Proceso;03350-02-01;;BAJO ESPESADOR;"03351-PW-2""-C1-0085-N";1;0;SPXX;4;F;SW;2;80;C1;N;CS;0,25;Agua de Proceso;;;;12/03/2026;46252;;46202;46241;;;0,65;0,1625;0,075;0,0875;;;;;;;;;;;;;;;;;;;;;;;;;;;;;;;
"03351-PW-2""-C1-0085-N_HOJA-1_SPXX_5";"03351-PW-2""-C1-0085-N_HOJA-1_SPXX";"03351-PW-2""-C1-0085-N_HOJA-1";Agua de Proceso;03350-02-01;;BAJO ESPESADOR;"03351-PW-2""-C1-0085-N";1;0;SPXX;5;F;SO;2;80;C1;N;CS;0,25;Agua de Proceso;;;;12/03/2026;;;46202;;;;0,3;0,075;0,075;0;;;;;;;;;;;;;;;;;;;;;;;;;;;;;;;
"03351-PW-2""-C1-0085-N_HOJA-1_SPXX_6";"03351-PW-2""-C1-0085-N_HOJA-1_SPXX";"03351-PW-2""-C1-0085-N_HOJA-1";Agua de Proceso;03350-02-01;;BAJO ESPESADOR;"03351-PW-2""-C1-0085-N";1;0;SPXX;6;F;SO;2;80;C1;N;CS;0,25;Agua de Proceso;;W-11;;12/03/2026;46242;46241;46202;46241;;;0,9;0,225;0,075;0,15;EJECUTADA;46241;W-11;;;;;;;;;;;;;;;;;;;;;;;;;;;;
"03351-PW-2""-C1-0085-N_HOJA-1_SPXX_7";"03351-PW-2""-C1-0085-N_HOJA-1_SPXX";"03351-PW-2""-C1-0085-N_HOJA-1";Agua de Proceso;03350-02-01;;BAJO ESPESADOR;"03351-PW-2""-C1-0085-N";1;0;SPXX;7;F;NPT;2;80;C1;N;CS;0,25;Agua de Proceso;;;;12/03/2026;46252;;46202;46241;;;0,65;0,1625;0,075;0,0875;;;;;;;;;;;;;;;;;;;;;;;;;;;;;;;
"03351-PW-2""-C1-0085-N_HOJA-1_SPXX_8";"03351-PW-2""-C1-0085-N_HOJA-1_SPXX";"03351-PW-2""-C1-0085-N_HOJA-1";Agua de Proceso;03350-02-01;;BAJO ESPESADOR;"03351-PW-2""-C1-0085-N";1;0;SPXX;8;F;NPT;2;80;C1;N;CS;0,25;Agua de Proceso;;;;12/03/2026;46252;;46202;46241;;;0,65;0,1625;0,075;0,0875;;;;;;;;;;;;;;;;;;;;;;;;;;;;;;;
"03351-PW-2""-C1-0085-N_HOJA-1_SPXX_9";"03351-PW-2""-C1-0085-N_HOJA-1_SPXX";"03351-PW-2""-C1-0085-N_HOJA-1";Agua de Proceso;03350-02-01;;BAJO ESPESADOR;"03351-PW-2""-C1-0085-N";1;0;SPXX;9;F;SW;2;80;C1;N;CS;0,25;Agua de Proceso;;;;12/03/2026;;;46202;;;;0,3;0,075;0,075;0;;;;;;;;;;;;;;;;;;;;;;;;;;;;;;;
"03351-PW-2""-C1-0085-N_HOJA-1_SPXX_10";"03351-PW-2""-C1-0085-N_HOJA-1_SPXX";"03351-PW-2""-C1-0085-N_HOJA-1";Agua de Proceso;03350-02-01;;BAJO ESPESADOR;"03351-PW-2""-C1-0085-N";1;0;SPXX;10;F;SW;2;80;C1;N;CS;0,25;Agua de Proceso;;;;12/03/2026;;;46202;;;;0,3;0,075;0,075;0;;;;;;;;;;;;;;;;;;;;;;;;;;;;;;;
"03351-PW-2""-C1-0088-N_HOJA-1_SPXX_1";"03351-PW-2""-C1-0088-N_HOJA-1_SPXX";"03351-PW-2""-C1-0088-N_HOJA-1";Agua de Proceso;03350-02-01;;TORRE TRASFERENCIA;"03351-PW-2""-C1-0088-N";1;0;SPXX;1;F;SW;2;80;C1;N;CS;0,681;Agua de Proceso;;W-16;;12/03/2026;46253;46253;46202;46253;;;0,9;0,6129;0,2043;0,4086;EJECUTADA;46253;W-16;;;;;;;;;;;;;;;;;;;;;;;;;;;;
"03351-PW-2""-C1-0088-N_HOJA-1_SPXX_2";"03351-PW-2""-C1-0088-N_HOJA-1_SPXX";"03351-PW-2""-C1-0088-N_HOJA-1";Agua de Proceso;03350-02-01;;TORRE TRASFERENCIA;"03351-PW-2""-C1-0088-N";1;0;SPXX;2;F;SW;2;80;C1;N;CS;0,681;Agua de Proceso;;W-16;;12/03/2026;46253;46253;46202;46253;;;0,9;0,6129;0,2043;0,4086;EJECUTADA;46254;W-16;;;;;;;;;;;;;;;;;;;;;;;;;;;;
"03351-PW-2""-C1-0088-N_HOJA-1_SPXX_3";"03351-PW-2""-C1-0088-N_HOJA-1_SPXX";"03351-PW-2""-C1-0088-N_HOJA-1";Agua de Proceso;03350-02-01;;TORRE TRASFERENCIA;"03351-PW-2""-C1-0088-N";1;0;SPXX;3;F;SW;2;80;C1;N;CS;0,681;Agua de Proceso;;W-16;;12/03/2026;46253;46253;46202;46253;;;0,9;0,6129;0,2043;0,4086;EJECUTADA;46253;W-16;;;;;;;;;;;;;;;;;;;;;;;;;;;;
"03351-PW-2""-C1-0088-N_HOJA-1_SPXX_4";"03351-PW-2""-C1-0088-N_HOJA-1_SPXX";"03351-PW-2""-C1-0088-N_HOJA-1";Agua de Proceso;03350-02-01;;TORRE TRASFERENCIA;"03351-PW-2""-C1-0088-N";1;0;SPXX;4;F;SW;2;80;C1;N;CS;0,681;Agua de Proceso;;W-16;;12/03/2026;46253;46253;46202;46253;;;0,9;0,6129;0,2043;0,4086;EJECUTADA;46253;W-16;;;;;;;;;;;;;;;;;;;;;;;;;;;;
"03351-PW-2""-C1-0088-N_HOJA-1_SPXX_5";"03351-PW-2""-C1-0088-N_HOJA-1_SPXX";"03351-PW-2""-C1-0088-N_HOJA-1";Agua de Proceso;03350-02-01;;TORRE TRASFERENCIA;"03351-PW-2""-C1-0088-N";1;0;SPXX;5;F;SW;2;80;C1;N;CS;0,681;Agua de Proceso;;W-16;;12/03/2026;46253;46253;46202;46253;;;0,9;0,6129;0,2043;0,4086;EJECUTADA;46253;W-16;;;;;;;;;;;;;;;;;;;;;;;;;;;;
"03351-PW-2""-C1-0088-N_HOJA-1_SPXX_6";"03351-PW-2""-C1-0088-N_HOJA-1_SPXX";"03351-PW-2""-C1-0088-N_HOJA-1";Agua de Proceso;03350-02-01;;TORRE TRASFERENCIA;"03351-PW-2""-C1-0088-N";1;0;SPXX;6;F;NPT;2;80;C1;N;CS;0,681;Agua de Proceso;;;;12/03/2026;46249;46253;46202;46253;46253;;0,95;0,64695;0,2043;0,44265;EJECUTADA;46253;0;;;;;;;;;;;;;;;;;;;;;;;;;;;;
"03351-PW-2""-C1-0088-N_HOJA-1_SPXX_7";"03351-PW-2""-C1-0088-N_HOJA-1_SPXX";"03351-PW-2""-C1-0088-N_HOJA-1";Agua de Proceso;03350-02-01;;TORRE TRASFERENCIA;"03351-PW-2""-C1-0088-N";1;0;SPXX;7;F;NPT;2;80;C1;N;CS;0,681;Agua de Proceso;;;;12/03/2026;46249;46253;46202;46253;46253;;0,95;0,64695;0,2043;0,44265;EJECUTADA;46253;0;;;;;;;;;;;;;;;;;;;;;;;;;;;;
"03351-PW-2""-C1-0088-N_HOJA-1_SPXX_8";"03351-PW-2""-C1-0088-N_HOJA-1_SPXX";"03351-PW-2""-C1-0088-N_HOJA-1";Agua de Proceso;03350-02-01;;TORRE TRASFERENCIA;"03351-PW-2""-C1-0088-N";1;0;SPXX;8;F;SW;2;80;C1;N;CS;0,681;Agua de Proceso;;;;12/03/2026;46249;46253;46202;46253;;;0,9;0,6129;0,2043;0,4086;;;;;;;;;;;;;;;;;;;;;;;;;;;;;;;
"03351-PW-2""-C1-0089-N_HOJA-1_SPXX_1";"03351-PW-2""-C1-0089-N_HOJA-1_SPXX";"03351-PW-2""-C1-0089-N_HOJA-1";Agua de Proceso;03350-02-01;;TORRE TRASFERENCIA;"03351-PW-2""-C1-0089-N";1;0;SPXX;1;F;SW;2;80;C1;N;CS;0,16;Agua de Proceso;;W-16;;12/03/2026;46249;46255;46202;46253;;;0,9;0,144;0,048;0,096;EJECUTADA;46255;W-16;;;;;;;;;;;;;;;;;;;;;;;;;;;;
"03351-PW-2""-C1-0089-N_HOJA-1_SPXX_2";"03351-PW-2""-C1-0089-N_HOJA-1_SPXX";"03351-PW-2""-C1-0089-N_HOJA-1";Agua de Proceso;03350-02-01;;TORRE TRASFERENCIA;"03351-PW-2""-C1-0089-N";1;0;SPXX;2;F;NPT;2;80;C1;N;CS;0,16;Agua de Proceso;;;;12/03/2026;46249;46258;46202;46253;;;0,9;0,144;0,048;0,096;EJECUTADA;46259;W-02;;;;;;;;;;;;;;;;;;;;;;;;;;;;
"03351-PW-2""-C1-0089-N_HOJA-1_SPXX_3";"03351-PW-2""-C1-0089-N_HOJA-1_SPXX";"03351-PW-2""-C1-0089-N_HOJA-1";Agua de Proceso;03350-02-01;;TORRE TRASFERENCIA;"03351-PW-2""-C1-0089-N";1;0;SPXX;3;F;NPT;2;80;C1;N;CS;0,16;Agua de Proceso;;;;12/03/2026;46249;46258;46202;46253;;;0,9;0,144;0,048;0,096;EJECUTADA;46259;W-02;;;;;;;;;;;;;;;;;;;;;;;;;;;;
"03351-PW-2""-C1-0089-N_HOJA-1_SPXX_4";"03351-PW-2""-C1-0089-N_HOJA-1_SPXX";"03351-PW-2""-C1-0089-N_HOJA-1";Agua de Proceso;03350-02-01;;TORRE TRASFERENCIA;"03351-PW-2""-C1-0089-N";1;0;SPXX;4;F;SW;2;80;C1;N;CS;0,16;Agua de Proceso;;;;12/03/2026;46249;46258;46202;46253;;;0,9;0,144;0,048;0,096;EJECUTADA;46259;W-02;;;;;;;;;;;;;;;;;;;;;;;;;;;;
"03351-PW-2""-C1-0090-N_HOJA-1_SPXX_1";"03351-PW-2""-C1-0090-N_HOJA-1_SPXX";"03351-PW-2""-C1-0090-N_HOJA-1";Agua de Proceso;03350-02-01;;TORRE TRASFERENCIA;"03351-PW-2""-C1-0090-N";1;0;SPXX;1;F;NPT;2;80;C1;N;CS;0,356;Agua de Proceso;ESTACION SERVICIO;;;12/03/2026;46249;46253;46202;46253;46253;;0,95;0,3382;0,1068;0,2314;EJECUTADA;46253;0;;;;;;;;;;;;;;;;;;;;;;;;;;;;
"03351-PW-2""-C1-0090-N_HOJA-1_SPXX_2";"03351-PW-2""-C1-0090-N_HOJA-1_SPXX";"03351-PW-2""-C1-0090-N_HOJA-1";Agua de Proceso;03350-02-01;;TORRE TRASFERENCIA;"03351-PW-2""-C1-0090-N";1;0;SPXX;2;F;NPT;2;80;C1;N;CS;0,356;Agua de Proceso;;;;12/03/2026;46249;46253;46202;46253;46253;;0,95;0,3382;0,1068;0,2314;EJECUTADA;46253;0;;;;;;;;;;;;;;;;;;;;;;;;;;;;
"03351-PW-2""-C1-0090-N_HOJA-1_SPXX_3";"03351-PW-2""-C1-0090-N_HOJA-1_SPXX";"03351-PW-2""-C1-0090-N_HOJA-1";Agua de Proceso;03350-02-01;;TORRE TRASFERENCIA;"03351-PW-2""-C1-0090-N";1;0;SPXX;3;F;SW;2;80;C1;N;CS;0,356;Agua de Proceso;;W-16;;12/03/2026;46249;46252;46202;46252;;;0,9;0,3204;0,1068;0,2136;EJECUTADA;46252;W-16;;;;;;;;;;;;;;;;;;;;;;;;;;;;
"03351-PW-2""-C1-0090-N_HOJA-1_SPXX_4";"03351-PW-2""-C1-0090-N_HOJA-1_SPXX";"03351-PW-2""-C1-0090-N_HOJA-1";Agua de Proceso;03350-02-01;;TORRE TRASFERENCIA;"03351-PW-2""-C1-0090-N";1;0;SPXX;4;F;SW;2;80;C1;N;CS;0,356;Agua de Proceso;;W-16;;12/03/2026;46249;46252;46202;46252;;;0,9;0,3204;0,1068;0,2136;EJECUTADA;46252;W-16;;;;;;;;;;;;;;;;;;;;;;;;;;;;
"03351-PW-2""-C1-0090-N_HOJA-1_SPXX_5";"03351-PW-2""-C1-0090-N_HOJA-1_SPXX";"03351-PW-2""-C1-0090-N_HOJA-1";Agua de Proceso;03350-02-01;;TORRE TRASFERENCIA;"03351-PW-2""-C1-0090-N";1;0;SPXX;5;F;SW;2;80;C1;N;CS;0,356;Agua de Proceso;;W-16;;12/03/2026;46249;46252;46202;46252;;;0,9;0,3204;0,1068;0,2136;EJECUTADA;46252;W-16;;;;;;;;;;;;;;;;;;;;;;;;;;;;
"03351-PW-2""-C1-0090-N_HOJA-1_SPXX_6";"03351-PW-2""-C1-0090-N_HOJA-1_SPXX";"03351-PW-2""-C1-0090-N_HOJA-1";Agua de Proceso;03350-02-01;;TORRE TRASFERENCIA;"03351-PW-2""-C1-0090-N";1;0;SPXX;6;F;SW;2;80;C1;N;CS;0,356;Agua de Proceso;;W-16;;12/03/2026;46249;46252;46202;46252;;;0,9;0,3204;0,1068;0,2136;EJECUTADA;46252;W-16;;;;;;;;;;;;;;;;;;;;;;;;;;;;
"03351-PW-2""-C1-0090-N_HOJA-1_SPXX_7";"03351-PW-2""-C1-0090-N_HOJA-1_SPXX";"03351-PW-2""-C1-0090-N_HOJA-1";Agua de Proceso;03350-02-01;;TORRE TRASFERENCIA;"03351-PW-2""-C1-0090-N";1;0;SPXX;7;F;SW;2;80;C1;N;CS;0,356;Agua de Proceso;;W-16;;12/03/2026;46249;46252;46202;46252;;;0,9;0,3204;0,1068;0,2136;EJECUTADA;46252;W-16;;;;;;;;;;;;;;;;;;;;;;;;;;;;
"03351-PW-2""-C1-0090-N_HOJA-1_SPXX_8";"03351-PW-2""-C1-0090-N_HOJA-1_SPXX";"03351-PW-2""-C1-0090-N_HOJA-1";Agua de Proceso;03350-02-01;;TORRE TRASFERENCIA;"03351-PW-2""-C1-0090-N";1;0;SPXX;8;F;SW;2;80;C1;N;CS;0,356;Agua de Proceso;;W-16;;12/03/2026;46249;46253;46202;46253;;;0,9;0,3204;0,1068;0,2136;EJECUTADA;46254;W-16;;;;;;;;;;;;;;;;;;;;;;;;;;;;
"03351-PW-2""-C1-0090-N_HOJA-1_SPXX_9";"03351-PW-2""-C1-0090-N_HOJA-1_SPXX";"03351-PW-2""-C1-0090-N_HOJA-1";Agua de Proceso;03350-02-01;;TORRE TRASFERENCIA;"03351-PW-2""-C1-0090-N";1;0;SPXX;9;F;SW;2;80;C1;N;CS;0,356;Agua de Proceso;;W-16;;12/03/2026;46249;46253;46202;46253;;;0,9;0,3204;0,1068;0,2136;EJECUTADA;46254;W-16;;;;;;;;;;;;;;;;;;;;;;;;;;;;
"03351-PW-2""-C1-0090-N_HOJA-1_SPXX_10";"03351-PW-2""-C1-0090-N_HOJA-1_SPXX";"03351-PW-2""-C1-0090-N_HOJA-1";Agua de Proceso;03350-02-01;;TORRE TRASFERENCIA;"03351-PW-2""-C1-0090-N";1;0;SPXX;10;F;SW;2;80;C1;N;CS;0,356;Agua de Proceso;;W-16;;12/03/2026;46249;46253;46202;46253;;;0,9;0,3204;0,1068;0,2136;EJECUTADA;46254;W-16;;;;;;;;;;;;;;;;;;;;;;;;;;;;
"03351-PW-2""-C1-0090-N_HOJA-1_SPXX_11";"03351-PW-2""-C1-0090-N_HOJA-1_SPXX";"03351-PW-2""-C1-0090-N_HOJA-1";Agua de Proceso;03350-02-01;;TORRE TRASFERENCIA;"03351-PW-2""-C1-0090-N";1;0;SPXX;11;F;SW;2;80;C1;N;CS;0,356;Agua de Proceso;;W-16;;12/03/2026;46249;46252;46202;46252;;;0,9;0,3204;0,1068;0,2136;EJECUTADA;46252;W-16;;;;;;;;;;;;;;;;;;;;;;;;;;;;
"03351-PW-2""-C1-0090-N_HOJA-1_SPXX_12";"03351-PW-2""-C1-0090-N_HOJA-1_SPXX";"03351-PW-2""-C1-0090-N_HOJA-1";Agua de Proceso;03350-02-01;;TORRE TRASFERENCIA;"03351-PW-2""-C1-0090-N";1;0;SPXX;12;F;SW;2;80;C1;N;CS;0,356;Agua de Proceso;;W-16;;12/03/2026;46249;46252;46202;46252;;;0,9;0,3204;0,1068;0,2136;EJECUTADA;46252;W-16;;;;;;;;;;;;;;;;;;;;;;;;;;;;
"03351-PW-2""-C1-0090-N_HOJA-1_SPXX_13";"03351-PW-2""-C1-0090-N_HOJA-1_SPXX";"03351-PW-2""-C1-0090-N_HOJA-1";Agua de Proceso;03350-02-01;;TORRE TRASFERENCIA;"03351-PW-2""-C1-0090-N";1;0;SPXX;13;F;SW;2;80;C1;N;CS;0,356;Agua de Proceso;;W-16;;12/03/2026;46249;46252;46202;46252;;;0,9;0,3204;0,1068;0,2136;EJECUTADA;46252;W-16;;;;;;;;;;;;;;;;;;;;;;;;;;;;
"03351-PW-2""-C1-0090-N_HOJA-1_SPXX_14";"03351-PW-2""-C1-0090-N_HOJA-1_SPXX";"03351-PW-2""-C1-0090-N_HOJA-1";Agua de Proceso;03350-02-01;;TORRE TRASFERENCIA;"03351-PW-2""-C1-0090-N";1;0;SPXX;14;F;SW;2;80;C1;N;CS;0,356;Agua de Proceso;;W-16;;12/03/2026;46249;46253;46202;46253;;;0,9;0,3204;0,1068;0,2136;EJECUTADA;46252;W-16;;;;;;;;;;;;;;;;;;;;;;;;;;;;
"03351-PW-2""-C1-0090-N_HOJA-1_SPXX_15";"03351-PW-2""-C1-0090-N_HOJA-1_SPXX";"03351-PW-2""-C1-0090-N_HOJA-1";Agua de Proceso;03350-02-01;;TORRE TRASFERENCIA;"03351-PW-2""-C1-0090-N";1;0;SPXX;15;F;SW;2;80;C1;N;CS;0,356;Agua de Proceso;;W-16;;12/03/2026;46249;46253;46202;46253;;;0,9;0,3204;0,1068;0,2136;EJECUTADA;46252;W-16;;;;;;;;;;;;;;;;;;;;;;;;;;;;
"03351-PW-2""-C1-0090-N_HOJA-1_SPXX_16";"03351-PW-2""-C1-0090-N_HOJA-1_SPXX";"03351-PW-2""-C1-0090-N_HOJA-1";Agua de Proceso;03350-02-01;;TORRE TRASFERENCIA;"03351-PW-2""-C1-0090-N";1;0;SPXX;16;F;SW;2;80;C1;N;CS;0,356;Agua de Proceso;;W-16;;12/03/2026;46252;46253;46202;46253;;;0,9;0,3204;0,1068;0,2136;EJECUTADA;46253;W-16;;;;;;;;;;;;;;;;;;;;;;;;;;;;
"03351-PW-2""-C1-0090-N_HOJA-1_SPXX_17";"03351-PW-2""-C1-0090-N_HOJA-1_SPXX";"03351-PW-2""-C1-0090-N_HOJA-1";Agua de Proceso;03350-02-01;;TORRE TRASFERENCIA;"03351-PW-2""-C1-0090-N";1;0;SPXX;17;F;NPT;2;80;C1;N;CS;0,356;Agua de Proceso;;;;12/03/2026;46252;46253;46202;46253;46253;;0,95;0,3382;0,1068;0,2314;EJECUTADA;46253;0;;;;;;;;;;;;;;;;;;;;;;;;;;;;
"03351-PW-2""-C1-0090-N_HOJA-1_SPXX_18";"03351-PW-2""-C1-0090-N_HOJA-1_SPXX";"03351-PW-2""-C1-0090-N_HOJA-1";Agua de Proceso;03350-02-01;;TORRE TRASFERENCIA;"03351-PW-2""-C1-0090-N";1;0;SPXX;18;F;NPT;2;80;C1;N;CS;0,356;Agua de Proceso;;;;12/03/2026;46252;46253;46202;46253;46253;;0,95;0,3382;0,1068;0,2314;EJECUTADA;46253;0;;;;;;;;;;;;;;;;;;;;;;;;;;;;
"03351-PW-2""-C1-0090-N_HOJA-1_SPXX_19";"03351-PW-2""-C1-0090-N_HOJA-1_SPXX";"03351-PW-2""-C1-0090-N_HOJA-1";Agua de Proceso;03350-02-01;;TORRE TRASFERENCIA;"03351-PW-2""-C1-0090-N";1;0;SPXX;19;F;SW;2;80;C1;N;CS;0,356;Agua de Proceso;;;;12/03/2026;46252;46253;46202;46253;;;0,9;0,3204;0,1068;0,2136;EJECUTADA;46259;W-02;;;;;;;;;;;;;;;;;;;;;;;;;;;;
"03351-PW-2""-C1-0091-N_HOJA-1_SPXX_1";"03351-PW-2""-C1-0091-N_HOJA-1_SPXX";"03351-PW-2""-C1-0091-N_HOJA-1";Agua de Proceso;03350-02-01;;BAJO ESPESADOR;"03351-PW-2""-C1-0091-N";1;0;SPXX;1;F;SW;2;80;C1;N;CS;0,33;Agua de Proceso;;;;12/03/2026;46252;;46202;46249;;;0,65;0,2145;0,099;0,1155;;;;;;;;;;;;;;;;;;;;;;;;;;;;;;;
"03351-PW-2""-C1-0091-N_HOJA-1_SPXX_2";"03351-PW-2""-C1-0091-N_HOJA-1_SPXX";"03351-PW-2""-C1-0091-N_HOJA-1";Agua de Proceso;03350-02-01;;BAJO ESPESADOR;"03351-PW-2""-C1-0091-N";1;0;SPXX;2;F;SO;2;80;C1;N;CS;0,33;Agua de Proceso;;;;12/03/2026;46252;;46202;46249;;;0,65;0,2145;0,099;0,1155;;;;;;;;;;;;;;;;;;;;;;;;;;;;;;;
"03351-PW-2""-C1-0091-N_HOJA-1_SPXX_3";"03351-PW-2""-C1-0091-N_HOJA-1_SPXX";"03351-PW-2""-C1-0091-N_HOJA-1";Agua de Proceso;03350-02-01;;BAJO ESPESADOR;"03351-PW-2""-C1-0091-N";1;0;SPXX;3;F;SO;2;80;C1;N;CS;0,33;Agua de Proceso;;;;12/03/2026;46252;;46202;46249;;;0,65;0,2145;0,099;0,1155;;;;;;;;;;;;;;;;;;;;;;;;;;;;;;;
"03351-PW-2""-C1-0091-N_HOJA-1_SPXX_4";"03351-PW-2""-C1-0091-N_HOJA-1_SPXX";"03351-PW-2""-C1-0091-N_HOJA-1";Agua de Proceso;03350-02-01;;BAJO ESPESADOR;"03351-PW-2""-C1-0091-N";1;0;SPXX;4;F;SW;2;80;C1;N;CS;0,33;Agua de Proceso;;;;12/03/2026;46236;46236;46202;46245;;;0,9;0,297;0,198;0,099;EJECUTADA;46236;0;;;;;;;;;;;;;;;;;;;;;;;;;;;;
"03351-PW-2""-C1-0091-N_HOJA-1_SPXX_5";"03351-PW-2""-C1-0091-N_HOJA-1_SPXX";"03351-PW-2""-C1-0091-N_HOJA-1";Agua de Proceso;03350-02-01;;BAJO ESPESADOR;"03351-PW-2""-C1-0091-N";1;0;SPXX;5;F;SW;2;80;C1;N;CS;0,33;Agua de Proceso;;;;12/03/2026;46236;46236;46202;46245;;;0,9;0,297;0,198;0,099;EJECUTADA;46236;0;;;;;;;;;;;;;;;;;;;;;;;;;;;;
"03351-PW-2""-C1-0091-N_HOJA-1_SPXX_6";"03351-PW-2""-C1-0091-N_HOJA-1_SPXX";"03351-PW-2""-C1-0091-N_HOJA-1";Agua de Proceso;03350-02-01;;BAJO ESPESADOR;"03351-PW-2""-C1-0091-N";1;0;SPXX;6;F;SW;2;80;C1;N;CS;0,33;Agua de Proceso;;;;12/03/2026;46236;46236;46202;46245;;;0,9;0,297;0,198;0,099;EJECUTADA;46236;0;;;;;;;;;;;;;;;;;;;;;;;;;;;;
"03351-PW-2""-C1-0091-N_HOJA-1_SPXX_7";"03351-PW-2""-C1-0091-N_HOJA-1_SPXX";"03351-PW-2""-C1-0091-N_HOJA-1";Agua de Proceso;03350-02-01;;BAJO ESPESADOR;"03351-PW-2""-C1-0091-N";1;0;SPXX;7;F;SW;2;80;C1;N;CS;0,33;Agua de Proceso;;;;12/03/2026;46236;46236;46202;46245;;;0,9;0,297;0,198;0,099;EJECUTADA;46236;0;;;;;;;;;;;;;;;;;;;;;;;;;;;;
"03351-PW-2""-C1-0091-N_HOJA-1_SPXX_8";"03351-PW-2""-C1-0091-N_HOJA-1_SPXX";"03351-PW-2""-C1-0091-N_HOJA-1";Agua de Proceso;03350-02-01;;BAJO ESPESADOR;"03351-PW-2""-C1-0091-N";1;0;SPXX;8;F;NPT;2;80;C1;N;CS;0,33;Agua de Proceso;;;;12/03/2026;46248;46248;46202;46248;;;0,9;0,297;0,099;0,198;EJECUTADA;46246;0;;;;;;;;;;;;;;;;;;;;;;;;;;;;
"03351-PW-2""-C1-0091-N_HOJA-1_SPXX_9";"03351-PW-2""-C1-0091-N_HOJA-1_SPXX";"03351-PW-2""-C1-0091-N_HOJA-1";Agua de Proceso;03350-02-01;;BAJO ESPESADOR;"03351-PW-2""-C1-0091-N";1;0;SPXX;9;F;NPT;2;80;C1;N;CS;0,33;Agua de Proceso;;;;12/03/2026;46248;46248;46202;46248;;;0,9;0,297;0,099;0,198;EJECUTADA;46246;0;;;;;;;;;;;;;;;;;;;;;;;;;;;;
"03351-PW-2""-C1-0091-N_HOJA-1_SPXX_10";"03351-PW-2""-C1-0091-N_HOJA-1_SPXX";"03351-PW-2""-C1-0091-N_HOJA-1";Agua de Proceso;03350-02-01;;BAJO ESPESADOR;"03351-PW-2""-C1-0091-N";1;0;SPXX;10;F;SW;2;80;C1;N;CS;0,33;Agua de Proceso;;;;12/03/2026;46252;;46202;46249;;;0,65;0,2145;0,099;0,1155;;;;;;;;;;;;;;;;;;;;;;;;;;;;;;;
"03351-PW-2""-C1-0091-N_HOJA-1_SPXX_11";"03351-PW-2""-C1-0091-N_HOJA-1_SPXX";"03351-PW-2""-C1-0091-N_HOJA-1";Agua de Proceso;03350-02-01;;BAJO ESPESADOR;"03351-PW-2""-C1-0091-N";1;0;SPXX;11;F;SW;2;80;C1;N;CS;0,33;Agua de Proceso;;;;12/03/2026;46252;;46202;46249;;;0,65;0,2145;0,099;0,1155;;;;;;;;;;;;;;;;;;;;;;;;;;;;;;;
"03351-PW-2""-C1-0092-N_HOJA-1_SPXX_1";"03351-PW-2""-C1-0092-N_HOJA-1_SPXX";"03351-PW-2""-C1-0092-N_HOJA-1";Agua de Proceso;03350-02-01;;BAJO ESPESADOR;"03351-PW-2""-C1-0092-N";1;0;SPXX;1;F;SW;2;80;C1;N;CS;0,33;Agua de Proceso;;W-11;;12/03/2026;46238;46238;46202;46202;;;0,9;0,297;0,099;0,198;EJECUTADA;46238;W-11;;;;;;;;;;;;;;;;;;;;;;;;;;;;
"03351-PW-2""-C1-0092-N_HOJA-1_SPXX_2";"03351-PW-2""-C1-0092-N_HOJA-1_SPXX";"03351-PW-2""-C1-0092-N_HOJA-1";Agua de Proceso;03350-02-01;;BAJO ESPESADOR;"03351-PW-2""-C1-0092-N";1;0;SPXX;2;F;SO;;80;C1;N;CS;;Agua de Proceso;;;Eliminada;12/03/2026;46247;46247;46202;46246;46258;46258;1;0,1;0,099;0,001;EJECUTADA;46247;0;;;;;;;;;;;;;;;;;;;;;;;;;;;;
"03351-PW-2""-C1-0092-N_HOJA-1_SPXX_3";"03351-PW-2""-C1-0092-N_HOJA-1_SPXX";"03351-PW-2""-C1-0092-N_HOJA-1";Agua de Proceso;03350-02-01;;BAJO ESPESADOR;"03351-PW-2""-C1-0092-N";1;0;SPXX;3;F;SO;;80;C1;N;CS;;Agua de Proceso;;;Eliminada;12/03/2026;46247;46247;46202;46246;46258;46258;1;0,1;0,099;0,001;EJECUTADA;46247;0;;;;;;;;;;;;;;;;;;;;;;;;;;;;
"03351-PW-2""-C1-0092-N_HOJA-1_SPXX_4";"03351-PW-2""-C1-0092-N_HOJA-1_SPXX";"03351-PW-2""-C1-0092-N_HOJA-1";Agua de Proceso;03350-02-01;;BAJO ESPESADOR;"03351-PW-2""-C1-0092-N";1;0;SPXX;4;F;SW;2;80;C1;N;CS;0,33;Agua de Proceso;;W-11;;12/03/2026;46233;46233;46202;46202;;;0,9;0,297;0,198;0,099;EJECUTADA;46233;0;;;;;;;;;;;;;;;;;;;;;;;;;;;;
"03351-PW-2""-C1-0092-N_HOJA-1_SPXX_5";"03351-PW-2""-C1-0092-N_HOJA-1_SPXX";"03351-PW-2""-C1-0092-N_HOJA-1";Agua de Proceso;03350-02-01;;BAJO ESPESADOR;"03351-PW-2""-C1-0092-N";1;0;SPXX;5;F;SW;2;80;C1;N;CS;0,33;Agua de Proceso;;W-11;;12/03/2026;46233;46233;46202;46202;;;0,9;0,297;0,198;0,099;EJECUTADA;46233;0;;;;;;;;;;;;;;;;;;;;;;;;;;;;
"03351-PW-2""-C1-0092-N_HOJA-1_SPXX_6";"03351-PW-2""-C1-0092-N_HOJA-1_SPXX";"03351-PW-2""-C1-0092-N_HOJA-1";Agua de Proceso;03350-02-01;;BAJO ESPESADOR;"03351-PW-2""-C1-0092-N";1;0;SPXX;6;F;SW;2;80;C1;N;CS;0,33;Agua de Proceso;;W-11;;12/03/2026;46233;46233;46202;46202;;;0,9;0,297;0,198;0,099;EJECUTADA;46233;0;;;;;;;;;;;;;;;;;;;;;;;;;;;;
"03351-PW-2""-C1-0092-N_HOJA-1_SPXX_7";"03351-PW-2""-C1-0092-N_HOJA-1_SPXX";"03351-PW-2""-C1-0092-N_HOJA-1";Agua de Proceso;03350-02-01;;BAJO ESPESADOR;"03351-PW-2""-C1-0092-N";1;0;SPXX;7;F;SW;2;80;C1;N;CS;0,33;Agua de Proceso;;W-11;;12/03/2026;46246;46247;46202;46246;;;0,9;0,1;0,099;0,001;EJECUTADA;46247;0;;;;;;;;;;;;;;;;;;;;;;;;;;;;
"03351-PW-2""-C1-0092-N_HOJA-1_SPXX_8";"03351-PW-2""-C1-0092-N_HOJA-1_SPXX";"03351-PW-2""-C1-0092-N_HOJA-1";Agua de Proceso;03350-02-01;;BAJO ESPESADOR;"03351-PW-2""-C1-0092-N";1;0;SPXX;8;F;NPT;2;80;C1;N;CS;0,33;Agua de Proceso;;;;12/03/2026;46246;46247;46202;46247;46251;;0,95;0,3135;0,099;0,2145;;;;;;;;;;;;;;;;;;;;;;;;;;;;;;;
"03351-PW-2""-C1-0092-N_HOJA-1_SPXX_9";"03351-PW-2""-C1-0092-N_HOJA-1_SPXX";"03351-PW-2""-C1-0092-N_HOJA-1";Agua de Proceso;03350-02-01;;BAJO ESPESADOR;"03351-PW-2""-C1-0092-N";1;0;SPXX;9;F;NPT;2;80;C1;N;CS;0,33;Agua de Proceso;;;;12/03/2026;46246;46247;46202;46247;46251;;0,95;0,3135;0,099;0,2145;;;;;;;;;;;;;;;;;;;;;;;;;;;;;;;
"03351-PW-2""-C1-0092-N_HOJA-1_SPXX_10";"03351-PW-2""-C1-0092-N_HOJA-1_SPXX";"03351-PW-2""-C1-0092-N_HOJA-1";Agua de Proceso;03350-02-01;;BAJO ESPESADOR;"03351-PW-2""-C1-0092-N";1;0;SPXX;10;F;SW;;80;C1;N;CS;;Agua de Proceso;;;Eliminada;12/03/2026;46252;;46202;46247;46258;46258;0,75;0;0;0;;;;;;;;;;;;;;;;;;;;;;;;;;;;;;;
"03351-PW-2""-C1-0092-N_HOJA-1_SPXX_11";"03351-PW-2""-C1-0092-N_HOJA-1_SPXX";"03351-PW-2""-C1-0092-N_HOJA-1";Agua de Proceso;03350-02-01;;BAJO ESPESADOR;"03351-PW-2""-C1-0092-N";1;0;SPXX;11;F;SW;2;80;C1;N;CS;0,33;Agua de Proceso;;;;12/03/2026;46252;;46202;46247;;;0,65;0,2145;0,099;0,1155;;;;;;;;;;;;;;;;;;;;;;;;;;;;;;;
"03351-PW-2""-C1-0093-N_HOJA-1_SPXX_1";"03351-PW-2""-C1-0093-N_HOJA-1_SPXX";"03351-PW-2""-C1-0093-N_HOJA-1";Agua de Proceso;03350-02-01;;BAJO ESPESADOR;"03351-PW-2""-C1-0093-N";1;0;SPXX;1;F;SW;2;80;C1;N;CS;0,2;Agua de Proceso;HV-1026;;;12/03/2026;;;46202;;;;0,3;0,06;0,06;0;;;;;;;;;;;;;;;;;;;;;;;;;;;;;;;
"03351-PW-2""-C1-0093-N_HOJA-1_SPXX_2";"03351-PW-2""-C1-0093-N_HOJA-1_SPXX";"03351-PW-2""-C1-0093-N_HOJA-1";Agua de Proceso;03350-02-01;;BAJO ESPESADOR;"03351-PW-2""-C1-0093-N";1;0;SPXX;2;F;SW;2;80;C1;N;CS;0,2;Agua de Proceso;;;;12/03/2026;;;46202;;;;0,3;0,06;0,06;0;;;;;;;;;;;;;;;;;;;;;;;;;;;;;;;
"03351-PW-2""-C1-0093-N_HOJA-1_SPXX_3";"03351-PW-2""-C1-0093-N_HOJA-1_SPXX";"03351-PW-2""-C1-0093-N_HOJA-1";Agua de Proceso;03350-02-01;;BAJO ESPESADOR;"03351-PW-2""-C1-0093-N";1;0;SPXX;3;F;SW;2;80;C1;N;CS;0,2;Agua de Proceso;;;;12/03/2026;;;46202;;;;0,3;0,06;0,06;0;;;;;;;;;;;;;;;;;;;;;;;;;;;;;;;
"03351-PW-2""-C1-0093-N_HOJA-1_SPXX_4";"03351-PW-2""-C1-0093-N_HOJA-1_SPXX";"03351-PW-2""-C1-0093-N_HOJA-1";Agua de Proceso;03350-02-01;;BAJO ESPESADOR;"03351-PW-2""-C1-0093-N";1;0;SPXX;4;F;NPT;2;80;C1;N;CS;0,2;Agua de Proceso;;;;12/03/2026;;;46202;;;;0,3;0,06;0,06;0;;;;;;;;;;;;;;;;;;;;;;;;;;;;;;;
"03351-PW-2""-C1-0093-N_HOJA-1_SPXX_5";"03351-PW-2""-C1-0093-N_HOJA-1_SPXX";"03351-PW-2""-C1-0093-N_HOJA-1";Agua de Proceso;03350-02-01;;BAJO ESPESADOR;"03351-PW-2""-C1-0093-N";1;0;SPXX;5;F;NPT;2;80;C1;N;CS;0,2;Agua de Proceso;;;;12/03/2026;;;46202;;;;0,3;0,06;0,06;0;;;;;;;;;;;;;;;;;;;;;;;;;;;;;;;
"03351-PW-2""-C1-0093-N_HOJA-1_SPXX_6";"03351-PW-2""-C1-0093-N_HOJA-1_SPXX";"03351-PW-2""-C1-0093-N_HOJA-1";Agua de Proceso;03350-02-01;;BAJO ESPESADOR;"03351-PW-2""-C1-0093-N";1;0;SPXX;6;F;SW;2;80;C1;N;CS;0,2;Agua de Proceso;;;;12/03/2026;;;46202;;;;0,3;0,06;0,06;0;;;;;;;;;;;;;;;;;;;;;;;;;;;;;;;
"03351-PW-2""-C1-0093-N_HOJA-1_SPXX_7";"03351-PW-2""-C1-0093-N_HOJA-1_SPXX";"03351-PW-2""-C1-0093-N_HOJA-1";Agua de Proceso;03350-02-01;;BAJO ESPESADOR;"03351-PW-2""-C1-0093-N";1;0;SPXX;7;F;SW;2;80;C1;N;CS;0,2;Agua de Proceso;;;;12/03/2026;;;46202;;;;0,3;0,06;0,06;0;;;;;;;;;;;;;;;;;;;;;;;;;;;;;;;
"03351-PW-2""-C1-0093-N_HOJA-1_SPXX_8";"03351-PW-2""-C1-0093-N_HOJA-1_SPXX";"03351-PW-2""-C1-0093-N_HOJA-1";Agua de Proceso;03350-02-01;;BAJO ESPESADOR;"03351-PW-2""-C1-0093-N";1;0;SPXX;8;F;NPT;2;80;C1;N;CS;0,2;Agua de Proceso;;;;12/03/2026;;;46202;;;;0,3;0,06;0,06;0;;;;;;;;;;;;;;;;;;;;;;;;;;;;;;;
"03351-PW-2""-C1-0093-N_HOJA-1_SPXX_9";"03351-PW-2""-C1-0093-N_HOJA-1_SPXX";"03351-PW-2""-C1-0093-N_HOJA-1";Agua de Proceso;03350-02-01;;BAJO ESPESADOR;"03351-PW-2""-C1-0093-N";1;0;SPXX;9;F;NPT;2;80;C1;N;CS;0,2;Agua de Proceso;;;;12/03/2026;;;46202;;;;0,3;0,06;0,06;0;;;;;;;;;;;;;;;;;;;;;;;;;;;;;;;
"03351-PW-2""-C1-0093-N_HOJA-1_SPXX_10";"03351-PW-2""-C1-0093-N_HOJA-1_SPXX";"03351-PW-2""-C1-0093-N_HOJA-1";Agua de Proceso;03350-02-01;;BAJO ESPESADOR;"03351-PW-2""-C1-0093-N";1;0;SPXX;10;F;SW;2;80;C1;N;CS;0,2;Agua de Proceso;;;;12/03/2026;;;46202;;;;0,3;0,06;0,06;0;;;;;;;;;;;;;;;;;;;;;;;;;;;;;;;
"03351-PW-2""-C1-0093-N_HOJA-1_SPXX_11";"03351-PW-2""-C1-0093-N_HOJA-1_SPXX";"03351-PW-2""-C1-0093-N_HOJA-1";Agua de Proceso;03350-02-01;;BAJO ESPESADOR;"03351-PW-2""-C1-0093-N";1;0;SPXX;11;F;SW;2;80;C1;N;CS;0,2;Agua de Proceso;;;;12/03/2026;;;46202;;;;0,3;0,06;0,06;0;;;;;;;;;;;;;;;;;;;;;;;;;;;;;;;
"03351-PW-2""-C1-0093-N_HOJA-1_SPXX_12";"03351-PW-2""-C1-0093-N_HOJA-1_SPXX";"03351-PW-2""-C1-0093-N_HOJA-1";Agua de Proceso;03350-02-01;;BAJO ESPESADOR;"03351-PW-2""-C1-0093-N";1;0;SPXX;12;F;SW;2;80;C1;N;CS;0,2;Agua de Proceso;;;;12/03/2026;;;46202;;;;0,3;0,06;0,06;0;;;;;;;;;;;;;;;;;;;;;;;;;;;;;;;
"03351-PW-4""-C1-0016-N_HOJA-1_SP01_1";"03351-PW-4""-C1-0016-N_HOJA-1_SP01";"03351-PW-4""-C1-0016-N_HOJA-1";Agua de Proceso;03350-02-01;;TORRE TRASFERENCIA;"03351-PW-4""-C1-0016-N";1;0;SP01;1;F;BW;4;STD;C1;N;CS;0,58;Agua de Proceso;;W-16;;12/03/2026;46207;46207;46207;46210;;;0,9;0,522;0,522;0;EJECUTADA;46207;W-16;;;;;;;;;;;;;;;;;;;;;;;;;;;;
"03351-PW-4""-C1-0016-N_HOJA-1_SP01_2";"03351-PW-4""-C1-0016-N_HOJA-1_SP01";"03351-PW-4""-C1-0016-N_HOJA-1";Agua de Proceso;03350-02-01;;TORRE TRASFERENCIA;"03351-PW-4""-C1-0016-N";1;0;SP01;2;S;BW;4;STD;C1;N;CS;0,58;Agua de Proceso;;W-02;;12/03/2026;46112;46113;46217;46217;;;0,9;0,522;0,522;0;EJECUTADA;46113;W-02;;;;;;;;;;;;;;;;;;;;;;;;;;;;
"03351-PW-4""-C1-0016-N_HOJA-1_SP01_3";"03351-PW-4""-C1-0016-N_HOJA-1_SP01";"03351-PW-4""-C1-0016-N_HOJA-1";Agua de Proceso;03350-02-01;;TORRE TRASFERENCIA;"03351-PW-4""-C1-0016-N";1;0;SP01;3;S;BW;4;STD;C1;N;CS;0,58;Agua de Proceso;;W-02;;12/03/2026;46112;46113;46217;46217;;;0,9;0,522;0,522;0;EJECUTADA;46113;W-02;;;;;;;;;;;;;;;;;;;;;;;;;;;;
"03351-PW-4""-C1-0016-N_HOJA-1_SP01_4";"03351-PW-4""-C1-0016-N_HOJA-1_SP01";"03351-PW-4""-C1-0016-N_HOJA-1";Agua de Proceso;03350-02-01;;TORRE TRASFERENCIA;"03351-PW-4""-C1-0016-N";1;0;SP01;4;S;BW;4;STD;C1;N;CS;0,58;Agua de Proceso;;W-16;;12/03/2026;46208;46208;46205;46210;;;0,9;0,522;0,522;0;EJECUTADA;46208;W-16;;;;;;;;;;;;;;;;;;;;;;;;;;;;
"03351-PW-4""-C1-0016-N_HOJA-1_SP02_5";"03351-PW-4""-C1-0016-N_HOJA-1_SP02";"03351-PW-4""-C1-0016-N_HOJA-1";Agua de Proceso;03350-02-01;;TORRE TRASFERENCIA;"03351-PW-4""-C1-0016-N";1;0;SP02;5;S;BW;4;STD;C1;N;CS;0,58;Agua de Proceso;;W-02;;12/03/2026;46113;46122;46217;46217;;;0,9;0,522;0,522;0;EJECUTADA;46122;W-02;;;;;;;;;;;;;;;;;;;;;;;;;;;;
"03351-PW-4""-C1-0016-N_HOJA-1_SP02_6";"03351-PW-4""-C1-0016-N_HOJA-1_SP02";"03351-PW-4""-C1-0016-N_HOJA-1";Agua de Proceso;03350-02-01;;TORRE TRASFERENCIA;"03351-PW-4""-C1-0016-N";1;0;SP02;6;S;BW;4;STD;C1;N;CS;0,58;Agua de Proceso;;W-02;;12/03/2026;46113;46122;46217;46217;;;0,9;0,522;0,522;0;EJECUTADA;46122;W-02;;;;;;;;;;;;;;;;;;;;;;;;;;;;
"03351-PW-4""-C1-0016-N_HOJA-1_SP02_7";"03351-PW-4""-C1-0016-N_HOJA-1_SP02";"03351-PW-4""-C1-0016-N_HOJA-1";Agua de Proceso;03350-02-01;;TORRE TRASFERENCIA;"03351-PW-4""-C1-0016-N";1;0;SP02;7;F;BW;4;STD;C1;N;CS;0,58;Agua de Proceso;;W-18;;12/03/2026;46212;46212;46218;46217;;;0,9;0,522;0,522;0;EJECUTADA;46212;W-18;;;;;;;;;;;;;;;;;;;;;;;;;;;;
"03351-PW-4""-C1-0016-N_HOJA-1_SP03_8";"03351-PW-4""-C1-0016-N_HOJA-1_SP03";"03351-PW-4""-C1-0016-N_HOJA-1";Agua de Proceso;03350-02-01;;TORRE TRASFERENCIA;"03351-PW-4""-C1-0016-N";1;0;SP03;8;S;BW;4;STD;C1;N;CS;0,58;Agua de Proceso;;W-02;;12/03/2026;46112;46113;46217;46217;;;0,9;0,522;0,522;0;EJECUTADA;46113;W-02;;;;;;;;;;;;;;;;;;;;;;;;;;;;
"03351-PW-4""-C1-0016-N_HOJA-1_SP03_9";"03351-PW-4""-C1-0016-N_HOJA-1_SP03";"03351-PW-4""-C1-0016-N_HOJA-1";Agua de Proceso;03350-02-01;;TORRE TRASFERENCIA;"03351-PW-4""-C1-0016-N";1;0;SP03;9;F;BW;4;STD;C1;N;CS;0,58;Agua de Proceso;;W-16;;12/03/2026;46209;46209;46209;46210;;;0,9;0,522;0,522;0;EJECUTADA;46209;W-16;;;;;;;;;;;;;;;;;;;;;;;;;;;;
"03351-PW-4""-C1-0016-N_HOJA-1_SP04_10";"03351-PW-4""-C1-0016-N_HOJA-1_SP04";"03351-PW-4""-C1-0016-N_HOJA-1";Agua de Proceso;03350-02-01;;TORRE TRASFERENCIA;"03351-PW-4""-C1-0016-N";1;0;SP04;10;S;BW;4;STD;C1;N;CS;0,58;Agua de Proceso;;W-02;;12/03/2026;46113;46114;46217;46217;;;0,9;0,522;0,522;0;EJECUTADA;46114;W-02;;;;;;;;;;;;;;;;;;;;;;;;;;;;
"03351-PW-4""-C1-0016-N_HOJA-1_SP04_11";"03351-PW-4""-C1-0016-N_HOJA-1_SP04";"03351-PW-4""-C1-0016-N_HOJA-1";Agua de Proceso;03350-02-01;;TORRE TRASFERENCIA;"03351-PW-4""-C1-0016-N";1;0;SP04;11;S;BW;4;STD;C1;N;CS;0,58;Agua de Proceso;;W-02;;12/03/2026;46112;46113;46217;46217;;;0,9;0,522;0,522;0;EJECUTADA;46113;W-02;;;;;;;;;;;;;;;;;;;;;;;;;;;;
"03351-PW-4""-C1-0016-N_HOJA-1_SP04_12";"03351-PW-4""-C1-0016-N_HOJA-1_SP04";"03351-PW-4""-C1-0016-N_HOJA-1";Agua de Proceso;03350-02-01;;TORRE TRASFERENCIA;"03351-PW-4""-C1-0016-N";1;0;SP04;12;S;BW;4;STD;C1;N;CS;0,58;Agua de Proceso;;W-02;;12/03/2026;46112;46113;46217;46217;;;0,9;0,522;0,522;0;EJECUTADA;46113;W-02;;;;;;;;;;;;;;;;;;;;;;;;;;;;
"03351-PW-4""-C1-0016-N_HOJA-1_SP04_13";"03351-PW-4""-C1-0016-N_HOJA-1_SP04";"03351-PW-4""-C1-0016-N_HOJA-1";Agua de Proceso;03350-02-01;;TORRE TRASFERENCIA;"03351-PW-4""-C1-0016-N";1;0;SP04;13;S;BW;4;STD;C1;N;CS;0,58;Agua de Proceso;;W-02;;12/03/2026;46113;46114;46217;46217;;;0,9;0,522;0,522;0;EJECUTADA;46114;W-02;;;;;;;;;;;;;;;;;;;;;;;;;;;;
"03351-PW-4""-C1-0016-N_HOJA-1_SP04_14";"03351-PW-4""-C1-0016-N_HOJA-1_SP04";"03351-PW-4""-C1-0016-N_HOJA-1";Agua de Proceso;03350-02-01;;TORRE TRASFERENCIA;"03351-PW-4""-C1-0016-N";1;0;SP04;14;S;SO;4;STD;C1;N;CS;0,58;Agua de Proceso;;W-02;;12/03/2026;46120;46118;46217;46217;;;0,9;0,522;0,522;0;EJECUTADA;46118;W-02;;;;;;;;;;;;;;;;;;;;;;;;;;;;
"03351-PW-4""-C1-0016-N_HOJA-1_SP05_15";"03351-PW-4""-C1-0016-N_HOJA-1_SP05";"03351-PW-4""-C1-0016-N_HOJA-1";Agua de Proceso;03350-02-01;;TORRE TRASFERENCIA;"03351-PW-4""-C1-0016-N";1;0;SP05;15;S;SO;4;STD;C1;N;CS;0,58;Agua de Proceso;;W-02;;12/03/2026;46100;46118;46217;46217;;;0,9;0,522;0,522;0;EJECUTADA;46118;W-02;;;;;;;;;;;;;;;;;;;;;;;;;;;;
"03351-PW-4""-C1-0016-N_HOJA-1_SP05_16";"03351-PW-4""-C1-0016-N_HOJA-1_SP05";"03351-PW-4""-C1-0016-N_HOJA-1";Agua de Proceso;03350-02-01;;TORRE TRASFERENCIA;"03351-PW-4""-C1-0016-N";1;0;SP05;16;S;SO;4;STD;C1;N;CS;0,58;Agua de Proceso;;W-02;;12/03/2026;46100;46118;46217;46217;;;0,9;0,522;0,522;0;EJECUTADA;46118;W-02;;;;;;;;;;;;;;;;;;;;;;;;;;;;
"03351-PW-4""-C1-0016-N_HOJA-1_SP06_17";"03351-PW-4""-C1-0016-N_HOJA-1_SP06";"03351-PW-4""-C1-0016-N_HOJA-1";Agua de Proceso;03350-02-01;;TORRE TRASFERENCIA;"03351-PW-4""-C1-0016-N";1;0;SP06;17;S;SO;4;STD;C1;N;CS;0,58;Agua de Proceso;;;Eliminada;12/03/2026;46093;46210;46093;46093;46093;46093;1;0,58;0,58;0;EJECUTADA;46210;0;;;;;;;;;;;;;;;;;;;;;;;;;;;;
"03351-PW-4""-C1-0016-N_HOJA-1_SP06_18";"03351-PW-4""-C1-0016-N_HOJA-1_SP06";"03351-PW-4""-C1-0016-N_HOJA-1";Agua de Proceso;03350-02-01;;TORRE TRASFERENCIA;"03351-PW-4""-C1-0016-N";1;0;SP06;18;S;SO;4;STD;C1;N;CS;0,58;Agua de Proceso;;;Eliminada;12/03/2026;46093;46210;46093;46093;46093;46093;1;0,58;0,58;0;EJECUTADA;46210;0;;;;;;;;;;;;;;;;;;;;;;;;;;;;
"03351-PW-4""-C1-0016-N_HOJA-1_SP07_19";"03351-PW-4""-C1-0016-N_HOJA-1_SP07";"03351-PW-4""-C1-0016-N_HOJA-1";Agua de Proceso;03350-02-01;;TORRE TRASFERENCIA;"03351-PW-4""-C1-0016-N";1;0;SP07;19;S;SO;4;STD;C1;N;CS;0,58;Agua de Proceso;;W-02;;12/03/2026;46100;46118;46217;46217;;;0,9;0,522;0,522;0;EJECUTADA;46118;W-02;;;;;;;;;;;;;;;;;;;;;;;;;;;;
"03351-PW-4""-C1-0016-N_HOJA-1_SP07_20";"03351-PW-4""-C1-0016-N_HOJA-1_SP07";"03351-PW-4""-C1-0016-N_HOJA-1";Agua de Proceso;03350-02-01;;TORRE TRASFERENCIA;"03351-PW-4""-C1-0016-N";1;0;SP07;20;S;SO;4;STD;C1;N;CS;0,58;Agua de Proceso;;W-02;;12/03/2026;46100;46118;46217;46217;;;0,9;0,522;0,522;0;EJECUTADA;46118;W-02;;;;;;;;;;;;;;;;;;;;;;;;;;;;
"03351-PW-4""-C1-0016-N_HOJA-1_SP08_21";"03351-PW-4""-C1-0016-N_HOJA-1_SP08";"03351-PW-4""-C1-0016-N_HOJA-1";Agua de Proceso;03350-02-01;;TORRE TRASFERENCIA;"03351-PW-4""-C1-0016-N";1;0;SP08;21;S;SO;4;STD;C1;N;CS;0,58;Agua de Proceso;;W-02;;12/03/2026;46100;46118;46217;46217;;;0,9;0,522;0,522;0;EJECUTADA;46118;W-02;;;;;;;;;;;;;;;;;;;;;;;;;;;;
"03351-PW-4""-C1-0016-N_HOJA-1_SP08_22";"03351-PW-4""-C1-0016-N_HOJA-1_SP08";"03351-PW-4""-C1-0016-N_HOJA-1";Agua de Proceso;03350-02-01;;TORRE TRASFERENCIA;"03351-PW-4""-C1-0016-N";1;0;SP08;22;S;SO;4;STD;C1;N;CS;0,58;Agua de Proceso;;W-02;;12/03/2026;46100;46118;46217;46217;;;0,9;0,522;0,522;0;EJECUTADA;46118;W-02;;;;;;;;;;;;;;;;;;;;;;;;;;;;
"03351-PW-4""-C1-0016-N_HOJA-1_SP09_23";"03351-PW-4""-C1-0016-N_HOJA-1_SP09";"03351-PW-4""-C1-0016-N_HOJA-1";Agua de Proceso;03350-02-01;;TORRE TRASFERENCIA;"03351-PW-4""-C1-0016-N";1;0;SP09;23;S;SO;4;STD;C1;N;CS;0,58;Agua de Proceso;;W-02;;12/03/2026;46120;46121;46217;46217;;;0,9;0,522;0,522;0;EJECUTADA;46118;W-02;;;;;;;;;;;;;;;;;;;;;;;;;;;;
"03351-PW-4""-C1-0016-N_HOJA-1_SP09_24";"03351-PW-4""-C1-0016-N_HOJA-1_SP09";"03351-PW-4""-C1-0016-N_HOJA-1";Agua de Proceso;03350-02-01;;TORRE TRASFERENCIA;"03351-PW-4""-C1-0016-N";1;0;SP09;24;S;BW;4;STD;C1;N;CS;0,58;Agua de Proceso;;W-02;;12/03/2026;46113;46114;46217;46217;;;0,9;0,522;0,522;0;EJECUTADA;46114;W-02;;;;;;;;;;;;;;;;;;;;;;;;;;;;
"03351-PW-4""-C1-0016-N_HOJA-1_SP09_25";"03351-PW-4""-C1-0016-N_HOJA-1_SP09";"03351-PW-4""-C1-0016-N_HOJA-1";Agua de Proceso;03350-02-01;;TORRE TRASFERENCIA;"03351-PW-4""-C1-0016-N";1;0;SP09;25;S;BW;4;STD;C1;N;CS;0,58;Agua de Proceso;;W-02;;12/03/2026;46112;46113;46217;46217;;;0,9;0,522;0,522;0;EJECUTADA;46113;W-02;;;;;;;;;;;;;;;;;;;;;;;;;;;;
"03351-PW-4""-C1-0016-N_HOJA-1_SP09_26";"03351-PW-4""-C1-0016-N_HOJA-1_SP09";"03351-PW-4""-C1-0016-N_HOJA-1";Agua de Proceso;03350-02-01;;TORRE TRASFERENCIA;"03351-PW-4""-C1-0016-N";1;0;SP09;26;S;BW;4;STD;C1;N;CS;0,58;Agua de Proceso;;W-02;;12/03/2026;46113;46114;46217;46217;;;0,9;0,522;0,522;0;EJECUTADA;46114;W-02;;;;;;;;;;;;;;;;;;;;;;;;;;;;
"03351-PW-4""-C1-0016-N_HOJA-1_SP09_27";"03351-PW-4""-C1-0016-N_HOJA-1_SP09";"03351-PW-4""-C1-0016-N_HOJA-1";Agua de Proceso;03350-02-01;;TORRE TRASFERENCIA;"03351-PW-4""-C1-0016-N";1;0;SP09;27;S;BW;4;STD;C1;N;CS;0,58;Agua de Proceso;;W-02;;12/03/2026;46112;46113;46217;46217;;;0,9;0,522;0,522;0;EJECUTADA;46113;W-02;;;;;;;;;;;;;;;;;;;;;;;;;;;;
"03351-PW-4""-C1-0016-N_HOJA-1_SP09_28";"03351-PW-4""-C1-0016-N_HOJA-1_SP09";"03351-PW-4""-C1-0016-N_HOJA-1";Agua de Proceso;03350-02-01;;TORRE TRASFERENCIA;"03351-PW-4""-C1-0016-N";1;0;SP09;28;F;BW;4;STD;C1;N;CS;0,58;Agua de Proceso;;;;12/03/2026;46258;46258;46202;46217;;;0,9;0,522;0,174;0,348;EJECUTADA;46259;W-02;;;;;;;;;;;;;;;;;;;;;;;;;;;;
"03351-PW-4""-C1-0016-N_HOJA-1_SP10_29";"03351-PW-4""-C1-0016-N_HOJA-1_SP10";"03351-PW-4""-C1-0016-N_HOJA-1";Agua de Proceso;03350-02-01;;TORRE TRASFERENCIA;"03351-PW-4""-C1-0016-N";1;0;SP10;29;S;BW;4;STD;C1;N;CS;0,58;Agua de Proceso;;W-02;;12/03/2026;46113;46114;46217;46217;;;0,9;0,522;0,522;0;EJECUTADA;46114;W-02;;;;;;;;;;;;;;;;;;;;;;;;;;;;
"03351-PW-4""-C1-0016-N_HOJA-1_SP10_30";"03351-PW-4""-C1-0016-N_HOJA-1_SP10";"03351-PW-4""-C1-0016-N_HOJA-1";Agua de Proceso;03350-02-01;;TORRE TRASFERENCIA;"03351-PW-4""-C1-0016-N";1;0;SP10;30;S;BW;4;STD;C1;N;CS;0,58;Agua de Proceso;;W-02;;12/03/2026;46113;46114;46217;46217;;;0,9;0,522;0,522;0;EJECUTADA;46114;W-02;;;;;;;;;;;;;;;;;;;;;;;;;;;;
"03351-PW-4""-C1-0016-N_HOJA-1_SP10_31";"03351-PW-4""-C1-0016-N_HOJA-1_SP10";"03351-PW-4""-C1-0016-N_HOJA-1";Agua de Proceso;03350-02-01;;TORRE TRASFERENCIA;"03351-PW-4""-C1-0016-N";1;0;SP10;31;F;BW;4;STD;C1;N;CS;0,58;Agua de Proceso;;W-16;;12/03/2026;46256;46256;46202;46256;;;0,9;0,522;0,174;0,348;EJECUTADA;46257;W-16;;;;;;;;;;;;;;;;;;;;;;;;;;;;
"03351-PW-4""-C1-0016-N_HOJA-1_SP11_32";"03351-PW-4""-C1-0016-N_HOJA-1_SP11";"03351-PW-4""-C1-0016-N_HOJA-1";Agua de Proceso;03350-02-01;;TORRE TRASFERENCIA;"03351-PW-4""-C1-0016-N";1;0;SP11;32;S;BW;4;STD;C1;N;CS;0,58;Agua de Proceso;;W-02;;12/03/2026;46113;46114;46217;46217;;;0,9;0,522;0,522;0;EJECUTADA;46114;W-02;;;;;;;;;;;;;;;;;;;;;;;;;;;;
"03351-PW-4""-C1-0016-N_HOJA-1_SP11_33";"03351-PW-4""-C1-0016-N_HOJA-1_SP11";"03351-PW-4""-C1-0016-N_HOJA-1";Agua de Proceso;03350-02-01;;TORRE TRASFERENCIA;"03351-PW-4""-C1-0016-N";1;0;SP11;33;S;BW;4;STD;C1;N;CS;0,58;Agua de Proceso;;W-02;;12/03/2026;46113;46114;46217;46217;;;0,9;0,522;0,522;0;EJECUTADA;46114;W-02;;;;;;;;;;;;;;;;;;;;;;;;;;;;
"03351-PW-4""-C1-0016-N_HOJA-1_SP11_34";"03351-PW-4""-C1-0016-N_HOJA-1_SP11";"03351-PW-4""-C1-0016-N_HOJA-1";Agua de Proceso;03350-02-01;;TORRE TRASFERENCIA;"03351-PW-4""-C1-0016-N";1;0;SP11;34;S;BW;4;STD;C1;N;CS;0,58;Agua de Proceso;;W-16;;12/03/2026;46256;46256;46202;46256;;;0,9;0,522;0,174;0,348;EJECUTADA;46257;W-16;;;;;;;;;;;;;;;;;;;;;;;;;;;;
"03351-PW-4""-C1-0016-N_HOJA-1_SP03_35";"03351-PW-4""-C1-0016-N_HOJA-1_SP03";"03351-PW-4""-C1-0016-N_HOJA-1";Agua de Proceso;03350-02-01;;TORRE TRASFERENCIA;"03351-PW-4""-C1-0016-N";1;0;SP03;35;S;BW;4;STD;C1;N;CS;0,58;Agua de Proceso;;W-02;;12/03/2026;46113;46113;46217;46217;;;0,9;0,522;0,522;0;EJECUTADA;46113;W-02;;;;;;;;;;;;;;;;;;;;;;;;;;;;
"03351-PW-4""-C1-0094-N_HOJA-1_SP01_1";"03351-PW-4""-C1-0094-N_HOJA-1_SP01";"03351-PW-4""-C1-0094-N_HOJA-1";Agua de Proceso;03350-02-01;;TORRE TRASFERENCIA;"03351-PW-4""-C1-0094-N";1;0;SP01;1;F;BW;4;STD;C1;N;CS;0,24;Agua de Proceso;;W-02;;12/03/2026;46207;46207;46207;46207;;;0,9;0,216;0,216;0;EJECUTADA;46207;W-02;;;;;;;;;;;;;;;;;;;;;;;;;;;;
"03351-PW-4""-C1-0094-N_HOJA-1_SP01_2";"03351-PW-4""-C1-0094-N_HOJA-1_SP01";"03351-PW-4""-C1-0094-N_HOJA-1";Agua de Proceso;03350-02-01;;TORRE TRASFERENCIA;"03351-PW-4""-C1-0094-N";1;0;SP01;2;S;BW;4;STD;C1;N;CS;0,24;Agua de Proceso;;W-01;;12/03/2026;46113;46114;46248;46207;;;0,9;0,216;0,216;0;EJECUTADA;46114;W-01;;pint;;;;;;;;;;;;;;;;;;;;;;;;;;
"03351-PW-4""-C1-0094-N_HOJA-1_SP01_3";"03351-PW-4""-C1-0094-N_HOJA-1_SP01";"03351-PW-4""-C1-0094-N_HOJA-1";Agua de Proceso;03350-02-01;;TORRE TRASFERENCIA;"03351-PW-4""-C1-0094-N";1;0;SP01;3;S;BW;4;STD;C1;N;CS;0,24;Agua de Proceso;;W-01;;12/03/2026;46113;46114;46248;46207;;;0,9;0,216;0,216;0;EJECUTADA;46114;W-01;;;;;;;;;;;;;;;;;;;;;;;;;;;;
"03351-PW-4""-C1-0094-N_HOJA-1_SP01_4";"03351-PW-4""-C1-0094-N_HOJA-1_SP01";"03351-PW-4""-C1-0094-N_HOJA-1";Agua de Proceso;03350-02-01;;TORRE TRASFERENCIA;"03351-PW-4""-C1-0094-N";1;0;SP01;4;S;SO;4;STD;C1;N;CS;0,24;Agua de Proceso;;W-01;;12/03/2026;46113;46114;46248;46207;;;0,9;0,216;0,216;0;EJECUTADA;46114;W-01;;;;;;;;;;;;;;;;;;;;;;;;;;;;
"03351-PW-4""-C1-0094-N_HOJA-1_SP02_5";"03351-PW-4""-C1-0094-N_HOJA-1_SP02";"03351-PW-4""-C1-0094-N_HOJA-1";Agua de Proceso;03350-02-01;;TORRE TRASFERENCIA;"03351-PW-4""-C1-0094-N";1;0;SP02;5;S;SO;4;STD;C1;N;CS;0,24;Agua de Proceso;;W-02;;12/03/2026;46112;46113;46248;46207;;;0,9;0,216;0,216;0;EJECUTADA;46113;W-02;;;;;;;;;;;;;;;;;;;;;;;;;;;;
"03351-PW-4""-C1-0094-N_HOJA-1_SP02_6";"03351-PW-4""-C1-0094-N_HOJA-1_SP02";"03351-PW-4""-C1-0094-N_HOJA-1";Agua de Proceso;03350-02-01;;TORRE TRASFERENCIA;"03351-PW-4""-C1-0094-N";1;0;SP02;6;S;SO;4;STD;C1;N;CS;0,24;Agua de Proceso;;W-01;;12/03/2026;46112;46113;46248;46207;;;0,9;0,216;0,216;0;EJECUTADA;46113;W-01;;;;;;;;;;;;;;;;;;;;;;;;;;;;
"03351-PW-4""-C1-0094-N_HOJA-1_SP03_7";"03351-PW-4""-C1-0094-N_HOJA-1_SP03";"03351-PW-4""-C1-0094-N_HOJA-1";Agua de Proceso;03350-02-01;;TORRE TRASFERENCIA;"03351-PW-4""-C1-0094-N";1;0;SP03;7;S;SO;4;STD;C1;N;CS;0,24;Agua de Proceso;;;Eliminada;12/03/2026;46093;46210;46093;46093;46248;46248;1;0,24;0,24;0;EJECUTADA;46210;0;;;;;;;;;;;;;;;;;;;;;;;;;;;;
"03351-PW-4""-C1-0094-N_HOJA-1_SP03_8";"03351-PW-4""-C1-0094-N_HOJA-1_SP03";"03351-PW-4""-C1-0094-N_HOJA-1";Agua de Proceso;03350-02-01;;TORRE TRASFERENCIA;"03351-PW-4""-C1-0094-N";1;0;SP03;8;S;SO;4;STD;C1;N;CS;0,24;Agua de Proceso;;;Eliminada;12/03/2026;46093;46210;46093;46093;46248;46248;1;0,24;0,24;0;EJECUTADA;46210;0;;;;;;;;;;;;;;;;;;;;;;;;;;;;
"03351-PW-4""-C1-0094-N_HOJA-1_SP04_9";"03351-PW-4""-C1-0094-N_HOJA-1_SP04";"03351-PW-4""-C1-0094-N_HOJA-1";Agua de Proceso;03350-02-01;;TORRE TRASFERENCIA;"03351-PW-4""-C1-0094-N";1;0;SP04;9;S;SO;4;STD;C1;N;CS;0,24;Agua de Proceso;;W-01;;12/03/2026;46113;46114;46248;46207;;;0,9;0,216;0,216;0;EJECUTADA;46114;W-01;;;;;;;;;;;;;;;;;;;;;;;;;;;;
"03351-PW-4""-C1-0094-N_HOJA-1_SP04_10";"03351-PW-4""-C1-0094-N_HOJA-1_SP04";"03351-PW-4""-C1-0094-N_HOJA-1";Agua de Proceso;03350-02-01;;TORRE TRASFERENCIA;"03351-PW-4""-C1-0094-N";1;0;SP04;10;S;SO;4;STD;C1;N;CS;0,24;Agua de Proceso;;W-01;;12/03/2026;46113;46114;46248;46207;;;0,9;0,216;0,216;0;EJECUTADA;46114;W-01;;;;;;;;;;;;;;;;;;;;;;;;;;;;
"03351-PW-4""-C1-0094-N_HOJA-1_SP05_11";"03351-PW-4""-C1-0094-N_HOJA-1_SP05";"03351-PW-4""-C1-0094-N_HOJA-1";Agua de Proceso;03350-02-01;;TORRE TRASFERENCIA;"03351-PW-4""-C1-0094-N";1;0;SP05;11;S;SO;4;STD;C1;N;CS;0,24;Agua de Proceso;;W-02;;12/03/2026;46207;46207;46248;46207;;;0,9;0,216;0,216;0;EJECUTADA;46207;W-02;;;;;;;;;;;;;;;;;;;;;;;;;;;;
"03351-PW-4""-C1-0094-N_HOJA-1_SP05_12";"03351-PW-4""-C1-0094-N_HOJA-1_SP05";"03351-PW-4""-C1-0094-N_HOJA-1";Agua de Proceso;03350-02-01;;TORRE TRASFERENCIA;"03351-PW-4""-C1-0094-N";1;0;SP05;12;S;BW;4;STD;C1;N;CS;0,24;Agua de Proceso;;W-01;;12/03/2026;46113;46118;46248;46207;;;0,9;0,216;0,216;0;EJECUTADA;46118;W-01;;;;;;;;;;;;;;;;;;;;;;;;;;;;
"03351-PW-4""-C1-0094-N_HOJA-1_SP05_13";"03351-PW-4""-C1-0094-N_HOJA-1_SP05";"03351-PW-4""-C1-0094-N_HOJA-1";Agua de Proceso;03350-02-01;;TORRE TRASFERENCIA;"03351-PW-4""-C1-0094-N";1;0;SP05;13;S;BW;4;STD;C1;N;CS;0,24;Agua de Proceso;;W-01;;12/03/2026;46113;46118;46248;46207;;;0,9;0,216;0,216;0;EJECUTADA;46118;W-01;;;;;;;;;;;;;;;;;;;;;;;;;;;;
"03351-PW-4""-C1-0094-N_HOJA-1_SP05_14";"03351-PW-4""-C1-0094-N_HOJA-1_SP05";"03351-PW-4""-C1-0094-N_HOJA-1";Agua de Proceso;03350-02-01;;TORRE TRASFERENCIA;"03351-PW-4""-C1-0094-N";1;0;SP05;14;F;BW;4;STD;C1;N;CS;0,24;Agua de Proceso;HV-1027;W-02;;12/03/2026;46207;46207;46207;46207;;;0,9;0,216;0,216;0;EJECUTADA;46207;W-02;;;;;;;;;;;;;;;;;;;;;;;;;;;;
"03351-PW-6""-C1-0013-N_HOJA-1_SP01_1";"03351-PW-6""-C1-0013-N_HOJA-1_SP01";"03351-PW-6""-C1-0013-N_HOJA-1";Agua de Proceso;03350-02-01;;PIPE RACK ;"03351-PW-6""-C1-0013-N";1;0;SP01;1;S;SO;6;STD;C1;N;CS;2,05;Agua de Proceso;;;Eliminada;12/03/2026;46207;46207;46207;46207;46207;46207;1;2,05;0,41;1,64;;;;;;;;;;;;;;;;;;;;;;;;;;;;;;;
"03351-PW-6""-C1-0013-N_HOJA-1_SP01_2";"03351-PW-6""-C1-0013-N_HOJA-1_SP01";"03351-PW-6""-C1-0013-N_HOJA-1";Agua de Proceso;03350-02-01;;PIPE RACK ;"03351-PW-6""-C1-0013-N";1;0;SP01;2;S;SO;6;STD;C1;N;CS;2,05;Agua de Proceso;;;Eliminada;12/03/2026;46207;46207;46202;46207;46207;46207;1;2,05;0,615;1,435;;;;;;;;;;;;;;;;;;;;;;;;;;;;;;;
"03351-PW-6""-C1-0013-N_HOJA-1_SP01_3";"03351-PW-6""-C1-0013-N_HOJA-1_SP01";"03351-PW-6""-C1-0013-N_HOJA-1";Agua de Proceso;03350-02-01;;PIPE RACK ;"03351-PW-6""-C1-0013-N";1;0;SP01;3;S;BW;6;STD;C1;N;CS;2,05;Agua de Proceso;;;Eliminada;12/03/2026;46207;46207;46207;46207;46207;46207;1;2,05;0,41;1,64;;;;;;;;;;;;;;;;;;;;;;;;;;;;;;;
"03351-PW-6""-C1-0013-N_HOJA-1_SP01_4";"03351-PW-6""-C1-0013-N_HOJA-1_SP01";"03351-PW-6""-C1-0013-N_HOJA-1";Agua de Proceso;03350-02-01;;PIPE RACK ;"03351-PW-6""-C1-0013-N";1;0;SP01;4;S;SO;6;STD;C1;N;CS;2,05;Agua de Proceso;;;Eliminada;12/03/2026;46207;46207;46207;46207;46207;46207;1;2,05;0,41;1,64;;;;;;;;;;;;;;;;;;;;;;;;;;;;;;;
"03351-PW-6""-C1-0013-N_HOJA-1_SP02_5";"03351-PW-6""-C1-0013-N_HOJA-1_SP02";"03351-PW-6""-C1-0013-N_HOJA-1";Agua de Proceso;03350-02-01;;PIPE RACK ;"03351-PW-6""-C1-0013-N";1;0;SP02;5;S;SO;6;STD;C1;N;CS;2,05;Agua de Proceso;;;Eliminada;12/03/2026;46207;46207;46221;46207;46207;46207;1;2,05;0,41;1,64;;;;;;;;;;;;;;;;;;;;;;;;;;;;;;;
"03351-PW-6""-C1-0013-N_HOJA-1_SP02_6";"03351-PW-6""-C1-0013-N_HOJA-1_SP02";"03351-PW-6""-C1-0013-N_HOJA-1";Agua de Proceso;03350-02-01;;PIPE RACK ;"03351-PW-6""-C1-0013-N";1;0;SP02;6;S;SO;6;STD;C1;N;CS;2,05;Agua de Proceso;;;Eliminada;12/03/2026;46207;46207;46207;46207;46207;46207;1;2,05;0,41;1,64;;;;;;;;;;;;;;;;;;;;;;;;;;;;;;;
"03351-PW-6""-C1-0013-N_HOJA-1_SP03_7";"03351-PW-6""-C1-0013-N_HOJA-1_SP03";"03351-PW-6""-C1-0013-N_HOJA-1";Agua de Proceso;03350-02-01;;PIPE RACK ;"03351-PW-6""-C1-0013-N";1;0;SP03;7;S;SO;6;STD;C1;N;CS;2,05;Agua de Proceso;;;Eliminada;12/03/2026;46207;46207;46207;46207;46207;46207;1;2,05;0,41;1,64;;;;;;;;;;;;;;;;;;;;;;;;;;;;;;;
"03351-PW-6""-C1-0013-N_HOJA-1_SP03_8";"03351-PW-6""-C1-0013-N_HOJA-1_SP03";"03351-PW-6""-C1-0013-N_HOJA-1";Agua de Proceso;03350-02-01;;PIPE RACK ;"03351-PW-6""-C1-0013-N";1;0;SP03;8;S;SO;6;STD;C1;N;CS;2,05;Agua de Proceso;;;Eliminada;12/03/2026;46207;46207;46207;46207;46207;46207;1;2,05;0,41;1,64;;;;;;;;;;;;;;;;;;;;;;;;;;;;;;;
"03351-PW-6""-C1-0013-N_HOJA-1_SP04_9";"03351-PW-6""-C1-0013-N_HOJA-1_SP04";"03351-PW-6""-C1-0013-N_HOJA-1";Agua de Proceso;03350-02-01;;PIPE RACK ;"03351-PW-6""-C1-0013-N";1;0;SP04;9;S;SO;6;STD;C1;N;CS;2,05;Agua de Proceso;;;Eliminada;12/03/2026;46207;46207;46207;46207;46207;46207;1;2,05;0,41;1,64;;;;;;;;;;;;;;;;;;;;;;;;;;;;;;;
"03351-PW-6""-C1-0013-N_HOJA-1_SP04_10";"03351-PW-6""-C1-0013-N_HOJA-1_SP04";"03351-PW-6""-C1-0013-N_HOJA-1";Agua de Proceso;03350-02-01;;PIPE RACK ;"03351-PW-6""-C1-0013-N";1;0;SP04;10;S;BW;6;STD;C1;N;CS;2,05;Agua de Proceso;;;Eliminada;12/03/2026;46207;46207;46221;46207;46207;46207;1;2,05;0,41;1,64;;;;;;;;;;;;;;;;;;;;;;;;;;;;;;;
"03351-PW-6""-C1-0013-N_HOJA-1_SP04_11";"03351-PW-6""-C1-0013-N_HOJA-1_SP04";"03351-PW-6""-C1-0013-N_HOJA-1";Agua de Proceso;03350-02-01;;PIPE RACK ;"03351-PW-6""-C1-0013-N";1;0;SP04;11;S;BW;6;STD;C1;N;CS;2,05;Agua de Proceso;;;Eliminada;12/03/2026;46207;46207;46207;46207;46207;46207;1;2,05;0,41;1,64;;;;;;;;;;;;;;;;;;;;;;;;;;;;;;;
"03351-PW-6""-C1-0013-N_HOJA-1_SP04_12";"03351-PW-6""-C1-0013-N_HOJA-1_SP04";"03351-PW-6""-C1-0013-N_HOJA-1";Agua de Proceso;03350-02-01;;PIPE RACK ;"03351-PW-6""-C1-0013-N";1;0;SP04;12;F;BW;6;STD;C1;N;CS;2,05;Agua de Proceso;;;Eliminada;12/03/2026;46207;46207;46207;46207;46207;46207;1;2,05;0,41;1,64;;;;;;;;;;;;;;;;;;;;;;;;;;;;;;;
"03351-PW-6""-C1-0013-N_HOJA-1_SP05_13";"03351-PW-6""-C1-0013-N_HOJA-1_SP05";"03351-PW-6""-C1-0013-N_HOJA-1";Agua de Proceso;03350-02-01;;PIPE RACK ;"03351-PW-6""-C1-0013-N";1;0;SP05;13;S;BW;6;STD;C1;N;CS;2,05;Agua de Proceso;;;Eliminada;12/03/2026;46207;46207;46221;46207;46207;46207;1;2,05;0,41;1,64;;;;;;;;;;;;;;;;;;;;;;;;;;;;;;;
"03351-PW-6""-C1-0013-N_HOJA-1_SP05_14";"03351-PW-6""-C1-0013-N_HOJA-1_SP05";"03351-PW-6""-C1-0013-N_HOJA-1";Agua de Proceso;03350-02-01;;PIPE RACK ;"03351-PW-6""-C1-0013-N";1;0;SP05;14;S;BW;6;STD;C1;N;CS;2,05;Agua de Proceso;;;Eliminada;12/03/2026;46207;46207;46207;46207;46207;46207;1;2,05;0,41;1,64;;;;;;;;;;;;;;;;;;;;;;;;;;;;;;;
"03351-PW-6""-C1-0013-N_HOJA-1_SP05_15";"03351-PW-6""-C1-0013-N_HOJA-1_SP05";"03351-PW-6""-C1-0013-N_HOJA-1";Agua de Proceso;03350-02-01;;PIPE RACK ;"03351-PW-6""-C1-0013-N";1;0;SP05;15;F;BW;6;STD;C1;N;CS;2,05;Agua de Proceso;;;Eliminada;12/03/2026;46207;46207;46207;46207;46207;46207;1;2,05;0,41;1,64;;;;;;;;;;;;;;;;;;;;;;;;;;;;;;;
"03351-PW-6""-C1-0013-N_HOJA-1_SP06_16";"03351-PW-6""-C1-0013-N_HOJA-1_SP06";"03351-PW-6""-C1-0013-N_HOJA-1";Agua de Proceso;03350-02-01;;PIPE RACK ;"03351-PW-6""-C1-0013-N";1;0;SP06;16;S;BW;6;STD;C1;N;CS;2,05;Agua de Proceso;;;Eliminada;12/03/2026;46207;46207;46207;46207;46207;46207;1;2,05;0,41;1,64;;;;;;;;;;;;;;;;;;;;;;;;;;;;;;;
"03351-PW-6""-C1-0013-N_HOJA-1_SP06_17";"03351-PW-6""-C1-0013-N_HOJA-1_SP06";"03351-PW-6""-C1-0013-N_HOJA-1";Agua de Proceso;03350-02-01;;PIPE RACK ;"03351-PW-6""-C1-0013-N";1;0;SP06;17;F;BW;6;STD;C1;N;CS;2,05;Agua de Proceso;;W-16;Eliminada;12/03/2026;46236;46207;46236;46207;46207;46207;1;2,05;1,23;0,82;EJECUTADA;46236;W-16;;;;;;;;;;;;;;;;;;;;;;;;;;;;
"03351-PW-6""-C1-0013-N_HOJA-1_SP07_18";"03351-PW-6""-C1-0013-N_HOJA-1_SP07";"03351-PW-6""-C1-0013-N_HOJA-1";Agua de Proceso;03350-02-01;;PIPE RACK ;"03351-PW-6""-C1-0013-N";1;0;SP07;18;S;BW;6;STD;C1;N;CS;2,05;Agua de Proceso;;;Eliminada;12/03/2026;46207;46207;46207;46207;46207;46207;1;2,05;0,41;1,64;;;;;;;;;;;;;;;;;;;;;;;;;;;;;;;
"03351-PW-6""-C1-0013-N_HOJA-1_SP06_19";"03351-PW-6""-C1-0013-N_HOJA-1_SP06";"03351-PW-6""-C1-0013-N_HOJA-1";Agua de Proceso;03350-02-01;;PIPE RACK ;"03351-PW-6""-C1-0013-N";1;0;SP06;19;F;LET;2;STD;C1;N;CS;2,05;Agua de Proceso;;;Eliminada;12/03/2026;46207;46207;46207;46207;46207;46207;1;2,05;0,41;1,64;;;;;;;;;;;;;;;;;;;;;;;;;;;;;;;
"03351-PW-6""-C1-0013-N_HOJA-1_SP06_20";"03351-PW-6""-C1-0013-N_HOJA-1_SP06";"03351-PW-6""-C1-0013-N_HOJA-1";Agua de Proceso;03350-02-01;;PIPE RACK ;"03351-PW-6""-C1-0013-N";1;0;SP06;20;S;BW;2;STD;C1;N;CS;2,05;Agua de Proceso;;;Eliminada;12/03/2026;46207;46207;46207;46207;46207;46207;1;2,05;0,41;1,64;;;;;;;;;;;;;;;;;;;;;;;;;;;;;;;
"03351-PW-6""-C1-0013-N_HOJA-2_SP01_1";"03351-PW-6""-C1-0013-N_HOJA-2_SP01";"03351-PW-6""-C1-0013-N_HOJA-2";Agua de Proceso;03350-02-01;;PIPE RACK ;"03351-PW-6""-C1-0013-N";2;0;SP01;1;F;BW;6;STD;C1;N;CS;2,18;Agua de Proceso;;;Eliminada;12/03/2026;46207;46207;46207;46207;46207;46207;1;2,18;0,436;1,744;;;;;;;;;;;;;;;;;;;;;;;;;;;;;;;
"03351-PW-6""-C1-0013-N_HOJA-2_SP01_2";"03351-PW-6""-C1-0013-N_HOJA-2_SP01";"03351-PW-6""-C1-0013-N_HOJA-2";Agua de Proceso;03350-02-01;;PIPE RACK ;"03351-PW-6""-C1-0013-N";2;0;SP01;2;S;BW;6;STD;C1;N;CS;2,18;Agua de Proceso;;;Eliminada;12/03/2026;46207;46207;46207;46207;46207;46207;1;2,18;0,436;1,744;;;;;;;;;;;;;;;;;;;;;;;;;;;;;;;
"03351-PW-6""-C1-0013-N_HOJA-2_SP01_3";"03351-PW-6""-C1-0013-N_HOJA-2_SP01";"03351-PW-6""-C1-0013-N_HOJA-2";Agua de Proceso;03350-02-01;;PIPE RACK ;"03351-PW-6""-C1-0013-N";2;0;SP01;3;S;BW;6;STD;C1;N;CS;2,18;Agua de Proceso;;;Eliminada;12/03/2026;46207;46207;46207;46207;46207;46207;1;2,18;0,436;1,744;;;;;;;;;;;;;;;;;;;;;;;;;;;;;;;
"03351-PW-6""-C1-0013-N_HOJA-2_SP01_4";"03351-PW-6""-C1-0013-N_HOJA-2_SP01";"03351-PW-6""-C1-0013-N_HOJA-2";Agua de Proceso;03350-02-01;;PIPE RACK ;"03351-PW-6""-C1-0013-N";2;0;SP01;4;S;BW;6;STD;C1;N;CS;2,18;Agua de Proceso;;W-02;Eliminada;12/03/2026;46111;46111;46205;46207;46207;46207;1;2,18;1,308;0,872;EJECUTADA;46111;W-02;;;;;;;;;;;;;;;;;;;;;;;;;;;;
"03351-PW-6""-C1-0013-N_HOJA-2_SP02_5";"03351-PW-6""-C1-0013-N_HOJA-2_SP02";"03351-PW-6""-C1-0013-N_HOJA-2";Agua de Proceso;03350-02-01;;PIPE RACK ;"03351-PW-6""-C1-0013-N";2;0;SP02;5;F;BW;6;STD;C1;N;CS;2,18;Agua de Proceso;;;Eliminada;12/03/2026;46207;46207;46207;46207;46207;46207;1;2,18;0,436;1,744;;;;;;;;;;;;;;;;;;;;;;;;;;;;;;;
"03351-PW-6""-C1-0013-N_HOJA-2_SP02_6";"03351-PW-6""-C1-0013-N_HOJA-2_SP02";"03351-PW-6""-C1-0013-N_HOJA-2";Agua de Proceso;03350-02-01;;PIPE RACK ;"03351-PW-6""-C1-0013-N";2;0;SP02;6;F;BW;6;STD;C1;N;CS;2,18;Agua de Proceso;;;Eliminada;12/03/2026;46207;46207;46207;46207;46207;46207;1;2,18;0,436;1,744;;;;;;;;;;;;;;;;;;;;;;;;;;;;;;;
"03351-PW-6""-C1-0013-N_HOJA-2_SP03_7";"03351-PW-6""-C1-0013-N_HOJA-2_SP03";"03351-PW-6""-C1-0013-N_HOJA-2";Agua de Proceso;03350-02-01;;PIPE RACK ;"03351-PW-6""-C1-0013-N";2;0;SP03;7;S;BW;6;STD;C1;N;CS;2,18;Agua de Proceso;;;Eliminada;12/03/2026;46207;46207;46207;46207;46207;46207;1;2,18;0,436;1,744;;;;;;;;;;;;;;;;;;;;;;;;;;;;;;;
"03351-PW-6""-C1-0013-N_HOJA-2_SP03_8";"03351-PW-6""-C1-0013-N_HOJA-2_SP03";"03351-PW-6""-C1-0013-N_HOJA-2";Agua de Proceso;03350-02-01;;PIPE RACK ;"03351-PW-6""-C1-0013-N";2;0;SP03;8;S;BW;6;STD;C1;N;CS;2,18;Agua de Proceso;;;Eliminada;12/03/2026;46207;46207;46221;46207;46207;46207;1;2,18;0,436;1,744;;;;;;;;;;;;;;;;;;;;;;;;;;;;;;;
"03351-PW-6""-C1-0013-N_HOJA-2_SP04_9";"03351-PW-6""-C1-0013-N_HOJA-2_SP04";"03351-PW-6""-C1-0013-N_HOJA-2";Agua de Proceso;03350-02-01;;PIPE RACK ;"03351-PW-6""-C1-0013-N";2;0;SP04;9;F;BW;6;STD;C1;N;CS;2,18;Agua de Proceso;;;Eliminada;12/03/2026;46207;46207;46207;46207;46207;46207;1;2,18;0,436;1,744;;;;;;;;;;;;;;;;;;;;;;;;;;;;;;;
"03351-PW-6""-C1-0013-N_HOJA-2_SP04_10";"03351-PW-6""-C1-0013-N_HOJA-2_SP04";"03351-PW-6""-C1-0013-N_HOJA-2";Agua de Proceso;03350-02-01;;PIPE RACK ;"03351-PW-6""-C1-0013-N";2;0;SP04;10;S;BW;6;STD;C1;N;CS;2,18;Agua de Proceso;;;Eliminada;12/03/2026;46207;46207;46221;46207;46207;46207;1;2,18;0,436;1,744;;;;;;;;;;;;;;;;;;;;;;;;;;;;;;;
"03351-PW-6""-C1-0013-N_HOJA-2_SP04_11";"03351-PW-6""-C1-0013-N_HOJA-2_SP04";"03351-PW-6""-C1-0013-N_HOJA-2";Agua de Proceso;03350-02-01;;PIPE RACK ;"03351-PW-6""-C1-0013-N";2;0;SP04;11;S;BW;6;STD;C1;N;CS;2,18;Agua de Proceso;;;Eliminada;12/03/2026;46207;46207;46207;46207;46207;46207;1;2,18;0,436;1,744;;;;;;;;;;;;;;;;;;;;;;;;;;;;;;;
"03351-PW-6""-C1-0013-N_HOJA-2_SP05_12";"03351-PW-6""-C1-0013-N_HOJA-2_SP05";"03351-PW-6""-C1-0013-N_HOJA-2";Agua de Proceso;03350-02-01;;PIPE RACK ;"03351-PW-6""-C1-0013-N";2;0;SP05;12;F;BW;6;STD;C1;N;CS;2,18;Agua de Proceso;;;Eliminada;12/03/2026;46207;46207;46207;46207;46207;46207;1;2,18;0,436;1,744;;;;;;;;;;;;;;;;;;;;;;;;;;;;;;;
"03351-PW-6""-C1-0013-N_HOJA-2_SP05_13";"03351-PW-6""-C1-0013-N_HOJA-2_SP05";"03351-PW-6""-C1-0013-N_HOJA-2";Agua de Proceso;03350-02-01;;PIPE RACK ;"03351-PW-6""-C1-0013-N";2;0;SP05;13;S;BW;6;STD;C1;N;CS;2,18;Agua de Proceso;;;Eliminada;12/03/2026;46207;46207;46207;46207;46207;46207;1;2,18;0,436;1,744;;;;;;;;;;;;;;;;;;;;;;;;;;;;;;;
"03351-PW-6""-C1-0013-N_HOJA-3__1";"03351-PW-6""-C1-0013-N_HOJA-3_";"03351-PW-6""-C1-0013-N_HOJA-3";Agua de Proceso;03350-02-01;;PIPE RACK ;"03351-PW-6""-C1-0013-N";3;0;;1;F;BW;;STD;C1;N;CS;2,955;Agua de Proceso;;;Eliminada;12/03/2026;46191;46112;46221;46207;46207;46207;1;2,955;0;2,955;;;;;;;;;;;;;;;;;;;;;;;;;;;;;;;
"03351-PW-6""-C1-0013-N_HOJA-3__2";"03351-PW-6""-C1-0013-N_HOJA-3_";"03351-PW-6""-C1-0013-N_HOJA-3";Agua de Proceso;03350-02-01;;PIPE RACK ;"03351-PW-6""-C1-0013-N";3;0;;2;F;BW;;STD;C1;N;CS;2,955;Agua de Proceso;;;Eliminada;12/03/2026;46185;46112;46207;46207;46207;46207;1;2,955;0;2,955;;;;;;;;;;;;;;;;;;;;;;;;;;;;;;;
"03351-PW-6""-C1-0013-N_HOJA-3__3";"03351-PW-6""-C1-0013-N_HOJA-3_";"03351-PW-6""-C1-0013-N_HOJA-3";Agua de Proceso;03350-02-01;;PIPE RACK ;"03351-PW-6""-C1-0013-N";3;0;;3;S;BW;;STD;C1;N;CS;2,955;Agua de Proceso;;W-02;Eliminada;12/03/2026;46100;46112;46188;46207;46207;46207;1;2,955;0;2,955;;;;;;;;;;;;;;;;;;;;;;;;;;;;;;;
"03351-PW-6""-C1-0013-N_HOJA-3__4";"03351-PW-6""-C1-0013-N_HOJA-3_";"03351-PW-6""-C1-0013-N_HOJA-3";Agua de Proceso;03350-02-01;;PIPE RACK ;"03351-PW-6""-C1-0013-N";3;0;;4;F;BW;;STD;C1;N;CS;2,955;Agua de Proceso;;;Eliminada;12/03/2026;46191;46207;46207;46207;46207;46207;1;2,955;0;2,955;;;;;;;;;;;;;;;;;;;;;;;;;;;;;;;
"03351-PW-6""-C1-0013-N_HOJA-3__5";"03351-PW-6""-C1-0013-N_HOJA-3_";"03351-PW-6""-C1-0013-N_HOJA-3";Agua de Proceso;03350-02-01;;PIPE RACK ;"03351-PW-6""-C1-0013-N";3;0;;5;S;BW;;STD;C1;N;CS;2,955;Agua de Proceso;;W-02;Eliminada;12/03/2026;46114;46207;46205;46207;46207;46207;1;2,955;0;2,955;;;;;;;;;;;;;;;;;;;;;;;;;;;;;;;
"03351-PW-6""-C1-0013-N_HOJA-3__6";"03351-PW-6""-C1-0013-N_HOJA-3_";"03351-PW-6""-C1-0013-N_HOJA-3";Agua de Proceso;03350-02-01;;PIPE RACK ;"03351-PW-6""-C1-0013-N";3;0;;6;F;BW;;STD;C1;N;CS;2,955;Agua de Proceso;;;Eliminada;12/03/2026;46191;46207;46207;46207;46207;46207;1;2,955;0;2,955;;;;;;;;;;;;;;;;;;;;;;;;;;;;;;;
"03351-PW-6""-C1-0013-N_HOJA-3__7";"03351-PW-6""-C1-0013-N_HOJA-3_";"03351-PW-6""-C1-0013-N_HOJA-3";Agua de Proceso;03350-02-01;;PIPE RACK ;"03351-PW-6""-C1-0013-N";3;0;;7;F;BW;;STD;C1;N;CS;2,955;Agua de Proceso;;;Eliminada;12/03/2026;46191;46207;46207;46207;46207;46207;1;2,955;0;2,955;;;;;;;;;;;;;;;;;;;;;;;;;;;;;;;
"03351-PW-6""-C1-0013-N_HOJA-3_SP06_8";"03351-PW-6""-C1-0013-N_HOJA-3_SP06";"03351-PW-6""-C1-0013-N_HOJA-3";Agua de Proceso;03350-02-01;;PIPE RACK ;"03351-PW-6""-C1-0013-N";3;0;SP06;8;F;BW;6;STD;C1;N;CS;2,955;Agua de Proceso;;W-16;;12/03/2026;46191;46253;46202;46251;;;0,9;2,6595;1,638;1,0215;EJECUTADA;46254;W-16;;;;;;;;;;;;;;;;;;;;;;;;;;;;
"03351-PW-6""-C1-0013-N_HOJA-3_SP07_9";"03351-PW-6""-C1-0013-N_HOJA-3_SP07";"03351-PW-6""-C1-0013-N_HOJA-3";Agua de Proceso;03350-02-01;;PIPE RACK ;"03351-PW-6""-C1-0013-N";3;0;SP07;9;S;BW;6;STD;C1;N;CS;2,955;Agua de Proceso;;W-18;;12/03/2026;46186;46186;46188;46188;;;0,9;2,6595;0;2,6595;EJECUTADA;46186;W-18;;;;;;;;;;;;;;;;;;;;;;;;;;;;
"03351-PW-6""-C1-0013-N_HOJA-3_SP07_10";"03351-PW-6""-C1-0013-N_HOJA-3_SP07";"03351-PW-6""-C1-0013-N_HOJA-3";Agua de Proceso;03350-02-01;;PIPE RACK ;"03351-PW-6""-C1-0013-N";3;0;SP07;10;S;BW;6;STD;C1;N;CS;2,955;Agua de Proceso;;W-02;;12/03/2026;46100;46107;46188;46188;;;0,9;2,6595;0;2,6595;EJECUTADA;46107;W-02;;;;;;;;;;;;;;;;;;;;;;;;;;;;
"03351-PW-6""-C1-0013-N_HOJA-3_SP08_11";"03351-PW-6""-C1-0013-N_HOJA-3_SP08";"03351-PW-6""-C1-0013-N_HOJA-3";Agua de Proceso;03350-02-01;;PIPE RACK ;"03351-PW-6""-C1-0013-N";3;0;SP08;11;F;BW;6;STD;C1;N;CS;2,955;Agua de Proceso;;W-02;;12/03/2026;46191;46252;46202;46242;;;0,9;2,6595;1,638;1,0215;EJECUTADA;46253;W-02;;;;;;;;;;;;;;;;;;;;;;;;;;;;
"03351-PW-6""-C1-0013-N_HOJA-3_SP08_12";"03351-PW-6""-C1-0013-N_HOJA-3_SP08";"03351-PW-6""-C1-0013-N_HOJA-3";Agua de Proceso;03350-02-01;;PIPE RACK ;"03351-PW-6""-C1-0013-N";3;0;SP08;12;S;BW;6;STD;C1;N;CS;2,955;Agua de Proceso;;W-02;;12/03/2026;46100;46119;46205;46241;;;0,9;2,6595;0;2,6595;EJECUTADA;46119;W-02;;;;;;;;;;;;;;;;;;;;;;;;;;;;
"03351-PW-6""-C1-0013-N_HOJA-3_SP07_13";"03351-PW-6""-C1-0013-N_HOJA-3_SP07";"03351-PW-6""-C1-0013-N_HOJA-3";Agua de Proceso;03350-02-01;;PIPE RACK ;"03351-PW-6""-C1-0013-N";3;0;SP07;13;S;BW;6;STD;C1;N;CS;2,955;Agua de Proceso;;W-16;;12/03/2026;46191;46252;46221;46251;;;0,9;2,6595;0;2,6595;EJECUTADA;46252;W-16;;;;;;;;;;;;;;;;;;;;;;;;;;;;
"03351-PW-6""-C1-0013-N_HOJA-3_SP04_14";"03351-PW-6""-C1-0013-N_HOJA-3_SP04";"03351-PW-6""-C1-0013-N_HOJA-3";Agua de Proceso;03350-02-01;;PIPE RACK ;"03351-PW-6""-C1-0013-N";3;0;SP04;14;S;BW;6;STD;C1;N;CS;2,955;Agua de Proceso;;W-16;;12/03/2026;46185;46252;46207;46251;;;0,9;2,6595;0;2,6595;EJECUTADA;46252;W-16;;;;;;;;;;;;;;;;;;;;;;;;;;;;
"03351-PW-6""-C1-0013-N_HOJA-3_SP04_15";"03351-PW-6""-C1-0013-N_HOJA-3_SP04";"03351-PW-6""-C1-0013-N_HOJA-3";Agua de Proceso;03350-02-01;;PIPE RACK ;"03351-PW-6""-C1-0013-N";3;0;SP04;15;S;BW;6;STD;C1;N;CS;2,955;Agua de Proceso;;W-16;;12/03/2026;46100;46252;46188;46251;;;0,9;2,6595;0;2,6595;EJECUTADA;46252;W-16;;;;;;;;;;;;;;;;;;;;;;;;;;;;
"03351-PW-6""-C1-0013-N_HOJA-3_SP05_16";"03351-PW-6""-C1-0013-N_HOJA-3_SP05";"03351-PW-6""-C1-0013-N_HOJA-3";Agua de Proceso;03350-02-01;;PIPE RACK ;"03351-PW-6""-C1-0013-N";3;0;SP05;16;S;BW;6;STD;C1;N;CS;2,955;Agua de Proceso;;W-16;;12/03/2026;46191;46252;46207;46251;;;0,9;2,6595;0;2,6595;EJECUTADA;46252;W-16;;;;;;;;;;;;;;;;;;;;;;;;;;;;
"03351-PW-6""-C1-0013-N_HOJA-3_SP05_17";"03351-PW-6""-C1-0013-N_HOJA-3_SP05";"03351-PW-6""-C1-0013-N_HOJA-3";Agua de Proceso;03350-02-01;;PIPE RACK ;"03351-PW-6""-C1-0013-N";3;0;SP05;17;S;BW;6;STD;C1;N;CS;2,955;Agua de Proceso;;W-16;;12/03/2026;46114;46252;46205;46251;;;0,9;2,6595;0;2,6595;EJECUTADA;46252;W-16;;;;;;;;;;;;;;;;;;;;;;;;;;;;
"03351-PW-6""-C1-0013-N_HOJA-3_SP05_18";"03351-PW-6""-C1-0013-N_HOJA-3_SP05";"03351-PW-6""-C1-0013-N_HOJA-3";Agua de Proceso;03350-02-01;;PIPE RACK ;"03351-PW-6""-C1-0013-N";3;0;SP05;18;S;BW;6;STD;C1;N;CS;2,955;Agua de Proceso;;W-16;;12/03/2026;46191;46252;46207;46251;;;0,9;2,6595;0;2,6595;EJECUTADA;46254;W-16;;;;;;;;;;;;;;;;;;;;;;;;;;;;
"03351-PW-6""-C1-0013-N_HOJA-3_SP05_19";"03351-PW-6""-C1-0013-N_HOJA-3_SP05";"03351-PW-6""-C1-0013-N_HOJA-3";Agua de Proceso;03350-02-01;;PIPE RACK ;"03351-PW-6""-C1-0013-N";3;0;SP05;19;S;BW;6;STD;C1;N;CS;2,955;Agua de Proceso;;W-16;Adicional;12/03/2026;46191;46252;46207;46251;;;0,9;2,6595;1;1,6595;EJECUTADA;46254;W-16;;;;;;;;;;;;;;;;;;;;;;;;;;;;
"03351-PW-6""-C1-0013-N_HOJA-4_SP01_1";"03351-PW-6""-C1-0013-N_HOJA-4_SP01";"03351-PW-6""-C1-0013-N_HOJA-4";Agua de Proceso;03350-02-01;;TORRE TRASFERENCIA;"03351-PW-6""-C1-0013-N";4;0;SP01;1;S;BW;6;STD;C1;N;CS;1,024;Agua de Proceso;;;;12/03/2026;46255;46255;46202;46246;;;0,9;0,9216;0,3072;0,6144;EJECUTADA;46259;W-02;;;;;;;;;;;;;;;;;;;;;;;;;;;;
"03351-PW-6""-C1-0013-N_HOJA-4_SP01_2";"03351-PW-6""-C1-0013-N_HOJA-4_SP01";"03351-PW-6""-C1-0013-N_HOJA-4";Agua de Proceso;03350-02-01;;TORRE TRASFERENCIA;"03351-PW-6""-C1-0013-N";4;0;SP01;2;S;LET;2;STD;C1;N;CS;1,024;Agua de Proceso;;W-16;;12/03/2026;46254;46254;46202;46246;;;0,9;0,9216;0,3072;0,6144;EJECUTADA;46254;W-16;;;;;;;;;;;;;;;;;;;;;;;;;;;;
"03351-PW-6""-C1-0013-N_HOJA-4_SP01_3";"03351-PW-6""-C1-0013-N_HOJA-4_SP01";"03351-PW-6""-C1-0013-N_HOJA-4";Agua de Proceso;03350-02-01;;TORRE TRASFERENCIA;"03351-PW-6""-C1-0013-N";4;0;SP01;3;S;BW;2;STD;C1;N;CS;1,024;Agua de Proceso;;W-16;;12/03/2026;46254;46254;46202;46246;;;0,9;0,9216;0,3072;0,6144;EJECUTADA;46254;W-16;;;;;;;;;;;;;;;;;;;;;;;;;;;;
"03351-PW-6""-C1-0013-N_HOJA-4_SP01_4";"03351-PW-6""-C1-0013-N_HOJA-4_SP01";"03351-PW-6""-C1-0013-N_HOJA-4";Agua de Proceso;03350-02-01;;TORRE TRASFERENCIA;"03351-PW-6""-C1-0013-N";4;0;SP01;4;S;BW;6;STD;C1;N;CS;1,024;Agua de Proceso;;W-02;;12/03/2026;46101;46107;46205;46241;;;0,9;0,9216;0,6144;0,3072;EJECUTADA;46107;W-02;;;;;;;;;;;;;;;;;;;;;;;;;;;;
"03351-PW-6""-C1-0013-N_HOJA-4_SP01_5";"03351-PW-6""-C1-0013-N_HOJA-4_SP01";"03351-PW-6""-C1-0013-N_HOJA-4";Agua de Proceso;03350-02-01;;TORRE TRASFERENCIA;"03351-PW-6""-C1-0013-N";4;0;SP01;5;F;BW;6;STD;C1;N;CS;1,024;Agua de Proceso;;W-16;;12/03/2026;46208;46208;46205;46241;;;0,9;0,9216;0,6144;0,3072;EJECUTADA;46208;W-16;;;;;;;;;;;;;;;;;;;;;;;;;;;;
"03351-PW-6""-C1-0013-N_HOJA-4_SP02_6";"03351-PW-6""-C1-0013-N_HOJA-4_SP02";"03351-PW-6""-C1-0013-N_HOJA-4";Agua de Proceso;03350-02-01;;TORRE TRASFERENCIA;"03351-PW-6""-C1-0013-N";4;0;SP02;6;S;BW;6;STD;C1;N;CS;1,024;Agua de Proceso;;W-02;;12/03/2026;46105;46114;46205;46239;;;0,9;0,9216;0,6144;0,3072;EJECUTADA;46114;W-02;;;;;;;;;;;;;;;;;;;;;;;;;;;;
"03351-PW-6""-C1-0013-N_HOJA-4_SP02_7";"03351-PW-6""-C1-0013-N_HOJA-4_SP02";"03351-PW-6""-C1-0013-N_HOJA-4";Agua de Proceso;03350-02-01;;TORRE TRASFERENCIA;"03351-PW-6""-C1-0013-N";4;0;SP02;7;F;BW;6;STD;C1;N;CS;1,024;Agua de Proceso;;W-16;;12/03/2026;46207;46207;46205;46239;;;0,9;0,9216;0,6144;0,3072;EJECUTADA;46207;W-16;;;;;;;;;;;;;;;;;;;;;;;;;;;;
"03351-PW-6""-C1-0013-N_HOJA-4_SP03_8";"03351-PW-6""-C1-0013-N_HOJA-4_SP03";"03351-PW-6""-C1-0013-N_HOJA-4";Agua de Proceso;03350-02-01;;TORRE TRASFERENCIA;"03351-PW-6""-C1-0013-N";4;0;SP03;8;S;BW;6;STD;C1;N;CS;1,024;Agua de Proceso;;W-02;;12/03/2026;46105;46114;46205;46228;;;0,9;0,9216;0,6144;0,3072;EJECUTADA;46114;W-02;;;;;;;;;;;;;;;;;;;;;;;;;;;;
"03351-PW-6""-C1-0013-N_HOJA-4_SP03_9";"03351-PW-6""-C1-0013-N_HOJA-4_SP03";"03351-PW-6""-C1-0013-N_HOJA-4";Agua de Proceso;03350-02-01;;TORRE TRASFERENCIA;"03351-PW-6""-C1-0013-N";4;0;SP03;9;F;BW;6;STD;C1;N;CS;1,024;Agua de Proceso;;W-18;;12/03/2026;46214;46214;46214;46228;;;0,9;0,9216;0,6144;0,3072;EJECUTADA;46214;W-18;;;;;;;;;;;;;;;;;;;;;;;;;;;;
"03351-PW-6""-C1-0013-N_HOJA-4_SP04_10";"03351-PW-6""-C1-0013-N_HOJA-4_SP04";"03351-PW-6""-C1-0013-N_HOJA-4";Agua de Proceso;03350-02-01;;TORRE TRASFERENCIA;"03351-PW-6""-C1-0013-N";4;0;SP04;10;S;BW;6;STD;C1;N;CS;1,024;Agua de Proceso;;W-02;;12/03/2026;46105;46113;46205;46228;;;0,9;0,9216;0,6144;0,3072;EJECUTADA;46113;W-02;;;;;;;;;;;;;;;;;;;;;;;;;;;;
"03351-PW-6""-C1-0013-N_HOJA-4_SP04_11";"03351-PW-6""-C1-0013-N_HOJA-4_SP04";"03351-PW-6""-C1-0013-N_HOJA-4";Agua de Proceso;03350-02-01;;TORRE TRASFERENCIA;"03351-PW-6""-C1-0013-N";4;0;SP04;11;S;BW;6;STD;C1;N;CS;1,024;Agua de Proceso;;W-18;;12/03/2026;46218;46218;46216;46228;;;0,9;0,9216;0,6144;0,3072;EJECUTADA;46218;W-18;;;;;;;;;;;;;;;;;;;;;;;;;;;;
"03351-PW-6""-C1-0013-N_HOJA-4_SP04_12";"03351-PW-6""-C1-0013-N_HOJA-4_SP04";"03351-PW-6""-C1-0013-N_HOJA-4";Agua de Proceso;03350-02-01;;TORRE TRASFERENCIA;"03351-PW-6""-C1-0013-N";4;0;SP04;12;S;LET;2;STD;C1;N;CS;1,024;Agua de Proceso;;;;12/03/2026;46257;46257;46202;46228;;;0,9;0,9216;0,3072;0,6144;EJECUTADA;46259;W-02;;;;;;;;;;;;;;;;;;;;;;;;;;;;
"03351-PW-6""-C1-0013-N_HOJA-4_SP04_13";"03351-PW-6""-C1-0013-N_HOJA-4_SP04";"03351-PW-6""-C1-0013-N_HOJA-4";Agua de Proceso;03350-02-01;;TORRE TRASFERENCIA;"03351-PW-6""-C1-0013-N";4;0;SP04;13;S;BW;2;STD;C1;N;CS;1,024;Agua de Proceso;;;;12/03/2026;46255;46255;46202;46228;;;0,9;0,9216;0,3072;0,6144;;;;;;;;;;;;;;;;;;;;;;;;;;;;;;;
"03351-PW-6""-C1-0013-N_HOJA-4_SP04_14";"03351-PW-6""-C1-0013-N_HOJA-4_SP04";"03351-PW-6""-C1-0013-N_HOJA-4";Agua de Proceso;03350-02-01;;TORRE TRASFERENCIA;"03351-PW-6""-C1-0013-N";4;0;SP04;14;F;BW;6;STD;C1;N;CS;1,024;Agua de Proceso;;W-18;;12/03/2026;46213;46213;46213;46228;;;0,9;0,9216;0,6144;0,3072;EJECUTADA;46213;W-18;;;;;;;;;;;;;;;;;;;;;;;;;;;;
"03351-PW-6""-C1-0013-N_HOJA-4_SP05_15";"03351-PW-6""-C1-0013-N_HOJA-4_SP05";"03351-PW-6""-C1-0013-N_HOJA-4";Agua de Proceso;03350-02-01;;TORRE TRASFERENCIA;"03351-PW-6""-C1-0013-N";4;0;SP05;15;S;BW;6;STD;C1;N;CS;1,024;Agua de Proceso;;W-02;;12/03/2026;46105;46112;46205;46228;;;0,9;0,9216;0,6144;0,3072;EJECUTADA;46112;W-02;;;;;;;;;;;;;;;;;;;;;;;;;;;;
"03351-PW-6""-C1-0013-N_HOJA-4_SP05_16";"03351-PW-6""-C1-0013-N_HOJA-4_SP05";"03351-PW-6""-C1-0013-N_HOJA-4";Agua de Proceso;03350-02-01;;TORRE TRASFERENCIA;"03351-PW-6""-C1-0013-N";4;0;SP05;16;S;BW;6;STD;C1;N;CS;1,024;Agua de Proceso;;W-02;;12/03/2026;46105;46112;46205;46228;;;0,9;0,9216;0,6144;0,3072;EJECUTADA;46112;W-02;;;;;;;;;;;;;;;;;;;;;;;;;;;;
"03351-PW-6""-C1-0013-N_HOJA-4_SP05_17";"03351-PW-6""-C1-0013-N_HOJA-4_SP05";"03351-PW-6""-C1-0013-N_HOJA-4";Agua de Proceso;03350-02-01;;TORRE TRASFERENCIA;"03351-PW-6""-C1-0013-N";4;0;SP05;17;F;BW;6;STD;C1;N;CS;1,024;Agua de Proceso;;;;12/03/2026;46255;46255;46202;46228;;;0,9;0,9216;0,3072;0,6144;EJECUTADA;46259;W-02;;;;;;;;;;;;;;;;;;;;;;;;;;;;
"03351-PW-6""-C1-0013-N_HOJA-4_SP06_18";"03351-PW-6""-C1-0013-N_HOJA-4_SP06";"03351-PW-6""-C1-0013-N_HOJA-4";Agua de Proceso;03350-02-01;;TORRE TRASFERENCIA;"03351-PW-6""-C1-0013-N";4;0;SP06;18;S;LET;2;STD;C1;N;CS;1,024;Agua de Proceso;;;;12/03/2026;46255;46255;46202;46228;;;0,9;0,9216;0,3072;0,6144;EJECUTADA;46259;W-02;;;;;;;;;;;;;;;;;;;;;;;;;;;;
"03351-PW-6""-C1-0013-N_HOJA-4_SP06_19";"03351-PW-6""-C1-0013-N_HOJA-4_SP06";"03351-PW-6""-C1-0013-N_HOJA-4";Agua de Proceso;03350-02-01;;TORRE TRASFERENCIA;"03351-PW-6""-C1-0013-N";4;0;SP06;19;S;BW;2;STD;C1;N;CS;1,024;Agua de Proceso;;W-02;;12/03/2026;46105;46118;46205;46228;;;0,9;0,9216;0,6144;0,3072;EJECUTADA;46118;W-02;;;;;;;;;;;;;;;;;;;;;;;;;;;;
"03351-PW-6""-C1-0013-N_HOJA-4_SP06_20";"03351-PW-6""-C1-0013-N_HOJA-4_SP06";"03351-PW-6""-C1-0013-N_HOJA-4";Agua de Proceso;03350-02-01;;TORRE TRASFERENCIA;"03351-PW-6""-C1-0013-N";4;0;SP06;20;F;BW;6;STD;C1;N;CS;1,024;Agua de Proceso;;;;12/03/2026;46255;46255;46202;46228;;;0,9;0,9216;0,3072;0,6144;EJECUTADA;46259;W-02;;;;;;;;;;;;;;;;;;;;;;;;;;;;
"03351-PW-6""-C1-0013-N_HOJA-4_SP06_21";"03351-PW-6""-C1-0013-N_HOJA-4_SP06";"03351-PW-6""-C1-0013-N_HOJA-4";Agua de Proceso;03350-02-01;;TORRE TRASFERENCIA;"03351-PW-6""-C1-0013-N";4;0;SP06;21;F;BW;2;STD;C1;N;CS;1,024;Agua de Proceso;;;;12/03/2026;46258;46258;46202;46228;;;0,9;0,9216;0,3072;0,6144;EJECUTADA;46259;W-02;;;;;;;;;;;;;;;;;;;;;;;;;;;;
"03351-PW-6""-C1-0013-N_HOJA-4_SP07_22";"03351-PW-6""-C1-0013-N_HOJA-4_SP07";"03351-PW-6""-C1-0013-N_HOJA-4";Agua de Proceso;03350-02-01;;TORRE TRASFERENCIA;"03351-PW-6""-C1-0013-N";4;0;SP07;22;S;LET;2;STD;C1;N;CS;1,024;Agua de Proceso;;W-27;;12/03/2026;46255;46255;46202;46228;;;0,9;0,9216;0,3072;0,6144;EJECUTADA;46255;W-27;;;;;;;;;;;;;;;;;;;;;;;;;;;;
"03351-PW-6""-C1-0013-N_HOJA-4_SP07_23";"03351-PW-6""-C1-0013-N_HOJA-4_SP07";"03351-PW-6""-C1-0013-N_HOJA-4";Agua de Proceso;03350-02-01;;TORRE TRASFERENCIA;"03351-PW-6""-C1-0013-N";4;0;SP07;23;F;BW;2;STD;C1;N;CS;1,024;Agua de Proceso;;;;12/03/2026;46257;46257;46202;46228;;;0,9;0,9216;0,3072;0,6144;EJECUTADA;46258;W-27;;;;;;;;;;;;;;;;;;;;;;;;;;;;
"03351-PW-6""-C1-0013-N_HOJA-4_SP07_24";"03351-PW-6""-C1-0013-N_HOJA-4_SP07";"03351-PW-6""-C1-0013-N_HOJA-4";Agua de Proceso;03350-02-01;;TORRE TRASFERENCIA;"03351-PW-6""-C1-0013-N";4;0;SP07;24;S;LET;2;STD;C1;N;CS;1,024;Agua de Proceso;;;;12/03/2026;46257;46257;46202;46228;;;0,9;0,9216;0,3072;0,6144;;;;;;;;;;;;;;;;;;;;;;;;;;;;;;;
"03351-PW-6""-C1-0013-N_HOJA-4_SP07_25";"03351-PW-6""-C1-0013-N_HOJA-4_SP07";"03351-PW-6""-C1-0013-N_HOJA-4";Agua de Proceso;03350-02-01;;TORRE TRASFERENCIA;"03351-PW-6""-C1-0013-N";4;0;SP07;25;F;BW;2;STD;C1;N;CS;1,024;Agua de Proceso;;;;12/03/2026;;;46202;46228;;;0,6;0,6144;0,3072;0,3072;;;;;;;;;;;;;;;;;;;;;;;;;;;;;;;
"03351-PW-6""-C1-0013-N_HOJA-4_SP07_26";"03351-PW-6""-C1-0013-N_HOJA-4_SP07";"03351-PW-6""-C1-0013-N_HOJA-4";Agua de Proceso;03350-02-01;;TORRE TRASFERENCIA;"03351-PW-6""-C1-0013-N";4;0;SP07;26;S;LET;2;STD;C1;N;CS;1,024;Agua de Proceso;;W-27;;12/03/2026;46255;46255;46202;46228;;;0,9;0,9216;0,3072;0,6144;EJECUTADA;46255;W-27;;;;;;;;;;;;;;;;;;;;;;;;;;;;
"03351-PW-6""-C1-0013-N_HOJA-4_SP07_27";"03351-PW-6""-C1-0013-N_HOJA-4_SP07";"03351-PW-6""-C1-0013-N_HOJA-4";Agua de Proceso;03350-02-01;;TORRE TRASFERENCIA;"03351-PW-6""-C1-0013-N";4;0;SP07;27;F;BW;2;STD;C1;N;CS;1,024;Agua de Proceso;;;;12/03/2026;46257;46257;46202;46228;;;0,9;0,9216;0,3072;0,6144;EJECUTADA;46258;W-27;;;;;;;;;;;;;;;;;;;;;;;;;;;;
"03351-PW-6""-C1-0013-N_HOJA-4_SP07_28";"03351-PW-6""-C1-0013-N_HOJA-4_SP07";"03351-PW-6""-C1-0013-N_HOJA-4";Agua de Proceso;03350-02-01;;TORRE TRASFERENCIA;"03351-PW-6""-C1-0013-N";4;0;SP07;28;S;BW;6;STD;C1;N;CS;1,024;Agua de Proceso;;W-01;;12/03/2026;46105;46114;46205;46228;;;0,9;0,9216;0,6144;0,3072;EJECUTADA;46114;W-01;;;;;;;;;;;;;;;;;;;;;;;;;;;;
"03351-PW-6""-C1-0013-N_HOJA-4_SP07_29";"03351-PW-6""-C1-0013-N_HOJA-4_SP07";"03351-PW-6""-C1-0013-N_HOJA-4";Agua de Proceso;03350-02-01;;TORRE TRASFERENCIA;"03351-PW-6""-C1-0013-N";4;0;SP07;29;S;BW;6;STD;C1;N;CS;;Agua de Proceso;;W-01;;12/03/2026;46258;46258;46258;46258;;;0,9;0;;0;;;;;;;;;;;;;;;;;;;;;;;;;;;;;;;
"03351-PW-6""-C1-0013-N_HOJA-5_SP01_1";"03351-PW-6""-C1-0013-N_HOJA-5_SP01";"03351-PW-6""-C1-0013-N_HOJA-5";Agua de Proceso;03350-02-01;;BAJO ESPESADOR;"03351-PW-6""-C1-0013-N";5;0;SP01;1;F;BW;6;STD;C1;N;CS;1,328;Agua de Proceso;;;;12/03/2026;46255;46255;46202;46246;;;0,9;1,1952;0,3984;0,7968;EJECUTADA;46259;W-02;;;;;;;;;;;;;;;;;;;;;;;;;;;;
"03351-PW-6""-C1-0013-N_HOJA-5_SP01_2";"03351-PW-6""-C1-0013-N_HOJA-5_SP01";"03351-PW-6""-C1-0013-N_HOJA-5";Agua de Proceso;03350-02-01;;BAJO ESPESADOR;"03351-PW-6""-C1-0013-N";5;0;SP01;2;S;BW;6;STD;C1;N;CS;1,328;Agua de Proceso;;W-02;;12/03/2026;46113;46113;46205;46241;;;0,9;1,1952;0,7968;0,3984;EJECUTADA;46113;W-02;;;;;;;;;;;;;;;;;;;;;;;;;;;;
"03351-PW-6""-C1-0013-N_HOJA-5_SP02_3";"03351-PW-6""-C1-0013-N_HOJA-5_SP02";"03351-PW-6""-C1-0013-N_HOJA-5";Agua de Proceso;03350-02-01;;BAJO ESPESADOR;"03351-PW-6""-C1-0013-N";5;0;SP02;3;F;BW;6;STD;C1;N;CS;1,328;Agua de Proceso;;W-11;;12/03/2026;46243;46243;46202;46243;;;0,9;1,1952;0,3984;0,7968;EJECUTADA;46243;W-11;;;;;;;;;;;;;;;;;;;;;;;;;;;;
"03351-PW-6""-C1-0013-N_HOJA-5_SP02_4";"03351-PW-6""-C1-0013-N_HOJA-5_SP02";"03351-PW-6""-C1-0013-N_HOJA-5";Agua de Proceso;03350-02-01;;BAJO ESPESADOR;"03351-PW-6""-C1-0013-N";5;0;SP02;4;S;LET;2;STD;C1;N;CS;1,328;Agua de Proceso;;;;12/03/2026;;;46202;46246;;;0,6;0,7968;0,3984;0,3984;;;;;;;;;;;;;;;;;;;;;;;;;;;;;;;
"03351-PW-6""-C1-0013-N_HOJA-5_SP02_5";"03351-PW-6""-C1-0013-N_HOJA-5_SP02";"03351-PW-6""-C1-0013-N_HOJA-5";Agua de Proceso;03350-02-01;;BAJO ESPESADOR;"03351-PW-6""-C1-0013-N";5;0;SP02;5;F;BW;2;STD;C1;N;CS;1,328;Agua de Proceso;;;;12/03/2026;;;46202;46246;;;0,6;0,7968;0,3984;0,3984;;;;;;;;;;;;;;;;;;;;;;;;;;;;;;;
"03351-PW-6""-C1-0013-N_HOJA-5_SP02_6";"03351-PW-6""-C1-0013-N_HOJA-5_SP02";"03351-PW-6""-C1-0013-N_HOJA-5";Agua de Proceso;03350-02-01;;BAJO ESPESADOR;"03351-PW-6""-C1-0013-N";5;0;SP02;6;S;LET;2;STD;C1;N;CS;1,328;Agua de Proceso;;;;12/03/2026;46255;46255;46202;46246;;;0,9;1,1952;0,3984;0,7968;EJECUTADA;46259;W-19;;;;;;;;;;;;;;;;;;;;;;;;;;;;
"03351-PW-6""-C1-0013-N_HOJA-5_SP02_7";"03351-PW-6""-C1-0013-N_HOJA-5_SP02";"03351-PW-6""-C1-0013-N_HOJA-5";Agua de Proceso;03350-02-01;;BAJO ESPESADOR;"03351-PW-6""-C1-0013-N";5;0;SP02;7;F;BW;2;STD;C1;N;CS;1,328;Agua de Proceso;;;;12/03/2026;46255;46255;46202;46246;;;0,9;1,1952;0,3984;0,7968;EJECUTADA;46259;W-27;;;;;;;;;;;;;;;;;;;;;;;;;;;;
"03351-PW-6""-C1-0013-N_HOJA-5_SP02_8";"03351-PW-6""-C1-0013-N_HOJA-5_SP02";"03351-PW-6""-C1-0013-N_HOJA-5";Agua de Proceso;03350-02-01;;BAJO ESPESADOR;"03351-PW-6""-C1-0013-N";5;0;SP02;8;F;BW;6;STD;C1;N;CS;1,328;Agua de Proceso;;W-03;;12/03/2026;46240;46240;46202;46240;;;0,9;1,1952;0,3984;0,7968;EJECUTADA;46240;W-03;;;;;;;;;;;;;;;;;;;;;;;;;;;;
"03351-PW-6""-C1-0013-N_HOJA-5_SP03_9";"03351-PW-6""-C1-0013-N_HOJA-5_SP03";"03351-PW-6""-C1-0013-N_HOJA-5";Agua de Proceso;03350-02-01;;BAJO ESPESADOR;"03351-PW-6""-C1-0013-N";5;0;SP03;9;S;BW;6;STD;C1;N;CS;1,328;Agua de Proceso;;W-02;;12/03/2026;46105;46112;46205;46241;;;0,9;1,1952;0,7968;0,3984;EJECUTADA;46112;W-02;;;;;;;;;;;;;;;;;;;;;;;;;;;;
"03351-PW-6""-C1-0013-N_HOJA-5_SP03_10";"03351-PW-6""-C1-0013-N_HOJA-5_SP03";"03351-PW-6""-C1-0013-N_HOJA-5";Agua de Proceso;03350-02-01;;BAJO ESPESADOR;"03351-PW-6""-C1-0013-N";5;0;SP03;10;F;BW;6;STD;C1;N;CS;1,328;Agua de Proceso;;W-11;;12/03/2026;46245;46245;46202;46245;;;0,9;1,1952;0,3984;0,7968;EJECUTADA;46245;W-11;;;;;;;;;;;;;;;;;;;;;;;;;;;;
"03351-PW-6""-C1-0013-N_HOJA-5_SP05_11";"03351-PW-6""-C1-0013-N_HOJA-5_SP05";"03351-PW-6""-C1-0013-N_HOJA-5";Agua de Proceso;03350-02-01;;BAJO ESPESADOR;"03351-PW-6""-C1-0013-N";5;0;SP05;11;S;LET;2;STD;C1;N;CS;1,328;Agua de Proceso;;;;12/03/2026;46255;46255;46202;46246;;;0,9;1,1952;0,3984;0,7968;EJECUTADA;46259;W-18;;;;;;;;;;;;;;;;;;;;;;;;;;;;
"03351-PW-6""-C1-0013-N_HOJA-5_SP05_12";"03351-PW-6""-C1-0013-N_HOJA-5_SP05";"03351-PW-6""-C1-0013-N_HOJA-5";Agua de Proceso;03350-02-01;;BAJO ESPESADOR;"03351-PW-6""-C1-0013-N";5;0;SP05;12;S;BW;2;STD;C1;N;CS;1,328;Agua de Proceso;;;;12/03/2026;46258;46258;46202;46246;;;0,9;1,1952;0,3984;0,7968;EJECUTADA;46259;W-16;;;;;;;;;;;;;;;;;;;;;;;;;;;;
"03351-PW-6""-C1-0013-N_HOJA-5_SP05_13";"03351-PW-6""-C1-0013-N_HOJA-5_SP05";"03351-PW-6""-C1-0013-N_HOJA-5";Agua de Proceso;03350-02-01;;BAJO ESPESADOR;"03351-PW-6""-C1-0013-N";5;0;SP05;13;S;LET;2;STD;C1;N;CS;1,328;Agua de Proceso;;W-18;;12/03/2026;46143;46143;46205;46241;;;0,9;1,1952;0,7968;0,3984;EJECUTADA;46118;W-18;;;;;;;;;;;;;;;;;;;;;;;;;;;;
"03351-PW-6""-C1-0013-N_HOJA-5_SP05_14";"03351-PW-6""-C1-0013-N_HOJA-5_SP05";"03351-PW-6""-C1-0013-N_HOJA-5";Agua de Proceso;03350-02-01;;BAJO ESPESADOR;"03351-PW-6""-C1-0013-N";5;0;SP05;14;S;BW;2;STD;C1;N;CS;1,328;Agua de Proceso;;;;12/03/2026;46258;46258;46202;46246;;;0,9;1,1952;0,3984;0,7968;EJECUTADA;46259;W-02;;;;;;;;;;;;;;;;;;;;;;;;;;;;
"03351-PW-6""-C1-0013-N_HOJA-5_SP05_15";"03351-PW-6""-C1-0013-N_HOJA-5_SP05";"03351-PW-6""-C1-0013-N_HOJA-5";Agua de Proceso;03350-02-01;;BAJO ESPESADOR;"03351-PW-6""-C1-0013-N";5;0;SP05;15;S;LET;2;STD;C1;N;CS;1,328;Agua de Proceso;;W-02;;12/03/2026;46143;46144;46205;46241;;;0,9;1,1952;0,7968;0,3984;EJECUTADA;46144;W-02;;;;;;;;;;;;;;;;;;;;;;;;;;;;
"03351-PW-6""-C1-0013-N_HOJA-5_SP05_16";"03351-PW-6""-C1-0013-N_HOJA-5_SP05";"03351-PW-6""-C1-0013-N_HOJA-5";Agua de Proceso;03350-02-01;;BAJO ESPESADOR;"03351-PW-6""-C1-0013-N";5;0;SP05;16;S;BW;2;STD;C1;N;CS;1,328;Agua de Proceso;;;;12/03/2026;46255;46255;46202;46246;;;0,9;1,1952;0,3984;0,7968;EJECUTADA;46259;W-02;;;;;;;;;;;;;;;;;;;;;;;;;;;;
"03351-PW-6""-C1-0013-N_HOJA-5_SP05_17";"03351-PW-6""-C1-0013-N_HOJA-5_SP05";"03351-PW-6""-C1-0013-N_HOJA-5";Agua de Proceso;03350-02-01;;BAJO ESPESADOR;"03351-PW-6""-C1-0013-N";5;0;SP05;17;S;LET;2;STD;C1;N;CS;1,328;Agua de Proceso;;W-02;;12/03/2026;46143;46144;46205;46241;;;0,9;1,1952;0,7968;0,3984;EJECUTADA;46144;W-02;;;;;;;;;;;;;;;;;;;;;;;;;;;;
"03351-PW-6""-C1-0013-N_HOJA-5_SP05_18";"03351-PW-6""-C1-0013-N_HOJA-5_SP05";"03351-PW-6""-C1-0013-N_HOJA-5";Agua de Proceso;03350-02-01;;BAJO ESPESADOR;"03351-PW-6""-C1-0013-N";5;0;SP05;18;S;BW;2;STD;C1;N;CS;1,328;Agua de Proceso;;;;12/03/2026;46255;46255;46202;46246;;;0,9;1,1952;0,3984;0,7968;EJECUTADA;46259;W-18;;;;;;;;;;;;;;;;;;;;;;;;;;;;
"03351-PW-6""-C1-0013-N_HOJA-5_SP05_19";"03351-PW-6""-C1-0013-N_HOJA-5_SP05";"03351-PW-6""-C1-0013-N_HOJA-5";Agua de Proceso;03350-02-01;;BAJO ESPESADOR;"03351-PW-6""-C1-0013-N";5;0;SP05;19;S;SO;6;STD;C1;N;CS;1,328;Agua de Proceso;;W-02;;12/03/2026;46113;46118;46205;46241;;;0,9;1,1952;0,7968;0,3984;EJECUTADA;46118;W-02;;;;;;;;;;;;;;;;;;;;;;;;;;;;
"03351-PW-6""-C1-0013-N_HOJA-5_SP04_20";"03351-PW-6""-C1-0013-N_HOJA-5_SP04";"03351-PW-6""-C1-0013-N_HOJA-5";Agua de Proceso;03350-02-01;;BAJO ESPESADOR;"03351-PW-6""-C1-0013-N";5;0;SP04;20;S;BW;6;STD;C1;N;CS;1,328;Agua de Proceso;;W-18;Adicional;12/03/2026;46113;46118;46205;46241;;;0,9;1,1952;0,7968;0,3984;EJECUTADA;46119;W-18;;;;;;;;;;;;;;;;;;;;;;;;;;;;
"03351-PW-6""-C1-0013-N_HOJA-5_SP04_21";"03351-PW-6""-C1-0013-N_HOJA-5_SP04";"03351-PW-6""-C1-0013-N_HOJA-5";Agua de Proceso;03350-02-01;;BAJO ESPESADOR;"03351-PW-6""-C1-0013-N";5;0;SP04;21;S;BW;6;STD;C1;N;CS;;Agua de Proceso;;W-18;;12/03/2026;46258;46258;46258;46258;;;0,9;0;0;0;;;;;;;;;;;;;;;;;;;;;;;;;;;;;;;
03351-RW-250-H1-0009-N_HOJA-1_SP01_1;03351-RW-250-H1-0009-N_HOJA-1_SP01;03351-RW-250-H1-0009-N_HOJA-1;Agua Recuperada;03350-02-04;;TORRE TRASFERENCIA;03351-RW-250-H1-0009-N;1;0;SP01;1;F;TF;10;PN6;H1;N;HDPE;0,87;Agua Recuperada;POZO DE TRABAJO;;;17/06/2026;;;46244;;46251;;0,35;0,3045;0,174;0,1305;;;;;;;;;;;;;;;;;;;;;;;;;;;;;;;
03351-RW-250-H1-0009-N_HOJA-1_SP01_2;03351-RW-250-H1-0009-N_HOJA-1_SP01;03351-RW-250-H1-0009-N_HOJA-1;Agua Recuperada;03350-02-04;;TORRE TRASFERENCIA;03351-RW-250-H1-0009-N;1;0;SP01;2;S;TF;10;PN6;H1;N;HDPE;0,87;Agua Recuperada;;;;17/06/2026;;;46244;;46251;;0,35;0,3045;0,174;0,1305;;;;;;;;;;;;;;;;;;;;;;;;;;;;;;;
03351-RW-250-H1-0009-N_HOJA-1_SP02_3;03351-RW-250-H1-0009-N_HOJA-1_SP02;03351-RW-250-H1-0009-N_HOJA-1;Agua Recuperada;03350-02-04;;TORRE TRASFERENCIA;03351-RW-250-H1-0009-N;1;0;SP02;3;S;TF;10;PN6;H1;N;HDPE;0,87;Agua Recuperada;;;;17/06/2026;;;46221;;46251;;0,35;0,3045;0,174;0,1305;;;;;;;;;;;;;;;;;;;;;;;;;;;;;;;
03351-RW-250-H1-0009-N_HOJA-1_SP02_4;03351-RW-250-H1-0009-N_HOJA-1_SP02;03351-RW-250-H1-0009-N_HOJA-1;Agua Recuperada;03350-02-04;;TORRE TRASFERENCIA;03351-RW-250-H1-0009-N;1;0;SP02;4;S;TF;10;PN6;H1;N;HDPE;0,87;Agua Recuperada;;;;17/06/2026;;;46221;;46251;;0,35;0,3045;0,174;0,1305;;;;;;;;;;;;;;;;;;;;;;;;;;;;;;;
03351-RW-250-H1-0009-N_HOJA-1_SP03_5;03351-RW-250-H1-0009-N_HOJA-1_SP03;03351-RW-250-H1-0009-N_HOJA-1;Agua Recuperada;03350-02-04;;TORRE TRASFERENCIA;03351-RW-250-H1-0009-N;1;0;SP03;5;S;TF;10;PN6;H1;N;HDPE;0,87;Agua Recuperada;;;;17/06/2026;;;46244;;46251;;0,35;0,3045;0,174;0,1305;;;;;;;;;;;;;;;;;;;;;;;;;;;;;;;
03351-RW-250-H1-0009-N_HOJA-1_SP03_6;03351-RW-250-H1-0009-N_HOJA-1_SP03;03351-RW-250-H1-0009-N_HOJA-1;Agua Recuperada;03350-02-04;;TORRE TRASFERENCIA;03351-RW-250-H1-0009-N;1;0;SP03;6;S;TF;10;PN6;H1;N;HDPE;0,87;Agua Recuperada;;W-27;;17/06/2026;46204;46204;46214;;46251;;0,65;0,5655;0,522;0,0435;EJECUTADA;46204;W-27;;;;;;;;;;;;;;;;;;;;;;;;;;;;
03351-RW-250-H1-0009-N_HOJA-1_SP03_7;03351-RW-250-H1-0009-N_HOJA-1_SP03;03351-RW-250-H1-0009-N_HOJA-1;Agua Recuperada;03350-02-04;;TORRE TRASFERENCIA;03351-RW-250-H1-0009-N;1;0;SP03;7;S;TF;10;PN6;H1;N;HDPE;0,87;Agua Recuperada;;W-27;;17/06/2026;46204;46204;46214;;46251;;0,65;0,5655;0,522;0,0435;EJECUTADA;46204;W-27;;;;;;;;;;;;;;;;;;;;;;;;;;;;
03351-RW-250-H1-0009-N_HOJA-1_SP03_8;03351-RW-250-H1-0009-N_HOJA-1_SP03;03351-RW-250-H1-0009-N_HOJA-1;Agua Recuperada;03350-02-04;;TORRE TRASFERENCIA;03351-RW-250-H1-0009-N;1;0;SP03;8;S;TF;10;PN6;H1;N;HDPE;0,87;Agua Recuperada;;W-27;;17/06/2026;46204;46204;46214;;46251;;0,65;0,5655;0,522;0,0435;EJECUTADA;46204;0;;;;;;;;;;;;;;;;;;;;;;;;;;;;
03351-RW-250-H1-0010-N_HOJA-1_SP01_1;03351-RW-250-H1-0010-N_HOJA-1_SP01;03351-RW-250-H1-0010-N_HOJA-1;Agua Recuperada;03350-02-04;;TORRE TRASFERENCIA;03351-RW-250-H1-0010-N;1;0;SP01;1;F;TF;10;PN6;H1;N;HDPE;0,99;Agua Recuperada;POZO DECANTADOR 1;;;17/06/2026;;;46221;;46251;;0,35;0,3465;0,198;0,1485;;;;;;;;;;;;;;;;;;;;;;;;;;;;;;;
03351-RW-250-H1-0010-N_HOJA-1_SP01_2;03351-RW-250-H1-0010-N_HOJA-1_SP01;03351-RW-250-H1-0010-N_HOJA-1;Agua Recuperada;03350-02-04;;TORRE TRASFERENCIA;03351-RW-250-H1-0010-N;1;0;SP01;2;S;TF;10;PN6;H1;N;HDPE;0,99;Agua Recuperada;;;;17/06/2026;;;46244;;46251;;0,35;0,3465;0,198;0,1485;;;;;;;;;;;;;;;;;;;;;;;;;;;;;;;
03351-RW-250-H1-0010-N_HOJA-1_SP02_3;03351-RW-250-H1-0010-N_HOJA-1_SP02;03351-RW-250-H1-0010-N_HOJA-1;Agua Recuperada;03350-02-04;;TORRE TRASFERENCIA;03351-RW-250-H1-0010-N;1;0;SP02;3;S;TF;10;PN6;H1;N;HDPE;0,99;Agua Recuperada;;;;17/06/2026;;;46221;;46251;;0,35;0,3465;0,198;0,1485;;;;;;;;;;;;;;;;;;;;;;;;;;;;;;;
03351-RW-250-H1-0010-N_HOJA-1_SP02_4;03351-RW-250-H1-0010-N_HOJA-1_SP02;03351-RW-250-H1-0010-N_HOJA-1;Agua Recuperada;03350-02-04;;TORRE TRASFERENCIA;03351-RW-250-H1-0010-N;1;0;SP02;4;S;TF;10;PN6;H1;N;HDPE;0,99;Agua Recuperada;;;;17/06/2026;;;46244;;46251;;0,35;0,3465;0,198;0,1485;;;;;;;;;;;;;;;;;;;;;;;;;;;;;;;
03351-RW-250-H1-0010-N_HOJA-1_SP03_5;03351-RW-250-H1-0010-N_HOJA-1_SP03;03351-RW-250-H1-0010-N_HOJA-1;Agua Recuperada;03350-02-04;;TORRE TRASFERENCIA;03351-RW-250-H1-0010-N;1;0;SP03;5;S;TF;10;PN6;H1;N;HDPE;0,99;Agua Recuperada;;W-27;;17/06/2026;46205;46205;46214;;46251;;0,65;0,6435;0,594;0,0495;EJECUTADA;46205;W-27;;;;;;;;;;;;;;;;;;;;;;;;;;;;
03351-RW-250-H1-0010-N_HOJA-1_SP03_6;03351-RW-250-H1-0010-N_HOJA-1_SP03;03351-RW-250-H1-0010-N_HOJA-1;Agua Recuperada;03350-02-04;;TORRE TRASFERENCIA;03351-RW-250-H1-0010-N;1;0;SP03;6;S;TF;10;PN6;H1;N;HDPE;0,99;Agua Recuperada;;W-27;;17/06/2026;46204;46204;46214;;46251;;0,65;0,6435;0,594;0,0495;EJECUTADA;46204;W-27;;;;;;;;;;;;;;;;;;;;;;;;;;;;
03351-RW-250-H1-0010-N_HOJA-1_SP03_7;03351-RW-250-H1-0010-N_HOJA-1_SP03;03351-RW-250-H1-0010-N_HOJA-1;Agua Recuperada;03350-02-04;;TORRE TRASFERENCIA;03351-RW-250-H1-0010-N;1;0;SP03;7;S;TF;10;PN6;H1;N;HDPE;0,99;Agua Recuperada;;;;17/06/2026;;;46244;;46251;;0,35;0,3465;0,198;0,1485;;;;;;;;;;;;;;;;;;;;;;;;;;;;;;;
03351-RW-250-H1-0010-N_HOJA-1_SP03_8;03351-RW-250-H1-0010-N_HOJA-1_SP03;03351-RW-250-H1-0010-N_HOJA-1;Agua Recuperada;03350-02-04;;TORRE TRASFERENCIA;03351-RW-250-H1-0010-N;1;0;SP03;8;S;TF;10;PN6;H1;N;HDPE;0,99;Agua Recuperada;;W-27;;17/06/2026;46204;46204;46214;;46251;;0,65;0,6435;0,594;0,0495;EJECUTADA;46204;W-27;;;;;;;;;;;;;;;;;;;;;;;;;;;;
03351-RW-250-H1-0010-N_HOJA-1_SP03_9;03351-RW-250-H1-0010-N_HOJA-1_SP03;03351-RW-250-H1-0010-N_HOJA-1;Agua Recuperada;03350-02-04;;TORRE TRASFERENCIA;03351-RW-250-H1-0010-N;1;0;SP03;9;S;TF;10;PN6;H1;N;HDPE;0,99;Agua Recuperada;;W-27;;17/06/2026;46204;46204;46214;;46251;;0,65;0,6435;0,594;0,0495;EJECUTADA;46204;W-27;;;;;;;;;;;;;;;;;;;;;;;;;;;;
03351-RW-250-H1-0010-N_HOJA-1_SP03_10;03351-RW-250-H1-0010-N_HOJA-1_SP03;03351-RW-250-H1-0010-N_HOJA-1;Agua Recuperada;03350-02-04;;TORRE TRASFERENCIA;03351-RW-250-H1-0010-N;1;0;SP03;10;S;TF;10;PN6;H1;N;HDPE;0,99;Agua Recuperada;;W-27;;17/06/2026;46204;46204;46214;;46251;;0,65;0,6435;0,594;0,0495;EJECUTADA;46204;W-27;;;;;;;;;;;;;;;;;;;;;;;;;;;;
03351-RW-250-H1-0011-N_HOJA-1_SP01_1;03351-RW-250-H1-0011-N_HOJA-1_SP01;03351-RW-250-H1-0011-N_HOJA-1;Agua Recuperada;03350-02-04;;TORRE TRASFERENCIA;03351-RW-250-H1-0011-N;1;0;SP01;1;F;TF;10;PN6;H1;N;HDPE;1,2752;Agua Recuperada;POZO DECANTADOR 2;;;17/06/2026;;;46244;;46251;;0,35;0,44632;0,25504;0,19128;;;;;;;;;;;;;;;;;;;;;;;;;;;;;;;
03351-RW-250-H1-0011-N_HOJA-1_SP01_2;03351-RW-250-H1-0011-N_HOJA-1_SP01;03351-RW-250-H1-0011-N_HOJA-1;Agua Recuperada;03350-02-04;;TORRE TRASFERENCIA;03351-RW-250-H1-0011-N;1;0;SP01;2;S;TF;10;PN6;H1;N;HDPE;1,2752;Agua Recuperada;;W-27;;17/06/2026;46203;46203;46214;;46251;;0,65;0,82888;0,76512;0,06376;EJECUTADA;46203;W-27;;;;;;;;;;;;;;;;;;;;;;;;;;;;
03351-RW-250-H1-0011-N_HOJA-1_SP01_3;03351-RW-250-H1-0011-N_HOJA-1_SP01;03351-RW-250-H1-0011-N_HOJA-1;Agua Recuperada;03350-02-04;;TORRE TRASFERENCIA;03351-RW-250-H1-0011-N;1;0;SP01;3;S;TF;10;PN6;H1;N;HDPE;1,2752;Agua Recuperada;;W-27;;17/06/2026;46203;46203;46214;;46251;;0,65;0,82888;0,76512;0,06376;EJECUTADA;46203;W-27;;;;;;;;;;;;;;;;;;;;;;;;;;;;
03351-RW-250-H1-0011-N_HOJA-1_SP01_4;03351-RW-250-H1-0011-N_HOJA-1_SP01;03351-RW-250-H1-0011-N_HOJA-1;Agua Recuperada;03350-02-04;;TORRE TRASFERENCIA;03351-RW-250-H1-0011-N;1;0;SP01;4;S;TF;10;PN6;H1;N;HDPE;1,2752;Agua Recuperada;;;;17/06/2026;;;46221;;46251;;0,35;0,44632;0,25504;0,19128;;;;;;;;;;;;;;;;;;;;;;;;;;;;;;;
03351-RW-250-H1-0011-N_HOJA-1_SP02_5;03351-RW-250-H1-0011-N_HOJA-1_SP02;03351-RW-250-H1-0011-N_HOJA-1;Agua Recuperada;03350-02-04;;TORRE TRASFERENCIA;03351-RW-250-H1-0011-N;1;0;SP02;5;S;TF;10;PN6;H1;N;HDPE;1,2752;Agua Recuperada;;;;17/06/2026;;;46244;;46251;;0,35;0,44632;0,25504;0,19128;;;;;;;;;;;;;;;;;;;;;;;;;;;;;;;
03351-RW-250-H1-0011-N_HOJA-1_SP02_6;03351-RW-250-H1-0011-N_HOJA-1_SP02;03351-RW-250-H1-0011-N_HOJA-1;Agua Recuperada;03350-02-04;;TORRE TRASFERENCIA;03351-RW-250-H1-0011-N;1;0;SP02;6;S;TF;10;PN6;H1;N;HDPE;1,2752;Agua Recuperada;;;;17/06/2026;;;46221;;46251;;0,35;0,44632;0,25504;0,19128;;;;;;;;;;;;;;;;;;;;;;;;;;;;;;;
03351-RW-250-H1-0011-N_HOJA-1_SP03_7;03351-RW-250-H1-0011-N_HOJA-1_SP03;03351-RW-250-H1-0011-N_HOJA-1;Agua Recuperada;03350-02-04;;TORRE TRASFERENCIA;03351-RW-250-H1-0011-N;1;0;SP03;7;S;TF;10;PN6;H1;N;HDPE;1,2752;Agua Recuperada;;;;17/06/2026;;;46221;;46251;;0,35;0,44632;0,25504;0,19128;;;;;;;;;;;;;;;;;;;;;;;;;;;;;;;
03351-RW-250-H1-0011-N_HOJA-1_SP03_8;03351-RW-250-H1-0011-N_HOJA-1_SP03;03351-RW-250-H1-0011-N_HOJA-1;Agua Recuperada;03350-02-04;;TORRE TRASFERENCIA;03351-RW-250-H1-0011-N;1;0;SP03;8;S;TF;10;PN6;H1;N;HDPE;1,2752;Agua Recuperada;;;;17/06/2026;;;46221;;46251;;0,35;0,44632;0,25504;0,19128;;;;;;;;;;;;;;;;;;;;;;;;;;;;;;;
03351-RW-250-H1-0011-N_HOJA-1_SP03_9;03351-RW-250-H1-0011-N_HOJA-1_SP03;03351-RW-250-H1-0011-N_HOJA-1;Agua Recuperada;03350-02-04;;TORRE TRASFERENCIA;03351-RW-250-H1-0011-N;1;0;SP03;9;S;TF;10;PN6;H1;N;HDPE;1,2752;Agua Recuperada;;W-27;;17/06/2026;46203;46203;46214;;46251;;0,65;0,82888;0,76512;0,06376;EJECUTADA;46203;W-27;;;;;;;;;;;;;;;;;;;;;;;;;;;;
03351-RW-250-H1-0011-N_HOJA-1_SP03_10;03351-RW-250-H1-0011-N_HOJA-1_SP03;03351-RW-250-H1-0011-N_HOJA-1;Agua Recuperada;03350-02-04;;TORRE TRASFERENCIA;03351-RW-250-H1-0011-N;1;0;SP03;10;S;TF;10;PN6;H1;N;HDPE;1,2752;Agua Recuperada;;W-27;;17/06/2026;46203;46203;46214;;46251;;0,65;0,82888;0,76512;0,06376;EJECUTADA;46203;W-27;;;;;;;;;;;;;;;;;;;;;;;;;;;;
03351-RW-250-H1-0011-N_HOJA-1_SP03_11;03351-RW-250-H1-0011-N_HOJA-1_SP03;03351-RW-250-H1-0011-N_HOJA-1;Agua Recuperada;03350-02-04;;TORRE TRASFERENCIA;03351-RW-250-H1-0011-N;1;0;SP03;11;S;TF;10;PN6;H1;N;HDPE;1,2752;Agua Recuperada;;;;17/06/2026;;;46244;;46251;;0,35;0,44632;0,25504;0,19128;;;;;;;;;;;;;;;;;;;;;;;;;;;;;;;
03351-RW-450-H1-0008-N_HOJA-1_SP01_1;03351-RW-450-H1-0008-N_HOJA-1_SP01;03351-RW-450-H1-0008-N_HOJA-1;Agua Recuperada;03350-02-04;;TORRE TRASFERENCIA;03351-RW-450-H1-0008-N;1;0;SP01;1;F;TF;18;PN6;H1;N;HDPE;1,789;Agua Recuperada;;;;17/06/2026;;;46221;;46251;;0,35;0,62615;0,3578;0,26835;;;;;;;;;;;;;;;;;;;;;;;;;;;;;;;
03351-RW-450-H1-0008-N_HOJA-1_SP01_2;03351-RW-450-H1-0008-N_HOJA-1_SP01;03351-RW-450-H1-0008-N_HOJA-1;Agua Recuperada;03350-02-04;;TORRE TRASFERENCIA;03351-RW-450-H1-0008-N;1;0;SP01;2;S;TF;18;PN6;H1;N;HDPE;1,789;Agua Recuperada;;;;17/06/2026;;;46244;;46251;;0,35;0,62615;0,3578;0,26835;;;;;;;;;;;;;;;;;;;;;;;;;;;;;;;
03351-RW-450-H1-0008-N_HOJA-1_SP01_3;03351-RW-450-H1-0008-N_HOJA-1_SP01;03351-RW-450-H1-0008-N_HOJA-1;Agua Recuperada;03350-02-04;;TORRE TRASFERENCIA;03351-RW-450-H1-0008-N;1;0;SP01;3;S;TF;18;PN6;H1;N;HDPE;1,789;Agua Recuperada;;;;17/06/2026;;;46221;;46251;;0,35;0,62615;0,3578;0,26835;;;;;;;;;;;;;;;;;;;;;;;;;;;;;;;
03351-RW-450-H1-0008-N_HOJA-1_SP01_4;03351-RW-450-H1-0008-N_HOJA-1_SP01;03351-RW-450-H1-0008-N_HOJA-1;Agua Recuperada;03350-02-04;;TORRE TRASFERENCIA;03351-RW-450-H1-0008-N;1;0;SP01;4;S;TF;18;PN6;H1;N;HDPE;1,789;Agua Recuperada;;;;17/06/2026;;;46244;;46251;;0,35;0,62615;0,3578;0,26835;;;;;;;;;;;;;;;;;;;;;;;;;;;;;;;
03351-RW-450-H1-0008-N_HOJA-1_SP01_5;03351-RW-450-H1-0008-N_HOJA-1_SP01;03351-RW-450-H1-0008-N_HOJA-1;Agua Recuperada;03350-02-04;;TORRE TRASFERENCIA;03351-RW-450-H1-0008-N;1;0;SP01;5;S;TF;14;PN6;H1;N;HDPE;1,789;Agua Recuperada;;;;17/06/2026;;;46221;;46251;;0,35;0,62615;0,3578;0,26835;;;;;;;;;;;;;;;;;;;;;;;;;;;;;;;
03351-RW-450-H1-0008-N_HOJA-1_SP02_6;03351-RW-450-H1-0008-N_HOJA-1_SP02;03351-RW-450-H1-0008-N_HOJA-1;Agua Recuperada;03350-02-04;;TORRE TRASFERENCIA;03351-RW-450-H1-0008-N;1;0;SP02;6;S;TF;14;PN6;H1;N;HDPE;1,789;Agua Recuperada;;W-26;;17/06/2026;46212;46212;46212;;46251;;0,65;1,16285;1,0734;0,08945;EJECUTADA;46212;W-26;;;;;;;;;;;;;;;;;;;;;;;;;;;;
03351-RW-450-H1-0008-N_HOJA-1_SP02_7;03351-RW-450-H1-0008-N_HOJA-1_SP02;03351-RW-450-H1-0008-N_HOJA-1;Agua Recuperada;03350-02-04;;TORRE TRASFERENCIA;03351-RW-450-H1-0008-N;1;0;SP02;7;S;TF;14;PN6;H1;N;HDPE;1,789;Agua Recuperada;;W-26;;17/06/2026;46212;46212;46212;;46251;;0,65;1,16285;1,0734;0,08945;EJECUTADA;46212;W-26;;;;;;;;;;;;;;;;;;;;;;;;;;;;
03351-RW-450-H1-0008-N_HOJA-1_SP03_8;03351-RW-450-H1-0008-N_HOJA-1_SP03;03351-RW-450-H1-0008-N_HOJA-1;Agua Recuperada;03350-02-04;;TORRE TRASFERENCIA;03351-RW-450-H1-0008-N;1;0;SP03;8;F;TF;14;PN6;H1;N;HDPE;1,789;Agua Recuperada;;W-26;;17/06/2026;46211;46211;46211;46211;46251;;0,95;1,69955;1,6101;0,08945;EJECUTADA;46211;W-26;;;;;;;;;;;;;;;;;;;;;;;;;;;;
03351-RW-450-H1-0008-N_HOJA-1_SP03_9;03351-RW-450-H1-0008-N_HOJA-1_SP03;03351-RW-450-H1-0008-N_HOJA-1;Agua Recuperada;03350-02-04;;TORRE TRASFERENCIA;03351-RW-450-H1-0008-N;1;0;SP03;9;S;TF;14;PN6;H1;N;HDPE;1,789;Agua Recuperada;;W-26;;17/06/2026;46211;46211;46211;46253;46251;;0,95;1,69955;1,0734;0,62615;EJECUTADA;46211;W-26;;;;;;;;;;;;;;;;;;;;;;;;;;;;
03351-RW-450-H1-0008-N_HOJA-1_SP04_10;03351-RW-450-H1-0008-N_HOJA-1_SP04;03351-RW-450-H1-0008-N_HOJA-1;Agua Recuperada;03350-02-04;;TORRE TRASFERENCIA;03351-RW-450-H1-0008-N;1;0;SP04;10;S;TF;14;PN6;H1;N;HDPE;1,789;Agua Recuperada;;;;17/06/2026;;;46244;;46252;;0,35;0,62615;0,3578;0,26835;;;;;;;;;;;;;;;;;;;;;;;;;;;;;;;
03351-RW-450-H1-0008-N_HOJA-1_SP04_11;03351-RW-450-H1-0008-N_HOJA-1_SP04;03351-RW-450-H1-0008-N_HOJA-1;Agua Recuperada;03350-02-04;;TORRE TRASFERENCIA;03351-RW-450-H1-0008-N;1;0;SP04;11;S;TF;14;PN6;H1;N;HDPE;1,789;Agua Recuperada;;;;17/06/2026;;;46221;;46252;;0,35;0,62615;0,3578;0,26835;;;;;;;;;;;;;;;;;;;;;;;;;;;;;;;
03351-RW-450-H1-0008-N_HOJA-1_SP04_12;03351-RW-450-H1-0008-N_HOJA-1_SP04;03351-RW-450-H1-0008-N_HOJA-1;Agua Recuperada;03350-02-04;;TORRE TRASFERENCIA;03351-RW-450-H1-0008-N;1;0;SP04;12;S;TF;14;PN6;H1;N;HDPE;1,789;Agua Recuperada;;;;17/06/2026;;;46221;;46252;;0,35;0,62615;0,3578;0,26835;;;;;;;;;;;;;;;;;;;;;;;;;;;;;;;
03351-RW-450-H1-0008-N_HOJA-1_SP05_13;03351-RW-450-H1-0008-N_HOJA-1_SP05;03351-RW-450-H1-0008-N_HOJA-1;Agua Recuperada;03350-02-04;;TORRE TRASFERENCIA;03351-RW-450-H1-0008-N;1;0;SP05;13;S;TF;14;PN6;H1;N;HDPE;1,789;Agua Recuperada;;;;17/06/2026;;;46244;;46252;;0,35;0,62615;0,3578;0,26835;;;;;;;;;;;;;;;;;;;;;;;;;;;;;;;
03351-RW-450-H1-0008-N_HOJA-1_SP05_14;03351-RW-450-H1-0008-N_HOJA-1_SP05;03351-RW-450-H1-0008-N_HOJA-1;Agua Recuperada;03350-02-04;;TORRE TRASFERENCIA;03351-RW-450-H1-0008-N;1;0;SP05;14;F;TF;14;PN6;H1;N;HDPE;1,789;Agua Recuperada;;;;17/06/2026;;;46221;;46252;;0,35;0,62615;0,3578;0,26835;;;;;;;;;;;;;;;;;;;;;;;;;;;;;;;
03351-RW-450-H1-0008-N_HOJA-1_SP06_15;03351-RW-450-H1-0008-N_HOJA-1_SP06;03351-RW-450-H1-0008-N_HOJA-1;Agua Recuperada;03350-02-04;;TORRE TRASFERENCIA;03351-RW-450-H1-0008-N;1;0;SP06;15;S;TF;14;PN6;H1;N;HDPE;1,789;Agua Recuperada;;;;17/06/2026;;;46244;;46252;;0,35;0,62615;0,3578;0,26835;;;;;;;;;;;;;;;;;;;;;;;;;;;;;;;
03351-RW-450-H1-0008-N_HOJA-1_SP06_16;03351-RW-450-H1-0008-N_HOJA-1_SP06;03351-RW-450-H1-0008-N_HOJA-1;Agua Recuperada;03350-02-04;;TORRE TRASFERENCIA;03351-RW-450-H1-0008-N;1;0;SP06;16;S;TF;14;PN6;H1;N;HDPE;1,789;Agua Recuperada;;;;17/06/2026;;;46221;;46252;;0,35;0,62615;0,3578;0,26835;;;;;;;;;;;;;;;;;;;;;;;;;;;;;;;
03351-RW-450-H1-0008-N_HOJA-1_SP06_17;03351-RW-450-H1-0008-N_HOJA-1_SP06;03351-RW-450-H1-0008-N_HOJA-1;Agua Recuperada;03350-02-04;;TORRE TRASFERENCIA;03351-RW-450-H1-0008-N;1;0;SP06;17;S;TF;14;PN6;H1;N;HDPE;1,789;Agua Recuperada;;;;17/06/2026;;;46221;;46252;;0,35;0,62615;0,3578;0,26835;;;;;;;;;;;;;;;;;;;;;;;;;;;;;;;
03351-RW-450-H1-0008-N_HOJA-1_SP06_18;03351-RW-450-H1-0008-N_HOJA-1_SP06;03351-RW-450-H1-0008-N_HOJA-1;Agua Recuperada;03350-02-04;;TORRE TRASFERENCIA;03351-RW-450-H1-0008-N;1;0;SP06;18;S;TF;14;PN6;H1;N;HDPE;1,789;Agua Recuperada;;;;17/06/2026;;;46244;;46252;;0,35;0,62615;0,3578;0,26835;;;;;;;;;;;;;;;;;;;;;;;;;;;;;;;
03351-RW-450-H1-0008-N_HOJA-1_SP06_19;03351-RW-450-H1-0008-N_HOJA-1_SP06;03351-RW-450-H1-0008-N_HOJA-1;Agua Recuperada;03350-02-04;;TORRE TRASFERENCIA;03351-RW-450-H1-0008-N;1;0;SP06;19;S;TF;14;PN6;H1;N;HDPE;1,789;Agua Recuperada;;;;17/06/2026;;;46221;;46252;;0,35;0,62615;0,3578;0,26835;;;;;;;;;;;;;;;;;;;;;;;;;;;;;;;
;;;;;;;;;;;;;;;;;;;;;;;;;;;;;;;;;;;;;;;;;;;;;;;;;;;;;;;;;;;;;;;;;
;;;;;;;;;;;;;;;;;;;;;;;;;;;;;;;;;;;;;;;;;;;;;;;;;;;;;;;;;;;;;;;;;
;;;;;;;;;;;;;;;;;;;;;;;;;;;;;;;;;;;;;;;;;;;;;;;;;;;;;;;;;;;;;;;;;
;;;;;;;;;;;;;;;;;;;;;;;;;;;;;;;;;;;;;;;;;;;;;;;;;;;;;;;;;;;;;;;;;
;;;;;;;;;;;;;;;;;;;;;;;;;;;;;;;;;;;;;;;;;;;;;;;;;;;;;;;;;;;;;;;;;
;;;;;;;;;;;;;;;;;;;;;;;;;;;;;;;;;;;;;;;;;;;;;;;;;;;;;;;;;;;;;;;;;
;;;;;;;;;;;;;;;;;;;;;;;;;;;;;;;;;;;;;;;;;;;;;;;;;;;;;;;;;;;;;;;;;
;;;;;;;;;;;;;;;;;;;;;;;;;;;;;;;;;;;;;;;;;;;;;;;;;;;;;;;;;;;;;;;;;
;;;;;;;;;;;;;;;;;;;;;;;;;;;;;;;;;;;;;;;;;;;;;;;;;;;;;;;;;;;;;;;;;
;;;;;;;;;;;;;;;;;;;;;;;;;;;;;;;;;;;;;;;;;;;;;;;;;;;;;;;;;;;;;;;;;
;;;;;;;;;;;;;;;;;;;;;;;;;;;;;;;;;;;;;;;;;;;;;;;;;;;;;;;;;;;;;;;;;
;;;;;;;;;;;;;;;;;;;;;;;;;;;;;;;;;;;;;;;;;;;;;;;;;;;;;;;;;;;;;;;;;
;;;;;;;;;;;;;;;;;;;;;;;;;;;;;;;;;;;;;;;;;;;;;;;;;;;;;;;;;;;;;;;;;
;;;;;;;;;;;;;;;;;;;;;;;;;;;;;;;;;;;;;;;;;;;;;;;;;;;;;;;;;;;;;;;;;
;;;;;;;;;;;;;;;;;;;;;;;;;;;;;;;;;;;;;;;;;;;;;;;;;;;;;;;;;;;;;;;;;
