ID_Soporte;ITEM;EWP;CWP;CWA;PWP;ID_LINEA;ID_ISO;CLASE;ID_TipoSoporte;DIAM.;CANTIDAD;UNIDAD;PESO_TOTAL;UNIDAD2;SUMINISTRO;OBSERV.;;
"148_PU-01, PERNO U LARGO_3""";148;EWP-3351-10-PA-220;CWP-3351-10-PA-220;CWA-3351-10;PWP-3351-10-PA-220;03351-CT-200-H2-0002-N;;H2;PU-01, PERNO U LARGO;"3""";1;un;-;kg;Contratista;;;
"156_SA-10, ABRAZADERA ESTANDAR_8""";156;EWP-3351-10-PA-220;CWP-3351-10-PA-220;CWA-3351-10;PWP-3351-10-PA-220;03351-CT-200-H2-0002-N;;H2;SA-10, ABRAZADERA ESTANDAR;"8""";1;un;-;kg;Contratista;;;
"157_SA-10, ABRAZADERA ESTANDAR_8""";157;EWP-3351-10-PA-220;CWP-3351-10-PA-220;CWA-3351-10;PWP-3351-10-PA-220;03351-CT-200-H2-0002-N;;H2;SA-10, ABRAZADERA ESTANDAR;"8""";1;un;-;kg;Contratista;;;
"158_SA-10, ABRAZADERA ESTANDAR_8""";158;EWP-3351-10-PA-220;CWP-3351-10-PA-220;CWA-3351-10;PWP-3351-10-PA-220;03351-CT-200-H2-0002-N;;H2;SA-10, ABRAZADERA ESTANDAR;"8""";1;un;-;kg;Contratista;;;
"159_SA-10, ABRAZADERA ESTANDAR_8""";159;EWP-3351-10-PA-220;CWP-3351-10-PA-220;CWA-3351-10;PWP-3351-10-PA-220;03351-CT-200-H2-0002-N;;H2;SA-10, ABRAZADERA ESTANDAR;"8""";1;un;-;kg;Contratista;;;
"160_SA-10, ABRAZADERA ESTANDAR_8""";160;EWP-3351-10-PA-220;CWP-3351-10-PA-220;CWA-3351-10;PWP-3351-10-PA-220;03351-CT-200-H2-0002-N;;H2;SA-10, ABRAZADERA ESTANDAR;"8""";1;un;-;kg;Contratista;;;
"161_SA-10, ABRAZADERA ESTANDAR_8""";161;EWP-3351-10-PA-220;CWP-3351-10-PA-220;CWA-3351-10;PWP-3351-10-PA-220;03351-CT-200-H2-0002-N;;H2;SA-10, ABRAZADERA ESTANDAR;"8""";1;un;-;kg;Contratista;;;
"162_SA-10, ABRAZADERA ESTANDAR_8""";162;EWP-3351-10-PA-220;CWP-3351-10-PA-220;CWA-3351-10;PWP-3351-10-PA-220;03351-CT-200-H2-0002-N;;H2;SA-10, ABRAZADERA ESTANDAR;"8""";1;un;-;kg;Contratista;;;
"163_SA-10, ABRAZADERA ESTANDAR_8""";163;EWP-3351-10-PA-220;CWP-3351-10-PA-220;CWA-3351-10;PWP-3351-10-PA-220;03351-CT-200-H2-0002-N;;H2;SA-10, ABRAZADERA ESTANDAR;"8""";1;un;-;kg;Contratista;;;
"164_SA-10, ABRAZADERA ESTANDAR_8""";164;EWP-3351-10-PA-220;CWP-3351-10-PA-220;CWA-3351-10;PWP-3351-10-PA-220;03351-CT-200-H2-0002-N;;H2;SA-10, ABRAZADERA ESTANDAR;"8""";1;un;-;kg;Contratista;;;
"167_SA-10, ABRAZADERA ESTANDAR_8""";167;EWP-3351-10-PA-220;CWP-3351-10-PA-220;CWA-3351-10;PWP-3351-10-PA-220;03351-CT-200-H2-0002-N;;H2;SA-10, ABRAZADERA ESTANDAR;"8""";1;un;-;kg;Contratista;;;
"168_SA-10, ABRAZADERA ESTANDAR_8""";168;EWP-3351-10-PA-220;CWP-3351-10-PA-220;CWA-3351-10;PWP-3351-10-PA-220;03351-CT-200-H2-0002-N;;H2;SA-10, ABRAZADERA ESTANDAR;"8""";1;un;-;kg;Contratista;;;
"169_SA-10, ABRAZADERA ESTANDAR_8""";169;EWP-3351-10-PA-220;CWP-3351-10-PA-220;CWA-3351-10;PWP-3351-10-PA-220;03351-CT-200-H2-0002-N;;H2;SA-10, ABRAZADERA ESTANDAR;"8""";1;un;-;kg;Contratista;;;
"170_SA-10, ABRAZADERA ESTANDAR_8""";170;EWP-3351-10-PA-220;CWP-3351-10-PA-220;CWA-3351-10;PWP-3351-10-PA-220;03351-CT-200-H2-0002-N;;H2;SA-10, ABRAZADERA ESTANDAR;"8""";1;un;-;kg;Contratista;;;
"171_SA-10, ABRAZADERA ESTANDAR_8""";171;EWP-3351-10-PA-220;CWP-3351-10-PA-220;CWA-3351-10;PWP-3351-10-PA-220;03351-CT-200-H2-0002-N;;H2;SA-10, ABRAZADERA ESTANDAR;"8""";1;un;-;kg;Contratista;;;
"172_SA-10, ABRAZADERA ESTANDAR_8""";172;EWP-3351-10-PA-220;CWP-3351-10-PA-220;CWA-3351-10;PWP-3351-10-PA-220;03351-CT-200-H2-0002-N;;H2;SA-10, ABRAZADERA ESTANDAR;"8""";1;un;-;kg;Contratista;;;
"174_SA-10, ABRAZADERA ESTANDAR_8""";174;EWP-3351-10-PA-220;CWP-3351-10-PA-220;CWA-3351-10;PWP-3351-10-PA-220;03351-CT-200-H2-0002-N;;H2;SA-10, ABRAZADERA ESTANDAR;"8""";1;un;-;kg;Contratista;;;
"175_SA-10, ABRAZADERA ESTANDAR_8""";175;EWP-3351-10-PA-220;CWP-3351-10-PA-220;CWA-3351-10;PWP-3351-10-PA-220;03351-CT-200-H2-0002-N;;H2;SA-10, ABRAZADERA ESTANDAR;"8""";1;un;-;kg;Contratista;;;
"176_SA-10, ABRAZADERA ESTANDAR_8""";176;EWP-3351-10-PA-220;CWP-3351-10-PA-220;CWA-3351-10;PWP-3351-10-PA-220;03351-CT-200-H2-0002-N;;H2;SA-10, ABRAZADERA ESTANDAR;"8""";1;un;-;kg;Contratista;;;
"177_SA-10, ABRAZADERA ESTANDAR_8""";177;EWP-3351-10-PA-220;CWP-3351-10-PA-220;CWA-3351-10;PWP-3351-10-PA-220;03351-CT-200-H2-0002-N;;H2;SA-10, ABRAZADERA ESTANDAR;"8""";1;un;-;kg;Contratista;;;
"178_SA-10, ABRAZADERA ESTANDAR_8""";178;EWP-3351-10-PA-220;CWP-3351-10-PA-220;CWA-3351-10;PWP-3351-10-PA-220;03351-CT-200-H2-0002-N;;H2;SA-10, ABRAZADERA ESTANDAR;"8""";1;un;-;kg;Contratista;;;
"180_SA-10, ABRAZADERA ESTANDAR_8""";180;EWP-3351-10-PA-220;CWP-3351-10-PA-220;CWA-3351-10;PWP-3351-10-PA-220;03351-CT-200-H2-0002-N;;H2;SA-10, ABRAZADERA ESTANDAR;"8""";1;un;-;kg;Contratista;;;
"181_SA-10, ABRAZADERA ESTANDAR_8""";181;EWP-3351-10-PA-220;CWP-3351-10-PA-220;CWA-3351-10;PWP-3351-10-PA-220;03351-CT-200-H2-0002-N;;H2;SA-10, ABRAZADERA ESTANDAR;"8""";1;un;-;kg;Contratista;;;
"182_SA-10, ABRAZADERA ESTANDAR_8""";182;EWP-3351-10-PA-220;CWP-3351-10-PA-220;CWA-3351-10;PWP-3351-10-PA-220;03351-CT-200-H2-0002-N;;H2;SA-10, ABRAZADERA ESTANDAR;"8""";1;un;-;kg;Contratista;;;
"183_SA-10, ABRAZADERA ESTANDAR_8""";183;EWP-3351-10-PA-220;CWP-3351-10-PA-220;CWA-3351-10;PWP-3351-10-PA-220;03351-CT-200-H2-0002-N;;H2;SA-10, ABRAZADERA ESTANDAR;"8""";1;un;-;kg;Contratista;;;
"184_SA-10, ABRAZADERA ESTANDAR_8""";184;EWP-3351-10-PA-220;CWP-3351-10-PA-220;CWA-3351-10;PWP-3351-10-PA-220;03351-CT-200-H2-0002-N;;H2;SA-10, ABRAZADERA ESTANDAR;"8""";1;un;-;kg;Contratista;;;
"185_SA-10, ABRAZADERA ESTANDAR_8""";185;EWP-3351-10-PA-220;CWP-3351-10-PA-220;CWA-3351-10;PWP-3351-10-PA-220;03351-CT-200-H2-0002-N;;H2;SA-10, ABRAZADERA ESTANDAR;"8""";1;un;-;kg;Contratista;;;
"186_SA-10, ABRAZADERA ESTANDAR_8""";186;EWP-3351-10-PA-220;CWP-3351-10-PA-220;CWA-3351-10;PWP-3351-10-PA-220;03351-CT-200-H2-0002-N;;H2;SA-10, ABRAZADERA ESTANDAR;"8""";1;un;-;kg;Contratista;;;
"187_SA-10, ABRAZADERA ESTANDAR_6""";187;EWP-3351-10-PA-220;CWP-3351-10-PA-220;CWA-3351-10;PWP-3351-10-PA-220;03351-CT-200-H2-0002-N;;H2;SA-10, ABRAZADERA ESTANDAR;"6""";1;un;-;kg;Contratista;;;
"188_SA-10, ABRAZADERA ESTANDAR_8""";188;EWP-3351-10-PA-220;CWP-3351-10-PA-220;CWA-3351-10;PWP-3351-10-PA-220;03351-CT-200-H2-0002-N;;H2;SA-10, ABRAZADERA ESTANDAR;"8""";1;un;-;kg;Contratista;;;
"189_SA-10, ABRAZADERA ESTANDAR_8""";189;EWP-3351-10-PA-220;CWP-3351-10-PA-220;CWA-3351-10;PWP-3351-10-PA-220;03351-CT-200-H2-0002-N;;H2;SA-10, ABRAZADERA ESTANDAR;"8""";1;un;-;kg;Contratista;;;
"190_SA-10, ABRAZADERA ESTANDAR_6""";190;EWP-3351-10-PA-220;CWP-3351-10-PA-220;CWA-3351-10;PWP-3351-10-PA-220;03351-CT-200-H2-0002-N;;H2;SA-10, ABRAZADERA ESTANDAR;"6""";1;un;-;kg;Contratista;;;
"191_SA-10, ABRAZADERA ESTANDAR_6""";191;EWP-3351-10-PA-220;CWP-3351-10-PA-220;CWA-3351-10;PWP-3351-10-PA-220;03351-CT-200-H2-0002-N;;H2;SA-10, ABRAZADERA ESTANDAR;"6""";1;un;-;kg;Contratista;;;
"192_SA-10, ABRAZADERA ESTANDAR_6""";192;EWP-3351-10-PA-220;CWP-3351-10-PA-220;CWA-3351-10;PWP-3351-10-PA-220;03351-CT-200-H2-0002-N;;H2;SA-10, ABRAZADERA ESTANDAR;"6""";1;un;-;kg;Contratista;;;
"193_SA-10, ABRAZADERA ESTANDAR_8""";193;EWP-3351-10-PA-220;CWP-3351-10-PA-220;CWA-3351-10;PWP-3351-10-PA-220;03351-CT-200-H2-0002-N;;H2;SA-10, ABRAZADERA ESTANDAR;"8""";1;un;-;kg;Contratista;;;
"194_SA-10, ABRAZADERA ESTANDAR_8""";194;EWP-3351-10-PA-220;CWP-3351-10-PA-220;CWA-3351-10;PWP-3351-10-PA-220;03351-CT-200-H2-0002-N;;H2;SA-10, ABRAZADERA ESTANDAR;"8""";1;un;-;kg;Contratista;;;
"195_SA-10, ABRAZADERA ESTANDAR_8""";195;EWP-3351-10-PA-220;CWP-3351-10-PA-220;CWA-3351-10;PWP-3351-10-PA-220;03351-CT-200-H2-0002-N;;H2;SA-10, ABRAZADERA ESTANDAR;"8""";1;un;-;kg;Contratista;;;
"196_SA-10, ABRAZADERA ESTANDAR_8""";196;EWP-3351-10-PA-220;CWP-3351-10-PA-220;CWA-3351-10;PWP-3351-10-PA-220;03351-CT-200-H2-0002-N;;H2;SA-10, ABRAZADERA ESTANDAR;"8""";1;un;-;kg;Contratista;;;
"197_SA-10, ABRAZADERA ESTANDAR_8""";197;EWP-3351-10-PA-220;CWP-3351-10-PA-220;CWA-3351-10;PWP-3351-10-PA-220;03351-CT-200-H2-0002-N;;H2;SA-10, ABRAZADERA ESTANDAR;"8""";1;un;-;kg;Contratista;;;
"198_SA-10, ABRAZADERA ESTANDAR_8""";198;EWP-3351-10-PA-220;CWP-3351-10-PA-220;CWA-3351-10;PWP-3351-10-PA-220;03351-CT-200-H2-0002-N;;H2;SA-10, ABRAZADERA ESTANDAR;"8""";1;un;-;kg;Contratista;;;
"199_SA-10, ABRAZADERA ESTANDAR_8""";199;EWP-3351-10-PA-220;CWP-3351-10-PA-220;CWA-3351-10;PWP-3351-10-PA-220;03351-CT-200-H2-0002-N;;H2;SA-10, ABRAZADERA ESTANDAR;"8""";1;un;-;kg;Contratista;;;
"200_SA-10, ABRAZADERA ESTANDAR_8""";200;EWP-3351-10-PA-220;CWP-3351-10-PA-220;CWA-3351-10;PWP-3351-10-PA-220;03351-CT-200-H2-0002-N;;H2;SA-10, ABRAZADERA ESTANDAR;"8""";1;un;-;kg;Contratista;;;
"201_SA-10, ABRAZADERA ESTANDAR_8""";201;EWP-3351-10-PA-220;CWP-3351-10-PA-220;CWA-3351-10;PWP-3351-10-PA-220;03351-CT-200-H2-0002-N;;H2;SA-10, ABRAZADERA ESTANDAR;"8""";1;un;-;kg;Contratista;;;
"202_SA-10, ABRAZADERA ESTANDAR_8""";202;EWP-3351-10-PA-220;CWP-3351-10-PA-220;CWA-3351-10;PWP-3351-10-PA-220;03351-CT-200-H2-0002-N;;H2;SA-10, ABRAZADERA ESTANDAR;"8""";1;un;-;kg;Contratista;;;
"203_SA-10, ABRAZADERA ESTANDAR_8""";203;EWP-3351-10-PA-220;CWP-3351-10-PA-220;CWA-3351-10;PWP-3351-10-PA-220;03351-CT-200-H2-0002-N;;H2;SA-10, ABRAZADERA ESTANDAR;"8""";1;un;-;kg;Contratista;;;
"204_SA-10, ABRAZADERA ESTANDAR_8""";204;EWP-3351-10-PA-220;CWP-3351-10-PA-220;CWA-3351-10;PWP-3351-10-PA-220;03351-CT-200-H2-0002-N;;H2;SA-10, ABRAZADERA ESTANDAR;"8""";1;un;-;kg;Contratista;;;
"205_SA-10, ABRAZADERA ESTANDAR_8""";205;EWP-3351-10-PA-220;CWP-3351-10-PA-220;CWA-3351-10;PWP-3351-10-PA-220;03351-CT-200-H2-0002-N;;H2;SA-10, ABRAZADERA ESTANDAR;"8""";1;un;-;kg;Contratista;;;
"206_SA-10, ABRAZADERA ESTANDAR_8""";206;EWP-3351-10-PA-220;CWP-3351-10-PA-220;CWA-3351-10;PWP-3351-10-PA-220;03351-CT-200-H2-0002-N;;H2;SA-10, ABRAZADERA ESTANDAR;"8""";1;un;-;kg;Contratista;;;
"207_SA-10, ABRAZADERA ESTANDAR_8""";207;EWP-3351-10-PA-220;CWP-3351-10-PA-220;CWA-3351-10;PWP-3351-10-PA-220;03351-CT-200-H2-0002-N;;H2;SA-10, ABRAZADERA ESTANDAR;"8""";1;un;-;kg;Contratista;;;
"208_SA-10, ABRAZADERA ESTANDAR_8""";208;EWP-3351-10-PA-220;CWP-3351-10-PA-220;CWA-3351-10;PWP-3351-10-PA-220;03351-CT-200-H2-0002-N;;H2;SA-10, ABRAZADERA ESTANDAR;"8""";1;un;-;kg;Contratista;;;
"209_SA-10, ABRAZADERA ESTANDAR_8""";209;EWP-3351-10-PA-220;CWP-3351-10-PA-220;CWA-3351-10;PWP-3351-10-PA-220;03351-CT-200-H2-0002-N;;H2;SA-10, ABRAZADERA ESTANDAR;"8""";1;un;-;kg;Contratista;;;
"210_SA-10, ABRAZADERA ESTANDAR_8""";210;EWP-3351-10-PA-220;CWP-3351-10-PA-220;CWA-3351-10;PWP-3351-10-PA-220;03351-CT-200-H2-0002-N;;H2;SA-10, ABRAZADERA ESTANDAR;"8""";1;un;-;kg;Contratista;;;
"211_SA-10, ABRAZADERA ESTANDAR_8""";211;EWP-3351-10-PA-220;CWP-3351-10-PA-220;CWA-3351-10;PWP-3351-10-PA-220;03351-CT-200-H2-0002-N;;H2;SA-10, ABRAZADERA ESTANDAR;"8""";1;un;-;kg;Contratista;;;
"212_SA-10, ABRAZADERA ESTANDAR_8""";212;EWP-3351-10-PA-220;CWP-3351-10-PA-220;CWA-3351-10;PWP-3351-10-PA-220;03351-CT-200-H2-0002-N;;H2;SA-10, ABRAZADERA ESTANDAR;"8""";1;un;-;kg;Contratista;;;
"153_PU-01, PERNO U LARGO_3""";153;EWP-3351-10-PA-220;CWP-3351-10-PA-220;CWA-3351-10;PWP-3351-10-PA-220;"03351-CT-3""-C2-0012-N";;C2;PU-01, PERNO U LARGO;"3""";1;un;-;kg;Contratista;;;
"149_PU-01, PERNO U LARGO_3""";149;EWP-3351-10-PA-220;CWP-3351-10-PA-220;CWA-3351-10;PWP-3351-10-PA-220;"03351-CT-3""-C2-0062-N";;C2;PU-01, PERNO U LARGO;"3""";1;un;-;kg;Contratista;;;
"135_PU-01, PERNO U LARGO_3""";135;EWP-3351-10-PA-220;CWP-3351-10-PA-220;CWA-3351-10;PWP-3351-10-PA-220;"03351-CT-3""-C2-0063-N";;C2;PU-01, PERNO U LARGO;"3""";1;un;-;kg;Contratista;;;
"136_PU-01, PERNO U LARGO_3""";136;EWP-3351-10-PA-220;CWP-3351-10-PA-220;CWA-3351-10;PWP-3351-10-PA-220;"03351-CT-3""-C2-0064-N";;C2;PU-01, PERNO U LARGO;"3""";1;un;-;kg;Contratista;;;
"154_PU-01, PERNO U LARGO_3""";154;EWP-3351-10-PA-220;CWP-3351-10-PA-220;CWA-3351-10;PWP-3351-10-PA-220;"03351-CT-3""-C2-0065-N";;C2;PU-01, PERNO U LARGO;"3""";1;un;-;kg;Contratista;;;
"155_PU-01, PERNO U LARGO_3""";155;EWP-3351-10-PA-220;CWP-3351-10-PA-220;CWA-3351-10;PWP-3351-10-PA-220;"03351-CT-3""-C2-0066-N";;C2;PU-01, PERNO U LARGO;"3""";1;un;-;kg;Contratista;;;
"138_PU-01, PERNO U LARGO_3""";138;EWP-3351-10-PA-220;CWP-3351-10-PA-220;CWA-3351-10;PWP-3351-10-PA-220;"03351-CT-3""-C2-0068-N";;C2;PU-01, PERNO U LARGO;"3""";1;un;-;kg;Contratista;;;
"139_PU-01, PERNO U LARGO_3""";139;EWP-3351-10-PA-220;CWP-3351-10-PA-220;CWA-3351-10;PWP-3351-10-PA-220;"03351-CT-3""-C2-0068-N";;C2;PU-01, PERNO U LARGO;"3""";1;un;-;kg;Contratista;;;
"147_PU-01, PERNO U LARGO_3""";147;EWP-3351-10-PA-220;CWP-3351-10-PA-220;CWA-3351-10;PWP-3351-10-PA-220;"03351-CT-3""-C2-0069-N";;C2;PU-01, PERNO U LARGO;"3""";1;un;-;kg;Contratista;;;
"150_PU-01, PERNO U LARGO_3""";150;EWP-3351-10-PA-220;CWP-3351-10-PA-220;CWA-3351-10;PWP-3351-10-PA-220;"03351-CT-3""-C2-0070-N";;C2;PU-01, PERNO U LARGO;"3""";1;un;-;kg;Contratista;;;
"134_PU-01, PERNO U LARGO_3""";134;EWP-3351-10-PA-220;CWP-3351-10-PA-220;CWA-3351-10;PWP-3351-10-PA-220;"03351-CT-3""-C2-0071-N";;C2;PU-01, PERNO U LARGO;"3""";1;un;-;kg;Contratista;;;
"151_PU-01, PERNO U LARGO_3""";151;EWP-3351-10-PA-220;CWP-3351-10-PA-220;CWA-3351-10;PWP-3351-10-PA-220;"03351-CT-3""-C2-0074-N";;C2;PU-01, PERNO U LARGO;"3""";1;un;-;kg;Contratista;;;
"137_PU-01, PERNO U LARGO_3""";137;EWP-3351-10-PA-220;CWP-3351-10-PA-220;CWA-3351-10;PWP-3351-10-PA-220;"03351-CT-3""-C2-0086-N";;C2;PU-01, PERNO U LARGO;"3""";1;un;-;kg;Contratista;;;
"299_SL-02, ANGULO ANCLAJE LATERAL_4""";299;EWP-3351-10-PA-220;CWP-3351-10-PA-220;CWA-3351-10;PWP-3351-10-PA-220;"03351-CT-4""-C2-0003-N";;C2;SL-02, ANGULO ANCLAJE LATERAL;"4""";1;un;-;kg;Contratista;;;
"315_SL-02, ANGULO ANCLAJE LATERAL_4""";315;EWP-3351-10-PA-220;CWP-3351-10-PA-220;CWA-3351-10;PWP-3351-10-PA-220;"03351-CT-4""-C2-0003-N";;C2;SL-02, ANGULO ANCLAJE LATERAL;"4""";1;un;-;kg;Contratista;;;
"467_SL-02, ANGULO ANCLAJE LATERAL_4""";467;EWP-3351-10-PA-220;CWP-3351-10-PA-220;CWA-3351-10;PWP-3351-10-PA-220;"03351-CT-4""-C2-0003-N";;C2;SL-02, ANGULO ANCLAJE LATERAL;"4""";1;un;-;kg;Contratista;;;
"468_SL-02, ANGULO ANCLAJE LATERAL_4""";468;EWP-3351-10-PA-220;CWP-3351-10-PA-220;CWA-3351-10;PWP-3351-10-PA-220;"03351-CT-4""-C2-0004-N";;C2;SL-02, ANGULO ANCLAJE LATERAL;"4""";1;un;-;kg;Contratista;;;
"469_SL-02, ANGULO ANCLAJE LATERAL_4""";469;EWP-3351-10-PA-220;CWP-3351-10-PA-220;CWA-3351-10;PWP-3351-10-PA-220;"03351-CT-4""-C2-0004-N";;C2;SL-02, ANGULO ANCLAJE LATERAL;"4""";1;un;-;kg;Contratista;;;
"32_PU-01, PERNO U LARGO_4""";32;EWP-3351-10-PA-220;CWP-3351-10-PA-220;CWA-3351-10;PWP-3351-10-PA-220;"03351-CT-4""-C3-0015-R3";;C3;PU-01, PERNO U LARGO;"4""";1;un;-;kg;Contratista;;;
"33_PU-01, PERNO U LARGO_4""";33;EWP-3351-10-PA-220;CWP-3351-10-PA-220;CWA-3351-10;PWP-3351-10-PA-220;"03351-CT-4""-C3-0015-R3";;C3;PU-01, PERNO U LARGO;"4""";1;un;-;kg;Contratista;;;
"88_PU-01, PERNO U LARGO_4""";88;EWP-3351-10-PA-220;CWP-3351-10-PA-220;CWA-3351-10;PWP-3351-10-PA-220;"03351-CT-4""-C3-0015-R3";;C3;PU-01, PERNO U LARGO;"4""";1;un;-;kg;Contratista;;;
"101_PU-01, PERNO U LARGO_4""";101;EWP-3351-10-PA-220;CWP-3351-10-PA-220;CWA-3351-10;PWP-3351-10-PA-220;"03351-CT-4""-C3-0015-R3";;C3;PU-01, PERNO U LARGO;"4""";1;un;-;kg;Contratista;;;
"106_PU-01, PERNO U LARGO_4""";106;EWP-3351-10-PA-220;CWP-3351-10-PA-220;CWA-3351-10;PWP-3351-10-PA-220;"03351-CT-4""-C3-0015-R3";;C3;PU-01, PERNO U LARGO;"4""";1;un;-;kg;Contratista;;;
"256_SL-02, ANGULO ANCLAJE LATERAL_4""";256;EWP-3351-10-PA-220;CWP-3351-10-PA-220;CWA-3351-10;PWP-3351-10-PA-220;"03351-CT-4""-C3-0015-R3";;C3;SL-02, ANGULO ANCLAJE LATERAL;"4""";1;un;-;kg;Contratista;;;
"338_SL-02, ANGULO ANCLAJE LATERAL_4""";338;EWP-3351-10-PA-220;CWP-3351-10-PA-220;CWA-3351-10;PWP-3351-10-PA-220;"03351-CT-4""-C3-0015-R3";;C3;SL-02, ANGULO ANCLAJE LATERAL;"4""";1;un;-;kg;Contratista;;;
"69_PU-01, PERNO U LARGO_4""";69;EWP-3351-10-PA-220;CWP-3351-10-PA-220;CWA-3351-10;PWP-3351-10-PA-220;"03351-CT-4""-C3-0077-R3";;C3;PU-01, PERNO U LARGO;"4""";1;un;-;kg;Contratista;;;
"40_PU-01, PERNO U LARGO_6""";40;EWP-3351-10-PA-220;CWP-3351-10-PA-220;CWA-3351-10;PWP-3351-10-PA-220;"03351-CT-6""-C11-0001-N";;C11;PU-01, PERNO U LARGO;"6""";1;un;-;kg;Contratista;;;
"67_PU-01, PERNO U LARGO_6""";67;EWP-3351-10-PA-220;CWP-3351-10-PA-220;CWA-3351-10;PWP-3351-10-PA-220;"03351-CT-6""-C11-0001-N";;C11;PU-01, PERNO U LARGO;"6""";1;un;-;kg;Contratista;;;
"99_PU-01, PERNO U LARGO_6""";99;EWP-3351-10-PA-220;CWP-3351-10-PA-220;CWA-3351-10;PWP-3351-10-PA-220;"03351-CT-6""-C11-0001-N";;C11;PU-01, PERNO U LARGO;"6""";1;un;-;kg;Contratista;;;
"225_SL-02, ANGULO ANCLAJE LATERAL_6""";225;EWP-3351-10-PA-220;CWP-3351-10-PA-220;CWA-3351-10;PWP-3351-10-PA-220;"03351-CT-6""-C11-0001-N";;C11;SL-02, ANGULO ANCLAJE LATERAL;"6""";1;un;-;kg;Contratista;;;
"227_SL-02, ANGULO ANCLAJE LATERAL_6""";227;EWP-3351-10-PA-220;CWP-3351-10-PA-220;CWA-3351-10;PWP-3351-10-PA-220;"03351-CT-6""-C11-0001-N";;C11;SL-02, ANGULO ANCLAJE LATERAL;"6""";1;un;-;kg;Contratista;;;
"238_SL-02, ANGULO ANCLAJE LATERAL_6""";238;EWP-3351-10-PA-220;CWP-3351-10-PA-220;CWA-3351-10;PWP-3351-10-PA-220;"03351-CT-6""-C11-0001-N";;C11;SL-02, ANGULO ANCLAJE LATERAL;"6""";1;un;-;kg;Contratista;;;
"246_SL-02, ANGULO ANCLAJE LATERAL_6""";246;EWP-3351-10-PA-220;CWP-3351-10-PA-220;CWA-3351-10;PWP-3351-10-PA-220;"03351-CT-6""-C11-0001-N";;C11;SL-02, ANGULO ANCLAJE LATERAL;"6""";1;un;-;kg;Contratista;;;
"247_SL-02, ANGULO ANCLAJE LATERAL_6""";247;EWP-3351-10-PA-220;CWP-3351-10-PA-220;CWA-3351-10;PWP-3351-10-PA-220;"03351-CT-6""-C11-0001-N";;C11;SL-02, ANGULO ANCLAJE LATERAL;"6""";1;un;-;kg;Contratista;;;
"249_SL-02, ANGULO ANCLAJE LATERAL_6""";249;EWP-3351-10-PA-220;CWP-3351-10-PA-220;CWA-3351-10;PWP-3351-10-PA-220;"03351-CT-6""-C11-0001-N";;C11;SL-02, ANGULO ANCLAJE LATERAL;"6""";1;un;-;kg;Contratista;;;
"254_SL-02, ANGULO ANCLAJE LATERAL_6""";254;EWP-3351-10-PA-220;CWP-3351-10-PA-220;CWA-3351-10;PWP-3351-10-PA-220;"03351-CT-6""-C11-0001-N";;C11;SL-02, ANGULO ANCLAJE LATERAL;"6""";1;un;-;kg;Contratista;;;
"257_SL-02, ANGULO ANCLAJE LATERAL_6""";257;EWP-3351-10-PA-220;CWP-3351-10-PA-220;CWA-3351-10;PWP-3351-10-PA-220;"03351-CT-6""-C11-0001-N";;C11;SL-02, ANGULO ANCLAJE LATERAL;"6""";1;un;-;kg;Contratista;;;
"262_SL-02, ANGULO ANCLAJE LATERAL_6""";262;EWP-3351-10-PA-220;CWP-3351-10-PA-220;CWA-3351-10;PWP-3351-10-PA-220;"03351-CT-6""-C11-0001-N";;C11;SL-02, ANGULO ANCLAJE LATERAL;"6""";1;un;-;kg;Contratista;;;
"269_SL-02, ANGULO ANCLAJE LATERAL_6""";269;EWP-3351-10-PA-220;CWP-3351-10-PA-220;CWA-3351-10;PWP-3351-10-PA-220;"03351-CT-6""-C11-0001-N";;C11;SL-02, ANGULO ANCLAJE LATERAL;"6""";1;un;-;kg;Contratista;;;
"273_SL-02, ANGULO ANCLAJE LATERAL_6""";273;EWP-3351-10-PA-220;CWP-3351-10-PA-220;CWA-3351-10;PWP-3351-10-PA-220;"03351-CT-6""-C11-0001-N";;C11;SL-02, ANGULO ANCLAJE LATERAL;"6""";1;un;-;kg;Contratista;;;
"275_SL-02, ANGULO ANCLAJE LATERAL_6""";275;EWP-3351-10-PA-220;CWP-3351-10-PA-220;CWA-3351-10;PWP-3351-10-PA-220;"03351-CT-6""-C11-0001-N";;C11;SL-02, ANGULO ANCLAJE LATERAL;"6""";1;un;-;kg;Contratista;;;
"276_SL-02, ANGULO ANCLAJE LATERAL_6""";276;EWP-3351-10-PA-220;CWP-3351-10-PA-220;CWA-3351-10;PWP-3351-10-PA-220;"03351-CT-6""-C11-0001-N";;C11;SL-02, ANGULO ANCLAJE LATERAL;"6""";1;un;-;kg;Contratista;;;
"283_SL-02, ANGULO ANCLAJE LATERAL_6""";283;EWP-3351-10-PA-220;CWP-3351-10-PA-220;CWA-3351-10;PWP-3351-10-PA-220;"03351-CT-6""-C11-0001-N";;C11;SL-02, ANGULO ANCLAJE LATERAL;"6""";1;un;-;kg;Contratista;;;
"291_SL-02, ANGULO ANCLAJE LATERAL_6""";291;EWP-3351-10-PA-220;CWP-3351-10-PA-220;CWA-3351-10;PWP-3351-10-PA-220;"03351-CT-6""-C11-0001-N";;C11;SL-02, ANGULO ANCLAJE LATERAL;"6""";1;un;-;kg;Contratista;;;
"292_SL-02, ANGULO ANCLAJE LATERAL_6""";292;EWP-3351-10-PA-220;CWP-3351-10-PA-220;CWA-3351-10;PWP-3351-10-PA-220;"03351-CT-6""-C11-0001-N";;C11;SL-02, ANGULO ANCLAJE LATERAL;"6""";1;un;-;kg;Contratista;;;
"296_SL-02, ANGULO ANCLAJE LATERAL_6""";296;EWP-3351-10-PA-220;CWP-3351-10-PA-220;CWA-3351-10;PWP-3351-10-PA-220;"03351-CT-6""-C11-0001-N";;C11;SL-02, ANGULO ANCLAJE LATERAL;"6""";1;un;-;kg;Contratista;;;
"298_SL-02, ANGULO ANCLAJE LATERAL_6""";298;EWP-3351-10-PA-220;CWP-3351-10-PA-220;CWA-3351-10;PWP-3351-10-PA-220;"03351-CT-6""-C11-0001-N";;C11;SL-02, ANGULO ANCLAJE LATERAL;"6""";1;un;-;kg;Contratista;;;
"300_SL-02, ANGULO ANCLAJE LATERAL_6""";300;EWP-3351-10-PA-220;CWP-3351-10-PA-220;CWA-3351-10;PWP-3351-10-PA-220;"03351-CT-6""-C11-0001-N";;C11;SL-02, ANGULO ANCLAJE LATERAL;"6""";1;un;-;kg;Contratista;;;
"305_SL-02, ANGULO ANCLAJE LATERAL_6""";305;EWP-3351-10-PA-220;CWP-3351-10-PA-220;CWA-3351-10;PWP-3351-10-PA-220;"03351-CT-6""-C11-0001-N";;C11;SL-02, ANGULO ANCLAJE LATERAL;"6""";1;un;-;kg;Contratista;;;
"306_SL-02, ANGULO ANCLAJE LATERAL_6""";306;EWP-3351-10-PA-220;CWP-3351-10-PA-220;CWA-3351-10;PWP-3351-10-PA-220;"03351-CT-6""-C11-0001-N";;C11;SL-02, ANGULO ANCLAJE LATERAL;"6""";1;un;-;kg;Contratista;;;
"309_SL-02, ANGULO ANCLAJE LATERAL_6""";309;EWP-3351-10-PA-220;CWP-3351-10-PA-220;CWA-3351-10;PWP-3351-10-PA-220;"03351-CT-6""-C11-0001-N";;C11;SL-02, ANGULO ANCLAJE LATERAL;"6""";1;un;-;kg;Contratista;;;
"323_SL-02, ANGULO ANCLAJE LATERAL_6""";323;EWP-3351-10-PA-220;CWP-3351-10-PA-220;CWA-3351-10;PWP-3351-10-PA-220;"03351-CT-6""-C11-0001-N";;C11;SL-02, ANGULO ANCLAJE LATERAL;"6""";1;un;-;kg;Contratista;;;
"326_SL-02, ANGULO ANCLAJE LATERAL_6""";326;EWP-3351-10-PA-220;CWP-3351-10-PA-220;CWA-3351-10;PWP-3351-10-PA-220;"03351-CT-6""-C11-0001-N";;C11;SL-02, ANGULO ANCLAJE LATERAL;"6""";1;un;-;kg;Contratista;;;
"330_SL-02, ANGULO ANCLAJE LATERAL_6""";330;EWP-3351-10-PA-220;CWP-3351-10-PA-220;CWA-3351-10;PWP-3351-10-PA-220;"03351-CT-6""-C11-0001-N";;C11;SL-02, ANGULO ANCLAJE LATERAL;"6""";1;un;-;kg;Contratista;;;
"332_SL-02, ANGULO ANCLAJE LATERAL_6""";332;EWP-3351-10-PA-220;CWP-3351-10-PA-220;CWA-3351-10;PWP-3351-10-PA-220;"03351-CT-6""-C11-0001-N";;C11;SL-02, ANGULO ANCLAJE LATERAL;"6""";1;un;-;kg;Contratista;;;
"336_SL-02, ANGULO ANCLAJE LATERAL_6""";336;EWP-3351-10-PA-220;CWP-3351-10-PA-220;CWA-3351-10;PWP-3351-10-PA-220;"03351-CT-6""-C11-0001-N";;C11;SL-02, ANGULO ANCLAJE LATERAL;"6""";1;un;-;kg;Contratista;;;
"340_SL-02, ANGULO ANCLAJE LATERAL_6""";340;EWP-3351-10-PA-220;CWP-3351-10-PA-220;CWA-3351-10;PWP-3351-10-PA-220;"03351-CT-6""-C11-0001-N";;C11;SL-02, ANGULO ANCLAJE LATERAL;"6""";1;un;-;kg;Contratista;;;
"345_SL-02, ANGULO ANCLAJE LATERAL_6""";345;EWP-3351-10-PA-220;CWP-3351-10-PA-220;CWA-3351-10;PWP-3351-10-PA-220;"03351-CT-6""-C11-0001-N";;C11;SL-02, ANGULO ANCLAJE LATERAL;"6""";1;un;-;kg;Contratista;;;
"346_SL-02, ANGULO ANCLAJE LATERAL_6""";346;EWP-3351-10-PA-220;CWP-3351-10-PA-220;CWA-3351-10;PWP-3351-10-PA-220;"03351-CT-6""-C11-0001-N";;C11;SL-02, ANGULO ANCLAJE LATERAL;"6""";1;un;-;kg;Contratista;;;
"350_SL-02, ANGULO ANCLAJE LATERAL_6""";350;EWP-3351-10-PA-220;CWP-3351-10-PA-220;CWA-3351-10;PWP-3351-10-PA-220;"03351-CT-6""-C11-0001-N";;C11;SL-02, ANGULO ANCLAJE LATERAL;"6""";1;un;-;kg;Contratista;;;
"352_SL-02, ANGULO ANCLAJE LATERAL_6""";352;EWP-3351-10-PA-220;CWP-3351-10-PA-220;CWA-3351-10;PWP-3351-10-PA-220;"03351-CT-6""-C11-0001-N";;C11;SL-02, ANGULO ANCLAJE LATERAL;"6""";1;un;-;kg;Contratista;;;
"359_SL-02, ANGULO ANCLAJE LATERAL_6""";359;EWP-3351-10-PA-220;CWP-3351-10-PA-220;CWA-3351-10;PWP-3351-10-PA-220;"03351-CT-6""-C11-0001-N";;C11;SL-02, ANGULO ANCLAJE LATERAL;"6""";1;un;-;kg;Contratista;;;
"363_SL-02, ANGULO ANCLAJE LATERAL_6""";363;EWP-3351-10-PA-220;CWP-3351-10-PA-220;CWA-3351-10;PWP-3351-10-PA-220;"03351-CT-6""-C11-0001-N";;C11;SL-02, ANGULO ANCLAJE LATERAL;"6""";1;un;-;kg;Contratista;;;
"367_SL-02, ANGULO ANCLAJE LATERAL_6""";367;EWP-3351-10-PA-220;CWP-3351-10-PA-220;CWA-3351-10;PWP-3351-10-PA-220;"03351-CT-6""-C11-0001-N";;C11;SL-02, ANGULO ANCLAJE LATERAL;"6""";1;un;-;kg;Contratista;;;
"375_SL-02, ANGULO ANCLAJE LATERAL_6""";375;EWP-3351-10-PA-220;CWP-3351-10-PA-220;CWA-3351-10;PWP-3351-10-PA-220;"03351-CT-6""-C11-0001-N";;C11;SL-02, ANGULO ANCLAJE LATERAL;"6""";1;un;-;kg;Contratista;;;
"380_SL-02, ANGULO ANCLAJE LATERAL_6""";380;EWP-3351-10-PA-220;CWP-3351-10-PA-220;CWA-3351-10;PWP-3351-10-PA-220;"03351-CT-6""-C11-0001-N";;C11;SL-02, ANGULO ANCLAJE LATERAL;"6""";1;un;-;kg;Contratista;;;
"396_SL-02, ANGULO ANCLAJE LATERAL_6""";396;EWP-3351-10-PA-220;CWP-3351-10-PA-220;CWA-3351-10;PWP-3351-10-PA-220;"03351-CT-6""-C11-0001-N";;C11;SL-02, ANGULO ANCLAJE LATERAL;"6""";1;un;-;kg;Contratista;;;
"400_SL-02, ANGULO ANCLAJE LATERAL_6""";400;EWP-3351-10-PA-220;CWP-3351-10-PA-220;CWA-3351-10;PWP-3351-10-PA-220;"03351-CT-6""-C11-0001-N";;C11;SL-02, ANGULO ANCLAJE LATERAL;"6""";1;un;-;kg;Contratista;;;
"402_SL-02, ANGULO ANCLAJE LATERAL_6""";402;EWP-3351-10-PA-220;CWP-3351-10-PA-220;CWA-3351-10;PWP-3351-10-PA-220;"03351-CT-6""-C11-0001-N";;C11;SL-02, ANGULO ANCLAJE LATERAL;"6""";1;un;-;kg;Contratista;;;
"405_SL-02, ANGULO ANCLAJE LATERAL_6""";405;EWP-3351-10-PA-220;CWP-3351-10-PA-220;CWA-3351-10;PWP-3351-10-PA-220;"03351-CT-6""-C11-0001-N";;C11;SL-02, ANGULO ANCLAJE LATERAL;"6""";1;un;-;kg;Contratista;;;
"406_SL-02, ANGULO ANCLAJE LATERAL_6""";406;EWP-3351-10-PA-220;CWP-3351-10-PA-220;CWA-3351-10;PWP-3351-10-PA-220;"03351-CT-6""-C11-0001-N";;C11;SL-02, ANGULO ANCLAJE LATERAL;"6""";1;un;-;kg;Contratista;;;
"420_SL-02, ANGULO ANCLAJE LATERAL_6""";420;EWP-3351-10-PA-220;CWP-3351-10-PA-220;CWA-3351-10;PWP-3351-10-PA-220;"03351-CT-6""-C11-0001-N";;C11;SL-02, ANGULO ANCLAJE LATERAL;"6""";1;un;-;kg;Contratista;;;
"426_SL-02, ANGULO ANCLAJE LATERAL_6""";426;EWP-3351-10-PA-220;CWP-3351-10-PA-220;CWA-3351-10;PWP-3351-10-PA-220;"03351-CT-6""-C11-0001-N";;C11;SL-02, ANGULO ANCLAJE LATERAL;"6""";1;un;-;kg;Contratista;;;
"428_SL-02, ANGULO ANCLAJE LATERAL_6""";428;EWP-3351-10-PA-220;CWP-3351-10-PA-220;CWA-3351-10;PWP-3351-10-PA-220;"03351-CT-6""-C11-0001-N";;C11;SL-02, ANGULO ANCLAJE LATERAL;"6""";1;un;-;kg;Contratista;;;
"429_SL-02, ANGULO ANCLAJE LATERAL_6""";429;EWP-3351-10-PA-220;CWP-3351-10-PA-220;CWA-3351-10;PWP-3351-10-PA-220;"03351-CT-6""-C11-0001-N";;C11;SL-02, ANGULO ANCLAJE LATERAL;"6""";1;un;-;kg;Contratista;;;
"430_SL-02, ANGULO ANCLAJE LATERAL_6""";430;EWP-3351-10-PA-220;CWP-3351-10-PA-220;CWA-3351-10;PWP-3351-10-PA-220;"03351-CT-6""-C11-0001-N";;C11;SL-02, ANGULO ANCLAJE LATERAL;"6""";1;un;-;kg;Contratista;;;
"435_SL-02, ANGULO ANCLAJE LATERAL_6""";435;EWP-3351-10-PA-220;CWP-3351-10-PA-220;CWA-3351-10;PWP-3351-10-PA-220;"03351-CT-6""-C11-0001-N";;C11;SL-02, ANGULO ANCLAJE LATERAL;"6""";1;un;-;kg;Contratista;;;
"441_SL-02, ANGULO ANCLAJE LATERAL_6""";441;EWP-3351-10-PA-220;CWP-3351-10-PA-220;CWA-3351-10;PWP-3351-10-PA-220;"03351-CT-6""-C11-0001-N";;C11;SL-02, ANGULO ANCLAJE LATERAL;"6""";1;un;-;kg;Contratista;;;
"444_SL-02, ANGULO ANCLAJE LATERAL_6""";444;EWP-3351-10-PA-220;CWP-3351-10-PA-220;CWA-3351-10;PWP-3351-10-PA-220;"03351-CT-6""-C11-0001-N";;C11;SL-02, ANGULO ANCLAJE LATERAL;"6""";1;un;-;kg;Contratista;;;
"445_SL-02, ANGULO ANCLAJE LATERAL_6""";445;EWP-3351-10-PA-220;CWP-3351-10-PA-220;CWA-3351-10;PWP-3351-10-PA-220;"03351-CT-6""-C11-0001-N";;C11;SL-02, ANGULO ANCLAJE LATERAL;"6""";1;un;-;kg;Contratista;;;
"455_SL-02, ANGULO ANCLAJE LATERAL_6""";455;EWP-3351-10-PA-220;CWP-3351-10-PA-220;CWA-3351-10;PWP-3351-10-PA-220;"03351-CT-6""-C11-0001-N";;C11;SL-02, ANGULO ANCLAJE LATERAL;"6""";1;un;-;kg;Contratista;;;
"458_SL-02, ANGULO ANCLAJE LATERAL_6""";458;EWP-3351-10-PA-220;CWP-3351-10-PA-220;CWA-3351-10;PWP-3351-10-PA-220;"03351-CT-6""-C11-0001-N";;C11;SL-02, ANGULO ANCLAJE LATERAL;"6""";1;un;-;kg;Contratista;;;
"460_SL-02, ANGULO ANCLAJE LATERAL_6""";460;EWP-3351-10-PA-220;CWP-3351-10-PA-220;CWA-3351-10;PWP-3351-10-PA-220;"03351-CT-6""-C11-0001-N";;C11;SL-02, ANGULO ANCLAJE LATERAL;"6""";1;un;-;kg;Contratista;;;
"464_SL-02, ANGULO ANCLAJE LATERAL_6""";464;EWP-3351-10-PA-220;CWP-3351-10-PA-220;CWA-3351-10;PWP-3351-10-PA-220;"03351-CT-6""-C11-0001-N";;C11;SL-02, ANGULO ANCLAJE LATERAL;"6""";1;un;-;kg;Contratista;;;
"505_SP-05, SOPORTE PUNTUAL APOYO CAÑERIAS_6""";505;EWP-3351-10-PA-220;CWP-3351-10-PA-220;CWA-3351-10;PWP-3351-10-PA-220;"03351-CT-6""-C3-0005-R3";;C3;SP-05, SOPORTE PUNTUAL APOYO CAÑERIAS;"6""";1;un;-;kg;Contratista;;;
"506_SP-05, SOPORTE PUNTUAL APOYO CAÑERIAS_6""";506;EWP-3351-10-PA-220;CWP-3351-10-PA-220;CWA-3351-10;PWP-3351-10-PA-220;"03351-CT-6""-C3-0005-R3";;C3;SP-05, SOPORTE PUNTUAL APOYO CAÑERIAS;"6""";1;un;-;kg;Contratista;;;
"507_SP-05, SOPORTE PUNTUAL APOYO CAÑERIAS_6""";507;EWP-3351-10-PA-220;CWP-3351-10-PA-220;CWA-3351-10;PWP-3351-10-PA-220;"03351-CT-6""-C3-0005-R3";;C3;SP-05, SOPORTE PUNTUAL APOYO CAÑERIAS;"6""";1;un;-;kg;Contratista;;;
"510_SP-05, SOPORTE PUNTUAL APOYO CAÑERIAS_6""";510;EWP-3351-10-PA-220;CWP-3351-10-PA-220;CWA-3351-10;PWP-3351-10-PA-220;"03351-CT-6""-C3-0005-R3";;C3;SP-05, SOPORTE PUNTUAL APOYO CAÑERIAS;"6""";1;un;-;kg;Contratista;;;
"499_SP-05, SOPORTE PUNTUAL APOYO CAÑERIAS_6""";499;EWP-3351-10-PA-220;CWP-3351-10-PA-220;CWA-3351-10;PWP-3351-10-PA-220;"03351-CT-6""-C3-0006-R3";;C3;SP-05, SOPORTE PUNTUAL APOYO CAÑERIAS;"6""";1;un;-;kg;Contratista;;;
"500_SP-05, SOPORTE PUNTUAL APOYO CAÑERIAS_6""";500;EWP-3351-10-PA-220;CWP-3351-10-PA-220;CWA-3351-10;PWP-3351-10-PA-220;"03351-CT-6""-C3-0006-R3";;C3;SP-05, SOPORTE PUNTUAL APOYO CAÑERIAS;"6""";1;un;-;kg;Contratista;;;
"501_SP-05, SOPORTE PUNTUAL APOYO CAÑERIAS_6""";501;EWP-3351-10-PA-220;CWP-3351-10-PA-220;CWA-3351-10;PWP-3351-10-PA-220;"03351-CT-6""-C3-0006-R3";;C3;SP-05, SOPORTE PUNTUAL APOYO CAÑERIAS;"6""";1;un;-;kg;Contratista;;;
"503_SP-05, SOPORTE PUNTUAL APOYO CAÑERIAS_6""";503;EWP-3351-10-PA-220;CWP-3351-10-PA-220;CWA-3351-10;PWP-3351-10-PA-220;"03351-CT-6""-C3-0006-R3";;C3;SP-05, SOPORTE PUNTUAL APOYO CAÑERIAS;"6""";1;un;-;kg;Contratista;;;
"502_SP-05, SOPORTE PUNTUAL APOYO CAÑERIAS_6""";502;EWP-3351-10-PA-220;CWP-3351-10-PA-220;CWA-3351-10;PWP-3351-10-PA-220;"03351-CT-6""-C3-0007-R3";;C3;SP-05, SOPORTE PUNTUAL APOYO CAÑERIAS;"6""";1;un;-;kg;Contratista;;;
"504_SP-05, SOPORTE PUNTUAL APOYO CAÑERIAS_6""";504;EWP-3351-10-PA-220;CWP-3351-10-PA-220;CWA-3351-10;PWP-3351-10-PA-220;"03351-CT-6""-C3-0007-R3";;C3;SP-05, SOPORTE PUNTUAL APOYO CAÑERIAS;"6""";1;un;-;kg;Contratista;;;+
"509_SP-05, SOPORTE PUNTUAL APOYO CAÑERIAS_6""";509;EWP-3351-10-PA-220;CWP-3351-10-PA-220;CWA-3351-10;PWP-3351-10-PA-220;"03351-CT-6""-C3-0007-R3";;C3;SP-05, SOPORTE PUNTUAL APOYO CAÑERIAS;"6""";1;un;-;kg;Contratista;;;
"511_SP-05, SOPORTE PUNTUAL APOYO CAÑERIAS_6""";511;EWP-3351-10-PA-220;CWP-3351-10-PA-220;CWA-3351-10;PWP-3351-10-PA-220;"03351-CT-6""-C3-0007-R3";;C3;SP-05, SOPORTE PUNTUAL APOYO CAÑERIAS;"6""";1;un;-;kg;Contratista;;;
"2_ES-02, SOPORTE TRUNNION_1/2""";2;EWP-3351-10-PA-220;CWP-3351-10-PA-220;CWA-3351-10;PWP-3351-10-PA-220;"03351-CT-6""-C3-0018-R3";;C3;ES-02, SOPORTE TRUNNION;"1/2""";1;un;-;kg;Contratista;;;
"11_MS-06, MARCO SOPORTE TIPO ""L""_6""";11;EWP-3351-10-PA-220;CWP-3351-10-PA-220;CWA-3351-10;PWP-3351-10-PA-220;"03351-CT-6""-C3-0018-R3";;C3;"MS-06, MARCO SOPORTE TIPO ""L""";"6""";1;un;-;kg;Contratista;;;
"22_PU-01, PERNO U LARGO_6""";22;EWP-3351-10-PA-220;CWP-3351-10-PA-220;CWA-3351-10;PWP-3351-10-PA-220;"03351-CT-6""-C3-0018-R3";;C3;PU-01, PERNO U LARGO;"6""";1;un;-;kg;Contratista;;;
"24_PU-01, PERNO U LARGO_6""";24;EWP-3351-10-PA-220;CWP-3351-10-PA-220;CWA-3351-10;PWP-3351-10-PA-220;"03351-CT-6""-C3-0018-R3";;C3;PU-01, PERNO U LARGO;"6""";1;un;-;kg;Contratista;;;
"35_PU-01, PERNO U LARGO_6""";35;EWP-3351-10-PA-220;CWP-3351-10-PA-220;CWA-3351-10;PWP-3351-10-PA-220;"03351-CT-6""-C3-0018-R3";;C3;PU-01, PERNO U LARGO;"6""";1;un;-;kg;Contratista;;;
"37_PU-01, PERNO U LARGO_6""";37;EWP-3351-10-PA-220;CWP-3351-10-PA-220;CWA-3351-10;PWP-3351-10-PA-220;"03351-CT-6""-C3-0018-R3";;C3;PU-01, PERNO U LARGO;"6""";1;un;-;kg;Contratista;;;
"39_PU-01, PERNO U LARGO_6""";39;EWP-3351-10-PA-220;CWP-3351-10-PA-220;CWA-3351-10;PWP-3351-10-PA-220;"03351-CT-6""-C3-0018-R3";;C3;PU-01, PERNO U LARGO;"6""";1;un;-;kg;Contratista;;;
"41_PU-01, PERNO U LARGO_6""";41;EWP-3351-10-PA-220;CWP-3351-10-PA-220;CWA-3351-10;PWP-3351-10-PA-220;"03351-CT-6""-C3-0018-R3";;C3;PU-01, PERNO U LARGO;"6""";1;un;-;kg;Contratista;;;
"43_PU-01, PERNO U LARGO_6""";43;EWP-3351-10-PA-220;CWP-3351-10-PA-220;CWA-3351-10;PWP-3351-10-PA-220;"03351-CT-6""-C3-0018-R3";;C3;PU-01, PERNO U LARGO;"6""";1;un;-;kg;Contratista;;;
"45_PU-01, PERNO U LARGO_6""";45;EWP-3351-10-PA-220;CWP-3351-10-PA-220;CWA-3351-10;PWP-3351-10-PA-220;"03351-CT-6""-C3-0018-R3";;C3;PU-01, PERNO U LARGO;"6""";1;un;-;kg;Contratista;;;
"48_PU-01, PERNO U LARGO_6""";48;EWP-3351-10-PA-220;CWP-3351-10-PA-220;CWA-3351-10;PWP-3351-10-PA-220;"03351-CT-6""-C3-0018-R3";;C3;PU-01, PERNO U LARGO;"6""";1;un;-;kg;Contratista;;;
"51_PU-01, PERNO U LARGO_6""";51;EWP-3351-10-PA-220;CWP-3351-10-PA-220;CWA-3351-10;PWP-3351-10-PA-220;"03351-CT-6""-C3-0018-R3";;C3;PU-01, PERNO U LARGO;"6""";1;un;-;kg;Contratista;;;
"52_PU-01, PERNO U LARGO_6""";52;EWP-3351-10-PA-220;CWP-3351-10-PA-220;CWA-3351-10;PWP-3351-10-PA-220;"03351-CT-6""-C3-0018-R3";;C3;PU-01, PERNO U LARGO;"6""";1;un;-;kg;Contratista;;;
"56_PU-01, PERNO U LARGO_6""";56;EWP-3351-10-PA-220;CWP-3351-10-PA-220;CWA-3351-10;PWP-3351-10-PA-220;"03351-CT-6""-C3-0018-R3";;C3;PU-01, PERNO U LARGO;"6""";1;un;-;kg;Contratista;;;
"60_PU-01, PERNO U LARGO_6""";60;EWP-3351-10-PA-220;CWP-3351-10-PA-220;CWA-3351-10;PWP-3351-10-PA-220;"03351-CT-6""-C3-0018-R3";;C3;PU-01, PERNO U LARGO;"6""";1;un;-;kg;Contratista;;;
"65_PU-01, PERNO U LARGO_6""";65;EWP-3351-10-PA-220;CWP-3351-10-PA-220;CWA-3351-10;PWP-3351-10-PA-220;"03351-CT-6""-C3-0018-R3";;C3;PU-01, PERNO U LARGO;"6""";1;un;-;kg;Contratista;;;
"68_PU-01, PERNO U LARGO_6""";68;EWP-3351-10-PA-220;CWP-3351-10-PA-220;CWA-3351-10;PWP-3351-10-PA-220;"03351-CT-6""-C3-0018-R3";;C3;PU-01, PERNO U LARGO;"6""";1;un;-;kg;Contratista;;;
"78_PU-01, PERNO U LARGO_6""";78;EWP-3351-10-PA-220;CWP-3351-10-PA-220;CWA-3351-10;PWP-3351-10-PA-220;"03351-CT-6""-C3-0018-R3";;C3;PU-01, PERNO U LARGO;"6""";1;un;-;kg;Contratista;;;
"82_PU-01, PERNO U LARGO_6""";82;EWP-3351-10-PA-220;CWP-3351-10-PA-220;CWA-3351-10;PWP-3351-10-PA-220;"03351-CT-6""-C3-0018-R3";;C3;PU-01, PERNO U LARGO;"6""";1;un;-;kg;Contratista;;;
"90_PU-01, PERNO U LARGO_6""";90;EWP-3351-10-PA-220;CWP-3351-10-PA-220;CWA-3351-10;PWP-3351-10-PA-220;"03351-CT-6""-C3-0018-R3";;C3;PU-01, PERNO U LARGO;"6""";1;un;-;kg;Contratista;;;
"92_PU-01, PERNO U LARGO_6""";92;EWP-3351-10-PA-220;CWP-3351-10-PA-220;CWA-3351-10;PWP-3351-10-PA-220;"03351-CT-6""-C3-0018-R3";;C3;PU-01, PERNO U LARGO;"6""";1;un;-;kg;Contratista;;;
"93_PU-01, PERNO U LARGO_6""";93;EWP-3351-10-PA-220;CWP-3351-10-PA-220;CWA-3351-10;PWP-3351-10-PA-220;"03351-CT-6""-C3-0018-R3";;C3;PU-01, PERNO U LARGO;"6""";1;un;-;kg;Contratista;;;
"96_PU-01, PERNO U LARGO_6""";96;EWP-3351-10-PA-220;CWP-3351-10-PA-220;CWA-3351-10;PWP-3351-10-PA-220;"03351-CT-6""-C3-0018-R3";;C3;PU-01, PERNO U LARGO;"6""";1;un;-;kg;Contratista;;;
"97_PU-01, PERNO U LARGO_6""";97;EWP-3351-10-PA-220;CWP-3351-10-PA-220;CWA-3351-10;PWP-3351-10-PA-220;"03351-CT-6""-C3-0018-R3";;C3;PU-01, PERNO U LARGO;"6""";1;un;-;kg;Contratista;;;
"102_PU-01, PERNO U LARGO_6""";102;EWP-3351-10-PA-220;CWP-3351-10-PA-220;CWA-3351-10;PWP-3351-10-PA-220;"03351-CT-6""-C3-0018-R3";;C3;PU-01, PERNO U LARGO;"6""";1;un;-;kg;Contratista;;;
"103_PU-01, PERNO U LARGO_6""";103;EWP-3351-10-PA-220;CWP-3351-10-PA-220;CWA-3351-10;PWP-3351-10-PA-220;"03351-CT-6""-C3-0018-R3";;C3;PU-01, PERNO U LARGO;"6""";1;un;-;kg;Contratista;;;
"105_PU-01, PERNO U LARGO_6""";105;EWP-3351-10-PA-220;CWP-3351-10-PA-220;CWA-3351-10;PWP-3351-10-PA-220;"03351-CT-6""-C3-0018-R3";;C3;PU-01, PERNO U LARGO;"6""";1;un;-;kg;Contratista;;;
"141_PU-01, PERNO U LARGO_6""";141;EWP-3351-10-PA-220;CWP-3351-10-PA-220;CWA-3351-10;PWP-3351-10-PA-220;"03351-CT-6""-C3-0018-R3";;C3;PU-01, PERNO U LARGO;"6""";1;un;-;kg;Contratista;;;
"219_SL-02, ANGULO ANCLAJE LATERAL_6""";219;EWP-3351-10-PA-220;CWP-3351-10-PA-220;CWA-3351-10;PWP-3351-10-PA-220;"03351-CT-6""-C3-0018-R3";;C3;SL-02, ANGULO ANCLAJE LATERAL;"6""";1;un;-;kg;Contratista;;;
"222_SL-02, ANGULO ANCLAJE LATERAL_6""";222;EWP-3351-10-PA-220;CWP-3351-10-PA-220;CWA-3351-10;PWP-3351-10-PA-220;"03351-CT-6""-C3-0018-R3";;C3;SL-02, ANGULO ANCLAJE LATERAL;"6""";1;un;-;kg;Contratista;;;
"232_SL-02, ANGULO ANCLAJE LATERAL_6""";232;EWP-3351-10-PA-220;CWP-3351-10-PA-220;CWA-3351-10;PWP-3351-10-PA-220;"03351-CT-6""-C3-0018-R3";;C3;SL-02, ANGULO ANCLAJE LATERAL;"6""";1;un;-;kg;Contratista;;;
"235_SL-02, ANGULO ANCLAJE LATERAL_6""";235;EWP-3351-10-PA-220;CWP-3351-10-PA-220;CWA-3351-10;PWP-3351-10-PA-220;"03351-CT-6""-C3-0018-R3";;C3;SL-02, ANGULO ANCLAJE LATERAL;"6""";1;un;-;kg;Contratista;;;
"250_SL-02, ANGULO ANCLAJE LATERAL_6""";250;EWP-3351-10-PA-220;CWP-3351-10-PA-220;CWA-3351-10;PWP-3351-10-PA-220;"03351-CT-6""-C3-0018-R3";;C3;SL-02, ANGULO ANCLAJE LATERAL;"6""";1;un;-;kg;Contratista;;;
"253_SL-02, ANGULO ANCLAJE LATERAL_6""";253;EWP-3351-10-PA-220;CWP-3351-10-PA-220;CWA-3351-10;PWP-3351-10-PA-220;"03351-CT-6""-C3-0018-R3";;C3;SL-02, ANGULO ANCLAJE LATERAL;"6""";1;un;-;kg;Contratista;;;
"261_SL-02, ANGULO ANCLAJE LATERAL_6""";261;EWP-3351-10-PA-220;CWP-3351-10-PA-220;CWA-3351-10;PWP-3351-10-PA-220;"03351-CT-6""-C3-0018-R3";;C3;SL-02, ANGULO ANCLAJE LATERAL;"6""";1;un;-;kg;Contratista;;;
"265_SL-02, ANGULO ANCLAJE LATERAL_6""";265;EWP-3351-10-PA-220;CWP-3351-10-PA-220;CWA-3351-10;PWP-3351-10-PA-220;"03351-CT-6""-C3-0018-R3";;C3;SL-02, ANGULO ANCLAJE LATERAL;"6""";1;un;-;kg;Contratista;;;
"267_SL-02, ANGULO ANCLAJE LATERAL_6""";267;EWP-3351-10-PA-220;CWP-3351-10-PA-220;CWA-3351-10;PWP-3351-10-PA-220;"03351-CT-6""-C3-0018-R3";;C3;SL-02, ANGULO ANCLAJE LATERAL;"6""";1;un;-;kg;Contratista;;;
"279_SL-02, ANGULO ANCLAJE LATERAL_6""";279;EWP-3351-10-PA-220;CWP-3351-10-PA-220;CWA-3351-10;PWP-3351-10-PA-220;"03351-CT-6""-C3-0018-R3";;C3;SL-02, ANGULO ANCLAJE LATERAL;"6""";1;un;-;kg;Contratista;;;
"280_SL-02, ANGULO ANCLAJE LATERAL_6""";280;EWP-3351-10-PA-220;CWP-3351-10-PA-220;CWA-3351-10;PWP-3351-10-PA-220;"03351-CT-6""-C3-0018-R3";;C3;SL-02, ANGULO ANCLAJE LATERAL;"6""";1;un;-;kg;Contratista;;;
"282_SL-02, ANGULO ANCLAJE LATERAL_6""";282;EWP-3351-10-PA-220;CWP-3351-10-PA-220;CWA-3351-10;PWP-3351-10-PA-220;"03351-CT-6""-C3-0018-R3";;C3;SL-02, ANGULO ANCLAJE LATERAL;"6""";1;un;-;kg;Contratista;;;
"293_SL-02, ANGULO ANCLAJE LATERAL_6""";293;EWP-3351-10-PA-220;CWP-3351-10-PA-220;CWA-3351-10;PWP-3351-10-PA-220;"03351-CT-6""-C3-0018-R3";;C3;SL-02, ANGULO ANCLAJE LATERAL;"6""";1;un;-;kg;Contratista;;;
"297_SL-02, ANGULO ANCLAJE LATERAL_6""";297;EWP-3351-10-PA-220;CWP-3351-10-PA-220;CWA-3351-10;PWP-3351-10-PA-220;"03351-CT-6""-C3-0018-R3";;C3;SL-02, ANGULO ANCLAJE LATERAL;"6""";1;un;-;kg;Contratista;;;
"302_SL-02, ANGULO ANCLAJE LATERAL_6""";302;EWP-3351-10-PA-220;CWP-3351-10-PA-220;CWA-3351-10;PWP-3351-10-PA-220;"03351-CT-6""-C3-0018-R3";;C3;SL-02, ANGULO ANCLAJE LATERAL;"6""";1;un;-;kg;Contratista;;;
"303_SL-02, ANGULO ANCLAJE LATERAL_6""";303;EWP-3351-10-PA-220;CWP-3351-10-PA-220;CWA-3351-10;PWP-3351-10-PA-220;"03351-CT-6""-C3-0018-R3";;C3;SL-02, ANGULO ANCLAJE LATERAL;"6""";1;un;-;kg;Contratista;;;
"304_SL-02, ANGULO ANCLAJE LATERAL_6""";304;EWP-3351-10-PA-220;CWP-3351-10-PA-220;CWA-3351-10;PWP-3351-10-PA-220;"03351-CT-6""-C3-0018-R3";;C3;SL-02, ANGULO ANCLAJE LATERAL;"6""";1;un;-;kg;Contratista;;;
"308_SL-02, ANGULO ANCLAJE LATERAL_6""";308;EWP-3351-10-PA-220;CWP-3351-10-PA-220;CWA-3351-10;PWP-3351-10-PA-220;"03351-CT-6""-C3-0018-R3";;C3;SL-02, ANGULO ANCLAJE LATERAL;"6""";1;un;-;kg;Contratista;;;
"311_SL-02, ANGULO ANCLAJE LATERAL_6""";311;EWP-3351-10-PA-220;CWP-3351-10-PA-220;CWA-3351-10;PWP-3351-10-PA-220;"03351-CT-6""-C3-0018-R3";;C3;SL-02, ANGULO ANCLAJE LATERAL;"6""";1;un;-;kg;Contratista;;;
"313_SL-02, ANGULO ANCLAJE LATERAL_6""";313;EWP-3351-10-PA-220;CWP-3351-10-PA-220;CWA-3351-10;PWP-3351-10-PA-220;"03351-CT-6""-C3-0018-R3";;C3;SL-02, ANGULO ANCLAJE LATERAL;"6""";1;un;-;kg;Contratista;;;
"316_SL-02, ANGULO ANCLAJE LATERAL_6""";316;EWP-3351-10-PA-220;CWP-3351-10-PA-220;CWA-3351-10;PWP-3351-10-PA-220;"03351-CT-6""-C3-0018-R3";;C3;SL-02, ANGULO ANCLAJE LATERAL;"6""";1;un;-;kg;Contratista;;;
"322_SL-02, ANGULO ANCLAJE LATERAL_6""";322;EWP-3351-10-PA-220;CWP-3351-10-PA-220;CWA-3351-10;PWP-3351-10-PA-220;"03351-CT-6""-C3-0018-R3";;C3;SL-02, ANGULO ANCLAJE LATERAL;"6""";1;un;-;kg;Contratista;;;
"324_SL-02, ANGULO ANCLAJE LATERAL_6""";324;EWP-3351-10-PA-220;CWP-3351-10-PA-220;CWA-3351-10;PWP-3351-10-PA-220;"03351-CT-6""-C3-0018-R3";;C3;SL-02, ANGULO ANCLAJE LATERAL;"6""";1;un;-;kg;Contratista;;;
"328_SL-02, ANGULO ANCLAJE LATERAL_6""";328;EWP-3351-10-PA-220;CWP-3351-10-PA-220;CWA-3351-10;PWP-3351-10-PA-220;"03351-CT-6""-C3-0018-R3";;C3;SL-02, ANGULO ANCLAJE LATERAL;"6""";1;un;-;kg;Contratista;;;
"331_SL-02, ANGULO ANCLAJE LATERAL_6""";331;EWP-3351-10-PA-220;CWP-3351-10-PA-220;CWA-3351-10;PWP-3351-10-PA-220;"03351-CT-6""-C3-0018-R3";;C3;SL-02, ANGULO ANCLAJE LATERAL;"6""";1;un;-;kg;Contratista;;;
"334_SL-02, ANGULO ANCLAJE LATERAL_6""";334;EWP-3351-10-PA-220;CWP-3351-10-PA-220;CWA-3351-10;PWP-3351-10-PA-220;"03351-CT-6""-C3-0018-R3";;C3;SL-02, ANGULO ANCLAJE LATERAL;"6""";1;un;-;kg;Contratista;;;
"335_SL-02, ANGULO ANCLAJE LATERAL_6""";335;EWP-3351-10-PA-220;CWP-3351-10-PA-220;CWA-3351-10;PWP-3351-10-PA-220;"03351-CT-6""-C3-0018-R3";;C3;SL-02, ANGULO ANCLAJE LATERAL;"6""";1;un;-;kg;Contratista;;;
"344_SL-02, ANGULO ANCLAJE LATERAL_6""";344;EWP-3351-10-PA-220;CWP-3351-10-PA-220;CWA-3351-10;PWP-3351-10-PA-220;"03351-CT-6""-C3-0018-R3";;C3;SL-02, ANGULO ANCLAJE LATERAL;"6""";1;un;-;kg;Contratista;;;
"348_SL-02, ANGULO ANCLAJE LATERAL_6""";348;EWP-3351-10-PA-220;CWP-3351-10-PA-220;CWA-3351-10;PWP-3351-10-PA-220;"03351-CT-6""-C3-0018-R3";;C3;SL-02, ANGULO ANCLAJE LATERAL;"6""";1;un;-;kg;Contratista;;;
"349_SL-02, ANGULO ANCLAJE LATERAL_6""";349;EWP-3351-10-PA-220;CWP-3351-10-PA-220;CWA-3351-10;PWP-3351-10-PA-220;"03351-CT-6""-C3-0018-R3";;C3;SL-02, ANGULO ANCLAJE LATERAL;"6""";1;un;-;kg;Contratista;;;
"353_SL-02, ANGULO ANCLAJE LATERAL_6""";353;EWP-3351-10-PA-220;CWP-3351-10-PA-220;CWA-3351-10;PWP-3351-10-PA-220;"03351-CT-6""-C3-0018-R3";;C3;SL-02, ANGULO ANCLAJE LATERAL;"6""";1;un;-;kg;Contratista;;;
"356_SL-02, ANGULO ANCLAJE LATERAL_6""";356;EWP-3351-10-PA-220;CWP-3351-10-PA-220;CWA-3351-10;PWP-3351-10-PA-220;"03351-CT-6""-C3-0018-R3";;C3;SL-02, ANGULO ANCLAJE LATERAL;"6""";1;un;-;kg;Contratista;;;
"358_SL-02, ANGULO ANCLAJE LATERAL_6""";358;EWP-3351-10-PA-220;CWP-3351-10-PA-220;CWA-3351-10;PWP-3351-10-PA-220;"03351-CT-6""-C3-0018-R3";;C3;SL-02, ANGULO ANCLAJE LATERAL;"6""";1;un;-;kg;Contratista;;;
"365_SL-02, ANGULO ANCLAJE LATERAL_6""";365;EWP-3351-10-PA-220;CWP-3351-10-PA-220;CWA-3351-10;PWP-3351-10-PA-220;"03351-CT-6""-C3-0018-R3";;C3;SL-02, ANGULO ANCLAJE LATERAL;"6""";1;un;-;kg;Contratista;;;
"377_SL-02, ANGULO ANCLAJE LATERAL_6""";377;EWP-3351-10-PA-220;CWP-3351-10-PA-220;CWA-3351-10;PWP-3351-10-PA-220;"03351-CT-6""-C3-0018-R3";;C3;SL-02, ANGULO ANCLAJE LATERAL;"6""";1;un;-;kg;Contratista;;;
"381_SL-02, ANGULO ANCLAJE LATERAL_6""";381;EWP-3351-10-PA-220;CWP-3351-10-PA-220;CWA-3351-10;PWP-3351-10-PA-220;"03351-CT-6""-C3-0018-R3";;C3;SL-02, ANGULO ANCLAJE LATERAL;"6""";1;un;-;kg;Contratista;;;
"399_SL-02, ANGULO ANCLAJE LATERAL_6""";399;EWP-3351-10-PA-220;CWP-3351-10-PA-220;CWA-3351-10;PWP-3351-10-PA-220;"03351-CT-6""-C3-0018-R3";;C3;SL-02, ANGULO ANCLAJE LATERAL;"6""";1;un;-;kg;Contratista;;;
"401_SL-02, ANGULO ANCLAJE LATERAL_6""";401;EWP-3351-10-PA-220;CWP-3351-10-PA-220;CWA-3351-10;PWP-3351-10-PA-220;"03351-CT-6""-C3-0018-R3";;C3;SL-02, ANGULO ANCLAJE LATERAL;"6""";1;un;-;kg;Contratista;;;
"407_SL-02, ANGULO ANCLAJE LATERAL_6""";407;EWP-3351-10-PA-220;CWP-3351-10-PA-220;CWA-3351-10;PWP-3351-10-PA-220;"03351-CT-6""-C3-0018-R3";;C3;SL-02, ANGULO ANCLAJE LATERAL;"6""";1;un;-;kg;Contratista;;;
"408_SL-02, ANGULO ANCLAJE LATERAL_6""";408;EWP-3351-10-PA-220;CWP-3351-10-PA-220;CWA-3351-10;PWP-3351-10-PA-220;"03351-CT-6""-C3-0018-R3";;C3;SL-02, ANGULO ANCLAJE LATERAL;"6""";1;un;-;kg;Contratista;;;
"409_SL-02, ANGULO ANCLAJE LATERAL_6""";409;EWP-3351-10-PA-220;CWP-3351-10-PA-220;CWA-3351-10;PWP-3351-10-PA-220;"03351-CT-6""-C3-0018-R3";;C3;SL-02, ANGULO ANCLAJE LATERAL;"6""";1;un;-;kg;Contratista;;;
"411_SL-02, ANGULO ANCLAJE LATERAL_6""";411;EWP-3351-10-PA-220;CWP-3351-10-PA-220;CWA-3351-10;PWP-3351-10-PA-220;"03351-CT-6""-C3-0018-R3";;C3;SL-02, ANGULO ANCLAJE LATERAL;"6""";1;un;-;kg;Contratista;;;
"415_SL-02, ANGULO ANCLAJE LATERAL_6""";415;EWP-3351-10-PA-220;CWP-3351-10-PA-220;CWA-3351-10;PWP-3351-10-PA-220;"03351-CT-6""-C3-0018-R3";;C3;SL-02, ANGULO ANCLAJE LATERAL;"6""";1;un;-;kg;Contratista;;;
"421_SL-02, ANGULO ANCLAJE LATERAL_6""";421;EWP-3351-10-PA-220;CWP-3351-10-PA-220;CWA-3351-10;PWP-3351-10-PA-220;"03351-CT-6""-C3-0018-R3";;C3;SL-02, ANGULO ANCLAJE LATERAL;"6""";1;un;-;kg;Contratista;;;
"424_SL-02, ANGULO ANCLAJE LATERAL_6""";424;EWP-3351-10-PA-220;CWP-3351-10-PA-220;CWA-3351-10;PWP-3351-10-PA-220;"03351-CT-6""-C3-0018-R3";;C3;SL-02, ANGULO ANCLAJE LATERAL;"6""";1;un;-;kg;Contratista;;;
"431_SL-02, ANGULO ANCLAJE LATERAL_6""";431;EWP-3351-10-PA-220;CWP-3351-10-PA-220;CWA-3351-10;PWP-3351-10-PA-220;"03351-CT-6""-C3-0018-R3";;C3;SL-02, ANGULO ANCLAJE LATERAL;"6""";1;un;-;kg;Contratista;;;
"433_SL-02, ANGULO ANCLAJE LATERAL_6""";433;EWP-3351-10-PA-220;CWP-3351-10-PA-220;CWA-3351-10;PWP-3351-10-PA-220;"03351-CT-6""-C3-0018-R3";;C3;SL-02, ANGULO ANCLAJE LATERAL;"6""";1;un;-;kg;Contratista;;;
"437_SL-02, ANGULO ANCLAJE LATERAL_6""";437;EWP-3351-10-PA-220;CWP-3351-10-PA-220;CWA-3351-10;PWP-3351-10-PA-220;"03351-CT-6""-C3-0018-R3";;C3;SL-02, ANGULO ANCLAJE LATERAL;"6""";1;un;-;kg;Contratista;;;
"438_SL-02, ANGULO ANCLAJE LATERAL_6""";438;EWP-3351-10-PA-220;CWP-3351-10-PA-220;CWA-3351-10;PWP-3351-10-PA-220;"03351-CT-6""-C3-0018-R3";;C3;SL-02, ANGULO ANCLAJE LATERAL;"6""";1;un;-;kg;Contratista;;;
"439_SL-02, ANGULO ANCLAJE LATERAL_6""";439;EWP-3351-10-PA-220;CWP-3351-10-PA-220;CWA-3351-10;PWP-3351-10-PA-220;"03351-CT-6""-C3-0018-R3";;C3;SL-02, ANGULO ANCLAJE LATERAL;"6""";1;un;-;kg;Contratista;;;
"443_SL-02, ANGULO ANCLAJE LATERAL_6""";443;EWP-3351-10-PA-220;CWP-3351-10-PA-220;CWA-3351-10;PWP-3351-10-PA-220;"03351-CT-6""-C3-0018-R3";;C3;SL-02, ANGULO ANCLAJE LATERAL;"6""";1;un;-;kg;Contratista;;;
"448_SL-02, ANGULO ANCLAJE LATERAL_6""";448;EWP-3351-10-PA-220;CWP-3351-10-PA-220;CWA-3351-10;PWP-3351-10-PA-220;"03351-CT-6""-C3-0018-R3";;C3;SL-02, ANGULO ANCLAJE LATERAL;"6""";1;un;-;kg;Contratista;;;
"454_SL-02, ANGULO ANCLAJE LATERAL_6""";454;EWP-3351-10-PA-220;CWP-3351-10-PA-220;CWA-3351-10;PWP-3351-10-PA-220;"03351-CT-6""-C3-0018-R3";;C3;SL-02, ANGULO ANCLAJE LATERAL;"6""";1;un;-;kg;Contratista;;;
"459_SL-02, ANGULO ANCLAJE LATERAL_6""";459;EWP-3351-10-PA-220;CWP-3351-10-PA-220;CWA-3351-10;PWP-3351-10-PA-220;"03351-CT-6""-C3-0018-R3";;C3;SL-02, ANGULO ANCLAJE LATERAL;"6""";1;un;-;kg;Contratista;;;
"463_SL-02, ANGULO ANCLAJE LATERAL_6""";463;EWP-3351-10-PA-220;CWP-3351-10-PA-220;CWA-3351-10;PWP-3351-10-PA-220;"03351-CT-6""-C3-0018-R3";;C3;SL-02, ANGULO ANCLAJE LATERAL;"6""";1;un;-;kg;Contratista;;;
"465_SL-02, ANGULO ANCLAJE LATERAL_6""";465;EWP-3351-10-PA-220;CWP-3351-10-PA-220;CWA-3351-10;PWP-3351-10-PA-220;"03351-CT-6""-C3-0018-R3";;C3;SL-02, ANGULO ANCLAJE LATERAL;"6""";1;un;-;kg;Contratista;;;
"1_ES-02, SOPORTE TRUNNION_1/2""";1;EWP-3351-10-PA-220;CWP-3351-10-PA-220;CWA-3351-10;PWP-3351-10-PA-220;"03351-CT-6""-C3-0021-R3";;C3;ES-02, SOPORTE TRUNNION;"1/2""";1;un;-;kg;Contratista;;;
"12_MS-06, MARCO SOPORTE TIPO ""L""_6""";12;EWP-3351-10-PA-220;CWP-3351-10-PA-220;CWA-3351-10;PWP-3351-10-PA-220;"03351-CT-6""-C3-0021-R3";;C3;"MS-06, MARCO SOPORTE TIPO ""L""";"6""";1;un;-;kg;Contratista;;;
"21_PU-01, PERNO U LARGO_6""";21;EWP-3351-10-PA-220;CWP-3351-10-PA-220;CWA-3351-10;PWP-3351-10-PA-220;"03351-CT-6""-C3-0021-R3";;C3;PU-01, PERNO U LARGO;"6""";1;un;-;kg;Contratista;;;
"23_PU-01, PERNO U LARGO_6""";23;EWP-3351-10-PA-220;CWP-3351-10-PA-220;CWA-3351-10;PWP-3351-10-PA-220;"03351-CT-6""-C3-0021-R3";;C3;PU-01, PERNO U LARGO;"6""";1;un;-;kg;Contratista;;;
"26_PU-01, PERNO U LARGO_6""";26;EWP-3351-10-PA-220;CWP-3351-10-PA-220;CWA-3351-10;PWP-3351-10-PA-220;"03351-CT-6""-C3-0021-R3";;C3;PU-01, PERNO U LARGO;"6""";1;un;-;kg;Contratista;;;
"44_PU-01, PERNO U LARGO_6""";44;EWP-3351-10-PA-220;CWP-3351-10-PA-220;CWA-3351-10;PWP-3351-10-PA-220;"03351-CT-6""-C3-0021-R3";;C3;PU-01, PERNO U LARGO;"6""";1;un;-;kg;Contratista;;;
"58_PU-01, PERNO U LARGO_6""";58;EWP-3351-10-PA-220;CWP-3351-10-PA-220;CWA-3351-10;PWP-3351-10-PA-220;"03351-CT-6""-C3-0021-R3";;C3;PU-01, PERNO U LARGO;"6""";1;un;-;kg;Contratista;;;
"63_PU-01, PERNO U LARGO_6""";63;EWP-3351-10-PA-220;CWP-3351-10-PA-220;CWA-3351-10;PWP-3351-10-PA-220;"03351-CT-6""-C3-0021-R3";;C3;PU-01, PERNO U LARGO;"6""";1;un;-;kg;Contratista;;;
"71_PU-01, PERNO U LARGO_6""";71;EWP-3351-10-PA-220;CWP-3351-10-PA-220;CWA-3351-10;PWP-3351-10-PA-220;"03351-CT-6""-C3-0021-R3";;C3;PU-01, PERNO U LARGO;"6""";1;un;-;kg;Contratista;;;
"72_PU-01, PERNO U LARGO_6""";72;EWP-3351-10-PA-220;CWP-3351-10-PA-220;CWA-3351-10;PWP-3351-10-PA-220;"03351-CT-6""-C3-0021-R3";;C3;PU-01, PERNO U LARGO;"6""";1;un;-;kg;Contratista;;;
"84_PU-01, PERNO U LARGO_6""";84;EWP-3351-10-PA-220;CWP-3351-10-PA-220;CWA-3351-10;PWP-3351-10-PA-220;"03351-CT-6""-C3-0021-R3";;C3;PU-01, PERNO U LARGO;"6""";1;un;-;kg;Contratista;;;
"85_PU-01, PERNO U LARGO_6""";85;EWP-3351-10-PA-220;CWP-3351-10-PA-220;CWA-3351-10;PWP-3351-10-PA-220;"03351-CT-6""-C3-0021-R3";;C3;PU-01, PERNO U LARGO;"6""";1;un;-;kg;Contratista;;;
"87_PU-01, PERNO U LARGO_6""";87;EWP-3351-10-PA-220;CWP-3351-10-PA-220;CWA-3351-10;PWP-3351-10-PA-220;"03351-CT-6""-C3-0021-R3";;C3;PU-01, PERNO U LARGO;"6""";1;un;-;kg;Contratista;;;
"95_PU-01, PERNO U LARGO_6""";95;EWP-3351-10-PA-220;CWP-3351-10-PA-220;CWA-3351-10;PWP-3351-10-PA-220;"03351-CT-6""-C3-0021-R3";;C3;PU-01, PERNO U LARGO;"6""";1;un;-;kg;Contratista;;;
"108_PU-01, PERNO U LARGO_6""";108;EWP-3351-10-PA-220;CWP-3351-10-PA-220;CWA-3351-10;PWP-3351-10-PA-220;"03351-CT-6""-C3-0021-R3";;C3;PU-01, PERNO U LARGO;"6""";1;un;-;kg;Contratista;;;
"140_PU-01, PERNO U LARGO_6""";140;EWP-3351-10-PA-220;CWP-3351-10-PA-220;CWA-3351-10;PWP-3351-10-PA-220;"03351-CT-6""-C3-0021-R3";;C3;PU-01, PERNO U LARGO;"6""";1;un;-;kg;Contratista;;;
"223_SL-02, ANGULO ANCLAJE LATERAL_6""";223;EWP-3351-10-PA-220;CWP-3351-10-PA-220;CWA-3351-10;PWP-3351-10-PA-220;"03351-CT-6""-C3-0021-R3";;C3;SL-02, ANGULO ANCLAJE LATERAL;"6""";1;un;-;kg;Contratista;;;
"230_SL-02, ANGULO ANCLAJE LATERAL_6""";230;EWP-3351-10-PA-220;CWP-3351-10-PA-220;CWA-3351-10;PWP-3351-10-PA-220;"03351-CT-6""-C3-0021-R3";;C3;SL-02, ANGULO ANCLAJE LATERAL;"6""";1;un;-;kg;Contratista;;;
"231_SL-02, ANGULO ANCLAJE LATERAL_6""";231;EWP-3351-10-PA-220;CWP-3351-10-PA-220;CWA-3351-10;PWP-3351-10-PA-220;"03351-CT-6""-C3-0021-R3";;C3;SL-02, ANGULO ANCLAJE LATERAL;"6""";1;un;-;kg;Contratista;;;
"233_SL-02, ANGULO ANCLAJE LATERAL_6""";233;EWP-3351-10-PA-220;CWP-3351-10-PA-220;CWA-3351-10;PWP-3351-10-PA-220;"03351-CT-6""-C3-0021-R3";;C3;SL-02, ANGULO ANCLAJE LATERAL;"6""";1;un;-;kg;Contratista;;;
"234_SL-02, ANGULO ANCLAJE LATERAL_6""";234;EWP-3351-10-PA-220;CWP-3351-10-PA-220;CWA-3351-10;PWP-3351-10-PA-220;"03351-CT-6""-C3-0021-R3";;C3;SL-02, ANGULO ANCLAJE LATERAL;"6""";1;un;-;kg;Contratista;;;
"237_SL-02, ANGULO ANCLAJE LATERAL_6""";237;EWP-3351-10-PA-220;CWP-3351-10-PA-220;CWA-3351-10;PWP-3351-10-PA-220;"03351-CT-6""-C3-0021-R3";;C3;SL-02, ANGULO ANCLAJE LATERAL;"6""";1;un;-;kg;Contratista;;;
"240_SL-02, ANGULO ANCLAJE LATERAL_6""";240;EWP-3351-10-PA-220;CWP-3351-10-PA-220;CWA-3351-10;PWP-3351-10-PA-220;"03351-CT-6""-C3-0021-R3";;C3;SL-02, ANGULO ANCLAJE LATERAL;"6""";1;un;-;kg;Contratista;;;
"243_SL-02, ANGULO ANCLAJE LATERAL_6""";243;EWP-3351-10-PA-220;CWP-3351-10-PA-220;CWA-3351-10;PWP-3351-10-PA-220;"03351-CT-6""-C3-0021-R3";;C3;SL-02, ANGULO ANCLAJE LATERAL;"6""";1;un;-;kg;Contratista;;;
"244_SL-02, ANGULO ANCLAJE LATERAL_6""";244;EWP-3351-10-PA-220;CWP-3351-10-PA-220;CWA-3351-10;PWP-3351-10-PA-220;"03351-CT-6""-C3-0021-R3";;C3;SL-02, ANGULO ANCLAJE LATERAL;"6""";1;un;-;kg;Contratista;;;
"251_SL-02, ANGULO ANCLAJE LATERAL_6""";251;EWP-3351-10-PA-220;CWP-3351-10-PA-220;CWA-3351-10;PWP-3351-10-PA-220;"03351-CT-6""-C3-0021-R3";;C3;SL-02, ANGULO ANCLAJE LATERAL;"6""";1;un;-;kg;Contratista;;;
"255_SL-02, ANGULO ANCLAJE LATERAL_6""";255;EWP-3351-10-PA-220;CWP-3351-10-PA-220;CWA-3351-10;PWP-3351-10-PA-220;"03351-CT-6""-C3-0021-R3";;C3;SL-02, ANGULO ANCLAJE LATERAL;"6""";1;un;-;kg;Contratista;;;
"258_SL-02, ANGULO ANCLAJE LATERAL_6""";258;EWP-3351-10-PA-220;CWP-3351-10-PA-220;CWA-3351-10;PWP-3351-10-PA-220;"03351-CT-6""-C3-0021-R3";;C3;SL-02, ANGULO ANCLAJE LATERAL;"6""";1;un;-;kg;Contratista;;;
"264_SL-02, ANGULO ANCLAJE LATERAL_6""";264;EWP-3351-10-PA-220;CWP-3351-10-PA-220;CWA-3351-10;PWP-3351-10-PA-220;"03351-CT-6""-C3-0021-R3";;C3;SL-02, ANGULO ANCLAJE LATERAL;"6""";1;un;-;kg;Contratista;;;
"268_SL-02, ANGULO ANCLAJE LATERAL_6""";268;EWP-3351-10-PA-220;CWP-3351-10-PA-220;CWA-3351-10;PWP-3351-10-PA-220;"03351-CT-6""-C3-0021-R3";;C3;SL-02, ANGULO ANCLAJE LATERAL;"6""";1;un;-;kg;Contratista;;;
"272_SL-02, ANGULO ANCLAJE LATERAL_6""";272;EWP-3351-10-PA-220;CWP-3351-10-PA-220;CWA-3351-10;PWP-3351-10-PA-220;"03351-CT-6""-C3-0021-R3";;C3;SL-02, ANGULO ANCLAJE LATERAL;"6""";1;un;-;kg;Contratista;;;
"278_SL-02, ANGULO ANCLAJE LATERAL_6""";278;EWP-3351-10-PA-220;CWP-3351-10-PA-220;CWA-3351-10;PWP-3351-10-PA-220;"03351-CT-6""-C3-0021-R3";;C3;SL-02, ANGULO ANCLAJE LATERAL;"6""";1;un;-;kg;Contratista;;;
"286_SL-02, ANGULO ANCLAJE LATERAL_6""";286;EWP-3351-10-PA-220;CWP-3351-10-PA-220;CWA-3351-10;PWP-3351-10-PA-220;"03351-CT-6""-C3-0021-R3";;C3;SL-02, ANGULO ANCLAJE LATERAL;"6""";1;un;-;kg;Contratista;;;
"287_SL-02, ANGULO ANCLAJE LATERAL_6""";287;EWP-3351-10-PA-220;CWP-3351-10-PA-220;CWA-3351-10;PWP-3351-10-PA-220;"03351-CT-6""-C3-0021-R3";;C3;SL-02, ANGULO ANCLAJE LATERAL;"6""";1;un;-;kg;Contratista;;;
"301_SL-02, ANGULO ANCLAJE LATERAL_6""";301;EWP-3351-10-PA-220;CWP-3351-10-PA-220;CWA-3351-10;PWP-3351-10-PA-220;"03351-CT-6""-C3-0021-R3";;C3;SL-02, ANGULO ANCLAJE LATERAL;"6""";1;un;-;kg;Contratista;;;
"310_SL-02, ANGULO ANCLAJE LATERAL_6""";310;EWP-3351-10-PA-220;CWP-3351-10-PA-220;CWA-3351-10;PWP-3351-10-PA-220;"03351-CT-6""-C3-0021-R3";;C3;SL-02, ANGULO ANCLAJE LATERAL;"6""";1;un;-;kg;Contratista;;;
"317_SL-02, ANGULO ANCLAJE LATERAL_6""";317;EWP-3351-10-PA-220;CWP-3351-10-PA-220;CWA-3351-10;PWP-3351-10-PA-220;"03351-CT-6""-C3-0021-R3";;C3;SL-02, ANGULO ANCLAJE LATERAL;"6""";1;un;-;kg;Contratista;;;
"318_SL-02, ANGULO ANCLAJE LATERAL_6""";318;EWP-3351-10-PA-220;CWP-3351-10-PA-220;CWA-3351-10;PWP-3351-10-PA-220;"03351-CT-6""-C3-0021-R3";;C3;SL-02, ANGULO ANCLAJE LATERAL;"6""";1;un;-;kg;Contratista;;;
"327_SL-02, ANGULO ANCLAJE LATERAL_6""";327;EWP-3351-10-PA-220;CWP-3351-10-PA-220;CWA-3351-10;PWP-3351-10-PA-220;"03351-CT-6""-C3-0021-R3";;C3;SL-02, ANGULO ANCLAJE LATERAL;"6""";1;un;-;kg;Contratista;;;
"333_SL-02, ANGULO ANCLAJE LATERAL_6""";333;EWP-3351-10-PA-220;CWP-3351-10-PA-220;CWA-3351-10;PWP-3351-10-PA-220;"03351-CT-6""-C3-0021-R3";;C3;SL-02, ANGULO ANCLAJE LATERAL;"6""";1;un;-;kg;Contratista;;;
"337_SL-02, ANGULO ANCLAJE LATERAL_6""";337;EWP-3351-10-PA-220;CWP-3351-10-PA-220;CWA-3351-10;PWP-3351-10-PA-220;"03351-CT-6""-C3-0021-R3";;C3;SL-02, ANGULO ANCLAJE LATERAL;"6""";1;un;-;kg;Contratista;;;
"343_SL-02, ANGULO ANCLAJE LATERAL_6""";343;EWP-3351-10-PA-220;CWP-3351-10-PA-220;CWA-3351-10;PWP-3351-10-PA-220;"03351-CT-6""-C3-0021-R3";;C3;SL-02, ANGULO ANCLAJE LATERAL;"6""";1;un;-;kg;Contratista;;;
"347_SL-02, ANGULO ANCLAJE LATERAL_6""";347;EWP-3351-10-PA-220;CWP-3351-10-PA-220;CWA-3351-10;PWP-3351-10-PA-220;"03351-CT-6""-C3-0021-R3";;C3;SL-02, ANGULO ANCLAJE LATERAL;"6""";1;un;-;kg;Contratista;;;
"354_SL-02, ANGULO ANCLAJE LATERAL_6""";354;EWP-3351-10-PA-220;CWP-3351-10-PA-220;CWA-3351-10;PWP-3351-10-PA-220;"03351-CT-6""-C3-0021-R3";;C3;SL-02, ANGULO ANCLAJE LATERAL;"6""";1;un;-;kg;Contratista;;;
"357_SL-02, ANGULO ANCLAJE LATERAL_6""";357;EWP-3351-10-PA-220;CWP-3351-10-PA-220;CWA-3351-10;PWP-3351-10-PA-220;"03351-CT-6""-C3-0021-R3";;C3;SL-02, ANGULO ANCLAJE LATERAL;"6""";1;un;-;kg;Contratista;;;
"366_SL-02, ANGULO ANCLAJE LATERAL_6""";366;EWP-3351-10-PA-220;CWP-3351-10-PA-220;CWA-3351-10;PWP-3351-10-PA-220;"03351-CT-6""-C3-0021-R3";;C3;SL-02, ANGULO ANCLAJE LATERAL;"6""";1;un;-;kg;Contratista;;;
"369_SL-02, ANGULO ANCLAJE LATERAL_6""";369;EWP-3351-10-PA-220;CWP-3351-10-PA-220;CWA-3351-10;PWP-3351-10-PA-220;"03351-CT-6""-C3-0021-R3";;C3;SL-02, ANGULO ANCLAJE LATERAL;"6""";1;un;-;kg;Contratista;;;
"370_SL-02, ANGULO ANCLAJE LATERAL_6""";370;EWP-3351-10-PA-220;CWP-3351-10-PA-220;CWA-3351-10;PWP-3351-10-PA-220;"03351-CT-6""-C3-0021-R3";;C3;SL-02, ANGULO ANCLAJE LATERAL;"6""";1;un;-;kg;Contratista;;;
"374_SL-02, ANGULO ANCLAJE LATERAL_6""";374;EWP-3351-10-PA-220;CWP-3351-10-PA-220;CWA-3351-10;PWP-3351-10-PA-220;"03351-CT-6""-C3-0021-R3";;C3;SL-02, ANGULO ANCLAJE LATERAL;"6""";1;un;-;kg;Contratista;;;
"376_SL-02, ANGULO ANCLAJE LATERAL_6""";376;EWP-3351-10-PA-220;CWP-3351-10-PA-220;CWA-3351-10;PWP-3351-10-PA-220;"03351-CT-6""-C3-0021-R3";;C3;SL-02, ANGULO ANCLAJE LATERAL;"6""";1;un;-;kg;Contratista;;;
"378_SL-02, ANGULO ANCLAJE LATERAL_6""";378;EWP-3351-10-PA-220;CWP-3351-10-PA-220;CWA-3351-10;PWP-3351-10-PA-220;"03351-CT-6""-C3-0021-R3";;C3;SL-02, ANGULO ANCLAJE LATERAL;"6""";1;un;-;kg;Contratista;;;
"379_SL-02, ANGULO ANCLAJE LATERAL_6""";379;EWP-3351-10-PA-220;CWP-3351-10-PA-220;CWA-3351-10;PWP-3351-10-PA-220;"03351-CT-6""-C3-0021-R3";;C3;SL-02, ANGULO ANCLAJE LATERAL;"6""";1;un;-;kg;Contratista;;;
"395_SL-02, ANGULO ANCLAJE LATERAL_6""";395;EWP-3351-10-PA-220;CWP-3351-10-PA-220;CWA-3351-10;PWP-3351-10-PA-220;"03351-CT-6""-C3-0021-R3";;C3;SL-02, ANGULO ANCLAJE LATERAL;"6""";1;un;-;kg;Contratista;;;
"397_SL-02, ANGULO ANCLAJE LATERAL_6""";397;EWP-3351-10-PA-220;CWP-3351-10-PA-220;CWA-3351-10;PWP-3351-10-PA-220;"03351-CT-6""-C3-0021-R3";;C3;SL-02, ANGULO ANCLAJE LATERAL;"6""";1;un;-;kg;Contratista;;;
"412_SL-02, ANGULO ANCLAJE LATERAL_6""";412;EWP-3351-10-PA-220;CWP-3351-10-PA-220;CWA-3351-10;PWP-3351-10-PA-220;"03351-CT-6""-C3-0021-R3";;C3;SL-02, ANGULO ANCLAJE LATERAL;"6""";1;un;-;kg;Contratista;;;
"414_SL-02, ANGULO ANCLAJE LATERAL_6""";414;EWP-3351-10-PA-220;CWP-3351-10-PA-220;CWA-3351-10;PWP-3351-10-PA-220;"03351-CT-6""-C3-0021-R3";;C3;SL-02, ANGULO ANCLAJE LATERAL;"6""";1;un;-;kg;Contratista;;;
"416_SL-02, ANGULO ANCLAJE LATERAL_6""";416;EWP-3351-10-PA-220;CWP-3351-10-PA-220;CWA-3351-10;PWP-3351-10-PA-220;"03351-CT-6""-C3-0021-R3";;C3;SL-02, ANGULO ANCLAJE LATERAL;"6""";1;un;-;kg;Contratista;;;
"418_SL-02, ANGULO ANCLAJE LATERAL_6""";418;EWP-3351-10-PA-220;CWP-3351-10-PA-220;CWA-3351-10;PWP-3351-10-PA-220;"03351-CT-6""-C3-0021-R3";;C3;SL-02, ANGULO ANCLAJE LATERAL;"6""";1;un;-;kg;Contratista;;;
"419_SL-02, ANGULO ANCLAJE LATERAL_6""";419;EWP-3351-10-PA-220;CWP-3351-10-PA-220;CWA-3351-10;PWP-3351-10-PA-220;"03351-CT-6""-C3-0021-R3";;C3;SL-02, ANGULO ANCLAJE LATERAL;"6""";1;un;-;kg;Contratista;;;
"427_SL-02, ANGULO ANCLAJE LATERAL_6""";427;EWP-3351-10-PA-220;CWP-3351-10-PA-220;CWA-3351-10;PWP-3351-10-PA-220;"03351-CT-6""-C3-0021-R3";;C3;SL-02, ANGULO ANCLAJE LATERAL;"6""";1;un;-;kg;Contratista;;;
"432_SL-02, ANGULO ANCLAJE LATERAL_6""";432;EWP-3351-10-PA-220;CWP-3351-10-PA-220;CWA-3351-10;PWP-3351-10-PA-220;"03351-CT-6""-C3-0021-R3";;C3;SL-02, ANGULO ANCLAJE LATERAL;"6""";1;un;-;kg;Contratista;;;
"434_SL-02, ANGULO ANCLAJE LATERAL_6""";434;EWP-3351-10-PA-220;CWP-3351-10-PA-220;CWA-3351-10;PWP-3351-10-PA-220;"03351-CT-6""-C3-0021-R3";;C3;SL-02, ANGULO ANCLAJE LATERAL;"6""";1;un;-;kg;Contratista;;;
"436_SL-02, ANGULO ANCLAJE LATERAL_6""";436;EWP-3351-10-PA-220;CWP-3351-10-PA-220;CWA-3351-10;PWP-3351-10-PA-220;"03351-CT-6""-C3-0021-R3";;C3;SL-02, ANGULO ANCLAJE LATERAL;"6""";1;un;-;kg;Contratista;;;
"440_SL-02, ANGULO ANCLAJE LATERAL_6""";440;EWP-3351-10-PA-220;CWP-3351-10-PA-220;CWA-3351-10;PWP-3351-10-PA-220;"03351-CT-6""-C3-0021-R3";;C3;SL-02, ANGULO ANCLAJE LATERAL;"6""";1;un;-;kg;Contratista;;;
"446_SL-02, ANGULO ANCLAJE LATERAL_6""";446;EWP-3351-10-PA-220;CWP-3351-10-PA-220;CWA-3351-10;PWP-3351-10-PA-220;"03351-CT-6""-C3-0021-R3";;C3;SL-02, ANGULO ANCLAJE LATERAL;"6""";1;un;-;kg;Contratista;;;
"450_SL-02, ANGULO ANCLAJE LATERAL_6""";450;EWP-3351-10-PA-220;CWP-3351-10-PA-220;CWA-3351-10;PWP-3351-10-PA-220;"03351-CT-6""-C3-0021-R3";;C3;SL-02, ANGULO ANCLAJE LATERAL;"6""";1;un;-;kg;Contratista;;;
"453_SL-02, ANGULO ANCLAJE LATERAL_6""";453;EWP-3351-10-PA-220;CWP-3351-10-PA-220;CWA-3351-10;PWP-3351-10-PA-220;"03351-CT-6""-C3-0021-R3";;C3;SL-02, ANGULO ANCLAJE LATERAL;"6""";1;un;-;kg;Contratista;;;
"456_SL-02, ANGULO ANCLAJE LATERAL_6""";456;EWP-3351-10-PA-220;CWP-3351-10-PA-220;CWA-3351-10;PWP-3351-10-PA-220;"03351-CT-6""-C3-0021-R3";;C3;SL-02, ANGULO ANCLAJE LATERAL;"6""";1;un;-;kg;Contratista;;;
"461_SL-02, ANGULO ANCLAJE LATERAL_6""";461;EWP-3351-10-PA-220;CWP-3351-10-PA-220;CWA-3351-10;PWP-3351-10-PA-220;"03351-CT-6""-C3-0021-R3";;C3;SL-02, ANGULO ANCLAJE LATERAL;"6""";1;un;-;kg;Contratista;;;
"466_SL-02, ANGULO ANCLAJE LATERAL_6""";466;EWP-3351-10-PA-220;CWP-3351-10-PA-220;CWA-3351-10;PWP-3351-10-PA-220;"03351-CT-6""-C3-0021-R3";;C3;SL-02, ANGULO ANCLAJE LATERAL;"6""";1;un;-;kg;Contratista;;;
"66_PU-01, PERNO U LARGO_6""";66;EWP-3351-10-PA-220;CWP-3351-10-PA-220;CWA-3351-10;PWP-3351-10-PA-220;"03351-CT-6""-C3-0023-R3";;C3;PU-01, PERNO U LARGO;"6""";1;un;-;kg;Contratista;;;
"91_PU-01, PERNO U LARGO_6""";91;EWP-3351-10-PA-220;CWP-3351-10-PA-220;CWA-3351-10;PWP-3351-10-PA-220;"03351-CT-6""-C3-0023-R3";;C3;PU-01, PERNO U LARGO;"6""";1;un;-;kg;Contratista;;;
"364_SL-02, ANGULO ANCLAJE LATERAL_6""";364;EWP-3351-10-PA-220;CWP-3351-10-PA-220;CWA-3351-10;PWP-3351-10-PA-220;"03351-CT-6""-C3-0030-R3";;C3;SL-02, ANGULO ANCLAJE LATERAL;"6""";1;un;-;kg;Contratista;;;
"142_PU-01, PERNO U LARGO_6""";142;EWP-3351-10-PA-220;CWP-3351-10-PA-220;CWA-3351-10;PWP-3351-10-PA-220;"03351-CT-6""-C3-0046-R3";;C3;PU-01, PERNO U LARGO;"6""";1;un;-;kg;Contratista;;;
"143_PU-01, PERNO U LARGO_6""";143;EWP-3351-10-PA-220;CWP-3351-10-PA-220;CWA-3351-10;PWP-3351-10-PA-220;"03351-CT-6""-C3-0046-R3";;C3;PU-01, PERNO U LARGO;"6""";1;un;-;kg;Contratista;;;
"144_PU-01, PERNO U LARGO_6""";144;EWP-3351-10-PA-220;CWP-3351-10-PA-220;CWA-3351-10;PWP-3351-10-PA-220;"03351-CT-6""-C3-0046-R3";;C3;PU-01, PERNO U LARGO;"6""";1;un;-;kg;Contratista;;;
"145_PU-01, PERNO U LARGO_6""";145;EWP-3351-10-PA-220;CWP-3351-10-PA-220;CWA-3351-10;PWP-3351-10-PA-220;"03351-CT-6""-C3-0046-R3";;C3;PU-01, PERNO U LARGO;"6""";1;un;-;kg;Contratista;;;
"146_PU-01, PERNO U LARGO_6""";146;EWP-3351-10-PA-220;CWP-3351-10-PA-220;CWA-3351-10;PWP-3351-10-PA-220;"03351-CT-6""-C3-0046-R3";;C3;PU-01, PERNO U LARGO;"6""";1;un;-;kg;Contratista;;;
"215_SL-01, ANGULO ANCLAJE LATERAL_2""";215;EWP-3351-10-PA-220;CWP-3351-10-PA-220;CWA-3351-10;PWP-3351-10-PA-220;"03351-FP-2""-C5-0121-HC";;C5;SL-01, ANGULO ANCLAJE LATERAL;"2""";1;un;-;kg;Contratista;;;
"216_SL-01, ANGULO ANCLAJE LATERAL_1 1/2""";216;EWP-3351-10-PA-220;CWP-3351-10-PA-220;CWA-3351-10;PWP-3351-10-PA-220;"03351-FP-2""-C5-0121-HC";;C5;SL-01, ANGULO ANCLAJE LATERAL;"1 1/2""";1;un;-;kg;Contratista;;;
"217_SL-01, ANGULO ANCLAJE LATERAL_2""";217;EWP-3351-10-PA-220;CWP-3351-10-PA-220;CWA-3351-10;PWP-3351-10-PA-220;"03351-FP-2""-C5-0121-HC";;C5;SL-01, ANGULO ANCLAJE LATERAL;"2""";1;un;-;kg;Contratista;;;
"218_SL-01, ANGULO ANCLAJE LATERAL_2""";218;EWP-3351-10-PA-220;CWP-3351-10-PA-220;CWA-3351-10;PWP-3351-10-PA-220;"03351-FP-2""-C5-0121-HC";;C5;SL-01, ANGULO ANCLAJE LATERAL;"2""";1;un;-;kg;Contratista;;;
"494_SL-02, ANGULO ANCLAJE LATERAL_2""";494;EWP-3351-10-PA-220;CWP-3351-10-PA-220;CWA-3351-10;PWP-3351-10-PA-220;"03351-FP-2""-C5-0121-HC";;C5;SL-02, ANGULO ANCLAJE LATERAL;"2""";1;un;-;kg;Contratista;;;
"495_SL-02, ANGULO ANCLAJE LATERAL_2""";495;EWP-3351-10-PA-220;CWP-3351-10-PA-220;CWA-3351-10;PWP-3351-10-PA-220;"03351-FP-2""-C5-0121-HC";;C5;SL-02, ANGULO ANCLAJE LATERAL;"2""";1;un;-;kg;Contratista;;;
"496_SL-02, ANGULO ANCLAJE LATERAL_2""";496;EWP-3351-10-PA-220;CWP-3351-10-PA-220;CWA-3351-10;PWP-3351-10-PA-220;"03351-FP-2""-C5-0121-HC";;C5;SL-02, ANGULO ANCLAJE LATERAL;"2""";1;un;-;kg;Contratista;;;
"497_SL-02, ANGULO ANCLAJE LATERAL_2""";497;EWP-3351-10-PA-220;CWP-3351-10-PA-220;CWA-3351-10;PWP-3351-10-PA-220;"03351-FP-2""-C5-0121-HC";;C5;SL-02, ANGULO ANCLAJE LATERAL;"2""";1;un;-;kg;Contratista;;;
"498_SL-02, ANGULO ANCLAJE LATERAL_2""";498;EWP-3351-10-PA-220;CWP-3351-10-PA-220;CWA-3351-10;PWP-3351-10-PA-220;"03351-FP-2""-C5-0121-HC";;C5;SL-02, ANGULO ANCLAJE LATERAL;"2""";1;un;-;kg;Contratista;;;
"512_ST-01, TRAPECIO ANGULO TIPO A_2""";512;EWP-3351-10-PA-220;CWP-3351-10-PA-220;CWA-3351-10;PWP-3351-10-PA-220;"03351-FP-2""-C5-0121-HC";;C5;ST-01, TRAPECIO ANGULO TIPO A;"2""";1;un;-;kg;Contratista;;;
"513_ST-01, TRAPECIO ANGULO TIPO A_2""";513;EWP-3351-10-PA-220;CWP-3351-10-PA-220;CWA-3351-10;PWP-3351-10-PA-220;"03351-FP-2""-C5-0121-HC";;C5;ST-01, TRAPECIO ANGULO TIPO A;"2""";1;un;-;kg;Contratista;;;
"514_ST-01, TRAPECIO ANGULO TIPO A_2""";514;EWP-3351-10-PA-220;CWP-3351-10-PA-220;CWA-3351-10;PWP-3351-10-PA-220;"03351-FP-2""-C5-0121-HC";;C5;ST-01, TRAPECIO ANGULO TIPO A;"2""";1;un;-;kg;Contratista;;;
"515_ST-01, TRAPECIO ANGULO TIPO A_2""";515;EWP-3351-10-PA-220;CWP-3351-10-PA-220;CWA-3351-10;PWP-3351-10-PA-220;"03351-FP-2""-C5-0121-HC";;C5;ST-01, TRAPECIO ANGULO TIPO A;"2""";1;un;-;kg;Contratista;;;
"391_SL-02, ANGULO ANCLAJE LATERAL_1""";391;EWP-3351-10-PA-220;CWP-3351-10-PA-220;CWA-3351-10;PWP-3351-10-PA-220;"03351-GW-1""-C1-0031-N";;C1;SL-02, ANGULO ANCLAJE LATERAL;"1""";1;un;-;kg;Contratista;;;
"394_SL-02, ANGULO ANCLAJE LATERAL_1""";394;EWP-3351-10-PA-220;CWP-3351-10-PA-220;CWA-3351-10;PWP-3351-10-PA-220;"03351-GW-1""-C1-0031-N";;C1;SL-02, ANGULO ANCLAJE LATERAL;"1""";1;un;-;kg;Contratista;;;
"392_SL-02, ANGULO ANCLAJE LATERAL_1""";392;EWP-3351-10-PA-220;CWP-3351-10-PA-220;CWA-3351-10;PWP-3351-10-PA-220;"03351-GW-1""-C1-0032-N";;C1;SL-02, ANGULO ANCLAJE LATERAL;"1""";1;un;-;kg;Contratista;;;
"245_SL-02, ANGULO ANCLAJE LATERAL_1""";245;EWP-3351-10-PA-220;CWP-3351-10-PA-220;CWA-3351-10;PWP-3351-10-PA-220;"03351-GW-1""-C1-0033-N";;C1;SL-02, ANGULO ANCLAJE LATERAL;"1""";1;un;-;kg;Contratista;;;
"389_SL-02, ANGULO ANCLAJE LATERAL_1""";389;EWP-3351-10-PA-220;CWP-3351-10-PA-220;CWA-3351-10;PWP-3351-10-PA-220;"03351-GW-1""-C1-0033-N";;C1;SL-02, ANGULO ANCLAJE LATERAL;"1""";1;un;-;kg;Contratista;;;
"393_SL-02, ANGULO ANCLAJE LATERAL_3/4""";393;EWP-3351-10-PA-220;CWP-3351-10-PA-220;CWA-3351-10;PWP-3351-10-PA-220;"03351-GW-1""-C1-0033-N";;C1;SL-02, ANGULO ANCLAJE LATERAL;"3/4""";1;un;-;kg;Contratista;;;
"259_SL-02, ANGULO ANCLAJE LATERAL_1""";259;EWP-3351-10-PA-220;CWP-3351-10-PA-220;CWA-3351-10;PWP-3351-10-PA-220;"03351-GW-1""-C1-0034-N";;C1;SL-02, ANGULO ANCLAJE LATERAL;"1""";1;un;-;kg;Contratista;;;
"388_SL-02, ANGULO ANCLAJE LATERAL_1""";388;EWP-3351-10-PA-220;CWP-3351-10-PA-220;CWA-3351-10;PWP-3351-10-PA-220;"03351-GW-1""-C1-0035-N";;C1;SL-02, ANGULO ANCLAJE LATERAL;"1""";1;un;-;kg;Contratista;;;
"390_SL-02, ANGULO ANCLAJE LATERAL_1""";390;EWP-3351-10-PA-220;CWP-3351-10-PA-220;CWA-3351-10;PWP-3351-10-PA-220;"03351-GW-1""-C1-0035-N";;C1;SL-02, ANGULO ANCLAJE LATERAL;"1""";1;un;-;kg;Contratista;;;
"320_SL-02, ANGULO ANCLAJE LATERAL_1""";320;EWP-3351-10-PA-220;CWP-3351-10-PA-220;CWA-3351-10;PWP-3351-10-PA-220;"03351-GW-1""-C1-0036-N";;C1;SL-02, ANGULO ANCLAJE LATERAL;"1""";1;un;-;kg;Contratista;;;
"28_PU-01, PERNO U LARGO_1""";28;EWP-3351-10-PA-220;CWP-3351-10-PA-220;CWA-3351-10;PWP-3351-10-PA-220;"03351-GW-1""-C1-0043-N";;C1;PU-01, PERNO U LARGO;"1""";1;un;-;kg;Contratista;;;
"30_PU-01, PERNO U LARGO_1""";30;EWP-3351-10-PA-220;CWP-3351-10-PA-220;CWA-3351-10;PWP-3351-10-PA-220;"03351-GW-1""-C1-0043-N";;C1;PU-01, PERNO U LARGO;"1""";1;un;-;kg;Contratista;;;
"36_PU-01, PERNO U LARGO_1""";36;EWP-3351-10-PA-220;CWP-3351-10-PA-220;CWA-3351-10;PWP-3351-10-PA-220;"03351-GW-1""-C1-0043-N";;C1;PU-01, PERNO U LARGO;"1""";1;un;-;kg;Contratista;;;
"42_PU-01, PERNO U LARGO_1""";42;EWP-3351-10-PA-220;CWP-3351-10-PA-220;CWA-3351-10;PWP-3351-10-PA-220;"03351-GW-1""-C1-0043-N";;C1;PU-01, PERNO U LARGO;"1""";1;un;-;kg;Contratista;;;
"50_PU-01, PERNO U LARGO_1""";50;EWP-3351-10-PA-220;CWP-3351-10-PA-220;CWA-3351-10;PWP-3351-10-PA-220;"03351-GW-1""-C1-0043-N";;C1;PU-01, PERNO U LARGO;"1""";1;un;-;kg;Contratista;;;
"53_PU-01, PERNO U LARGO_1""";53;EWP-3351-10-PA-220;CWP-3351-10-PA-220;CWA-3351-10;PWP-3351-10-PA-220;"03351-GW-1""-C1-0043-N";;C1;PU-01, PERNO U LARGO;"1""";1;un;-;kg;Contratista;;;
"57_PU-01, PERNO U LARGO_1""";57;EWP-3351-10-PA-220;CWP-3351-10-PA-220;CWA-3351-10;PWP-3351-10-PA-220;"03351-GW-1""-C1-0043-N";;C1;PU-01, PERNO U LARGO;"1""";1;un;-;kg;Contratista;;;
"64_PU-01, PERNO U LARGO_1""";64;EWP-3351-10-PA-220;CWP-3351-10-PA-220;CWA-3351-10;PWP-3351-10-PA-220;"03351-GW-1""-C1-0043-N";;C1;PU-01, PERNO U LARGO;"1""";1;un;-;kg;Contratista;;;
"70_PU-01, PERNO U LARGO_1""";70;EWP-3351-10-PA-220;CWP-3351-10-PA-220;CWA-3351-10;PWP-3351-10-PA-220;"03351-GW-1""-C1-0043-N";;C1;PU-01, PERNO U LARGO;"1""";1;un;-;kg;Contratista;;;
"74_PU-01, PERNO U LARGO_1""";74;EWP-3351-10-PA-220;CWP-3351-10-PA-220;CWA-3351-10;PWP-3351-10-PA-220;"03351-GW-1""-C1-0043-N";;C1;PU-01, PERNO U LARGO;"1""";1;un;-;kg;Contratista;;;
"83_PU-01, PERNO U LARGO_1""";83;EWP-3351-10-PA-220;CWP-3351-10-PA-220;CWA-3351-10;PWP-3351-10-PA-220;"03351-GW-1""-C1-0043-N";;C1;PU-01, PERNO U LARGO;"1""";1;un;-;kg;Contratista;;;
"98_PU-01, PERNO U LARGO_1""";98;EWP-3351-10-PA-220;CWP-3351-10-PA-220;CWA-3351-10;PWP-3351-10-PA-220;"03351-GW-1""-C1-0043-N";;C1;PU-01, PERNO U LARGO;"1""";1;un;-;kg;Contratista;;;
"100_PU-01, PERNO U LARGO_1""";100;EWP-3351-10-PA-220;CWP-3351-10-PA-220;CWA-3351-10;PWP-3351-10-PA-220;"03351-GW-1""-C1-0043-N";;C1;PU-01, PERNO U LARGO;"1""";1;un;-;kg;Contratista;;;
"477_SL-02, ANGULO ANCLAJE LATERAL_1""";477;EWP-3351-10-PA-220;CWP-3351-10-PA-220;CWA-3351-10;PWP-3351-10-PA-220;"03351-IA-1""-G1-0107-N";;G1;SL-02, ANGULO ANCLAJE LATERAL;"1""";1;un;-;kg;Contratista;;;
"489_SL-02, ANGULO ANCLAJE LATERAL_1""";489;EWP-3351-10-PA-220;CWP-3351-10-PA-220;CWA-3351-10;PWP-3351-10-PA-220;"03351-IA-1""-G1-0107-N";;G1;SL-02, ANGULO ANCLAJE LATERAL;"1""";1;un;-;kg;Contratista;;;
"480_SL-02, ANGULO ANCLAJE LATERAL_1""";480;EWP-3351-10-PA-220;CWP-3351-10-PA-220;CWA-3351-10;PWP-3351-10-PA-220;"03351-IA-1""-G1-0108-N";;G1;SL-02, ANGULO ANCLAJE LATERAL;"1""";1;un;-;kg;Contratista;;;
"478_SL-02, ANGULO ANCLAJE LATERAL_1""";478;EWP-3351-10-PA-220;CWP-3351-10-PA-220;CWA-3351-10;PWP-3351-10-PA-220;"03351-IA-1""-G1-0109-N";;G1;SL-02, ANGULO ANCLAJE LATERAL;"1""";1;un;-;kg;Contratista;;;
"13_MS-06, MARCO SOPORTE TIPO ""L""_2""";13;EWP-3351-10-PA-220;CWP-3351-10-PA-220;CWA-3351-10;PWP-3351-10-PA-220;"03351-IA-2""-G1-0100-N";;G1;"MS-06, MARCO SOPORTE TIPO ""L""";"2""";1;un;-;kg;Contratista;;;
"14_MS-06, MARCO SOPORTE TIPO ""L""_2""";14;EWP-3351-10-PA-220;CWP-3351-10-PA-220;CWA-3351-10;PWP-3351-10-PA-220;"03351-IA-2""-G1-0100-N";;G1;"MS-06, MARCO SOPORTE TIPO ""L""";"2""";1;un;-;kg;Contratista;;;
"15_MS-06, MARCO SOPORTE TIPO ""L""_2""";15;EWP-3351-10-PA-220;CWP-3351-10-PA-220;CWA-3351-10;PWP-3351-10-PA-220;"03351-IA-2""-G1-0100-N";;G1;"MS-06, MARCO SOPORTE TIPO ""L""";"2""";1;un;-;kg;Contratista;;;
"16_MS-06, MARCO SOPORTE TIPO ""L""_2""";16;EWP-3351-10-PA-220;CWP-3351-10-PA-220;CWA-3351-10;PWP-3351-10-PA-220;"03351-IA-2""-G1-0100-N";;G1;"MS-06, MARCO SOPORTE TIPO ""L""";"2""";1;un;-;kg;Contratista;;;
"17_MS-06, MARCO SOPORTE TIPO ""L""_2""";17;EWP-3351-10-PA-220;CWP-3351-10-PA-220;CWA-3351-10;PWP-3351-10-PA-220;"03351-IA-2""-G1-0100-N";;G1;"MS-06, MARCO SOPORTE TIPO ""L""";"2""";1;un;-;kg;Contratista;;;
"18_MS-06, MARCO SOPORTE TIPO ""L""_2""";18;EWP-3351-10-PA-220;CWP-3351-10-PA-220;CWA-3351-10;PWP-3351-10-PA-220;"03351-IA-2""-G1-0100-N";;G1;"MS-06, MARCO SOPORTE TIPO ""L""";"2""";1;un;-;kg;Contratista;;;
"19_MS-06, MARCO SOPORTE TIPO ""L""_2""";19;EWP-3351-10-PA-220;CWP-3351-10-PA-220;CWA-3351-10;PWP-3351-10-PA-220;"03351-IA-2""-G1-0100-N";;G1;"MS-06, MARCO SOPORTE TIPO ""L""";"2""";1;un;-;kg;Contratista;;;
"470_SL-02, ANGULO ANCLAJE LATERAL_2""";470;EWP-3351-10-PA-220;CWP-3351-10-PA-220;CWA-3351-10;PWP-3351-10-PA-220;"03351-IA-2""-G1-0100-N";;G1;SL-02, ANGULO ANCLAJE LATERAL;"2""";1;un;-;kg;Contratista;;;
"471_SL-02, ANGULO ANCLAJE LATERAL_2""";471;EWP-3351-10-PA-220;CWP-3351-10-PA-220;CWA-3351-10;PWP-3351-10-PA-220;"03351-IA-2""-G1-0100-N";;G1;SL-02, ANGULO ANCLAJE LATERAL;"2""";1;un;-;kg;Contratista;;;
"472_SL-02, ANGULO ANCLAJE LATERAL_2""";472;EWP-3351-10-PA-220;CWP-3351-10-PA-220;CWA-3351-10;PWP-3351-10-PA-220;"03351-IA-2""-G1-0100-N";;G1;SL-02, ANGULO ANCLAJE LATERAL;"2""";1;un;-;kg;Contratista;;;
"473_SL-02, ANGULO ANCLAJE LATERAL_2""";473;EWP-3351-10-PA-220;CWP-3351-10-PA-220;CWA-3351-10;PWP-3351-10-PA-220;"03351-IA-2""-G1-0100-N";;G1;SL-02, ANGULO ANCLAJE LATERAL;"2""";1;un;-;kg;Contratista;;;
"474_SL-02, ANGULO ANCLAJE LATERAL_2""";474;EWP-3351-10-PA-220;CWP-3351-10-PA-220;CWA-3351-10;PWP-3351-10-PA-220;"03351-IA-2""-G1-0100-N";;G1;SL-02, ANGULO ANCLAJE LATERAL;"2""";1;un;-;kg;Contratista;;;
"475_SL-02, ANGULO ANCLAJE LATERAL_2""";475;EWP-3351-10-PA-220;CWP-3351-10-PA-220;CWA-3351-10;PWP-3351-10-PA-220;"03351-IA-2""-G1-0100-N";;G1;SL-02, ANGULO ANCLAJE LATERAL;"2""";1;un;-;kg;Contratista;;;
"476_SL-02, ANGULO ANCLAJE LATERAL_2""";476;EWP-3351-10-PA-220;CWP-3351-10-PA-220;CWA-3351-10;PWP-3351-10-PA-220;"03351-IA-2""-G1-0100-N";;G1;SL-02, ANGULO ANCLAJE LATERAL;"2""";1;un;-;kg;Contratista;;;
"479_SL-02, ANGULO ANCLAJE LATERAL_2""";479;EWP-3351-10-PA-220;CWP-3351-10-PA-220;CWA-3351-10;PWP-3351-10-PA-220;"03351-IA-2""-G1-0100-N";;G1;SL-02, ANGULO ANCLAJE LATERAL;"2""";1;un;-;kg;Contratista;;;
"481_SL-02, ANGULO ANCLAJE LATERAL_2""";481;EWP-3351-10-PA-220;CWP-3351-10-PA-220;CWA-3351-10;PWP-3351-10-PA-220;"03351-IA-2""-G1-0100-N";;G1;SL-02, ANGULO ANCLAJE LATERAL;"2""";1;un;-;kg;Contratista;;;
"482_SL-02, ANGULO ANCLAJE LATERAL_2""";482;EWP-3351-10-PA-220;CWP-3351-10-PA-220;CWA-3351-10;PWP-3351-10-PA-220;"03351-IA-2""-G1-0100-N";;G1;SL-02, ANGULO ANCLAJE LATERAL;"2""";1;un;-;kg;Contratista;;;
"483_SL-02, ANGULO ANCLAJE LATERAL_2""";483;EWP-3351-10-PA-220;CWP-3351-10-PA-220;CWA-3351-10;PWP-3351-10-PA-220;"03351-IA-2""-G1-0100-N";;G1;SL-02, ANGULO ANCLAJE LATERAL;"2""";1;un;-;kg;Contratista;;;
"484_SL-02, ANGULO ANCLAJE LATERAL_2""";484;EWP-3351-10-PA-220;CWP-3351-10-PA-220;CWA-3351-10;PWP-3351-10-PA-220;"03351-IA-2""-G1-0100-N";;G1;SL-02, ANGULO ANCLAJE LATERAL;"2""";1;un;-;kg;Contratista;;;
"485_SL-02, ANGULO ANCLAJE LATERAL_2""";485;EWP-3351-10-PA-220;CWP-3351-10-PA-220;CWA-3351-10;PWP-3351-10-PA-220;"03351-IA-2""-G1-0100-N";;G1;SL-02, ANGULO ANCLAJE LATERAL;"2""";1;un;-;kg;Contratista;;;
"486_SL-02, ANGULO ANCLAJE LATERAL_2""";486;EWP-3351-10-PA-220;CWP-3351-10-PA-220;CWA-3351-10;PWP-3351-10-PA-220;"03351-IA-2""-G1-0100-N";;G1;SL-02, ANGULO ANCLAJE LATERAL;"2""";1;un;-;kg;Contratista;;;
"487_SL-02, ANGULO ANCLAJE LATERAL_2""";487;EWP-3351-10-PA-220;CWP-3351-10-PA-220;CWA-3351-10;PWP-3351-10-PA-220;"03351-IA-2""-G1-0100-N";;G1;SL-02, ANGULO ANCLAJE LATERAL;"2""";1;un;-;kg;Contratista;;;
"488_SL-02, ANGULO ANCLAJE LATERAL_2""";488;EWP-3351-10-PA-220;CWP-3351-10-PA-220;CWA-3351-10;PWP-3351-10-PA-220;"03351-IA-2""-G1-0100-N";;G1;SL-02, ANGULO ANCLAJE LATERAL;"2""";1;un;-;kg;Contratista;;;
"490_SL-02, ANGULO ANCLAJE LATERAL_2""";490;EWP-3351-10-PA-220;CWP-3351-10-PA-220;CWA-3351-10;PWP-3351-10-PA-220;"03351-IA-2""-G1-0101-N";;G1;SL-02, ANGULO ANCLAJE LATERAL;"2""";1;un;-;kg;Contratista;;;
"491_SL-02, ANGULO ANCLAJE LATERAL_2""";491;EWP-3351-10-PA-220;CWP-3351-10-PA-220;CWA-3351-10;PWP-3351-10-PA-220;"03351-IA-2""-G1-0101-N";;G1;SL-02, ANGULO ANCLAJE LATERAL;"2""";1;un;-;kg;Contratista;;;
"492_SL-02, ANGULO ANCLAJE LATERAL_2""";492;EWP-3351-10-PA-220;CWP-3351-10-PA-220;CWA-3351-10;PWP-3351-10-PA-220;"03351-IA-2""-G1-0101-N";;G1;SL-02, ANGULO ANCLAJE LATERAL;"2""";1;un;-;kg;Contratista;;;
"493_SL-02, ANGULO ANCLAJE LATERAL_2""";493;EWP-3351-10-PA-220;CWP-3351-10-PA-220;CWA-3351-10;PWP-3351-10-PA-220;"03351-IA-2""-G1-0101-N";;G1;SL-02, ANGULO ANCLAJE LATERAL;"2""";1;un;-;kg;Contratista;;;
"117_PU-01, PERNO U LARGO_2""";117;EWP-3351-10-PA-220;CWP-3351-10-PA-220;CWA-3351-10;PWP-3351-10-PA-220;"03351-PW-2""-C1-0024-N";;C1;PU-01, PERNO U LARGO;"2""";1;un;-;kg;Contratista;;;
"133_PU-01, PERNO U LARGO_2""";133;EWP-3351-10-PA-220;CWP-3351-10-PA-220;CWA-3351-10;PWP-3351-10-PA-220;"03351-PW-2""-C1-0024-N";;C1;PU-01, PERNO U LARGO;"2""";1;un;-;kg;Contratista;;;
"38_PU-01, PERNO U LARGO_2""";38;EWP-3351-10-PA-220;CWP-3351-10-PA-220;CWA-3351-10;PWP-3351-10-PA-220;"03351-PW-2""-C1-0025-N";;C1;PU-01, PERNO U LARGO;"2""";1;un;-;kg;Contratista;;;
"49_PU-01, PERNO U LARGO_2""";49;EWP-3351-10-PA-220;CWP-3351-10-PA-220;CWA-3351-10;PWP-3351-10-PA-220;"03351-PW-2""-C1-0025-N";;C1;PU-01, PERNO U LARGO;"2""";1;un;-;kg;Contratista;;;
"59_PU-01, PERNO U LARGO_2""";59;EWP-3351-10-PA-220;CWP-3351-10-PA-220;CWA-3351-10;PWP-3351-10-PA-220;"03351-PW-2""-C1-0025-N";;C1;PU-01, PERNO U LARGO;"2""";1;un;-;kg;Contratista;;;
"73_PU-01, PERNO U LARGO_2""";73;EWP-3351-10-PA-220;CWP-3351-10-PA-220;CWA-3351-10;PWP-3351-10-PA-220;"03351-PW-2""-C1-0025-N";;C1;PU-01, PERNO U LARGO;"2""";1;un;-;kg;Contratista;;;
"77_PU-01, PERNO U LARGO_2""";77;EWP-3351-10-PA-220;CWP-3351-10-PA-220;CWA-3351-10;PWP-3351-10-PA-220;"03351-PW-2""-C1-0025-N";;C1;PU-01, PERNO U LARGO;"2""";1;un;-;kg;Contratista;;;
"89_PU-01, PERNO U LARGO_2""";89;EWP-3351-10-PA-220;CWP-3351-10-PA-220;CWA-3351-10;PWP-3351-10-PA-220;"03351-PW-2""-C1-0025-N";;C1;PU-01, PERNO U LARGO;"2""";1;un;-;kg;Contratista;;;
"104_PU-01, PERNO U LARGO_2""";104;EWP-3351-10-PA-220;CWP-3351-10-PA-220;CWA-3351-10;PWP-3351-10-PA-220;"03351-PW-2""-C1-0025-N";;C1;PU-01, PERNO U LARGO;"2""";1;un;-;kg;Contratista;;;
"113_PU-01, PERNO U LARGO_2""";113;EWP-3351-10-PA-220;CWP-3351-10-PA-220;CWA-3351-10;PWP-3351-10-PA-220;"03351-PW-2""-C1-0025-N";;C1;PU-01, PERNO U LARGO;"2""";1;un;-;kg;Contratista;;;
"130_PU-01, PERNO U LARGO_2""";130;EWP-3351-10-PA-220;CWP-3351-10-PA-220;CWA-3351-10;PWP-3351-10-PA-220;"03351-PW-2""-C1-0025-N";;C1;PU-01, PERNO U LARGO;"2""";1;un;-;kg;Contratista;;;
"125_PU-01, PERNO U LARGO_2""";125;EWP-3351-10-PA-220;CWP-3351-10-PA-220;CWA-3351-10;PWP-3351-10-PA-220;"03351-PW-2""-C1-0026-N";;C1;PU-01, PERNO U LARGO;"2""";1;un;-;kg;Contratista;;;
"132_PU-01, PERNO U LARGO_2""";132;EWP-3351-10-PA-220;CWP-3351-10-PA-220;CWA-3351-10;PWP-3351-10-PA-220;"03351-PW-2""-C1-0026-N";;C1;PU-01, PERNO U LARGO;"2""";1;un;-;kg;Contratista;;;
"116_PU-01, PERNO U LARGO_2""";116;EWP-3351-10-PA-220;CWP-3351-10-PA-220;CWA-3351-10;PWP-3351-10-PA-220;"03351-PW-2""-C1-0028-N";;C1;PU-01, PERNO U LARGO;"2""";1;un;-;kg;Contratista;;;
"10_MS-06, MARCO SOPORTE TIPO ""L""_2""";10;EWP-3351-10-PA-220;CWP-3351-10-PA-220;CWA-3351-10;PWP-3351-10-PA-220;"03351-PW-2""-C1-0038-N";;C1;"MS-06, MARCO SOPORTE TIPO ""L""";"2""";1;un;-;kg;Contratista;;;
"118_PU-01, PERNO U LARGO_2""";118;EWP-3351-10-PA-220;CWP-3351-10-PA-220;CWA-3351-10;PWP-3351-10-PA-220;"03351-PW-2""-C1-0038-N";;C1;PU-01, PERNO U LARGO;"2""";1;un;-;kg;Contratista;;;
"20_PU-01, PERNO U LARGO_2""";20;EWP-3351-10-PA-220;CWP-3351-10-PA-220;CWA-3351-10;PWP-3351-10-PA-220;"03351-PW-2""-C1-0039-N";;C1;PU-01, PERNO U LARGO;"2""";1;un;-;kg;Contratista;;;
"34_PU-01, PERNO U LARGO_2""";34;EWP-3351-10-PA-220;CWP-3351-10-PA-220;CWA-3351-10;PWP-3351-10-PA-220;"03351-PW-2""-C1-0039-N";;C1;PU-01, PERNO U LARGO;"2""";1;un;-;kg;Contratista;;;
"54_PU-01, PERNO U LARGO_2""";54;EWP-3351-10-PA-220;CWP-3351-10-PA-220;CWA-3351-10;PWP-3351-10-PA-220;"03351-PW-2""-C1-0039-N";;C1;PU-01, PERNO U LARGO;"2""";1;un;-;kg;Contratista;;;
"61_PU-01, PERNO U LARGO_2""";61;EWP-3351-10-PA-220;CWP-3351-10-PA-220;CWA-3351-10;PWP-3351-10-PA-220;"03351-PW-2""-C1-0039-N";;C1;PU-01, PERNO U LARGO;"2""";1;un;-;kg;Contratista;;;
"75_PU-01, PERNO U LARGO_2""";75;EWP-3351-10-PA-220;CWP-3351-10-PA-220;CWA-3351-10;PWP-3351-10-PA-220;"03351-PW-2""-C1-0039-N";;C1;PU-01, PERNO U LARGO;"2""";1;un;-;kg;Contratista;;;
"86_PU-01, PERNO U LARGO_2""";86;EWP-3351-10-PA-220;CWP-3351-10-PA-220;CWA-3351-10;PWP-3351-10-PA-220;"03351-PW-2""-C1-0039-N";;C1;PU-01, PERNO U LARGO;"2""";1;un;-;kg;Contratista;;;
"107_PU-01, PERNO U LARGO_2""";107;EWP-3351-10-PA-220;CWP-3351-10-PA-220;CWA-3351-10;PWP-3351-10-PA-220;"03351-PW-2""-C1-0039-N";;C1;PU-01, PERNO U LARGO;"2""";1;un;-;kg;Contratista;;;
"385_SL-02, ANGULO ANCLAJE LATERAL_2""";385;EWP-3351-10-PA-220;CWP-3351-10-PA-220;CWA-3351-10;PWP-3351-10-PA-220;"03351-PW-2""-C1-0044-N";;C1;SL-02, ANGULO ANCLAJE LATERAL;"2""";1;un;-;kg;Contratista;;;
"387_SL-02, ANGULO ANCLAJE LATERAL_2""";387;EWP-3351-10-PA-220;CWP-3351-10-PA-220;CWA-3351-10;PWP-3351-10-PA-220;"03351-PW-2""-C1-0044-N";;C1;SL-02, ANGULO ANCLAJE LATERAL;"2""";1;un;-;kg;Contratista;;;
"109_PU-01, PERNO U LARGO_2""";109;EWP-3351-10-PA-220;CWP-3351-10-PA-220;CWA-3351-10;PWP-3351-10-PA-220;"03351-PW-2""-C1-0048-N";;C1;PU-01, PERNO U LARGO;"2""";1;un;-;kg;Contratista;;;
"110_PU-01, PERNO U LARGO_2""";110;EWP-3351-10-PA-220;CWP-3351-10-PA-220;CWA-3351-10;PWP-3351-10-PA-220;"03351-PW-2""-C1-0048-N";;C1;PU-01, PERNO U LARGO;"2""";1;un;-;kg;Contratista;;;
"126_PU-01, PERNO U LARGO_2""";126;EWP-3351-10-PA-220;CWP-3351-10-PA-220;CWA-3351-10;PWP-3351-10-PA-220;"03351-PW-2""-C1-0048-N";;C1;PU-01, PERNO U LARGO;"2""";1;un;-;kg;Contratista;;;
"131_PU-01, PERNO U LARGO_2""";131;EWP-3351-10-PA-220;CWP-3351-10-PA-220;CWA-3351-10;PWP-3351-10-PA-220;"03351-PW-2""-C1-0048-N";;C1;PU-01, PERNO U LARGO;"2""";1;un;-;kg;Contratista;;;
"111_PU-01, PERNO U LARGO_2""";111;EWP-3351-10-PA-220;CWP-3351-10-PA-220;CWA-3351-10;PWP-3351-10-PA-220;"03351-PW-2""-C1-0049-N";;C1;PU-01, PERNO U LARGO;"2""";1;un;-;kg;Contratista;;;
"112_PU-01, PERNO U LARGO_2""";112;EWP-3351-10-PA-220;CWP-3351-10-PA-220;CWA-3351-10;PWP-3351-10-PA-220;"03351-PW-2""-C1-0049-N";;C1;PU-01, PERNO U LARGO;"2""";1;un;-;kg;Contratista;;;
"120_PU-01, PERNO U LARGO_2""";120;EWP-3351-10-PA-220;CWP-3351-10-PA-220;CWA-3351-10;PWP-3351-10-PA-220;"03351-PW-2""-C1-0049-N";;C1;PU-01, PERNO U LARGO;"2""";1;un;-;kg;Contratista;;;
"123_PU-01, PERNO U LARGO_2""";123;EWP-3351-10-PA-220;CWP-3351-10-PA-220;CWA-3351-10;PWP-3351-10-PA-220;"03351-PW-2""-C1-0049-N";;C1;PU-01, PERNO U LARGO;"2""";1;un;-;kg;Contratista;;;
"115_PU-01, PERNO U LARGO_2""";115;EWP-3351-10-PA-220;CWP-3351-10-PA-220;CWA-3351-10;PWP-3351-10-PA-220;"03351-PW-2""-C1-0051-N";;C1;PU-01, PERNO U LARGO;"2""";1;un;-;kg;Contratista;;;
"114_PU-01, PERNO U LARGO_2""";114;EWP-3351-10-PA-220;CWP-3351-10-PA-220;CWA-3351-10;PWP-3351-10-PA-220;"03351-PW-2""-C1-0053-N";;C1;PU-01, PERNO U LARGO;"2""";1;un;-;kg;Contratista;;;
"152_PU-01, PERNO U LARGO_2""";152;EWP-3351-10-PA-220;CWP-3351-10-PA-220;CWA-3351-10;PWP-3351-10-PA-220;"03351-PW-2""-C1-0053-N";;C1;PU-01, PERNO U LARGO;"2""";1;un;-;kg;Contratista;;;
"221_SL-02, ANGULO ANCLAJE LATERAL_8""";221;EWP-3351-10-PA-220;CWP-3351-10-PA-220;CWA-3351-10;PWP-3351-10-PA-220;"03351-PW-2""-C1-0056-N";;C1;SL-02, ANGULO ANCLAJE LATERAL;"8""";1;un;-;kg;Contratista;;;
"252_SL-02, ANGULO ANCLAJE LATERAL_2""";252;EWP-3351-10-PA-220;CWP-3351-10-PA-220;CWA-3351-10;PWP-3351-10-PA-220;"03351-PW-2""-C1-0056-N";;C1;SL-02, ANGULO ANCLAJE LATERAL;"2""";1;un;-;kg;Contratista;;;
"266_SL-02, ANGULO ANCLAJE LATERAL_2""";266;EWP-3351-10-PA-220;CWP-3351-10-PA-220;CWA-3351-10;PWP-3351-10-PA-220;"03351-PW-2""-C1-0056-N";;C1;SL-02, ANGULO ANCLAJE LATERAL;"2""";1;un;-;kg;Contratista;;;
"274_SL-02, ANGULO ANCLAJE LATERAL_2""";274;EWP-3351-10-PA-220;CWP-3351-10-PA-220;CWA-3351-10;PWP-3351-10-PA-220;"03351-PW-2""-C1-0056-N";;C1;SL-02, ANGULO ANCLAJE LATERAL;"2""";1;un;-;kg;Contratista;;;
"442_SL-02, ANGULO ANCLAJE LATERAL_8""";442;EWP-3351-10-PA-220;CWP-3351-10-PA-220;CWA-3351-10;PWP-3351-10-PA-220;"03351-PW-2""-C1-0056-N";;C1;SL-02, ANGULO ANCLAJE LATERAL;"8""";1;un;-;kg;Contratista;;;
"447_SL-02, ANGULO ANCLAJE LATERAL_8""";447;EWP-3351-10-PA-220;CWP-3351-10-PA-220;CWA-3351-10;PWP-3351-10-PA-220;"03351-PW-2""-C1-0056-N";;C1;SL-02, ANGULO ANCLAJE LATERAL;"8""";1;un;-;kg;Contratista;;;
"449_SL-02, ANGULO ANCLAJE LATERAL_2""";449;EWP-3351-10-PA-220;CWP-3351-10-PA-220;CWA-3351-10;PWP-3351-10-PA-220;"03351-PW-2""-C1-0056-N";;C1;SL-02, ANGULO ANCLAJE LATERAL;"2""";1;un;-;kg;Contratista;;;
"451_SL-02, ANGULO ANCLAJE LATERAL_8""";451;EWP-3351-10-PA-220;CWP-3351-10-PA-220;CWA-3351-10;PWP-3351-10-PA-220;"03351-PW-2""-C1-0056-N";;C1;SL-02, ANGULO ANCLAJE LATERAL;"8""";1;un;-;kg;Contratista;;;
"452_SL-02, ANGULO ANCLAJE LATERAL_8""";452;EWP-3351-10-PA-220;CWP-3351-10-PA-220;CWA-3351-10;PWP-3351-10-PA-220;"03351-PW-2""-C1-0056-N";;C1;SL-02, ANGULO ANCLAJE LATERAL;"8""";1;un;-;kg;Contratista;;;
"124_PU-01, PERNO U LARGO_2""";124;EWP-3351-10-PA-220;CWP-3351-10-PA-220;CWA-3351-10;PWP-3351-10-PA-220;"03351-PW-2""-C1-0081-N";;C1;PU-01, PERNO U LARGO;"2""";1;un;-;kg;Contratista;;;
"129_PU-01, PERNO U LARGO_2""";129;EWP-3351-10-PA-220;CWP-3351-10-PA-220;CWA-3351-10;PWP-3351-10-PA-220;"03351-PW-2""-C1-0081-N";;C1;PU-01, PERNO U LARGO;"2""";1;un;-;kg;Contratista;;;
"121_PU-01, PERNO U LARGO_2""";121;EWP-3351-10-PA-220;CWP-3351-10-PA-220;CWA-3351-10;PWP-3351-10-PA-220;"03351-PW-2""-C1-0082-N";;C1;PU-01, PERNO U LARGO;"2""";1;un;-;kg;Contratista;;;
"128_PU-01, PERNO U LARGO_2""";128;EWP-3351-10-PA-220;CWP-3351-10-PA-220;CWA-3351-10;PWP-3351-10-PA-220;"03351-PW-2""-C1-0082-N";;C1;PU-01, PERNO U LARGO;"2""";1;un;-;kg;Contratista;;;
"122_PU-01, PERNO U LARGO_2""";122;EWP-3351-10-PA-220;CWP-3351-10-PA-220;CWA-3351-10;PWP-3351-10-PA-220;"03351-PW-2""-C1-0083-N";;C1;PU-01, PERNO U LARGO;"2""";1;un;-;kg;Contratista;;;
"127_PU-01, PERNO U LARGO_2""";127;EWP-3351-10-PA-220;CWP-3351-10-PA-220;CWA-3351-10;PWP-3351-10-PA-220;"03351-PW-2""-C1-0083-N";;C1;PU-01, PERNO U LARGO;"2""";1;un;-;kg;Contratista;;;
"119_PU-01, PERNO U LARGO_2""";119;EWP-3351-10-PA-220;CWP-3351-10-PA-220;CWA-3351-10;PWP-3351-10-PA-220;"03351-PW-2""-C1-0084-N";;C1;PU-01, PERNO U LARGO;"2""";1;un;-;kg;Contratista;;;
"213_SE-01, SOPORTE ESCUADRA_2""";213;EWP-3351-10-PA-220;CWP-3351-10-PA-220;CWA-3351-10;PWP-3351-10-PA-220;"03351-PW-2""-C1-0085-N";;C1;SE-01, SOPORTE ESCUADRA;"2""";1;un;-;kg;Contratista;;;
"214_SE-01, SOPORTE ESCUADRA_2""";214;EWP-3351-10-PA-220;CWP-3351-10-PA-220;CWA-3351-10;PWP-3351-10-PA-220;"03351-PW-2""-C1-0085-N";;C1;SE-01, SOPORTE ESCUADRA;"2""";1;un;-;kg;Contratista;;;
"383_SL-02, ANGULO ANCLAJE LATERAL_2""";383;EWP-3351-10-PA-220;CWP-3351-10-PA-220;CWA-3351-10;PWP-3351-10-PA-220;"03351-PW-2""-C1-0091-N";;C1;SL-02, ANGULO ANCLAJE LATERAL;"2""";1;un;-;kg;Contratista;;;
"384_SL-02, ANGULO ANCLAJE LATERAL_2""";384;EWP-3351-10-PA-220;CWP-3351-10-PA-220;CWA-3351-10;PWP-3351-10-PA-220;"03351-PW-2""-C1-0091-N";;C1;SL-02, ANGULO ANCLAJE LATERAL;"2""";1;un;-;kg;Contratista;;;
"271_SL-02, ANGULO ANCLAJE LATERAL_2""";271;EWP-3351-10-PA-220;CWP-3351-10-PA-220;CWA-3351-10;PWP-3351-10-PA-220;"03351-PW-2""-C1-0092-N";;C1;SL-02, ANGULO ANCLAJE LATERAL;"2""";1;un;-;kg;Contratista;;;
"386_SL-02, ANGULO ANCLAJE LATERAL_2""";386;EWP-3351-10-PA-220;CWP-3351-10-PA-220;CWA-3351-10;PWP-3351-10-PA-220;"03351-PW-2""-C1-0092-N";;C1;SL-02, ANGULO ANCLAJE LATERAL;"2""";1;un;-;kg;Contratista;;;
"79_PU-01, PERNO U LARGO_2""";79;EWP-3351-10-PA-220;CWP-3351-10-PA-220;CWA-3351-10;PWP-3351-10-PA-220;"03351-PW-2""-C1-0093-N";;C1;PU-01, PERNO U LARGO;"2""";1;un;-;kg;Contratista;;;
"94_PU-01, PERNO U LARGO_2""";94;EWP-3351-10-PA-220;CWP-3351-10-PA-220;CWA-3351-10;PWP-3351-10-PA-220;"03351-PW-2""-C1-0093-N";;C1;PU-01, PERNO U LARGO;"2""";1;un;-;kg;Contratista;;;
"229_SL-02, ANGULO ANCLAJE LATERAL_4""";229;EWP-3351-10-PA-220;CWP-3351-10-PA-220;CWA-3351-10;PWP-3351-10-PA-220;"03351-PW-4""-C1-0016-N";;C1;SL-02, ANGULO ANCLAJE LATERAL;"4""";1;un;-;kg;Contratista;;;
"325_SL-02, ANGULO ANCLAJE LATERAL_4""";325;EWP-3351-10-PA-220;CWP-3351-10-PA-220;CWA-3351-10;PWP-3351-10-PA-220;"03351-PW-4""-C1-0016-N";;C1;SL-02, ANGULO ANCLAJE LATERAL;"4""";1;un;-;kg;Contratista;;;
"329_SL-02, ANGULO ANCLAJE LATERAL_4""";329;EWP-3351-10-PA-220;CWP-3351-10-PA-220;CWA-3351-10;PWP-3351-10-PA-220;"03351-PW-4""-C1-0016-N";;C1;SL-02, ANGULO ANCLAJE LATERAL;"4""";1;un;-;kg;Contratista;;;
"362_SL-02, ANGULO ANCLAJE LATERAL_4""";362;EWP-3351-10-PA-220;CWP-3351-10-PA-220;CWA-3351-10;PWP-3351-10-PA-220;"03351-PW-4""-C1-0016-N";;C1;SL-02, ANGULO ANCLAJE LATERAL;"4""";1;un;-;kg;Contratista;;;
"371_SL-02, ANGULO ANCLAJE LATERAL_4""";371;EWP-3351-10-PA-220;CWP-3351-10-PA-220;CWA-3351-10;PWP-3351-10-PA-220;"03351-PW-4""-C1-0016-N";;C1;SL-02, ANGULO ANCLAJE LATERAL;"4""";1;un;-;kg;Contratista;;;
"263_SL-02, ANGULO ANCLAJE LATERAL_4""";263;EWP-3351-10-PA-220;CWP-3351-10-PA-220;CWA-3351-10;PWP-3351-10-PA-220;"03351-PW-4""-C1-0094-N";;C1;SL-02, ANGULO ANCLAJE LATERAL;"4""";1;un;-;kg;Contratista;;;
"314_SL-02, ANGULO ANCLAJE LATERAL_4""";314;EWP-3351-10-PA-220;CWP-3351-10-PA-220;CWA-3351-10;PWP-3351-10-PA-220;"03351-PW-4""-C1-0094-N";;C1;SL-02, ANGULO ANCLAJE LATERAL;"4""";1;un;-;kg;Contratista;;;
"372_SL-02, ANGULO ANCLAJE LATERAL_4""";372;EWP-3351-10-PA-220;CWP-3351-10-PA-220;CWA-3351-10;PWP-3351-10-PA-220;"03351-PW-4""-C1-0094-N";;C1;SL-02, ANGULO ANCLAJE LATERAL;"4""";1;un;-;kg;Contratista;;;
"3_MS-06, MARCO SOPORTE TIPO ""L""_6""";3;EWP-3351-10-PA-220;CWP-3351-10-PA-220;CWA-3351-10;PWP-3351-10-PA-220;"03351-PW-6""-C1-0013-N";;C1;"MS-06, MARCO SOPORTE TIPO ""L""";"6""";1;un;-;kg;Contratista;;;
"4_MS-06, MARCO SOPORTE TIPO ""L""_6""";4;EWP-3351-10-PA-220;CWP-3351-10-PA-220;CWA-3351-10;PWP-3351-10-PA-220;"03351-PW-6""-C1-0013-N";;C1;"MS-06, MARCO SOPORTE TIPO ""L""";"6""";1;un;-;kg;Contratista;;;
"5_MS-06, MARCO SOPORTE TIPO ""L""_6""";5;EWP-3351-10-PA-220;CWP-3351-10-PA-220;CWA-3351-10;PWP-3351-10-PA-220;"03351-PW-6""-C1-0013-N";;C1;"MS-06, MARCO SOPORTE TIPO ""L""";"6""";1;un;-;kg;Contratista;;;
"6_MS-06, MARCO SOPORTE TIPO ""L""_6""";6;EWP-3351-10-PA-220;CWP-3351-10-PA-220;CWA-3351-10;PWP-3351-10-PA-220;"03351-PW-6""-C1-0013-N";;C1;"MS-06, MARCO SOPORTE TIPO ""L""";"6""";1;un;-;kg;Contratista;;;
"7_MS-06, MARCO SOPORTE TIPO ""L""_6""";7;EWP-3351-10-PA-220;CWP-3351-10-PA-220;CWA-3351-10;PWP-3351-10-PA-220;"03351-PW-6""-C1-0013-N";;C1;"MS-06, MARCO SOPORTE TIPO ""L""";"6""";1;un;-;kg;Contratista;;;
"8_MS-06, MARCO SOPORTE TIPO ""L""_6""";8;EWP-3351-10-PA-220;CWP-3351-10-PA-220;CWA-3351-10;PWP-3351-10-PA-220;"03351-PW-6""-C1-0013-N";;C1;"MS-06, MARCO SOPORTE TIPO ""L""";"6""";1;un;-;kg;Contratista;;;
"9_MS-06, MARCO SOPORTE TIPO ""L""_6""";9;EWP-3351-10-PA-220;CWP-3351-10-PA-220;CWA-3351-10;PWP-3351-10-PA-220;"03351-PW-6""-C1-0013-N";;C1;"MS-06, MARCO SOPORTE TIPO ""L""";"6""";1;un;-;kg;Contratista;;;
"25_PU-01, PERNO U LARGO_6""";25;EWP-3351-10-PA-220;CWP-3351-10-PA-220;CWA-3351-10;PWP-3351-10-PA-220;"03351-PW-6""-C1-0013-N";;C1;PU-01, PERNO U LARGO;"6""";1;un;-;kg;Contratista;;;
"27_PU-01, PERNO U LARGO_6""";27;EWP-3351-10-PA-220;CWP-3351-10-PA-220;CWA-3351-10;PWP-3351-10-PA-220;"03351-PW-6""-C1-0013-N";;C1;PU-01, PERNO U LARGO;"6""";1;un;-;kg;Contratista;;;
"29_PU-01, PERNO U LARGO_6""";29;EWP-3351-10-PA-220;CWP-3351-10-PA-220;CWA-3351-10;PWP-3351-10-PA-220;"03351-PW-6""-C1-0013-N";;C1;PU-01, PERNO U LARGO;"6""";1;un;-;kg;Contratista;;;
"31_PU-01, PERNO U LARGO_6""";31;EWP-3351-10-PA-220;CWP-3351-10-PA-220;CWA-3351-10;PWP-3351-10-PA-220;"03351-PW-6""-C1-0013-N";;C1;PU-01, PERNO U LARGO;"6""";1;un;-;kg;Contratista;;;
"46_PU-01, PERNO U LARGO_6""";46;EWP-3351-10-PA-220;CWP-3351-10-PA-220;CWA-3351-10;PWP-3351-10-PA-220;"03351-PW-6""-C1-0013-N";;C1;PU-01, PERNO U LARGO;"6""";1;un;-;kg;Contratista;;;
"47_PU-01, PERNO U LARGO_6""";47;EWP-3351-10-PA-220;CWP-3351-10-PA-220;CWA-3351-10;PWP-3351-10-PA-220;"03351-PW-6""-C1-0013-N";;C1;PU-01, PERNO U LARGO;"6""";1;un;-;kg;Contratista;;;
"55_PU-01, PERNO U LARGO_6""";55;EWP-3351-10-PA-220;CWP-3351-10-PA-220;CWA-3351-10;PWP-3351-10-PA-220;"03351-PW-6""-C1-0013-N";;C1;PU-01, PERNO U LARGO;"6""";1;un;-;kg;Contratista;;;
"62_PU-01, PERNO U LARGO_6""";62;EWP-3351-10-PA-220;CWP-3351-10-PA-220;CWA-3351-10;PWP-3351-10-PA-220;"03351-PW-6""-C1-0013-N";;C1;PU-01, PERNO U LARGO;"6""";1;un;-;kg;Contratista;;;
"76_PU-01, PERNO U LARGO_6""";76;EWP-3351-10-PA-220;CWP-3351-10-PA-220;CWA-3351-10;PWP-3351-10-PA-220;"03351-PW-6""-C1-0013-N";;C1;PU-01, PERNO U LARGO;"6""";1;un;-;kg;Contratista;;;
"80_PU-01, PERNO U LARGO_6""";80;EWP-3351-10-PA-220;CWP-3351-10-PA-220;CWA-3351-10;PWP-3351-10-PA-220;"03351-PW-6""-C1-0013-N";;C1;PU-01, PERNO U LARGO;"6""";1;un;-;kg;Contratista;;;
"81_PU-01, PERNO U LARGO_6""";81;EWP-3351-10-PA-220;CWP-3351-10-PA-220;CWA-3351-10;PWP-3351-10-PA-220;"03351-PW-6""-C1-0013-N";;C1;PU-01, PERNO U LARGO;"6""";1;un;-;kg;Contratista;;;
"220_SL-02, ANGULO ANCLAJE LATERAL_6""";220;EWP-3351-10-PA-220;CWP-3351-10-PA-220;CWA-3351-10;PWP-3351-10-PA-220;"03351-PW-6""-C1-0013-N";;C1;SL-02, ANGULO ANCLAJE LATERAL;"6""";1;un;-;kg;Contratista;;;
"224_SL-02, ANGULO ANCLAJE LATERAL_6""";224;EWP-3351-10-PA-220;CWP-3351-10-PA-220;CWA-3351-10;PWP-3351-10-PA-220;"03351-PW-6""-C1-0013-N";;C1;SL-02, ANGULO ANCLAJE LATERAL;"6""";1;un;-;kg;Contratista;;;
"226_SL-02, ANGULO ANCLAJE LATERAL_6""";226;EWP-3351-10-PA-220;CWP-3351-10-PA-220;CWA-3351-10;PWP-3351-10-PA-220;"03351-PW-6""-C1-0013-N";;C1;SL-02, ANGULO ANCLAJE LATERAL;"6""";1;un;-;kg;Contratista;;;
"228_SL-02, ANGULO ANCLAJE LATERAL_6""";228;EWP-3351-10-PA-220;CWP-3351-10-PA-220;CWA-3351-10;PWP-3351-10-PA-220;"03351-PW-6""-C1-0013-N";;C1;SL-02, ANGULO ANCLAJE LATERAL;"6""";1;un;-;kg;Contratista;;;
"236_SL-02, ANGULO ANCLAJE LATERAL_6""";236;EWP-3351-10-PA-220;CWP-3351-10-PA-220;CWA-3351-10;PWP-3351-10-PA-220;"03351-PW-6""-C1-0013-N";;C1;SL-02, ANGULO ANCLAJE LATERAL;"6""";1;un;-;kg;Contratista;;;
"239_SL-02, ANGULO ANCLAJE LATERAL_6""";239;EWP-3351-10-PA-220;CWP-3351-10-PA-220;CWA-3351-10;PWP-3351-10-PA-220;"03351-PW-6""-C1-0013-N";;C1;SL-02, ANGULO ANCLAJE LATERAL;"6""";1;un;-;kg;Contratista;;;
"241_SL-02, ANGULO ANCLAJE LATERAL_6""";241;EWP-3351-10-PA-220;CWP-3351-10-PA-220;CWA-3351-10;PWP-3351-10-PA-220;"03351-PW-6""-C1-0013-N";;C1;SL-02, ANGULO ANCLAJE LATERAL;"6""";1;un;-;kg;Contratista;;;
"242_SL-02, ANGULO ANCLAJE LATERAL_6""";242;EWP-3351-10-PA-220;CWP-3351-10-PA-220;CWA-3351-10;PWP-3351-10-PA-220;"03351-PW-6""-C1-0013-N";;C1;SL-02, ANGULO ANCLAJE LATERAL;"6""";1;un;-;kg;Contratista;;;
"248_SL-02, ANGULO ANCLAJE LATERAL_6""";248;EWP-3351-10-PA-220;CWP-3351-10-PA-220;CWA-3351-10;PWP-3351-10-PA-220;"03351-PW-6""-C1-0013-N";;C1;SL-02, ANGULO ANCLAJE LATERAL;"6""";1;un;-;kg;Contratista;;;
"260_SL-02, ANGULO ANCLAJE LATERAL_6""";260;EWP-3351-10-PA-220;CWP-3351-10-PA-220;CWA-3351-10;PWP-3351-10-PA-220;"03351-PW-6""-C1-0013-N";;C1;SL-02, ANGULO ANCLAJE LATERAL;"6""";1;un;-;kg;Contratista;;;
"270_SL-02, ANGULO ANCLAJE LATERAL_6""";270;EWP-3351-10-PA-220;CWP-3351-10-PA-220;CWA-3351-10;PWP-3351-10-PA-220;"03351-PW-6""-C1-0013-N";;C1;SL-02, ANGULO ANCLAJE LATERAL;"6""";1;un;-;kg;Contratista;;;
"277_SL-02, ANGULO ANCLAJE LATERAL_6""";277;EWP-3351-10-PA-220;CWP-3351-10-PA-220;CWA-3351-10;PWP-3351-10-PA-220;"03351-PW-6""-C1-0013-N";;C1;SL-02, ANGULO ANCLAJE LATERAL;"6""";1;un;-;kg;Contratista;;;
"281_SL-02, ANGULO ANCLAJE LATERAL_6""";281;EWP-3351-10-PA-220;CWP-3351-10-PA-220;CWA-3351-10;PWP-3351-10-PA-220;"03351-PW-6""-C1-0013-N";;C1;SL-02, ANGULO ANCLAJE LATERAL;"6""";1;un;-;kg;Contratista;;;
"284_SL-02, ANGULO ANCLAJE LATERAL_6""";284;EWP-3351-10-PA-220;CWP-3351-10-PA-220;CWA-3351-10;PWP-3351-10-PA-220;"03351-PW-6""-C1-0013-N";;C1;SL-02, ANGULO ANCLAJE LATERAL;"6""";1;un;-;kg;Contratista;;;
"285_SL-02, ANGULO ANCLAJE LATERAL_6""";285;EWP-3351-10-PA-220;CWP-3351-10-PA-220;CWA-3351-10;PWP-3351-10-PA-220;"03351-PW-6""-C1-0013-N";;C1;SL-02, ANGULO ANCLAJE LATERAL;"6""";1;un;-;kg;Contratista;;;
"288_SL-02, ANGULO ANCLAJE LATERAL_6""";288;EWP-3351-10-PA-220;CWP-3351-10-PA-220;CWA-3351-10;PWP-3351-10-PA-220;"03351-PW-6""-C1-0013-N";;C1;SL-02, ANGULO ANCLAJE LATERAL;"6""";1;un;-;kg;Contratista;;;
"289_SL-02, ANGULO ANCLAJE LATERAL_6""";289;EWP-3351-10-PA-220;CWP-3351-10-PA-220;CWA-3351-10;PWP-3351-10-PA-220;"03351-PW-6""-C1-0013-N";;C1;SL-02, ANGULO ANCLAJE LATERAL;"6""";1;un;-;kg;Contratista;;;
"290_SL-02, ANGULO ANCLAJE LATERAL_6""";290;EWP-3351-10-PA-220;CWP-3351-10-PA-220;CWA-3351-10;PWP-3351-10-PA-220;"03351-PW-6""-C1-0013-N";;C1;SL-02, ANGULO ANCLAJE LATERAL;"6""";1;un;-;kg;Contratista;;;
"294_SL-02, ANGULO ANCLAJE LATERAL_6""";294;EWP-3351-10-PA-220;CWP-3351-10-PA-220;CWA-3351-10;PWP-3351-10-PA-220;"03351-PW-6""-C1-0013-N";;C1;SL-02, ANGULO ANCLAJE LATERAL;"6""";1;un;-;kg;Contratista;;;
"295_SL-02, ANGULO ANCLAJE LATERAL_6""";295;EWP-3351-10-PA-220;CWP-3351-10-PA-220;CWA-3351-10;PWP-3351-10-PA-220;"03351-PW-6""-C1-0013-N";;C1;SL-02, ANGULO ANCLAJE LATERAL;"6""";1;un;-;kg;Contratista;;;
"307_SL-02, ANGULO ANCLAJE LATERAL_6""";307;EWP-3351-10-PA-220;CWP-3351-10-PA-220;CWA-3351-10;PWP-3351-10-PA-220;"03351-PW-6""-C1-0013-N";;C1;SL-02, ANGULO ANCLAJE LATERAL;"6""";1;un;-;kg;Contratista;;;
"312_SL-02, ANGULO ANCLAJE LATERAL_6""";312;EWP-3351-10-PA-220;CWP-3351-10-PA-220;CWA-3351-10;PWP-3351-10-PA-220;"03351-PW-6""-C1-0013-N";;C1;SL-02, ANGULO ANCLAJE LATERAL;"6""";1;un;-;kg;Contratista;;;
"319_SL-02, ANGULO ANCLAJE LATERAL_6""";319;EWP-3351-10-PA-220;CWP-3351-10-PA-220;CWA-3351-10;PWP-3351-10-PA-220;"03351-PW-6""-C1-0013-N";;C1;SL-02, ANGULO ANCLAJE LATERAL;"6""";1;un;-;kg;Contratista;;;
"321_SL-02, ANGULO ANCLAJE LATERAL_6""";321;EWP-3351-10-PA-220;CWP-3351-10-PA-220;CWA-3351-10;PWP-3351-10-PA-220;"03351-PW-6""-C1-0013-N";;C1;SL-02, ANGULO ANCLAJE LATERAL;"6""";1;un;-;kg;Contratista;;;
"339_SL-02, ANGULO ANCLAJE LATERAL_6""";339;EWP-3351-10-PA-220;CWP-3351-10-PA-220;CWA-3351-10;PWP-3351-10-PA-220;"03351-PW-6""-C1-0013-N";;C1;SL-02, ANGULO ANCLAJE LATERAL;"6""";1;un;-;kg;Contratista;;;
"341_SL-02, ANGULO ANCLAJE LATERAL_6""";341;EWP-3351-10-PA-220;CWP-3351-10-PA-220;CWA-3351-10;PWP-3351-10-PA-220;"03351-PW-6""-C1-0013-N";;C1;SL-02, ANGULO ANCLAJE LATERAL;"6""";1;un;-;kg;Contratista;;;
"342_SL-02, ANGULO ANCLAJE LATERAL_6""";342;EWP-3351-10-PA-220;CWP-3351-10-PA-220;CWA-3351-10;PWP-3351-10-PA-220;"03351-PW-6""-C1-0013-N";;C1;SL-02, ANGULO ANCLAJE LATERAL;"6""";1;un;-;kg;Contratista;;;
"351_SL-02, ANGULO ANCLAJE LATERAL_6""";351;EWP-3351-10-PA-220;CWP-3351-10-PA-220;CWA-3351-10;PWP-3351-10-PA-220;"03351-PW-6""-C1-0013-N";;C1;SL-02, ANGULO ANCLAJE LATERAL;"6""";1;un;-;kg;Contratista;;;
"355_SL-02, ANGULO ANCLAJE LATERAL_6""";355;EWP-3351-10-PA-220;CWP-3351-10-PA-220;CWA-3351-10;PWP-3351-10-PA-220;"03351-PW-6""-C1-0013-N";;C1;SL-02, ANGULO ANCLAJE LATERAL;"6""";1;un;-;kg;Contratista;;;
"360_SL-02, ANGULO ANCLAJE LATERAL_6""";360;EWP-3351-10-PA-220;CWP-3351-10-PA-220;CWA-3351-10;PWP-3351-10-PA-220;"03351-PW-6""-C1-0013-N";;C1;SL-02, ANGULO ANCLAJE LATERAL;"6""";1;un;-;kg;Contratista;;;
"361_SL-02, ANGULO ANCLAJE LATERAL_6""";361;EWP-3351-10-PA-220;CWP-3351-10-PA-220;CWA-3351-10;PWP-3351-10-PA-220;"03351-PW-6""-C1-0013-N";;C1;SL-02, ANGULO ANCLAJE LATERAL;"6""";1;un;-;kg;Contratista;;;
"368_SL-02, ANGULO ANCLAJE LATERAL_6""";368;EWP-3351-10-PA-220;CWP-3351-10-PA-220;CWA-3351-10;PWP-3351-10-PA-220;"03351-PW-6""-C1-0013-N";;C1;SL-02, ANGULO ANCLAJE LATERAL;"6""";1;un;-;kg;Contratista;;;
"373_SL-02, ANGULO ANCLAJE LATERAL_6""";373;EWP-3351-10-PA-220;CWP-3351-10-PA-220;CWA-3351-10;PWP-3351-10-PA-220;"03351-PW-6""-C1-0013-N";;C1;SL-02, ANGULO ANCLAJE LATERAL;"6""";1;un;-;kg;Contratista;;;
"382_SL-02, ANGULO ANCLAJE LATERAL_6""";382;EWP-3351-10-PA-220;CWP-3351-10-PA-220;CWA-3351-10;PWP-3351-10-PA-220;"03351-PW-6""-C1-0013-N";;C1;SL-02, ANGULO ANCLAJE LATERAL;"6""";1;un;-;kg;Contratista;;;
"398_SL-02, ANGULO ANCLAJE LATERAL_6""";398;EWP-3351-10-PA-220;CWP-3351-10-PA-220;CWA-3351-10;PWP-3351-10-PA-220;"03351-PW-6""-C1-0013-N";;C1;SL-02, ANGULO ANCLAJE LATERAL;"6""";1;un;-;kg;Contratista;;;
"403_SL-02, ANGULO ANCLAJE LATERAL_6""";403;EWP-3351-10-PA-220;CWP-3351-10-PA-220;CWA-3351-10;PWP-3351-10-PA-220;"03351-PW-6""-C1-0013-N";;C1;SL-02, ANGULO ANCLAJE LATERAL;"6""";1;un;-;kg;Contratista;;;
"404_SL-02, ANGULO ANCLAJE LATERAL_6""";404;EWP-3351-10-PA-220;CWP-3351-10-PA-220;CWA-3351-10;PWP-3351-10-PA-220;"03351-PW-6""-C1-0013-N";;C1;SL-02, ANGULO ANCLAJE LATERAL;"6""";1;un;-;kg;Contratista;;;
"410_SL-02, ANGULO ANCLAJE LATERAL_6""";410;EWP-3351-10-PA-220;CWP-3351-10-PA-220;CWA-3351-10;PWP-3351-10-PA-220;"03351-PW-6""-C1-0013-N";;C1;SL-02, ANGULO ANCLAJE LATERAL;"6""";1;un;-;kg;Contratista;;;
"413_SL-02, ANGULO ANCLAJE LATERAL_6""";413;EWP-3351-10-PA-220;CWP-3351-10-PA-220;CWA-3351-10;PWP-3351-10-PA-220;"03351-PW-6""-C1-0013-N";;C1;SL-02, ANGULO ANCLAJE LATERAL;"6""";1;un;-;kg;Contratista;;;
"417_SL-02, ANGULO ANCLAJE LATERAL_6""";417;EWP-3351-10-PA-220;CWP-3351-10-PA-220;CWA-3351-10;PWP-3351-10-PA-220;"03351-PW-6""-C1-0013-N";;C1;SL-02, ANGULO ANCLAJE LATERAL;"6""";1;un;-;kg;Contratista;;;
"422_SL-02, ANGULO ANCLAJE LATERAL_6""";422;EWP-3351-10-PA-220;CWP-3351-10-PA-220;CWA-3351-10;PWP-3351-10-PA-220;"03351-PW-6""-C1-0013-N";;C1;SL-02, ANGULO ANCLAJE LATERAL;"6""";1;un;-;kg;Contratista;;;
"423_SL-02, ANGULO ANCLAJE LATERAL_6""";423;EWP-3351-10-PA-220;CWP-3351-10-PA-220;CWA-3351-10;PWP-3351-10-PA-220;"03351-PW-6""-C1-0013-N";;C1;SL-02, ANGULO ANCLAJE LATERAL;"6""";1;un;-;kg;Contratista;;;
"425_SL-02, ANGULO ANCLAJE LATERAL_6""";425;EWP-3351-10-PA-220;CWP-3351-10-PA-220;CWA-3351-10;PWP-3351-10-PA-220;"03351-PW-6""-C1-0013-N";;C1;SL-02, ANGULO ANCLAJE LATERAL;"6""";1;un;-;kg;Contratista;;;
"457_SL-02, ANGULO ANCLAJE LATERAL_6""";457;EWP-3351-10-PA-220;CWP-3351-10-PA-220;CWA-3351-10;PWP-3351-10-PA-220;"03351-PW-6""-C1-0013-N";;C1;SL-02, ANGULO ANCLAJE LATERAL;"6""";1;un;-;kg;Contratista;;;
"462_SL-02, ANGULO ANCLAJE LATERAL_6""";462;EWP-3351-10-PA-220;CWP-3351-10-PA-220;CWA-3351-10;PWP-3351-10-PA-220;"03351-PW-6""-C1-0013-N";;C1;SL-02, ANGULO ANCLAJE LATERAL;"6""";1;un;-;kg;Contratista;;;
"508_SP-05, SOPORTE PUNTUAL APOYO CAÑERIAS_6""";508;EWP-3351-10-PA-220;CWP-3351-10-PA-220;CWA-3351-10;PWP-3351-10-PA-220;"03351-PW-6""-C1-0013-N";;C1;SP-05, SOPORTE PUNTUAL APOYO CAÑERIAS;"6""";1;un;-;kg;Contratista;;;
"173_SA-10, ABRAZADERA ESTANDAR_10""";173;EWP-3351-10-PA-220;CWP-3351-10-PA-220;CWA-3351-10;PWP-3351-10-PA-220;03351-RW-250-H1-0010-N;;H1;SA-10, ABRAZADERA ESTANDAR;"10""";1;un;-;kg;Contratista;;;
"165_SA-10, ABRAZADERA ESTANDAR_14""";165;EWP-3351-10-PA-220;CWP-3351-10-PA-220;CWA-3351-10;PWP-3351-10-PA-220;03351-RW-450-H1-0008-N;;H1;SA-10, ABRAZADERA ESTANDAR;"14""";1;un;-;kg;Contratista;;;
"166_SA-10, ABRAZADERA ESTANDAR_14""";166;EWP-3351-10-PA-220;CWP-3351-10-PA-220;CWA-3351-10;PWP-3351-10-PA-220;03351-RW-450-H1-0008-N;;H1;SA-10, ABRAZADERA ESTANDAR;"14""";1;un;-;kg;Contratista;;;
"179_SA-10, ABRAZADERA ESTANDAR_14""";179;EWP-3351-10-PA-220;CWP-3351-10-PA-220;CWA-3351-10;PWP-3351-10-PA-220;03351-RW-450-H1-0008-N;;H1;SA-10, ABRAZADERA ESTANDAR;"14""";1;un;-;kg;Contratista;;;
;;;;;;;;;;;;;;;;;;
;;;;;;;;;;;;;;;;;;
;;;;;;;;;;;;;;;;;;
;;;;;;;;;;;;;;;;;;
;;;;;;;;;;;;;;;;;;
;;;;;;;;;;;;;;;;;;
;;;;;;;;;;;;;;;;;;
;;;;;;;;;;;;;;;;;;
;;;;;;;;;;;;;;;;;;
;;;;;;;;;;;;;;;;;;
;;;;;;;;;;;;;;;;;;
;;;;;;;;;;;;;;;;;;
;;;;;;;;;;;;;;;;;;
;;;;;;;;;;;;;;;;;;
;;;;;;;;;;;;;;;;;;
;;;;;;;;;;;;;;;;;;
;;;;;;;;;;;;;;;;;;
;;;;;;;;;;;;;;;;;;
