ID_SPOOL;TAG GESTION;ID_ISO;SISTEMA;SUB SISTEMA;TEST PACK;AREA;ID_LINEA;SHEET;REV;SPOOL;NPS;AISLACION;MATERIAL;NOMBRE SERVICIO;ESQUEMA;RAL;Total Uniones S;Avance Uniones S;RESPONSABLE;Proceso;Pintura / Revestimiento;Recibido;Posicionado;Montaje;Ubicación;TOTAL;OBSERV.;estatus;ubicacion;fecha;mts montados;Column33;Column34
"03351-CT-10""-C3-0079-R3_HOJA-1_SP01";001;"03351-CT-10""-C3-0079-R3_HOJA-1";Colectivo Cu-Mo TIE-IN-001;03350-02-05;;TORRE TRASFERENCIA;"03351-CT-10""-C3-0079-R3";1;1;SP01;10;R3;CS;Concentrado Cu-Mo;EPC-9;8004;0;0;;00.Eliminado;;;;;;0;Junta Expancio;REVISAR INGENIERIA;0;46218,82148;0;VERDADERO;00.Eliminado_REVISAR INGENIERIA
03351-CT-200-H2-0002-N_HOJA-1_SP01;002;03351-CT-200-H2-0002-N_HOJA-1;Colas primarias;03350-02-06;;PIPE RACK ;03351-CT-200-H2-0002-N;1;0;SP01;8;N;HDPE;Concentrado Cu-Mo;N/A;N/A;4;2;1,2;05.Por Montar;;;;;Borde rio;0;;Por Montar;Borde rio;46238,539;0;FALSO;05.Por Montar_Por Montar
03351-CT-200-H2-0002-N_HOJA-1_SP02;003;03351-CT-200-H2-0002-N_HOJA-1;Colas primarias;03350-02-06;;PIPE RACK ;03351-CT-200-H2-0002-N;1;0;SP02;8;N;HDPE;Concentrado Cu-Mo;N/A;N/A;0;0;0,4;;;;;;;0;;;;;;VERDADERO;_
03351-CT-200-H2-0002-N_HOJA-1_SP03;004;03351-CT-200-H2-0002-N_HOJA-1;Colas primarias;03350-02-06;;PIPE RACK ;03351-CT-200-H2-0002-N;1;0;SP03;8;N;HDPE;Concentrado Cu-Mo;N/A;N/A;4;4;5,96;05.Por Montar;;;;;Borde rio;0;;Falta Material;0;46252,43811;0;VERDADERO;05.Por Montar_Falta Material
03351-CT-200-H2-0002-N_HOJA-1_SP04;005;03351-CT-200-H2-0002-N_HOJA-1;Colas primarias;03350-02-06;;PIPE RACK ;03351-CT-200-H2-0002-N;1;0;SP04;8;N;HDPE;Concentrado Cu-Mo;N/A;N/A;3;3;3,9;05.Por Montar;;;;;Borde rio;0;;Por Montar;Borde rio;46238,52347;0;VERDADERO;05.Por Montar_Por Montar
03351-CT-200-H2-0002-N_HOJA-1_SP05;006;03351-CT-200-H2-0002-N_HOJA-1;Colas primarias;03350-02-06;;PIPE RACK ;03351-CT-200-H2-0002-N;1;0;SP05;8;N;HDPE;Concentrado Cu-Mo;N/A;N/A;2;2;8,9;05.Por Montar;14/07/2026;;;;Borde rio;0,1;;Por Montar;Borde rio;46237,59421;0;VERDADERO;05.Por Montar_Por Montar
03351-CT-200-H2-0002-N_HOJA-1_SP06;007;03351-CT-200-H2-0002-N_HOJA-1;Colas primarias;03350-02-06;;PIPE RACK ;03351-CT-200-H2-0002-N;1;0;SP06;8;N;HDPE;Concentrado Cu-Mo;N/A;N/A;2;2;0,6;05.Por Montar;14/07/2026;;;;Borde rio;0,1;;Por Montar;Borde rio;46237,65175;0;VERDADERO;05.Por Montar_Por Montar
03351-CT-200-H2-0002-N_HOJA-1_SP07;008;03351-CT-200-H2-0002-N_HOJA-1;Colas primarias;03350-02-06;;PIPE RACK ;03351-CT-200-H2-0002-N;1;0;SP07;8;N;HDPE;Concentrado Cu-Mo;N/A;N/A;1;1;9,8;05.Por Montar;14/07/2026;;;;Borde rio;0,1;;Por Montar;Borde rio;46237,61737;0;VERDADERO;05.Por Montar_Por Montar
03351-CT-200-H2-0002-N_HOJA-1_SP08;009;03351-CT-200-H2-0002-N_HOJA-1;Colas primarias;03350-02-06;;PIPE RACK ;03351-CT-200-H2-0002-N;1;0;SP08;8;N;HDPE;Concentrado Cu-Mo;N/A;N/A;3;2;0,95;05.Por Montar;14/07/2026;;;;Borde rio;0,1;;Por Montar;Borde rio;46237,65993;0;FALSO;05.Por Montar_Por Montar
03351-CT-200-H2-0002-N_HOJA-1_SP09;010;03351-CT-200-H2-0002-N_HOJA-1;Colas primarias;03350-02-06;;PIPE RACK ;03351-CT-200-H2-0002-N;1;0;SP09;8;N;HDPE;Concentrado Cu-Mo;N/A;N/A;4;3;3;05.Por Montar;14/07/2026;;;;Borde rio;0,1;;Por Montar;Borde rio;46237,68134;0;FALSO;05.Por Montar_Por Montar
03351-CT-200-H2-0002-N_HOJA-1_SP10;011;03351-CT-200-H2-0002-N_HOJA-1;Colas primarias;03350-02-06;;PIPE RACK ;03351-CT-200-H2-0002-N;1;0;SP10;8;N;HDPE;Concentrado Cu-Mo;N/A;N/A;1;1;9,915;05.Por Montar;;;;;Borde rio;0;;Por Montar;Borde rio;46237,93825;0;VERDADERO;05.Por Montar_Por Montar
03351-CT-200-H2-0002-N_HOJA-1_SP11;012;03351-CT-200-H2-0002-N_HOJA-1;Colas primarias;03350-02-06;;PIPE RACK ;03351-CT-200-H2-0002-N;1;0;SP11;8;N;HDPE;Concentrado Cu-Mo;N/A;N/A;2;2;0,6;05.Por Montar;;;;;Borde rio;0;;Por Montar;Borde rio;46237,94047;0;VERDADERO;05.Por Montar_Por Montar
03351-CT-200-H2-0002-N_HOJA-2_SP01;013;03351-CT-200-H2-0002-N_HOJA-2;Colas primarias;03350-02-06;;PIPE RACK ;03351-CT-200-H2-0002-N;2;0;SP01;8;N;HDPE;Concentrado Cu-Mo;N/A;N/A;1;1;10,9;05.Por Montar;13/07/2026;13/07/2026;;;Borde rio;0,3;;Por Montar;Borde rio;46216,54047;0;VERDADERO;05.Por Montar_Por Montar
03351-CT-200-H2-0002-N_HOJA-2_SP02;014;03351-CT-200-H2-0002-N_HOJA-2;Colas primarias;03350-02-06;;PIPE RACK ;03351-CT-200-H2-0002-N;2;0;SP02;8;N;HDPE;Concentrado Cu-Mo;N/A;N/A;2;2;0,6;05.Por Montar;;;;;Borde rio;0;;Por Montar;Borde rio;46238,52597;0;VERDADERO;05.Por Montar_Por Montar
03351-CT-200-H2-0002-N_HOJA-2_SP03;015;03351-CT-200-H2-0002-N_HOJA-2;Colas primarias;03350-02-06;;PIPE RACK ;03351-CT-200-H2-0002-N;2;0;SP03;8;N;HDPE;Concentrado Cu-Mo;N/A;N/A;2;1;2,85;01.En Fabricacion;;;;;Borde Rio;0;;En Fabricación;Borde rio;46224,00829;0;FALSO;01.En Fabricacion_En Fabricación
03351-CT-200-H2-0002-N_HOJA-2_SP04;016;03351-CT-200-H2-0002-N_HOJA-2;Colas primarias;03350-02-06;;PIPE RACK ;03351-CT-200-H2-0002-N;2;0;SP04;8;N;HDPE;Concentrado Cu-Mo;N/A;N/A;4;4;1,2;05.Por Montar;;;;;Borde rio;0;;Por Montar;Borde rio;46238,52145;0;VERDADERO;05.Por Montar_Por Montar
03351-CT-200-H2-0002-N_HOJA-2_SP05;017;03351-CT-200-H2-0002-N_HOJA-2;Colas primarias;03350-02-06;;PIPE RACK ;03351-CT-200-H2-0002-N;2;0;SP05;8;N;HDPE;Concentrado Cu-Mo;N/A;N/A;1;1;11,86;05.Por Montar;13/07/2026;13/07/2026;;;Borde rio;0,3;;Por Montar;Borde rio;46216,54575;0;VERDADERO;05.Por Montar_Por Montar
03351-CT-200-H2-0002-N_HOJA-2_SP06;018;03351-CT-200-H2-0002-N_HOJA-2;Colas primarias;03350-02-06;;PIPE RACK ;03351-CT-200-H2-0002-N;2;0;SP06;8;N;HDPE;Concentrado Cu-Mo;N/A;N/A;2;2;0,6;05.Por Montar;12/07/2026;12/07/2026;;;Borde rio;0,3;;Por Montar;Borde rio;46215,89858;0;VERDADERO;05.Por Montar_Por Montar
03351-CT-200-H2-0002-N_HOJA-2_SP07;019;03351-CT-200-H2-0002-N_HOJA-2;Colas primarias;03350-02-06;;PIPE RACK ;03351-CT-200-H2-0002-N;2;0;SP07;8;N;HDPE;Concentrado Cu-Mo;N/A;N/A;2;2;2,8;05.Por Montar;14/07/2026;14/07/2026;;;Borde rio;0,3;;Por Montar;Borde rio;46217,48171;0;VERDADERO;05.Por Montar_Por Montar
03351-CT-200-H2-0002-N_HOJA-2_SP08;020;03351-CT-200-H2-0002-N_HOJA-2;Colas primarias;03350-02-06;;PIPE RACK ;03351-CT-200-H2-0002-N;2;0;SP08;8;N;HDPE;Concentrado Cu-Mo;N/A;N/A;2;2;3,7;05.Por Montar;14/07/2026;14/07/2026;;;Borde rio;0,3;;Por Montar;Borde rio;46217,48387;0;VERDADERO;05.Por Montar_Por Montar
03351-CT-200-H2-0002-N_HOJA-2_SP09;021;03351-CT-200-H2-0002-N_HOJA-2;Colas primarias;03350-02-06;;PIPE RACK ;03351-CT-200-H2-0002-N;2;0;SP09;8;N;HDPE;Concentrado Cu-Mo;N/A;N/A;3;3;3,95;05.Por Montar;14/07/2026;14/07/2026;;;Borde rio;0,3;;Por Montar;Borde rio;46212,74992;0;VERDADERO;05.Por Montar_Por Montar
03351-CT-200-H2-0002-N_HOJA-3_SP01;022;03351-CT-200-H2-0002-N_HOJA-3;Colas primarias;03350-02-06;;PIPE RACK ;03351-CT-200-H2-0002-N;3;0;SP01;8;N;HDPE;Concentrado Cu-Mo;N/A;N/A;1;1;11,733;05.Por Montar;14/07/2026;14/07/2026;;;Borde rio;0,3;;Por Montar;Borde rio;46217,3635;0;VERDADERO;05.Por Montar_Por Montar
03351-CT-200-H2-0002-N_HOJA-3_SP02;023;03351-CT-200-H2-0002-N_HOJA-3;Colas primarias;03350-02-06;;PIPE RACK ;03351-CT-200-H2-0002-N;3;0;SP02;8;N;HDPE;Concentrado Cu-Mo;N/A;N/A;3;3;3,727;05.Por Montar;14/07/2026;14/07/2026;;;Borde rio;0,3;;Por Montar;Borde rio;46217,43811;0;VERDADERO;05.Por Montar_Por Montar
03351-CT-200-H2-0002-N_HOJA-3_SP03;024;03351-CT-200-H2-0002-N_HOJA-3;Colas primarias;03350-02-06;;PIPE RACK ;03351-CT-200-H2-0002-N;3;0;SP03;8;N;HDPE;Concentrado Cu-Mo;N/A;N/A;1;1;0,6;05.Por Montar;14/07/2026;14/07/2026;;;Borde rio;0,3;;Por Montar;Borde rio;46217,47948;0;VERDADERO;05.Por Montar_Por Montar
03351-CT-200-H2-0002-N_HOJA-3_SP04;025;03351-CT-200-H2-0002-N_HOJA-3;Colas primarias;03350-02-06;;PIPE RACK ;03351-CT-200-H2-0002-N;3;0;SP04;8;N;HDPE;Concentrado Cu-Mo;N/A;N/A;2;2;12,033;06.Posicionado;09/07/2026;09/07/2026;09/07/2026;;Terreno;0,45;;Posicionado;Terreno;46212,50566;0;VERDADERO;06.Posicionado_Posicionado
03351-CT-200-H2-0002-N_HOJA-4_SP01;026;03351-CT-200-H2-0002-N_HOJA-4;Colas primarias;03350-02-06;;PIPE RACK ;03351-CT-200-H2-0002-N;4;0;SP01;8;N;HDPE;Concentrado Cu-Mo;N/A;N/A;1;1;12,286;06.Posicionado;23/04/2026;14/05/2026;30/06/2026;;Terreno;0,45;;Posicionado;Terreno;46203,6297;0;VERDADERO;06.Posicionado_Posicionado
03351-CT-200-H2-0002-N_HOJA-4_SP02;027;03351-CT-200-H2-0002-N_HOJA-4;Colas primarias;03350-02-06;;PIPE RACK ;03351-CT-200-H2-0002-N;4;0;SP02;8;N;HDPE;Concentrado Cu-Mo;N/A;N/A;2;2;12,286;06.Posicionado;23/04/2026;14/05/2026;30/06/2026;;Terreno;0,45;;Posicionado;Terreno;46203,63034;0;VERDADERO;06.Posicionado_Posicionado
03351-CT-200-H2-0002-N_HOJA-4_SP03;028;03351-CT-200-H2-0002-N_HOJA-4;Colas primarias;03350-02-06;;PIPE RACK ;03351-CT-200-H2-0002-N;4;0;SP03;8;N;HDPE;Concentrado Cu-Mo;N/A;N/A;4;1;12,652;01.En Fabricacion;;;;;Borde Rio;0;;Falta Material;0;46252,43987;0;FALSO;01.En Fabricacion_Falta Material
03351-CT-200-H2-0002-N_HOJA-5_SP01;029;03351-CT-200-H2-0002-N_HOJA-5;Colas primarias;03350-02-06;;PIPE RACK ;03351-CT-200-H2-0002-N;5;0;SP01;8;N;HDPE;Concentrado Cu-Mo;N/A;N/A;4;4;;05.Por Montar;;;;;Borde rio;0;;Por Montar;Borde rio;46245,61296;0;VERDADERO;05.Por Montar_Por Montar
03351-CT-200-H2-0002-N_HOJA-5_SP02;030;03351-CT-200-H2-0002-N_HOJA-5;Colas primarias;03350-02-06;;TORRE TRASFERENCIA;03351-CT-200-H2-0002-N;5;0;SP02;8;N;HDPE;Concentrado Cu-Mo;N/A;N/A;1;1;;05.Por Montar;14/07/2026;14/07/2026;;;Terreno;0,3;;Por Montar;Borde rio;46217,36479;0;VERDADERO;05.Por Montar_Por Montar
03351-CT-200-H2-0002-N_HOJA-5_SP03;031;03351-CT-200-H2-0002-N_HOJA-5;Colas primarias;03350-02-06;;TORRE TRASFERENCIA;03351-CT-200-H2-0002-N;5;0;SP03;8;N;HDPE;Concentrado Cu-Mo;N/A;N/A;4;4;;05.Por Montar;;;;;Borde rio;0;;Por Montar;Borde rio;46237,9413;0;VERDADERO;05.Por Montar_Por Montar
03351-CT-200-H2-0002-N_HOJA-5_SP04;032;03351-CT-200-H2-0002-N_HOJA-5;Colas primarias;03350-02-06;;TORRE TRASFERENCIA;03351-CT-200-H2-0002-N;5;0;SP04;8;N;HDPE;Concentrado Cu-Mo;N/A;N/A;2;2;7;07.Montaje;27/06/2026;27/06/2026;27/06/2026;07/07/2026;Terreno;0,85;;Montado;Terreno;46210,36538;7;VERDADERO;07.Montaje_Montado
03351-CT-200-H2-0002-N_HOJA-5_SP05;033;03351-CT-200-H2-0002-N_HOJA-5;Colas primarias;03350-02-06;;TORRE TRASFERENCIA;03351-CT-200-H2-0002-N;5;0;SP05;8;N;HDPE;Concentrado Cu-Mo;N/A;N/A;2;2;;05.Por Montar;14/07/2026;;;;Borde rio;0,1;;Por Montar;Borde rio;46237,64802;0;VERDADERO;05.Por Montar_Por Montar
03351-CT-200-H2-0002-N_HOJA-5_SP06;034;03351-CT-200-H2-0002-N_HOJA-5;Colas primarias;03350-02-06;;TORRE TRASFERENCIA;03351-CT-200-H2-0002-N;5;0;SP06;8;N;HDPE;Concentrado Cu-Mo;N/A;N/A;1;1;;05.Por Montar;11/07/2026;11/07/2026;;;Borde rio;0,3;;Por Montar;Borde rio;46214,57152;0;VERDADERO;05.Por Montar_Por Montar
03351-CT-200-H2-0002-N_HOJA-5_SP07;035;03351-CT-200-H2-0002-N_HOJA-5;Colas primarias;03350-02-06;;TORRE TRASFERENCIA;03351-CT-200-H2-0002-N;5;0;SP07;8;N;HDPE;Concentrado Cu-Mo;N/A;N/A;4;2;;01.En Fabricacion;;;;;Borde rio;0;;En Fabricación;Borde rio;46237,9277;0;FALSO;01.En Fabricacion_En Fabricación
03351-CT-200-H2-0002-N_HOJA-5_SP08;036;03351-CT-200-H2-0002-N_HOJA-5;Colas primarias;03350-02-06;;TORRE TRASFERENCIA;03351-CT-200-H2-0002-N;5;0;SP08;8;N;HDPE;Concentrado Cu-Mo;N/A;N/A;1;1;;05.Por Montar;14/07/2026;;;;Borde rio;0,1;;Por Montar;Borde rio;46237,59666;0;VERDADERO;05.Por Montar_Por Montar
03351-CT-200-H2-0002-N_HOJA-5_SP09;037;03351-CT-200-H2-0002-N_HOJA-5;Colas primarias;03350-02-06;;TORRE TRASFERENCIA;03351-CT-200-H2-0002-N;5;0;SP09;8;N;HDPE;Concentrado Cu-Mo;N/A;N/A;3;3;;05.Por Montar;;;;;Borde rio;0;;Por Montar;Borde rio;46237,94147;0;VERDADERO;05.Por Montar_Por Montar
03351-CT-200-H2-0045-N_HOJA-1_SP01;038;03351-CT-200-H2-0045-N_HOJA-1;Colas primarias;03350-02-06;;PIPE RACK ;03351-CT-200-H2-0045-N;1;0;SP01;8;N;HDPE;Concentrado Cu-Mo;N/A;N/A;0;0;;;;;;;;0;;;;;;VERDADERO;_
03351-CT-200-H2-0045-N_HOJA-1_SP02;039;03351-CT-200-H2-0045-N_HOJA-1;Colas primarias;03350-02-06;;PIPE RACK ;03351-CT-200-H2-0045-N;1;0;SP02;8;N;HDPE;Concentrado Cu-Mo;N/A;N/A;0;0;;05.Por Montar;;;;;Borde rio;0;;Por Montar;Borde rio;46238,53112;0;VERDADERO;05.Por Montar_Por Montar
03351-CT-200-H2-0045-N_HOJA-1_SP03;040;03351-CT-200-H2-0045-N_HOJA-1;Colas primarias;03350-02-06;;PIPE RACK ;03351-CT-200-H2-0045-N;1;0;SP03;8;N;HDPE;Concentrado Cu-Mo;N/A;N/A;0;0;;;;;;;;0;;Falta Material;0;46252,43949;0;VERDADERO;_Falta Material
"03351-CT-3""-C2-0012-N_HOJA-1_SP01";041;"03351-CT-3""-C2-0012-N_HOJA-1";Concentrado Cu-Mo;03350-02-03;;TORRE TRASFERENCIA;"03351-CT-3""-C2-0012-N";1;0;SP01;3;N;CS;Concentrado Cu-Mo;EPC-9;8004;3;3;;05.Por Montar;14/07/2026;;;;Borde rio;0,1;;Por Montar;Borde rio;46245,6088;0;VERDADERO;05.Por Montar_Por Montar
"03351-CT-3""-C2-0012-N_HOJA-1_SP02";042;"03351-CT-3""-C2-0012-N_HOJA-1";Concentrado Cu-Mo;03350-02-03;;TORRE TRASFERENCIA;"03351-CT-3""-C2-0012-N";1;0;SP02;3;N;CS;Concentrado Cu-Mo;EPC-9;8004;1;1;;03.En Pint/Reves;;;;;;0;;En Pint/Revest.;Borde rio;46245,61431;0;VERDADERO;03.En Pint/Reves_En Pint/Revest.
"03351-CT-3""-C2-0059-N_HOJA-1_SP01";043;"03351-CT-3""-C2-0059-N_HOJA-1";Concentrado Cu-Mo;03350-02-03;;BAJO ESPESADOR ;"03351-CT-3""-C2-0059-N";1;0;SP01;3;N;CS;Concentrado Cu-Mo;EPC-9;8004;1;1;;03.En Pint/Reves;;;;;Borde rio;0;;En Pint/Revest.;Borde rio;46204,72284;0;VERDADERO;03.En Pint/Reves_En Pint/Revest.
"03351-CT-3""-C2-0060-N_HOJA-1_SP01";044;"03351-CT-3""-C2-0060-N_HOJA-1";Concentrado Cu-Mo;03350-02-03;;BAJO ESPESADOR ;"03351-CT-3""-C2-0060-N";1;0;SP01;3;N;CS;Concentrado Cu-Mo;EPC-9;8004;1;1;;03.En Pint/Reves;;;;;;0;;En Pint/Revest.;Borde rio;46245,61448;0;VERDADERO;03.En Pint/Reves_En Pint/Revest.
"03351-CT-3""-C2-0061-N_HOJA-1_SP01";045;"03351-CT-3""-C2-0061-N_HOJA-1";Concentrado Cu-Mo;03350-02-03;;BAJO ESPESADOR ;"03351-CT-3""-C2-0061-N";1;0;SP01;3;N;CS;Concentrado Cu-Mo;EPC-9;8004;1;1;;05.Por Montar;30/06/2026;30/06/2026;;;Borde rio;0,3;;Por Montar;Borde rio;46203,74563;0;VERDADERO;05.Por Montar_Por Montar
"03351-CT-3""-C2-0062-N_HOJA-1_SP01";046;"03351-CT-3""-C2-0062-N_HOJA-1";Concentrado Cu-Mo;03350-02-03;;BAJO ESPESADOR ;"03351-CT-3""-C2-0062-N";1;0;SP01;3;N;CS;Concentrado Cu-Mo;EPC-9;8004;4;4;;03.En Pint/Reves;;;;;;0;;En Pint/Revest.;Borde rio;46245,61572;0;VERDADERO;03.En Pint/Reves_En Pint/Revest.
"03351-CT-3""-C2-0063-N_HOJA-1_SP01";047;"03351-CT-3""-C2-0063-N_HOJA-1";Concentrado Cu-Mo;03350-02-03;;BAJO ESPESADOR ;"03351-CT-3""-C2-0063-N";1;0;SP01;3;N;CS;Concentrado Cu-Mo;EPC-9;8004;1;1;;03.En Pint/Reves;;;;;Borde rio;0;;En Pint/Revest.;Borde rio;46245,61587;0;VERDADERO;03.En Pint/Reves_En Pint/Revest.
"03351-CT-3""-C2-0064-N_HOJA-1_SP01";048;"03351-CT-3""-C2-0064-N_HOJA-1";Concentrado Cu-Mo;03350-02-03;;BAJO ESPESADOR ;"03351-CT-3""-C2-0064-N";1;0;SP01;3;N;CS;Concentrado Cu-Mo;EPC-9;8004;5;5;;03.En Pint/Reves;;;;;Borde rio;0;;En Pint/Revest.;Borde rio;46217,45205;0;VERDADERO;03.En Pint/Reves_En Pint/Revest.
"03351-CT-3""-C2-0065-N_HOJA-1_SP01";049;"03351-CT-3""-C2-0065-N_HOJA-1";Concentrado Cu-Mo;03350-02-03;;TORRE TRASFERENCIA;"03351-CT-3""-C2-0065-N";1;0;SP01;3;N;CS;Concentrado Cu-Mo;EPC-9;8004;3;3;;05.Por Montar;30/06/2026;30/06/2026;;;Borde rio;0,3;;Por Montar;Borde rio;46203,73338;0;VERDADERO;05.Por Montar_Por Montar
"03351-CT-3""-C2-0065-N_HOJA-1_SP02";050;"03351-CT-3""-C2-0065-N_HOJA-1";Concentrado Cu-Mo;03350-02-03;;TORRE TRASFERENCIA;"03351-CT-3""-C2-0065-N";1;0;SP02;3;N;CS;Concentrado Cu-Mo;EPC-9;8004;1;1;;03.En Pint/Reves;;;;;;0;;QAQC;0;46182,65043;0;VERDADERO;03.En Pint/Reves_QAQC
"03351-CT-3""-C2-0066-N_HOJA-1_SP01";051;"03351-CT-3""-C2-0066-N_HOJA-1";Concentrado Cu-Mo;03350-02-03;;BAJO ESPESADOR ;"03351-CT-3""-C2-0066-N";1;0;SP01;3;N;CS;Concentrado Cu-Mo;EPC-9;8004;4;4;;03.En Pint/Reves;;;;;;0;;QAQC;0;46182,65083;0;VERDADERO;03.En Pint/Reves_QAQC
"03351-CT-3""-C2-0067-N_HOJA-1_SP01";052;"03351-CT-3""-C2-0067-N_HOJA-1";Concentrado Cu-Mo;03350-02-03;;BAJO ESPESADOR ;"03351-CT-3""-C2-0067-N";1;0;SP01;3;N;CS;Concentrado Cu-Mo;EPC-9;8004;1;1;;03.En Pint/Reves;;;;;Borde rio;0;;En Pint/Revest.;Borde rio;46217,46337;0;VERDADERO;03.En Pint/Reves_En Pint/Revest.
"03351-CT-3""-C2-0068-N_HOJA-1_SP01";053;"03351-CT-3""-C2-0068-N_HOJA-1";Concentrado Cu-Mo;03350-02-03;;BAJO ESPESADOR ;"03351-CT-3""-C2-0068-N";1;0;SP01;3;N;CS;Concentrado Cu-Mo;EPC-9;8004;5;5;;03.En Pint/Reves;;;;;Borde rio;0;;En Pint/Revest.;Borde rio;46217,45693;0;VERDADERO;03.En Pint/Reves_En Pint/Revest.
"03351-CT-3""-C2-0069-N_HOJA-1_SP01";054;"03351-CT-3""-C2-0069-N_HOJA-1";Concentrado Cu-Mo;03350-02-03;;TORRE TRASFERENCIA;"03351-CT-3""-C2-0069-N";1;0;SP01;3;N;CS;Concentrado Cu-Mo;EPC-9;8004;3;2;;05.Por Montar;14/07/2026;;;;Borde rio;0,1;;Por Montar;Borde rio;46237,73956;0;FALSO;05.Por Montar_Por Montar
"03351-CT-3""-C2-0069-N_HOJA-1_SP02";055;"03351-CT-3""-C2-0069-N_HOJA-1";Concentrado Cu-Mo;03350-02-03;;TORRE TRASFERENCIA;"03351-CT-3""-C2-0069-N";1;0;SP02;3;N;CS;Concentrado Cu-Mo;EPC-9;8004;1;1;;03.En Pint/Reves;;;;;;0;;QAQC;0;46212,46554;0;VERDADERO;03.En Pint/Reves_QAQC
"03351-CT-3""-C2-0070-N_HOJA-1_SP01";056;"03351-CT-3""-C2-0070-N_HOJA-1";Concentrado Cu-Mo;03350-02-03;;BAJO ESPESADOR ;"03351-CT-3""-C2-0070-N";1;0;SP01;3;N;CS;Concentrado Cu-Mo;EPC-9;8004;4;3;;01.En Fabricacion;;;;;;0;;En Fabricación;0;46182,65387;0;FALSO;01.En Fabricacion_En Fabricación
"03351-CT-3""-C2-0071-N_HOJA-1_SP01";057;"03351-CT-3""-C2-0071-N_HOJA-1";Concentrado Cu-Mo;03350-02-03;;BAJO ESPESADOR ;"03351-CT-3""-C2-0071-N";1;0;SP01;3;N;CS;Concentrado Cu-Mo;EPC-9;8004;1;1;;03.En Pint/Reves;;;;;Borde rio;0;;QAQC;Borde rio;46199,44797;0;VERDADERO;03.En Pint/Reves_QAQC
"03351-CT-3""-C2-0072-N_HOJA-1_SP01";058;"03351-CT-3""-C2-0072-N_HOJA-1";Concentrado Cu-Mo;03350-02-03;;BAJO ESPESADOR ;"03351-CT-3""-C2-0072-N";1;0;SP01;3;N;CS;Concentrado Cu-Mo;EPC-9;8004;1;1;;03.En Pint/Reves;;;;;Borde rio;0;;En Pint/Revest.;Borde rio;46217,4589;0;VERDADERO;03.En Pint/Reves_En Pint/Revest.
"03351-CT-3""-C2-0074-N_HOJA-1_SP01";059;"03351-CT-3""-C2-0074-N_HOJA-1";Concentrado Cu-Mo;03350-02-03;;TORRE TRASFERENCIA;"03351-CT-3""-C2-0074-N";1;0;SP01;3;N;CS;Concentrado Cu-Mo;EPC-9;8004;3;2;;05.Por Montar;;;;;Borde Rio;0;;Por Montar;Borde rio;46237,75578;0;FALSO;05.Por Montar_Por Montar
"03351-CT-3""-C2-0074-N_HOJA-1_SP02";060;"03351-CT-3""-C2-0074-N_HOJA-1";Concentrado Cu-Mo;03350-02-03;;TORRE TRASFERENCIA;"03351-CT-3""-C2-0074-N";1;0;SP02;3;N;CS;Concentrado Cu-Mo;EPC-9;8004;1;1;;03.En Pint/Reves;;;;;;0;;QAQC;0;46182,71353;0;VERDADERO;03.En Pint/Reves_QAQC
"03351-CT-3""-C2-0086-N_HOJA-1_SP01";061;"03351-CT-3""-C2-0086-N_HOJA-1";Concentrado Cu-Mo;03350-02-03;;BAJO ESPESADOR ;"03351-CT-3""-C2-0086-N";1;0;SP01;3;N;CS;Concentrado Cu-Mo;EPC-9;8004;1;1;;03.En Pint/Reves;;;;;;0;;QAQC;0;46182,71411;0;VERDADERO;03.En Pint/Reves_QAQC
"03351-CT-4""-C2-0003-N_HOJA-1_SP01";062;"03351-CT-4""-C2-0003-N_HOJA-1";Colectivo Cu-Mo TIE-IN-001;03350-02-05;;TORRE TRASFERENCIA;"03351-CT-4""-C2-0003-N";1;0;SP01;4;N;CS;Concentrado Cu-Mo;EPC-9;8004;2;2;;03.En Pint/Reves;;;;;;0;;QAQC;0;46212,44686;0;VERDADERO;03.En Pint/Reves_QAQC
"03351-CT-4""-C2-0003-N_HOJA-1_SP02";063;"03351-CT-4""-C2-0003-N_HOJA-1";Colectivo Cu-Mo TIE-IN-001;03350-02-05;;TORRE TRASFERENCIA;"03351-CT-4""-C2-0003-N";1;0;SP02;4;N;CS;Concentrado Cu-Mo;EPC-9;8004;3;3;;05.Por Montar;;;;;Borde rio;0;;Por Montar;Borde rio;46238,55869;0;VERDADERO;05.Por Montar_Por Montar
"03351-CT-4""-C2-0003-N_HOJA-1_SP03";064;"03351-CT-4""-C2-0003-N_HOJA-1";Colectivo Cu-Mo TIE-IN-001;03350-02-05;;TORRE TRASFERENCIA;"03351-CT-4""-C2-0003-N";1;0;SP03;4;N;CS;Concentrado Cu-Mo;EPC-9;8004;1;1;;03.En Pint/Reves;;;;;;0;;QAQC;0;46212,44698;0;VERDADERO;03.En Pint/Reves_QAQC
"03351-CT-4""-C2-0003-N_HOJA-1_SP04";065;"03351-CT-4""-C2-0003-N_HOJA-1";Colectivo Cu-Mo TIE-IN-001;03350-02-05;;TORRE TRASFERENCIA;"03351-CT-4""-C2-0003-N";1;0;SP04;4;N;CS;Concentrado Cu-Mo;EPC-9;8004;3;3;;03.En Pint/Reves;;;;;Borde rio;0;;En Pint/Revest.;Borde rio;46237,62633;0;VERDADERO;03.En Pint/Reves_En Pint/Revest.
"03351-CT-4""-C2-0003-N_HOJA-1_SP05";066;"03351-CT-4""-C2-0003-N_HOJA-1";Colectivo Cu-Mo TIE-IN-001;03350-02-05;;TORRE TRASFERENCIA;"03351-CT-4""-C2-0003-N";1;0;SP05;4;N;CS;Concentrado Cu-Mo;EPC-9;8004;3;3;;05.Por Montar;14/07/2026;;;;Borde rio;0,1;;Por Montar;Borde rio;46237,74684;0;VERDADERO;05.Por Montar_Por Montar
"03351-CT-4""-C2-0004-N_HOJA-1_SP01";067;"03351-CT-4""-C2-0004-N_HOJA-1";Colectivo Cu-Mo TIE-IN-001;03350-02-05;;TORRE TRASFERENCIA;"03351-CT-4""-C2-0004-N";1;0;SP01;4;N;CS;Concentrado Cu-Mo;EPC-9;8004;2;2;;05.Por Montar;15/05/2026;16/06/2026;;;Borde rio;0,3;;Posicionado;Terreno;46252,66245;0;VERDADERO;05.Por Montar_Posicionado
"03351-CT-4""-C2-0004-N_HOJA-1_SP02";068;"03351-CT-4""-C2-0004-N_HOJA-1";Colectivo Cu-Mo TIE-IN-001;03350-02-05;;TORRE TRASFERENCIA;"03351-CT-4""-C2-0004-N";1;0;SP02;4;N;CS;Concentrado Cu-Mo;EPC-9;8004;3;3;;05.Por Montar;02/07/2026;02/07/2026;;;Terreno;0,3;;Posicionado;Terreno;46252,66289;0;VERDADERO;05.Por Montar_Posicionado
"03351-CT-4""-C2-0004-N_HOJA-1_SP03";069;"03351-CT-4""-C2-0004-N_HOJA-1";Colectivo Cu-Mo TIE-IN-001;03350-02-05;;TORRE TRASFERENCIA;"03351-CT-4""-C2-0004-N";1;0;SP03;4;N;CS;Concentrado Cu-Mo;EPC-9;8004;1;1;;03.En Pint/Reves;;;;;Borde rio;0;;En Pint/Revest.;Borde rio;46217,46164;0;VERDADERO;03.En Pint/Reves_En Pint/Revest.
"03351-CT-4""-C2-0004-N_HOJA-1_SP04";070;"03351-CT-4""-C2-0004-N_HOJA-1";Colectivo Cu-Mo TIE-IN-001;03350-02-05;;TORRE TRASFERENCIA;"03351-CT-4""-C2-0004-N";1;0;SP04;4;N;CS;Concentrado Cu-Mo;EPC-9;8004;3;3;;05.Por Montar;02/07/2026;02/07/2026;;;Terreno;0,3;;Por Montar;Terreno;46205,84028;0;VERDADERO;05.Por Montar_Por Montar
"03351-CT-4""-C3-0015-R3_HOJA-1_SP01";071;"03351-CT-4""-C3-0015-R3_HOJA-1";Contención derrames;03350-02-08;;BAJO ESPESADOR ;"03351-CT-4""-C3-0015-R3";1;0;SP01;4;R3;CS;Concentrado Cu-Mo;EPC-9;8004;3;3;6;05.Por Montar;10/07/2026;03/08/2026;;;Terreno;0,3;;Por Montar;Casona;46241,06834;0;VERDADERO;05.Por Montar_Por Montar
"03351-CT-4""-C3-0015-R3_HOJA-1_SP02";072;"03351-CT-4""-C3-0015-R3_HOJA-1";Contención derrames;03350-02-08;;BAJO ESPESADOR ;"03351-CT-4""-C3-0015-R3";1;0;SP02;4;R3;CS;Concentrado Cu-Mo;EPC-9;8004;2;2;;03.En Pint/Reves;05/08/2026;;;;Engomado SYR;0,1;;En Engomado;SyR;46238,52034;0;VERDADERO;03.En Pint/Reves_En Engomado
"03351-CT-4""-C3-0015-R3_HOJA-1_SP03";073;"03351-CT-4""-C3-0015-R3_HOJA-1";Contención derrames;03350-02-08;;BAJO ESPESADOR ;"03351-CT-4""-C3-0015-R3";1;0;SP03;4;R3;CS;Concentrado Cu-Mo;EPC-9;8004;0;0;;05.Por Montar;10/07/2026;13/08/2026;;;Casona;0,3;;Por Montar;Casona;46251,49725;0;VERDADERO;05.Por Montar_Por Montar
"03351-CT-4""-C3-0015-R3_HOJA-1_SP04";074;"03351-CT-4""-C3-0015-R3_HOJA-1";Contención derrames;03350-02-08;;BAJO ESPESADOR ;"03351-CT-4""-C3-0015-R3";1;0;SP04;4;R3;CS;Concentrado Cu-Mo;EPC-9;8004;0;0;;05.Por Montar;24/06/2026;30/07/2026;;;Casona;0,3;;Por Montar;Casona;46238,35686;0;VERDADERO;05.Por Montar_Por Montar
"03351-CT-4""-C3-0015-R3_HOJA-1_SP05";075;"03351-CT-4""-C3-0015-R3_HOJA-1";Contención derrames;03350-02-08;;BAJO ESPESADOR ;"03351-CT-4""-C3-0015-R3";1;0;SP05;4;R3;CS;Concentrado Cu-Mo;EPC-9;8004;2;2;;05.Por Montar;10/07/2026;13/08/2026;;;Casona;0,3;;Por Montar;Casona;46251,49738;0;VERDADERO;05.Por Montar_Por Montar
"03351-CT-4""-C3-0015-R3_HOJA-2_SP01";076;"03351-CT-4""-C3-0015-R3_HOJA-2";Contención derrames;03350-02-08;;TORRE TRASFERENCIA;"03351-CT-4""-C3-0015-R3";2;0;SP01;4;R3;CS;Concentrado Cu-Mo;EPC-9;8004;2;1;;03.En Pint/Reves;;;;;Borde rio;0;;En Pint/Revest.;Borde rio;46231,36796;0;FALSO;03.En Pint/Reves_En Pint/Revest.
"03351-CT-4""-C3-0015-R3_HOJA-2_SP02";077;"03351-CT-4""-C3-0015-R3_HOJA-2";Contención derrames;03350-02-08;;TORRE TRASFERENCIA;"03351-CT-4""-C3-0015-R3";2;0;SP02;4;R3;CS;Concentrado Cu-Mo;EPC-9;8004;4;4;;05.Por Montar;10/07/2026;13/08/2026;;;Casona;0,3;;Por Montar;Casona;46251,49751;0;VERDADERO;05.Por Montar_Por Montar
"03351-CT-4""-C3-0015-R3_HOJA-2_SP03";078;"03351-CT-4""-C3-0015-R3_HOJA-2";Contención derrames;03350-02-08;;TORRE TRASFERENCIA;"03351-CT-4""-C3-0015-R3";2;0;SP03;4;R3;CS;Concentrado Cu-Mo;EPC-9;8004;0;0;;05.Por Montar;10/07/2026;13/08/2026;;;Casona;0,3;;Por Montar;Casona;46251,49909;0;VERDADERO;05.Por Montar_Por Montar
"03351-CT-4""-C3-0017-R3_HOJA-1_SP01";079;"03351-CT-4""-C3-0017-R3_HOJA-1";Colectivo Cu-Mo TIE-IN-001;03350-02-05;;TORRE TRASFERENCIA;"03351-CT-4""-C3-0017-R3";1;0;SP01;4;R3;CS;Concentrado Cu-Mo;EPC-9;8004;1;1;;03.En Pint/Reves;05/08/2026;;;;Engomado SYR;0,1;;En Engomado;SyR;46238,49748;0;VERDADERO;03.En Pint/Reves_En Engomado
"03351-CT-4""-C3-0017-R3_HOJA-1_SP02";080;"03351-CT-4""-C3-0017-R3_HOJA-1";Colectivo Cu-Mo TIE-IN-001;03350-02-05;;TORRE TRASFERENCIA;"03351-CT-4""-C3-0017-R3";1;0;SP02;4;R3;CS;Concentrado Cu-Mo;EPC-9;8004;2;2;;06.Posicionado;10/07/2026;13/08/2026;21/08/2026;;Terreno;0,45;;Posicionado;Terreno;46251,49936;0;VERDADERO;06.Posicionado_Posicionado
"03351-CT-4""-C3-0017-R3_HOJA-1_SP03";081;"03351-CT-4""-C3-0017-R3_HOJA-1";Colectivo Cu-Mo TIE-IN-001;03350-02-05;;TORRE TRASFERENCIA;"03351-CT-4""-C3-0017-R3";1;0;SP03;4;R3;CS;Concentrado Cu-Mo;EPC-9;8004;3;2;;06.Posicionado;10/07/2026;13/08/2026;21/08/2026;;Terreno;0,45;;Posicionado;Terreno;46251,49963;0;FALSO;06.Posicionado_Posicionado
"03351-CT-4""-C3-0017-R3_HOJA-1_SP04";082;"03351-CT-4""-C3-0017-R3_HOJA-1";Colectivo Cu-Mo TIE-IN-001;03350-02-05;;TORRE TRASFERENCIA;"03351-CT-4""-C3-0017-R3";1;0;SP04;4;R3;CS;Concentrado Cu-Mo;EPC-9;8004;0;0;;06.Posicionado;10/07/2026;13/08/2026;21/08/2026;;Terreno;0,45;;Posicionado;Terreno;46251,49984;0;VERDADERO;06.Posicionado_Posicionado
"03351-CT-4""-C3-0077-R3_HOJA-1_SP01";083;"03351-CT-4""-C3-0077-R3_HOJA-1";Colectivo Cu-Mo TIE-IN-001;03350-02-05;;TORRE TRASFERENCIA;"03351-CT-4""-C3-0077-R3";1;0;SP01;4;R3;CS;Concentrado Cu-Mo;EPC-9;8004;1;1;;03.En Pint/Reves;05/08/2026;;;;Engomado SYR;0,1;;En Engomado;SyR;46238,50093;0;VERDADERO;03.En Pint/Reves_En Engomado
"03351-CT-4""-C3-0077-R3_HOJA-1_SP02";084;"03351-CT-4""-C3-0077-R3_HOJA-1";Colectivo Cu-Mo TIE-IN-001;03350-02-05;;TORRE TRASFERENCIA;"03351-CT-4""-C3-0077-R3";1;0;SP02;4;R3;CS;Concentrado Cu-Mo;EPC-9;8004;2;2;;05.Por Montar;10/07/2026;13/08/2026;;;Casona;0,3;;Por Montar;Casona;46251,49998;0;VERDADERO;05.Por Montar_Por Montar
"03351-CT-4""-C3-0077-R3_HOJA-1_SP03";085;"03351-CT-4""-C3-0077-R3_HOJA-1";Colectivo Cu-Mo TIE-IN-001;03350-02-05;;TORRE TRASFERENCIA;"03351-CT-4""-C3-0077-R3";1;0;SP03;4;R3;CS;Concentrado Cu-Mo;EPC-9;8004;0;0;;05.Por Montar;10/07/2026;13/08/2026;;;Casona;0,3;;Por Montar;Casona;46251,50015;0;VERDADERO;05.Por Montar_Por Montar
"03351-CT-4""-C3-0077-R3_HOJA-1_SP04";086;"03351-CT-4""-C3-0077-R3_HOJA-1";Colectivo Cu-Mo TIE-IN-001;03350-02-05;;TORRE TRASFERENCIA;"03351-CT-4""-C3-0077-R3";1;0;SP04;4;R3;CS;Concentrado Cu-Mo;EPC-9;8004;2;2;;05.Por Montar;10/07/2026;13/08/2026;;;Casona;0,3;;Por Montar;Casona;46251,50029;0;VERDADERO;05.Por Montar_Por Montar
"03351-CT-4""-C3-0077-R3_HOJA-1_SP05";087;"03351-CT-4""-C3-0077-R3_HOJA-1";Colectivo Cu-Mo TIE-IN-001;03350-02-05;;TORRE TRASFERENCIA;"03351-CT-4""-C3-0077-R3";1;0;SP05;4;R3;CS;Concentrado Cu-Mo;EPC-9;8004;0;0;;05.Por Montar;10/07/2026;13/08/2026;;;Casona;0,3;;Por Montar;Casona;46251,50039;0;VERDADERO;05.Por Montar_Por Montar
03351-CT-400-H1-0057-N_HOJA-1_SP01;088;03351-CT-400-H1-0057-N_HOJA-1;Contención derrames;03350-02-08;;TORRE TRASFERENCIA;03351-CT-400-H1-0057-N;1;0;SP01;16;N;HDPE;Concentrado Cu-Mo;N/A;N/A;0;0;;07.Montaje;16/08/2026;16/08/2026;16/08/2026;16/08/2026;Terreno;0,85;;Montado;Terreno;46251,33181;0,01;VERDADERO;07.Montaje_Montado
03351-CT-400-H1-0057-N_HOJA-1_SP02;089;03351-CT-400-H1-0057-N_HOJA-1;Contención derrames;03350-02-08;;TORRE TRASFERENCIA;03351-CT-400-H1-0057-N;1;0;SP02;16;N;HDPE;Concentrado Cu-Mo;N/A;N/A;0;0;;07.Montaje;16/08/2026;16/08/2026;16/08/2026;16/08/2026;Terreno;0,85;;Montado;Terreno;46251,33194;0,01;VERDADERO;07.Montaje_Montado
03351-CT-400-H1-0058-N_HOJA-1_SP01;090;03351-CT-400-H1-0058-N_HOJA-1;Contención derrames;03350-02-08;;TORRE TRASFERENCIA;03351-CT-400-H1-0058-N;1;0;SP01;16;N;HDPE;Concentrado Cu-Mo;N/A;N/A;0;0;;07.Montaje;16/08/2026;16/08/2026;16/08/2026;16/08/2026;Terreno;0,85;;Montado;Terreno;46251,33385;0,01;VERDADERO;07.Montaje_Montado
03351-CT-400-H1-0058-N_HOJA-1_SP02;091;03351-CT-400-H1-0058-N_HOJA-1;Contención derrames;03350-02-08;;TORRE TRASFERENCIA;03351-CT-400-H1-0058-N;1;0;SP02;16;N;HDPE;Concentrado Cu-Mo;N/A;N/A;0;0;;07.Montaje;16/08/2026;16/08/2026;16/08/2026;16/08/2026;Terreno;0,85;;Montado;Terreno;46251,33402;0,01;VERDADERO;07.Montaje_Montado
"03351-CT-6""-C11-0001-N_HOJA-1_SP01";092;"03351-CT-6""-C11-0001-N_HOJA-1";Colectivo Cu-Mo TIE-IN-001;03350-02-05;;PIPE RACK ;"03351-CT-6""-C11-0001-N";1;1;SP01;6;N;CS;Concentrado Cu-Mo;EPC-9;8004;4;2;;05.Por Montar;09/07/2026;09/07/2026;;;Borde rio;0,3;Falta terminar;Por Montar;Casona;46212,41376;0;FALSO;05.Por Montar_Por Montar
"03351-CT-6""-C11-0001-N_HOJA-1_SP02";093;"03351-CT-6""-C11-0001-N_HOJA-1";Colectivo Cu-Mo TIE-IN-001;03350-02-05;;PIPE RACK ;"03351-CT-6""-C11-0001-N";1;1;SP02;6;N;CS;Concentrado Cu-Mo;EPC-9;8004;2;2;;05.Por Montar;09/07/2026;09/07/2026;;;Casona;0,3;;Por Montar;Casona;46212,41413;0;VERDADERO;05.Por Montar_Por Montar
"03351-CT-6""-C11-0001-N_HOJA-1_SP03";094;"03351-CT-6""-C11-0001-N_HOJA-1";Colectivo Cu-Mo TIE-IN-001;03350-02-05;;PIPE RACK ;"03351-CT-6""-C11-0001-N";1;1;SP03;6;N;CS;Concentrado Cu-Mo;EPC-9;8004;0;0;;07.Montaje;09/07/2026;09/07/2026;21/08/2026;21/08/2026;Casona;0,85;;Montado;Terreno;46251,5131;0,01;VERDADERO;07.Montaje_Montado
"03351-CT-6""-C11-0001-N_HOJA-1_SP04";095;"03351-CT-6""-C11-0001-N_HOJA-1";Colectivo Cu-Mo TIE-IN-001;03350-02-05;;PIPE RACK ;"03351-CT-6""-C11-0001-N";1;1;SP04;6;N;CS;Concentrado Cu-Mo;EPC-9;8004;2;0;;;;;;;;0;;;;;;FALSO;_
"03351-CT-6""-C11-0001-N_HOJA-1_SP05";096;"03351-CT-6""-C11-0001-N_HOJA-1";Colectivo Cu-Mo TIE-IN-001;03350-02-05;;PIPE RACK ;"03351-CT-6""-C11-0001-N";1;1;SP05;6;N;CS;Concentrado Cu-Mo;EPC-9;8004;0;0;;05.Por Montar;09/07/2026;09/07/2026;;;Casona;0,3;;Por Montar;Casona;46212,4147;0;VERDADERO;05.Por Montar_Por Montar
"03351-CT-6""-C11-0001-N_HOJA-2_SP01";097;"03351-CT-6""-C11-0001-N_HOJA-2";Colectivo Cu-Mo TIE-IN-001;03350-02-05;;PIPE RACK ;"03351-CT-6""-C11-0001-N";2;1;SP01;6;N;CS;Concentrado Cu-Mo;EPC-9;8004;0;0;;05.Por Montar;09/07/2026;09/07/2026;;;Casona;0,3;;Montado;0;46254;0,01;VERDADERO;05.Por Montar_Montado
"03351-CT-6""-C11-0001-N_HOJA-2_SP02";098;"03351-CT-6""-C11-0001-N_HOJA-2";Colectivo Cu-Mo TIE-IN-001;03350-02-05;;PIPE RACK ;"03351-CT-6""-C11-0001-N";2;1;SP02;6;N;CS;Concentrado Cu-Mo;EPC-9;8004;0;0;;05.Por Montar;09/07/2026;09/07/2026;;;Casona;0,3;;Por Montar;Casona;46212,41502;0;VERDADERO;05.Por Montar_Por Montar
"03351-CT-6""-C11-0001-N_HOJA-2_SP03";099;"03351-CT-6""-C11-0001-N_HOJA-2";Colectivo Cu-Mo TIE-IN-001;03350-02-05;;PIPE RACK ;"03351-CT-6""-C11-0001-N";2;1;SP03;6;N;CS;Concentrado Cu-Mo;EPC-9;8004;2;0;;;;;;;;0;;En Fabricación;0;46212,42666;0;FALSO;_En Fabricación
"03351-CT-6""-C11-0001-N_HOJA-2_SP04";100;"03351-CT-6""-C11-0001-N_HOJA-2";Colectivo Cu-Mo TIE-IN-001;03350-02-05;;PIPE RACK ;"03351-CT-6""-C11-0001-N";2;1;SP04;6;N;CS;Concentrado Cu-Mo;EPC-9;8004;0;0;;05.Por Montar;09/07/2026;09/07/2026;;;Casona;0,3;;Por Montar;Casona;46212,41528;0;VERDADERO;05.Por Montar_Por Montar
"03351-CT-6""-C11-0001-N_HOJA-3_SP01";101;"03351-CT-6""-C11-0001-N_HOJA-3";Colectivo Cu-Mo TIE-IN-001;03350-02-05;;PIPE RACK ;"03351-CT-6""-C11-0001-N";3;1;SP01;6;N;CS;Concentrado Cu-Mo;EPC-9;8004;2;2;;05.Por Montar;13/07/2026;13/07/2026;;;Borde rio;0,3;;Por Montar;Borde rio;46216,7763;0;VERDADERO;05.Por Montar_Por Montar
"03351-CT-6""-C11-0001-N_HOJA-3_SP02";102;"03351-CT-6""-C11-0001-N_HOJA-3";Colectivo Cu-Mo TIE-IN-001;03350-02-05;;PIPE RACK ;"03351-CT-6""-C11-0001-N";3;1;SP02;6;N;CS;Concentrado Cu-Mo;EPC-9;8004;0;0;;05.Por Montar;09/07/2026;09/07/2026;;;Casona;0,3;;Por Montar;Casona;46212,41541;0;VERDADERO;05.Por Montar_Por Montar
"03351-CT-6""-C11-0001-N_HOJA-3_SP03";103;"03351-CT-6""-C11-0001-N_HOJA-3";Colectivo Cu-Mo TIE-IN-001;03350-02-05;;PIPE RACK ;"03351-CT-6""-C11-0001-N";3;1;SP03;6;N;CS;Concentrado Cu-Mo;EPC-9;8004;2;0;;;;;;;;0;;;;;;FALSO;_
"03351-CT-6""-C11-0001-N_HOJA-3_SP04";104;"03351-CT-6""-C11-0001-N_HOJA-3";Colectivo Cu-Mo TIE-IN-001;03350-02-05;;PIPE RACK ;"03351-CT-6""-C11-0001-N";3;1;SP04;6;N;CS;Concentrado Cu-Mo;EPC-9;8004;0;0;;05.Por Montar;09/07/2026;09/07/2026;;;Casona;0,3;;Por Montar;Casona;46212,41558;0;VERDADERO;05.Por Montar_Por Montar
"03351-CT-6""-C11-0001-N_HOJA-3_SP05";105;"03351-CT-6""-C11-0001-N_HOJA-3";Colectivo Cu-Mo TIE-IN-001;03350-02-05;;PIPE RACK ;"03351-CT-6""-C11-0001-N";3;1;SP05;6;N;CS;Concentrado Cu-Mo;EPC-9;8004;2;0;;;;;;;;0;;;;;;FALSO;_
"03351-CT-6""-C11-0001-N_HOJA-3_SP06";106;"03351-CT-6""-C11-0001-N_HOJA-3";Colectivo Cu-Mo TIE-IN-001;03350-02-05;;PIPE RACK ;"03351-CT-6""-C11-0001-N";3;1;SP06;6;N;CS;Concentrado Cu-Mo;EPC-9;8004;0;0;;05.Por Montar;09/07/2026;09/07/2026;;;Casona;0,3;;Por Montar;Casona;46212,41568;0;VERDADERO;05.Por Montar_Por Montar
"03351-CT-6""-C11-0001-N_HOJA-3_SP07";107;"03351-CT-6""-C11-0001-N_HOJA-3";Colectivo Cu-Mo TIE-IN-001;03350-02-05;;PIPE RACK ;"03351-CT-6""-C11-0001-N";3;1;SP07;6;N;CS;Concentrado Cu-Mo;EPC-9;8004;0;0;;05.Por Montar;09/07/2026;09/07/2026;;;Casona;0,3;;Por Montar;Casona;46212,4158;0;VERDADERO;05.Por Montar_Por Montar
"03351-CT-6""-C11-0001-N_HOJA-3_SP08";108;"03351-CT-6""-C11-0001-N_HOJA-3";Colectivo Cu-Mo TIE-IN-001;03350-02-05;;PIPE RACK ;"03351-CT-6""-C11-0001-N";3;1;SP08;6;N;CS;Concentrado Cu-Mo;EPC-9;8004;2;2;;05.Por Montar;13/07/2026;13/07/2026;;;Borde rio;0,3;;Por Montar;Borde rio;46216,77689;0;VERDADERO;05.Por Montar_Por Montar
"03351-CT-6""-C11-0001-N_HOJA-4_SP01";109;"03351-CT-6""-C11-0001-N_HOJA-4";Colectivo Cu-Mo TIE-IN-001;03350-02-05;;PIPE RACK ;"03351-CT-6""-C11-0001-N";4;1;SP01;6;N;CS;Concentrado Cu-Mo;EPC-9;8004;0;0;;05.Por Montar;09/07/2026;09/07/2026;;;Casona;0,3;;Por Montar;Casona;46212,41591;0;VERDADERO;05.Por Montar_Por Montar
"03351-CT-6""-C11-0001-N_HOJA-4_SP02";110;"03351-CT-6""-C11-0001-N_HOJA-4";Colectivo Cu-Mo TIE-IN-001;03350-02-05;;PIPE RACK ;"03351-CT-6""-C11-0001-N";4;1;SP02;6;N;CS;Concentrado Cu-Mo;EPC-9;8004;0;0;;05.Por Montar;09/07/2026;09/07/2026;;;Casona;0,3;;Por Montar;Casona;46212,41637;0;VERDADERO;05.Por Montar_Por Montar
"03351-CT-6""-C11-0001-N_HOJA-4_SP03";111;"03351-CT-6""-C11-0001-N_HOJA-4";Colectivo Cu-Mo TIE-IN-001;03350-02-05;;PIPE RACK ;"03351-CT-6""-C11-0001-N";4;1;SP03;6;N;CS;Concentrado Cu-Mo;EPC-9;8004;2;2;;05.Por Montar;13/07/2026;13/07/2026;;;Borde rio;0,3;;Por Montar;Borde rio;46216,77487;0;VERDADERO;05.Por Montar_Por Montar
"03351-CT-6""-C11-0001-N_HOJA-4_SP04";112;"03351-CT-6""-C11-0001-N_HOJA-4";Colectivo Cu-Mo TIE-IN-001;03350-02-05;;PIPE RACK ;"03351-CT-6""-C11-0001-N";4;1;SP04;6;N;CS;Concentrado Cu-Mo;EPC-9;8004;0;0;;05.Por Montar;09/07/2026;09/07/2026;;;Casona;0,3;;Por Montar;Casona;46212,41645;0;VERDADERO;05.Por Montar_Por Montar
"03351-CT-6""-C11-0001-N_HOJA-4_SP05";113;"03351-CT-6""-C11-0001-N_HOJA-4";Colectivo Cu-Mo TIE-IN-001;03350-02-05;;PIPE RACK ;"03351-CT-6""-C11-0001-N";4;1;SP05;6;N;CS;Concentrado Cu-Mo;EPC-9;8004;0;0;;05.Por Montar;13/07/2026;13/07/2026;;;Borde rio;0,3;;Por Montar;Borde rio;46216,77671;0;VERDADERO;05.Por Montar_Por Montar
"03351-CT-6""-C11-0001-N_HOJA-4_SP06";114;"03351-CT-6""-C11-0001-N_HOJA-4";Colectivo Cu-Mo TIE-IN-001;03350-02-05;;PIPE RACK ;"03351-CT-6""-C11-0001-N";4;1;SP06;6;N;CS;Concentrado Cu-Mo;EPC-9;8004;2;2;;05.Por Montar;13/07/2026;13/07/2026;;;Borde rio;0,3;;Por Montar;Borde rio;46216,77521;0;VERDADERO;05.Por Montar_Por Montar
"03351-CT-6""-C11-0001-N_HOJA-4_SP07";115;"03351-CT-6""-C11-0001-N_HOJA-4";Colectivo Cu-Mo TIE-IN-001;03350-02-05;;PIPE RACK ;"03351-CT-6""-C11-0001-N";4;1;SP07;6;N;CS;Concentrado Cu-Mo;EPC-9;8004;2;2;;03.En Pint/Reves;;;;;;0;;QAQC;0;46212,42611;0;VERDADERO;03.En Pint/Reves_QAQC
"03351-CT-6""-C11-0001-N_HOJA-4_SP08";116;"03351-CT-6""-C11-0001-N_HOJA-4";Colectivo Cu-Mo TIE-IN-001;03350-02-05;;PIPE RACK ;"03351-CT-6""-C11-0001-N";4;1;SP08;6;N;CS;Concentrado Cu-Mo;EPC-9;8004;0;0;;05.Por Montar;09/07/2026;09/07/2026;;;Casona;0,3;;Por Montar;Casona;46212,42132;0;VERDADERO;05.Por Montar_Por Montar
"03351-CT-6""-C11-0001-N_HOJA-5_SP01";117;"03351-CT-6""-C11-0001-N_HOJA-5";Colectivo Cu-Mo TIE-IN-001;03350-02-05;;PIPE RACK ;"03351-CT-6""-C11-0001-N";5;1;SP01;6;N;CS;Concentrado Cu-Mo;EPC-9;8004;0;0;;05.Por Montar;09/07/2026;09/07/2026;;;Casona;0,3;;Por Montar;Casona;46212,42142;0;VERDADERO;05.Por Montar_Por Montar
"03351-CT-6""-C11-0001-N_HOJA-5_SP02";118;"03351-CT-6""-C11-0001-N_HOJA-5";Colectivo Cu-Mo TIE-IN-001;03350-02-05;;PIPE RACK ;"03351-CT-6""-C11-0001-N";5;1;SP02;6;N;CS;Concentrado Cu-Mo;EPC-9;8004;2;2;;05.Por Montar;13/07/2026;13/07/2026;;;Borde rio;0,3;;Por Montar;Borde rio;46216,77653;0;VERDADERO;05.Por Montar_Por Montar
"03351-CT-6""-C11-0001-N_HOJA-5_SP03";119;"03351-CT-6""-C11-0001-N_HOJA-5";Colectivo Cu-Mo TIE-IN-001;03350-02-05;;PIPE RACK ;"03351-CT-6""-C11-0001-N";5;1;SP03;6;N;CS;Concentrado Cu-Mo;EPC-9;8004;0;0;;05.Por Montar;09/07/2026;09/07/2026;;;Casona;0,3;;Por Montar;Casona;46212,42154;0;VERDADERO;05.Por Montar_Por Montar
"03351-CT-6""-C11-0001-N_HOJA-5_SP04";120;"03351-CT-6""-C11-0001-N_HOJA-5";Colectivo Cu-Mo TIE-IN-001;03350-02-05;;PIPE RACK ;"03351-CT-6""-C11-0001-N";5;1;SP04;6;N;CS;Concentrado Cu-Mo;EPC-9;8004;2;2;;05.Por Montar;13/07/2026;13/07/2026;;;Borde rio;0,3;;Por Montar;Borde rio;46216,77575;0;VERDADERO;05.Por Montar_Por Montar
"03351-CT-6""-C11-0001-N_HOJA-5_SP05";121;"03351-CT-6""-C11-0001-N_HOJA-5";Colectivo Cu-Mo TIE-IN-001;03350-02-05;;PIPE RACK ;"03351-CT-6""-C11-0001-N";5;1;SP05;6;N;CS;Concentrado Cu-Mo;EPC-9;8004;0;0;;05.Por Montar;09/07/2026;09/07/2026;;;Casona;0,3;;Por Montar;Casona;46212,42167;0;VERDADERO;05.Por Montar_Por Montar
"03351-CT-6""-C11-0001-N_HOJA-5_SP06";122;"03351-CT-6""-C11-0001-N_HOJA-5";Colectivo Cu-Mo TIE-IN-001;03350-02-05;;PIPE RACK ;"03351-CT-6""-C11-0001-N";5;1;SP06;6;N;CS;Concentrado Cu-Mo;EPC-9;8004;2;2;;05.Por Montar;13/07/2026;13/07/2026;;;Borde rio;0,3;;Por Montar;Borde rio;46216,7759;0;VERDADERO;05.Por Montar_Por Montar
"03351-CT-6""-C11-0001-N_HOJA-5_SP07";123;"03351-CT-6""-C11-0001-N_HOJA-5";Colectivo Cu-Mo TIE-IN-001;03350-02-05;;PIPE RACK ;"03351-CT-6""-C11-0001-N";5;1;SP07;6;N;CS;Concentrado Cu-Mo;EPC-9;8004;0;0;;05.Por Montar;09/07/2026;09/07/2026;;;Casona;0,3;;Por Montar;Casona;46212,42177;0;VERDADERO;05.Por Montar_Por Montar
"03351-CT-6""-C11-0001-N_HOJA-6_SP01";124;"03351-CT-6""-C11-0001-N_HOJA-6";Colectivo Cu-Mo TIE-IN-001;03350-02-05;;PIPE RACK ;"03351-CT-6""-C11-0001-N";6;1;SP01;6;N;CS;Concentrado Cu-Mo;EPC-9;8004;2;2;;05.Por Montar;13/07/2026;13/07/2026;;;Borde rio;0,3;;Por Montar;Borde rio;46216,77743;0;VERDADERO;05.Por Montar_Por Montar
"03351-CT-6""-C11-0001-N_HOJA-6_SP02";125;"03351-CT-6""-C11-0001-N_HOJA-6";Colectivo Cu-Mo TIE-IN-001;03350-02-05;;PIPE RACK ;"03351-CT-6""-C11-0001-N";6;1;SP02;6;N;CS;Concentrado Cu-Mo;EPC-9;8004;0;0;;05.Por Montar;09/07/2026;09/07/2026;;;Casona;0,3;;Por Montar;Casona;46212,42186;0;VERDADERO;05.Por Montar_Por Montar
"03351-CT-6""-C11-0001-N_HOJA-6_SP03";126;"03351-CT-6""-C11-0001-N_HOJA-6";Colectivo Cu-Mo TIE-IN-001;03350-02-05;;PIPE RACK ;"03351-CT-6""-C11-0001-N";6;1;SP03;6;N;CS;Concentrado Cu-Mo;EPC-9;8004;0;0;;05.Por Montar;09/07/2026;09/07/2026;;;Casona;0,3;;Por Montar;Casona;46212,42198;0;VERDADERO;05.Por Montar_Por Montar
"03351-CT-6""-C11-0001-N_HOJA-6_SP04";127;"03351-CT-6""-C11-0001-N_HOJA-6";Colectivo Cu-Mo TIE-IN-001;03350-02-05;;PIPE RACK ;"03351-CT-6""-C11-0001-N";6;1;SP04;6;N;CS;Concentrado Cu-Mo;EPC-9;8004;0;0;;05.Por Montar;09/07/2026;09/07/2026;;;Casona;0,3;;Por Montar;Casona;46212,42208;0;VERDADERO;05.Por Montar_Por Montar
"03351-CT-6""-C11-0001-N_HOJA-6_SP05";128;"03351-CT-6""-C11-0001-N_HOJA-6";Colectivo Cu-Mo TIE-IN-001;03350-02-05;;PIPE RACK ;"03351-CT-6""-C11-0001-N";6;1;SP05;6;N;CS;Concentrado Cu-Mo;EPC-9;8004;0;0;;05.Por Montar;09/07/2026;09/07/2026;;;Casona;0,3;;Por Montar;Casona;46212,42218;0;VERDADERO;05.Por Montar_Por Montar
"03351-CT-6""-C11-0001-N_HOJA-6_SP06";129;"03351-CT-6""-C11-0001-N_HOJA-6";Colectivo Cu-Mo TIE-IN-001;03350-02-05;;PIPE RACK ;"03351-CT-6""-C11-0001-N";6;1;SP06;6;N;CS;Concentrado Cu-Mo;EPC-9;8004;0;0;;05.Por Montar;09/07/2026;09/07/2026;;;Casona;0,3;;Por Montar;Casona;46212,42257;0;VERDADERO;05.Por Montar_Por Montar
"03351-CT-6""-C11-0001-N_HOJA-6_SP07";130;"03351-CT-6""-C11-0001-N_HOJA-6";Colectivo Cu-Mo TIE-IN-001;03350-02-05;;PIPE RACK ;"03351-CT-6""-C11-0001-N";6;1;SP07;6;N;CS;Concentrado Cu-Mo;EPC-9;8004;0;0;;01.En Fabricacion;;;;;;0;;REVISAR INGENIERIA;0;46208,33317;0;VERDADERO;01.En Fabricacion_REVISAR INGENIERIA
"03351-CT-6""-C11-0001-N_HOJA-6_SP08";131;"03351-CT-6""-C11-0001-N_HOJA-6";Colectivo Cu-Mo TIE-IN-001;03350-02-05;;PIPE RACK ;"03351-CT-6""-C11-0001-N";6;1;SP08;6;N;CS;Concentrado Cu-Mo;EPC-9;8004;0;0;6;06.Posicionado;23/04/2026;14/05/2026;21/05/2026;;Terreno;0,45;;Posicionado;Terreno;46191,81942;0;VERDADERO;06.Posicionado_Posicionado
"03351-CT-6""-C11-0001-N_HOJA-6_SP09";132;"03351-CT-6""-C11-0001-N_HOJA-6";Colectivo Cu-Mo TIE-IN-001;03350-02-05;;PIPE RACK ;"03351-CT-6""-C11-0001-N";6;1;SP09;6;N;CS;Concentrado Cu-Mo;EPC-9;8004;0;0;6;06.Posicionado;23/04/2026;14/05/2026;21/05/2026;;Terreno;0,45;;Posicionado;Terreno;46191,81987;0;VERDADERO;06.Posicionado_Posicionado
"03351-CT-6""-C11-0001-N_HOJA-7_SP01";133;"03351-CT-6""-C11-0001-N_HOJA-7";Colectivo Cu-Mo TIE-IN-001;03350-02-05;;PIPE RACK ;"03351-CT-6""-C11-0001-N";7;1;SP01;6;N;CS;Concentrado Cu-Mo;EPC-9;8004;0;0;6;06.Posicionado;23/04/2026;14/05/2026;21/05/2026;;Terreno;0,45;;Posicionado;Terreno;46191,8202;0;VERDADERO;06.Posicionado_Posicionado
"03351-CT-6""-C11-0001-N_HOJA-7_SP02";134;"03351-CT-6""-C11-0001-N_HOJA-7";Colectivo Cu-Mo TIE-IN-001;03350-02-05;;PIPE RACK ;"03351-CT-6""-C11-0001-N";7;1;SP02;6;N;CS;Concentrado Cu-Mo;EPC-9;8004;0;0;6;07.Montaje;23/04/2026;14/05/2026;21/05/2026;16/06/2026;Terreno;0,85;;Montado;Terreno;46189,73122;0;VERDADERO;07.Montaje_Montado
"03351-CT-6""-C11-0001-N_HOJA-7_SP03";135;"03351-CT-6""-C11-0001-N_HOJA-7";Colectivo Cu-Mo TIE-IN-001;03350-02-05;;PIPE RACK ;"03351-CT-6""-C11-0001-N";7;1;SP03;6;N;CS;Concentrado Cu-Mo;EPC-9;8004;0;0;6;07.Montaje;23/04/2026;14/05/2026;21/05/2026;16/06/2026;Terreno;0,85;;Montado;Terreno;46189,73045;0;VERDADERO;07.Montaje_Montado
"03351-CT-6""-C11-0001-N_HOJA-7_SP04";136;"03351-CT-6""-C11-0001-N_HOJA-7";Colectivo Cu-Mo TIE-IN-001;03350-02-05;;PIPE RACK ;"03351-CT-6""-C11-0001-N";7;1;SP04;6;N;CS;Concentrado Cu-Mo;EPC-9;8004;0;0;6;07.Montaje;23/04/2026;14/05/2026;21/05/2026;16/06/2026;Terreno;0,85;;Montado;Terreno;46189,72994;0;VERDADERO;07.Montaje_Montado
"03351-CT-6""-C11-0001-N_HOJA-8_SP01";137;"03351-CT-6""-C11-0001-N_HOJA-8";Colectivo Cu-Mo TIE-IN-001;03350-02-05;;PIPE RACK ;"03351-CT-6""-C11-0001-N";8;1;SP01;6;N;CS;Concentrado Cu-Mo;EPC-9;8004;2;2;;03.En Pint/Reves;;;;;Borde rio;0;;En Pint/Revest.;Borde rio;46204,71859;0;VERDADERO;03.En Pint/Reves_En Pint/Revest.
"03351-CT-6""-C11-0001-N_HOJA-8_SP02";138;"03351-CT-6""-C11-0001-N_HOJA-8";Colectivo Cu-Mo TIE-IN-001;03350-02-05;;PIPE RACK ;"03351-CT-6""-C11-0001-N";8;1;SP02;6;N;CS;Concentrado Cu-Mo;EPC-9;8004;0;0;6;06.Posicionado;23/04/2026;14/05/2026;21/05/2026;;Terreno;0,45;;Posicionado;Terreno;46172,39642;0;VERDADERO;06.Posicionado_Posicionado
"03351-CT-6""-C11-0001-N_HOJA-8_SP03";139;"03351-CT-6""-C11-0001-N_HOJA-8";Colectivo Cu-Mo TIE-IN-001;03350-02-05;;PIPE RACK ;"03351-CT-6""-C11-0001-N";8;1;SP03;6;N;CS;Concentrado Cu-Mo;EPC-9;8004;0;0;;06.Posicionado;09/07/2026;09/07/2026;09/07/2026;;Terreno;0,45;;Posicionado;Terreno;46212,42321;0;VERDADERO;06.Posicionado_Posicionado
"03351-CT-6""-C11-0001-N_HOJA-9_SP01";140;"03351-CT-6""-C11-0001-N_HOJA-9";Colectivo Cu-Mo TIE-IN-001;03350-02-05;;PIPE RACK ;"03351-CT-6""-C11-0001-N";9;1;SP01;6;N;CS;Concentrado Cu-Mo;EPC-9;8004;0;0;;05.Por Montar;09/07/2026;09/07/2026;;;Casona;0,3;;Por Montar;Casona;46212,42341;0;VERDADERO;05.Por Montar_Por Montar
"03351-CT-6""-C11-0001-N_HOJA-9_SP02";141;"03351-CT-6""-C11-0001-N_HOJA-9";Colectivo Cu-Mo TIE-IN-001;03350-02-05;;PIPE RACK ;"03351-CT-6""-C11-0001-N";9;1;SP02;6;N;CS;Concentrado Cu-Mo;EPC-9;8004;2;2;;05.Por Montar;13/07/2026;13/07/2026;;;Borde rio;0,3;;Por Montar;Borde rio;46216,77716;0;VERDADERO;05.Por Montar_Por Montar
"03351-CT-6""-C11-0001-N_HOJA-9_SP03";142;"03351-CT-6""-C11-0001-N_HOJA-9";Colectivo Cu-Mo TIE-IN-001;03350-02-05;;PIPE RACK ;"03351-CT-6""-C11-0001-N";9;1;SP03;6;N;CS;Concentrado Cu-Mo;EPC-9;8004;0;0;;05.Por Montar;09/07/2026;09/07/2026;;;;0,3;;Por Montar;0;46212,42359;0;VERDADERO;05.Por Montar_Por Montar
"03351-CT-6""-C11-0001-N_HOJA-9_SP04";143;"03351-CT-6""-C11-0001-N_HOJA-9";Colectivo Cu-Mo TIE-IN-001;03350-02-05;;PIPE RACK ;"03351-CT-6""-C11-0001-N";9;1;SP04;6;N;CS;Concentrado Cu-Mo;EPC-9;8004;2;2;;03.En Pint/Reves;;;;;;0;;QAQC;0;46212,42495;0;VERDADERO;03.En Pint/Reves_QAQC
"03351-CT-6""-C11-0001-N_HOJA-9_SP05";144;"03351-CT-6""-C11-0001-N_HOJA-9";Colectivo Cu-Mo TIE-IN-001;03350-02-05;;PIPE RACK ;"03351-CT-6""-C11-0001-N";9;1;SP05;6;N;CS;Concentrado Cu-Mo;EPC-9;8004;0;0;;05.Por Montar;09/07/2026;09/07/2026;;;Casona;0,3;;Por Montar;Casona;46212,42377;0;VERDADERO;05.Por Montar_Por Montar
"03351-CT-6""-C11-0001-N_HOJA-9_SP06";145;"03351-CT-6""-C11-0001-N_HOJA-9";Colectivo Cu-Mo TIE-IN-001;03350-02-05;;PIPE RACK ;"03351-CT-6""-C11-0001-N";9;1;SP06;6;N;CS;Concentrado Cu-Mo;EPC-9;8004;2;2;;03.En Pint/Reves;;;;;;0;;QAQC;0;46182,61884;0;VERDADERO;03.En Pint/Reves_QAQC
"03351-CT-6""-C11-0001-N_HOJA-9_SP07";146;"03351-CT-6""-C11-0001-N_HOJA-9";Colectivo Cu-Mo TIE-IN-001;03350-02-05;;TORRE TRASFERENCIA;"03351-CT-6""-C11-0001-N";9;1;SP07;6;N;CS;Concentrado Cu-Mo;EPC-9;8004;0;0;;05.Por Montar;09/07/2026;09/07/2026;;;Casona;0,3;;Por Montar;Casona;46212,42394;0;VERDADERO;05.Por Montar_Por Montar
"03351-CT-6""-C11-0001-N_HOJA-10_SP01";147;"03351-CT-6""-C11-0001-N_HOJA-10";Colectivo Cu-Mo TIE-IN-001;03350-02-05;;TORRE TRASFERENCIA;"03351-CT-6""-C11-0001-N";10;1;SP01;6;N;CS;Concentrado Cu-Mo;EPC-9;8004;2;2;;05.Por Montar;13/07/2026;13/07/2026;;;Borde rio;0,3;;Por Montar;Borde rio;46216,77609;0;VERDADERO;05.Por Montar_Por Montar
"03351-CT-6""-C11-0001-N_HOJA-10_SP02";148;"03351-CT-6""-C11-0001-N_HOJA-10";Colectivo Cu-Mo TIE-IN-001;03350-02-05;;TORRE TRASFERENCIA;"03351-CT-6""-C11-0001-N";10;1;SP02;6;N;CS;Concentrado Cu-Mo;EPC-9;8004;0;0;;05.Por Montar;09/07/2026;09/07/2026;;;Casona;0,3;;Por Montar;Casona;46212,42407;0;VERDADERO;05.Por Montar_Por Montar
"03351-CT-6""-C11-0001-N_HOJA-10_SP03";149;"03351-CT-6""-C11-0001-N_HOJA-10";Colectivo Cu-Mo TIE-IN-001;03350-02-05;;TORRE TRASFERENCIA;"03351-CT-6""-C11-0001-N";10;1;SP03;6;N;CS;Concentrado Cu-Mo;EPC-9;8004;0;0;;05.Por Montar;09/07/2026;09/07/2026;;;Casona;0,3;;Por Montar;Casona;46212,42418;0;VERDADERO;05.Por Montar_Por Montar
"03351-CT-6""-C11-0001-N_HOJA-10_SP04";150;"03351-CT-6""-C11-0001-N_HOJA-10";Colectivo Cu-Mo TIE-IN-001;03350-02-05;;TORRE TRASFERENCIA;"03351-CT-6""-C11-0001-N";10;1;SP04;6;N;CS;Concentrado Cu-Mo;EPC-9;8004;2;2;;05.Por Montar;13/07/2026;13/07/2026;;;Borde rio;0,3;;Por Montar;Borde rio;46216,77704;0;VERDADERO;05.Por Montar_Por Montar
"03351-CT-6""-C11-0001-N_HOJA-10_SP05";151;"03351-CT-6""-C11-0001-N_HOJA-10";Colectivo Cu-Mo TIE-IN-001;03350-02-05;;TORRE TRASFERENCIA;"03351-CT-6""-C11-0001-N";10;1;SP05;6;N;CS;Concentrado Cu-Mo;EPC-9;8004;0;0;;05.Por Montar;09/07/2026;09/07/2026;;;Casona;0,3;;Por Montar;Casona;46212,42431;0;VERDADERO;05.Por Montar_Por Montar
"03351-CT-6""-C11-0001-N_HOJA-10_SP06";152;"03351-CT-6""-C11-0001-N_HOJA-10";Colectivo Cu-Mo TIE-IN-001;03350-02-05;;TORRE TRASFERENCIA;"03351-CT-6""-C11-0001-N";10;1;SP06;6;N;CS;Concentrado Cu-Mo;EPC-9;8004;1;1;;03.En Pint/Reves;;;;;;0;;QAQC;0;46212,42473;0;VERDADERO;03.En Pint/Reves_QAQC
"03351-CT-6""-C2-0047-N_HOJA-1_SP01";153;"03351-CT-6""-C2-0047-N_HOJA-1";Concentrado Cu-Mo;03350-02-03;;BAJO ESPESADOR ;"03351-CT-6""-C2-0047-N";1;0;SP01;12;N;CS;Concentrado Cu-Mo;EPC-9;8004;2;2;;06.Posicionado;21/08/2026;21/08/2026;21/08/2026;;Terreno;0,45;;Posicionado;Terreno;46247,95927;0;VERDADERO;06.Posicionado_Posicionado
"03351-CT-6""-C2-0047-N_HOJA-1_SP02";154;"03351-CT-6""-C2-0047-N_HOJA-1";Concentrado Cu-Mo;03350-02-03;;BAJO ESPESADOR ;"03351-CT-6""-C2-0047-N";1;0;SP02;6;N;CS;Concentrado Cu-Mo;EPC-9;8004;1;1;;00.Eliminado;;;;;;0;;Eliminado;0;46208,39485;0;VERDADERO;00.Eliminado_Eliminado
"03351-CT-6""-C2-0047-N_HOJA-2_SP01";155;"03351-CT-6""-C2-0047-N_HOJA-2";Concentrado Cu-Mo;03350-02-03;;BAJO ESPESADOR ;"03351-CT-6""-C2-0047-N";2;0;SP01;6;N;CS;Concentrado Cu-Mo;EPC-9;8004;0;0;;06.Posicionado;21/08/2026;21/08/2026;21/08/2026;;Terreno;0,45;;Posicionado;Terreno;46247,95941;0;VERDADERO;06.Posicionado_Posicionado
"03351-CT-6""-C3-0005-R3_HOJA-1_SP01";156;"03351-CT-6""-C3-0005-R3_HOJA-1";Concentrado Cu-Mo;03350-02-03;;BAJO ESPESADOR ;"03351-CT-6""-C3-0005-R3";1;0;SP01;6;R3;CS;Concentrado Cu-Mo;EPC-9;8004;1;1;;05.Por Montar;14/07/2026;;;;Casona;0,1;;Por Montar;Casona;46237,6636;0;VERDADERO;05.Por Montar_Por Montar
"03351-CT-6""-C3-0005-R3_HOJA-1_SP02";157;"03351-CT-6""-C3-0005-R3_HOJA-1";Concentrado Cu-Mo;03350-02-03;;BAJO ESPESADOR ;"03351-CT-6""-C3-0005-R3";1;0;SP02;3;R3;CS;Concentrado Cu-Mo;EPC-9;8004;1;1;;05.Por Montar;14/07/2026;03/08/2026;;;Casona;0,3;;Por Montar;Casona;46241,06872;0;VERDADERO;05.Por Montar_Por Montar
"03351-CT-6""-C3-0005-R3_HOJA-1_SP03";158;"03351-CT-6""-C3-0005-R3_HOJA-1";Concentrado Cu-Mo;03350-02-03;;BAJO ESPESADOR ;"03351-CT-6""-C3-0005-R3";1;0;SP03;6;R3;CS;Concentrado Cu-Mo;EPC-9;8004;2;2;;05.Por Montar;14/07/2026;;;;Casona;0,1;;Por Montar;Casona;46237,66306;0;VERDADERO;05.Por Montar_Por Montar
"03351-CT-6""-C3-0005-R3_HOJA-2_SP01";159;"03351-CT-6""-C3-0005-R3_HOJA-2";Concentrado Cu-Mo;03350-02-03;;BAJO ESPESADOR ;"03351-CT-6""-C3-0005-R3";2;0;SP01;6;R3;CS;Concentrado Cu-Mo;EPC-9;8004;1;1;;03.En Pint/Reves;;;;;Terreno;0;;En Pint/Revest.;Terreno;46218,59366;0;VERDADERO;03.En Pint/Reves_En Pint/Revest.
"03351-CT-6""-C3-0005-R3_HOJA-2_SP02";160;"03351-CT-6""-C3-0005-R3_HOJA-2";Concentrado Cu-Mo;03350-02-03;;BAJO ESPESADOR ;"03351-CT-6""-C3-0005-R3";2;0;SP02;6;R3;CS;Concentrado Cu-Mo;EPC-9;8004;1;1;;05.Por Montar;14/07/2026;05/08/2026;;;Casona;0,3;;Por Montar;Casona;46241,06892;0;VERDADERO;05.Por Montar_Por Montar
"03351-CT-6""-C3-0005-R3_HOJA-3_SP01";161;"03351-CT-6""-C3-0005-R3_HOJA-3";Concentrado Cu-Mo;03350-02-03;;BAJO ESPESADOR ;"03351-CT-6""-C3-0005-R3";3;0;SP01;12;R3;CS;Concentrado Cu-Mo;EPC-9;8004;5;5;;03.En Pint/Reves;;;;;Terreno;0;;En Pint/Revest.;Terreno;46218,59338;0;VERDADERO;03.En Pint/Reves_En Pint/Revest.
"03351-CT-6""-C3-0006-R3_HOJA-1_SP01";162;"03351-CT-6""-C3-0006-R3_HOJA-1";Concentrado Cu-Mo;03350-02-03;;BAJO ESPESADOR ;"03351-CT-6""-C3-0006-R3";1;0;SP01;12;R3;CS;Concentrado Cu-Mo;EPC-9;8004;4;4;;07.Montaje;15/05/2026;10/06/2026;13/08/2025;13/08/2025;Terreno;0,85;;Montado;Terreno;46247,70083;0,01;VERDADERO;07.Montaje_Montado
"03351-CT-6""-C3-0006-R3_HOJA-2_SP01";163;"03351-CT-6""-C3-0006-R3_HOJA-2";Concentrado Cu-Mo;03350-02-03;;BAJO ESPESADOR ;"03351-CT-6""-C3-0006-R3";2;0;SP01;12;R3;CS;Concentrado Cu-Mo;EPC-9;8004;0;0;;00.Eliminado;;;;;Terreno;0;;Eliminado;0;46208,61603;0;VERDADERO;00.Eliminado_Eliminado
"03351-CT-6""-C3-0006-R3_HOJA-2_SP02";164;"03351-CT-6""-C3-0006-R3_HOJA-2";Concentrado Cu-Mo;03350-02-03;;BAJO ESPESADOR ;"03351-CT-6""-C3-0006-R3";2;0;SP02;6;R3;CS;Concentrado Cu-Mo;EPC-9;8004;0;0;;05.Por Montar;24/06/2026;30/07/2026;;;Casona;0,3;;Por Montar;Casona;46238,35749;0;VERDADERO;05.Por Montar_Por Montar
"03351-CT-6""-C3-0006-R3_HOJA-2_SP03";165;"03351-CT-6""-C3-0006-R3_HOJA-2";Concentrado Cu-Mo;03350-02-03;;BAJO ESPESADOR ;"03351-CT-6""-C3-0006-R3";2;0;SP03;6;R3;CS;Concentrado Cu-Mo;EPC-9;8004;1;1;;05.Por Montar;15/07/2026;03/08/2026;;;Casona;0,3;;Por Montar;Casona;46241,06956;0;VERDADERO;05.Por Montar_Por Montar
"03351-CT-6""-C3-0006-R3_HOJA-3_SP01";166;"03351-CT-6""-C3-0006-R3_HOJA-3";Concentrado Cu-Mo;03350-02-03;;BAJO ESPESADOR ;"03351-CT-6""-C3-0006-R3";3;0;SP01;6;R3;CS;Concentrado Cu-Mo;EPC-9;8004;1;1;;05.Por Montar;24/06/2026;05/08/2026;;;Terreno;0,3;Falta reportar union;Por Montar;Casona;46241,06983;0;VERDADERO;05.Por Montar_Por Montar
"03351-CT-6""-C3-0006-R3_HOJA-3_SP02";167;"03351-CT-6""-C3-0006-R3_HOJA-3";Concentrado Cu-Mo;03350-02-03;;BAJO ESPESADOR ;"03351-CT-6""-C3-0006-R3";3;0;SP02;6;R3;CS;Concentrado Cu-Mo;EPC-9;8004;0;0;;05.Por Montar;15/07/2026;13/08/2026;;;Casona;0,3;;Por Montar;Casona;46251,50052;0;VERDADERO;05.Por Montar_Por Montar
"03351-CT-6""-C3-0006-R3_HOJA-3_SP03";168;"03351-CT-6""-C3-0006-R3_HOJA-3";Concentrado Cu-Mo;03350-02-03;;BAJO ESPESADOR ;"03351-CT-6""-C3-0006-R3";3;0;SP03;6;R3;CS;Concentrado Cu-Mo;EPC-9;8004;1;1;;05.Por Montar;15/07/2026;;;;Casona;0,1;;Por Montar;Casona;46237,65669;0;VERDADERO;05.Por Montar_Por Montar
"03351-CT-6""-C3-0007-R3_HOJA-1_SP01";169;"03351-CT-6""-C3-0007-R3_HOJA-1";Concentrado Cu-Mo;03350-02-03;;BAJO ESPESADOR ;"03351-CT-6""-C3-0007-R3";1;0;SP01;6;R3;CS;Concentrado Cu-Mo;EPC-9;8004;1;1;;05.Por Montar;15/07/2026;13/08/2026;;;Casona;0,3;;Por Montar;Casona;46251,50063;0;VERDADERO;05.Por Montar_Por Montar
"03351-CT-6""-C3-0007-R3_HOJA-1_SP02";170;"03351-CT-6""-C3-0007-R3_HOJA-1";Concentrado Cu-Mo;03350-02-03;;BAJO ESPESADOR ;"03351-CT-6""-C3-0007-R3";1;0;SP02;6;R3;CS;Concentrado Cu-Mo;EPC-9;8004;0;0;;05.Por Montar;24/06/2026;30/07/2026;;;Casona;0,3;;Por Montar;Casona;46238,35765;0;VERDADERO;05.Por Montar_Por Montar
"03351-CT-6""-C3-0007-R3_HOJA-1_SP03";171;"03351-CT-6""-C3-0007-R3_HOJA-1";Concentrado Cu-Mo;03350-02-03;;BAJO ESPESADOR ;"03351-CT-6""-C3-0007-R3";1;0;SP03;6;R3;CS;Concentrado Cu-Mo;EPC-9;8004;0;0;;05.Por Montar;15/07/2026;05/08/2026;;;Casona;0,3;;Por Montar;Casona;46241,07032;0;VERDADERO;05.Por Montar_Por Montar
"03351-CT-6""-C3-0007-R3_HOJA-2_SP01";172;"03351-CT-6""-C3-0007-R3_HOJA-2";Concentrado Cu-Mo;03350-02-03;;BAJO ESPESADOR ;"03351-CT-6""-C3-0007-R3";2;0;SP01;6;R3;CS;Concentrado Cu-Mo;EPC-9;8004;1;1;;05.Por Montar;15/07/2026;05/08/2026;;;Terreno;0,3;;Por Montar;Casona;46241,07046;0;VERDADERO;05.Por Montar_Por Montar
"03351-CT-6""-C3-0007-R3_HOJA-2_SP02";173;"03351-CT-6""-C3-0007-R3_HOJA-2";Concentrado Cu-Mo;03350-02-03;;BAJO ESPESADOR ;"03351-CT-6""-C3-0007-R3";2;0;SP02;6;R3;CS;Concentrado Cu-Mo;EPC-9;8004;1;1;;03.En Pint/Reves;;;;;Terreno;0;;En Pint/Revest.;Terreno;46220,6417;0;VERDADERO;03.En Pint/Reves_En Pint/Revest.
"03351-CT-6""-C3-0007-R3_HOJA-3_SP01";174;"03351-CT-6""-C3-0007-R3_HOJA-3";Concentrado Cu-Mo;03350-02-03;;BAJO ESPESADOR ;"03351-CT-6""-C3-0007-R3";3;0;SP01;12;R3;CS;Concentrado Cu-Mo;EPC-9;8004;5;5;;07.Montaje;15/05/2026;10/06/2026;13/08/2025;13/08/2025;Terreno;0,85;;Montado;Terreno;46247,69163;0,01;VERDADERO;07.Montaje_Montado
"03351-CT-6""-C3-0018-R3_HOJA-1_SP01";175;"03351-CT-6""-C3-0018-R3_HOJA-1";Concentrado Cu-Mo;03350-02-03;;BAJO ESPESADOR ;"03351-CT-6""-C3-0018-R3";1;0;SP01;4;R3;CS;Concentrado Cu-Mo;EPC-9;8004;1;1;;05.Por Montar;15/07/2026;03/08/2026;;;Casona;0,3;;Por Montar;Casona;46241,07069;0;VERDADERO;05.Por Montar_Por Montar
"03351-CT-6""-C3-0018-R3_HOJA-1_SP02";176;"03351-CT-6""-C3-0018-R3_HOJA-1";Concentrado Cu-Mo;03350-02-03;;BAJO ESPESADOR ;"03351-CT-6""-C3-0018-R3";1;0;SP02;4;R3;CS;Concentrado Cu-Mo;EPC-9;8004;0;0;;05.Por Montar;24/06/2026;30/07/2026;;;Casona;0,3;;Por Montar;Casona;46238,35786;0;VERDADERO;05.Por Montar_Por Montar
"03351-CT-6""-C3-0018-R3_HOJA-1_SP03";177;"03351-CT-6""-C3-0018-R3_HOJA-1";Concentrado Cu-Mo;03350-02-03;;BAJO ESPESADOR ;"03351-CT-6""-C3-0018-R3";1;0;SP03;3;R3;CS;Concentrado Cu-Mo;EPC-9;8004;2;2;;05.Por Montar;24/06/2026;13/08/2026;;;Casona;0,3;;Por Montar;Casona;46251,50076;0;VERDADERO;05.Por Montar_Por Montar
"03351-CT-6""-C3-0018-R3_HOJA-2_SP01";178;"03351-CT-6""-C3-0018-R3_HOJA-2";Concentrado Cu-Mo;03350-02-03;;BAJO ESPESADOR ;"03351-CT-6""-C3-0018-R3";2;0;SP01;6;R3;CS;Concentrado Cu-Mo;EPC-9;8004;2;2;;03.En Pint/Reves;05/08/2026;;;;Engomado SYR;0,1;;En Engomado;SyR;46238,51044;0;VERDADERO;03.En Pint/Reves_En Engomado
"03351-CT-6""-C3-0018-R3_HOJA-2_SP02";179;"03351-CT-6""-C3-0018-R3_HOJA-2";Concentrado Cu-Mo;03350-02-03;;BAJO ESPESADOR ;"03351-CT-6""-C3-0018-R3";2;0;SP02;6;R3;CS;Concentrado Cu-Mo;EPC-9;8004;0;0;;05.Por Montar;09/07/2026;09/07/2026;;;Casona;0,3;;Por Montar;Casona;46212,43021;0;VERDADERO;05.Por Montar_Por Montar
"03351-CT-6""-C3-0018-R3_HOJA-2_SP03";180;"03351-CT-6""-C3-0018-R3_HOJA-2";Concentrado Cu-Mo;03350-02-03;;BAJO ESPESADOR ;"03351-CT-6""-C3-0018-R3";2;0;SP03;6;R3;CS;Concentrado Cu-Mo;EPC-9;8004;2;2;;05.Por Montar;09/07/2026;13/08/2026;;;Casona;0,3;;Por Montar;Casona;46251,50094;0;VERDADERO;05.Por Montar_Por Montar
"03351-CT-6""-C3-0018-R3_HOJA-2_SP04";181;"03351-CT-6""-C3-0018-R3_HOJA-2";Concentrado Cu-Mo;03350-02-03;;BAJO ESPESADOR ;"03351-CT-6""-C3-0018-R3";2;0;SP04;6;R3;CS;Concentrado Cu-Mo;EPC-9;8004;0;0;;05.Por Montar;14/07/2026;05/08/2026;;;Terreno;0,3;;Por Montar;Casona;46241,07083;0;VERDADERO;05.Por Montar_Por Montar
"03351-CT-6""-C3-0018-R3_HOJA-2_SP05";182;"03351-CT-6""-C3-0018-R3_HOJA-2";Concentrado Cu-Mo;03350-02-03;;BAJO ESPESADOR ;"03351-CT-6""-C3-0018-R3";2;0;SP05;6;R3;CS;Concentrado Cu-Mo;EPC-9;8004;2;2;;05.Por Montar;24/06/2026;13/08/2026;;;Casona;0,3;;Por Montar;Casona;46251,50122;0;VERDADERO;05.Por Montar_Por Montar
"03351-CT-6""-C3-0018-R3_HOJA-3_SP01";183;"03351-CT-6""-C3-0018-R3_HOJA-3";Concentrado Cu-Mo;03350-02-03;;BAJO ESPESADOR ;"03351-CT-6""-C3-0018-R3";3;0;SP01;3;R3;CS;Concentrado Cu-Mo;EPC-9;8004;2;1;;03.En Pint/Reves;05/08/2026;;;;Engomado SYR;0,1;;En Engomado;SyR;46238,49624;0;FALSO;03.En Pint/Reves_En Engomado
"03351-CT-6""-C3-0018-R3_HOJA-3_SP02";184;"03351-CT-6""-C3-0018-R3_HOJA-3";Concentrado Cu-Mo;03350-02-03;;BAJO ESPESADOR ;"03351-CT-6""-C3-0018-R3";3;0;SP02;3;R3;CS;Concentrado Cu-Mo;EPC-9;8004;0;0;;03.En Pint/Reves;05/08/2026;;;;Engomado SYR;0,1;;En Engomado;SyR;46238,48731;0;VERDADERO;03.En Pint/Reves_En Engomado
"03351-CT-6""-C3-0018-R3_HOJA-3_SP03";185;"03351-CT-6""-C3-0018-R3_HOJA-3";Concentrado Cu-Mo;03350-02-03;;BAJO ESPESADOR ;"03351-CT-6""-C3-0018-R3";3;0;SP03;2;R3;CS;Concentrado Cu-Mo;EPC-9;8004;0;0;;05.Por Montar;09/07/2026;09/07/2026;;;Casona;0,3;;Por Montar;Casona;46212,43081;0;VERDADERO;05.Por Montar_Por Montar
"03351-CT-6""-C3-0018-R3_HOJA-3_SP04";186;"03351-CT-6""-C3-0018-R3_HOJA-3";Concentrado Cu-Mo;03350-02-03;;BAJO ESPESADOR ;"03351-CT-6""-C3-0018-R3";3;0;SP04;2;R3;CS;Concentrado Cu-Mo;EPC-9;8004;5;1;;01.En Fabricacion;;;;;Borde Rio;0;;En Fabricación;Quilpue;46224,6413;0;FALSO;01.En Fabricacion_En Fabricación
"03351-CT-6""-C3-0018-R3_HOJA-4_SP01";187;"03351-CT-6""-C3-0018-R3_HOJA-4";Concentrado Cu-Mo;03350-02-03;;BAJO ESPESADOR ;"03351-CT-6""-C3-0018-R3";4;0;SP01;6;R3;CS;Concentrado Cu-Mo;EPC-9;8004;0;0;;05.Por Montar;09/07/2026;13/08/2026;;;Casona;0,3;;Por Montar;Casona;46251,50138;0;VERDADERO;05.Por Montar_Por Montar
"03351-CT-6""-C3-0018-R3_HOJA-4_SP02";188;"03351-CT-6""-C3-0018-R3_HOJA-4";Concentrado Cu-Mo;03350-02-03;;BAJO ESPESADOR ;"03351-CT-6""-C3-0018-R3";4;0;SP02;6;R3;CS;Concentrado Cu-Mo;EPC-9;8004;2;2;;05.Por Montar;09/07/2026;03/08/2026;;;Terreno;0,3;;Por Montar;Casona;46241,07097;0;VERDADERO;05.Por Montar_Por Montar
"03351-CT-6""-C3-0018-R3_HOJA-4_SP03";189;"03351-CT-6""-C3-0018-R3_HOJA-4";Concentrado Cu-Mo;03350-02-03;;BAJO ESPESADOR ;"03351-CT-6""-C3-0018-R3";4;0;SP03;6;R3;CS;Concentrado Cu-Mo;EPC-9;8004;0;0;;05.Por Montar;09/07/2026;;;;Casona;0,1;;Por Montar;Casona;46237,65333;0;VERDADERO;05.Por Montar_Por Montar
"03351-CT-6""-C3-0018-R3_HOJA-4_SP04";190;"03351-CT-6""-C3-0018-R3_HOJA-4";Concentrado Cu-Mo;03350-02-03;;BAJO ESPESADOR ;"03351-CT-6""-C3-0018-R3";4;0;SP04;6;R3;CS;Concentrado Cu-Mo;EPC-9;8004;0;0;;05.Por Montar;24/06/2026;30/07/2026;;;Casona;0,3;;Por Montar;Casona;46238,35806;0;VERDADERO;05.Por Montar_Por Montar
"03351-CT-6""-C3-0018-R3_HOJA-4_SP05";191;"03351-CT-6""-C3-0018-R3_HOJA-4";Concentrado Cu-Mo;03350-02-03;;BAJO ESPESADOR ;"03351-CT-6""-C3-0018-R3";4;0;SP05;6;R3;CS;Concentrado Cu-Mo;EPC-9;8004;2;2;;07.Montaje;09/07/2026;03/08/2026;16/08/2026;16/08/2026;Casona;0,7;;Montado;Terreno;46251,51241;0,01;VERDADERO;07.Montaje_Montado
"03351-CT-6""-C3-0018-R3_HOJA-5_SP01";192;"03351-CT-6""-C3-0018-R3_HOJA-5";Concentrado Cu-Mo;03350-02-03;;BAJO ESPESADOR ;"03351-CT-6""-C3-0018-R3";5;0;SP01;6;R3;CS;Concentrado Cu-Mo;EPC-9;8004;4;4;;05.Por Montar;21/07/2026;13/08/2026;;;Casona;0,3;;Por Montar;Casona;46251,50154;0;VERDADERO;05.Por Montar_Por Montar
"03351-CT-6""-C3-0018-R3_HOJA-6_SP01";193;"03351-CT-6""-C3-0018-R3_HOJA-6";Concentrado Cu-Mo;03350-02-03;;BAJO ESPESADOR ;"03351-CT-6""-C3-0018-R3";6;0;SP01;6;R3;CS;Concentrado Cu-Mo;EPC-9;8004;1;1;;03.En Pint/Reves;05/08/2026;;;;Engomado SYR;0,1;;En Engomado;SyR;46238,49853;0;VERDADERO;03.En Pint/Reves_En Engomado
"03351-CT-6""-C3-0018-R3_HOJA-6_SP02";194;"03351-CT-6""-C3-0018-R3_HOJA-6";Concentrado Cu-Mo;03350-02-03;;BAJO ESPESADOR ;"03351-CT-6""-C3-0018-R3";6;0;SP02;6;R3;CS;Concentrado Cu-Mo;EPC-9;8004;0;0;;05.Por Montar;09/07/2026;09/07/2026;;;Casona;0,3;;Por Montar;Casona;46212,43156;0;VERDADERO;05.Por Montar_Por Montar
"03351-CT-6""-C3-0018-R3_HOJA-6_SP03";195;"03351-CT-6""-C3-0018-R3_HOJA-6";Concentrado Cu-Mo;03350-02-03;;BAJO ESPESADOR ;"03351-CT-6""-C3-0018-R3";6;0;SP03;6;R3;CS;Concentrado Cu-Mo;EPC-9;8004;0;0;;05.Por Montar;09/07/2026;09/07/2026;;;Casona;0,3;;Por Montar;Casona;46212,43163;0;VERDADERO;05.Por Montar_Por Montar
"03351-CT-6""-C3-0018-R3_HOJA-6_SP04";196;"03351-CT-6""-C3-0018-R3_HOJA-6";Concentrado Cu-Mo;03350-02-03;;BAJO ESPESADOR ;"03351-CT-6""-C3-0018-R3";6;0;SP04;6;R3;CS;Concentrado Cu-Mo;EPC-9;8004;0;0;;05.Por Montar;09/07/2026;09/07/2026;;;Casona;0,3;;Por Montar;Casona;46212,4317;0;VERDADERO;05.Por Montar_Por Montar
"03351-CT-6""-C3-0018-R3_HOJA-6_SP05";197;"03351-CT-6""-C3-0018-R3_HOJA-6";Concentrado Cu-Mo;03350-02-03;;BAJO ESPESADOR ;"03351-CT-6""-C3-0018-R3";6;0;SP05;6;R3;CS;Concentrado Cu-Mo;EPC-9;8004;0;0;;05.Por Montar;24/06/2026;30/07/2026;;;Casona;0,3;;Por Montar;Casona;46238,35854;0;VERDADERO;05.Por Montar_Por Montar
"03351-CT-6""-C3-0018-R3_HOJA-7_SP01";198;"03351-CT-6""-C3-0018-R3_HOJA-7";Concentrado Cu-Mo;03350-02-03;;BAJO ESPESADOR ;"03351-CT-6""-C3-0018-R3";7;0;SP01;6;R3;CS;Concentrado Cu-Mo;EPC-9;8004;2;2;;05.Por Montar;10/07/2026;05/08/2026;;;Casona;0,3;;Por Montar;Casona;46241,07137;0;VERDADERO;05.Por Montar_Por Montar
"03351-CT-6""-C3-0018-R3_HOJA-7_SP02";199;"03351-CT-6""-C3-0018-R3_HOJA-7";Concentrado Cu-Mo;03350-02-03;;BAJO ESPESADOR ;"03351-CT-6""-C3-0018-R3";7;0;SP02;6;R3;CS;Concentrado Cu-Mo;EPC-9;8004;0;0;;05.Por Montar;09/07/2026;09/07/2026;;;Casona;0,3;;Por Montar;Casona;46212,43214;0;VERDADERO;05.Por Montar_Por Montar
"03351-CT-6""-C3-0018-R3_HOJA-7_SP03";200;"03351-CT-6""-C3-0018-R3_HOJA-7";Concentrado Cu-Mo;03350-02-03;;BAJO ESPESADOR ;"03351-CT-6""-C3-0018-R3";7;0;SP03;6;R3;CS;Concentrado Cu-Mo;EPC-9;8004;0;0;;06.Posicionado;09/07/2026;09/07/2026;10/08/2026;;Terreno;0,45;;Posicionado;Terreno;46245,43439;0;VERDADERO;06.Posicionado_Posicionado
"03351-CT-6""-C3-0018-R3_HOJA-7_SP04";201;"03351-CT-6""-C3-0018-R3_HOJA-7";Concentrado Cu-Mo;03350-02-03;;BAJO ESPESADOR ;"03351-CT-6""-C3-0018-R3";7;0;SP04;6;R3;CS;Concentrado Cu-Mo;EPC-9;8004;0;0;;05.Por Montar;09/07/2026;09/07/2026;;;Casona;0,3;;Por Montar;Casona;46212,43229;0;VERDADERO;05.Por Montar_Por Montar
"03351-CT-6""-C3-0018-R3_HOJA-7_SP05";202;"03351-CT-6""-C3-0018-R3_HOJA-7";Concentrado Cu-Mo;03350-02-03;;BAJO ESPESADOR ;"03351-CT-6""-C3-0018-R3";7;0;SP05;6;R3;CS;Concentrado Cu-Mo;EPC-9;8004;2;2;;05.Por Montar;10/07/2026;03/08/2026;;;Casona;0,3;;Por Montar;Casona;46241,07169;0;VERDADERO;05.Por Montar_Por Montar
"03351-CT-6""-C3-0018-R3_HOJA-7_SP06";203;"03351-CT-6""-C3-0018-R3_HOJA-7";Concentrado Cu-Mo;03350-02-03;;BAJO ESPESADOR ;"03351-CT-6""-C3-0018-R3";7;0;SP06;6;R3;CS;Concentrado Cu-Mo;EPC-9;8004;0;0;;05.Por Montar;09/07/2026;09/07/2026;;;Casona;0,3;;Por Montar;Casona;46212,4324;0;VERDADERO;05.Por Montar_Por Montar
"03351-CT-6""-C3-0018-R3_HOJA-8_SP01";204;"03351-CT-6""-C3-0018-R3_HOJA-8";Concentrado Cu-Mo;03350-02-03;;BAJO ESPESADOR ;"03351-CT-6""-C3-0018-R3";8;0;SP01;6;R3;CS;Concentrado Cu-Mo;EPC-9;8004;2;2;;05.Por Montar;21/07/2026;05/08/2026;;;Casona;0,3;;Por Montar;Casona;46241,07196;0;VERDADERO;05.Por Montar_Por Montar
"03351-CT-6""-C3-0018-R3_HOJA-8_SP02";205;"03351-CT-6""-C3-0018-R3_HOJA-8";Concentrado Cu-Mo;03350-02-03;;BAJO ESPESADOR ;"03351-CT-6""-C3-0018-R3";8;0;SP02;6;R3;CS;Concentrado Cu-Mo;EPC-9;8004;0;0;;03.En Pint/Reves;05/08/2026;;;;Engomado SYR;0,1;;En Engomado;SyR;46238,50763;0;VERDADERO;03.En Pint/Reves_En Engomado
"03351-CT-6""-C3-0018-R3_HOJA-8_SP03";206;"03351-CT-6""-C3-0018-R3_HOJA-8";Concentrado Cu-Mo;03350-02-03;;BAJO ESPESADOR ;"03351-CT-6""-C3-0018-R3";8;0;SP03;6;R3;CS;Concentrado Cu-Mo;EPC-9;8004;0;0;;05.Por Montar;21/07/2026;;;;Casona;0,1;;Por Montar;Casona;46237,65552;0;VERDADERO;05.Por Montar_Por Montar
"03351-CT-6""-C3-0018-R3_HOJA-8_SP04";207;"03351-CT-6""-C3-0018-R3_HOJA-8";Concentrado Cu-Mo;03350-02-03;;BAJO ESPESADOR ;"03351-CT-6""-C3-0018-R3";8;0;SP04;6;R3;CS;Concentrado Cu-Mo;EPC-9;8004;1;1;;05.Por Montar;21/07/2026;13/08/2026;;;Casona;0,3;;Por Montar;Casona;46251,50171;0;VERDADERO;05.Por Montar_Por Montar
"03351-CT-6""-C3-0018-R3_HOJA-9_SP01";208;"03351-CT-6""-C3-0018-R3_HOJA-9";Concentrado Cu-Mo;03350-02-03;;TORRE TRASFERENCIA;"03351-CT-6""-C3-0018-R3";9;0;SP01;6;R3;CS;Concentrado Cu-Mo;EPC-9;8004;2;2;;03.En Pint/Reves;;;;;Borde rio;;;En Pint/Revest.;Ingomar;46212,46954;0;VERDADERO;03.En Pint/Reves_En Pint/Revest.
"03351-CT-6""-C3-0018-R3_HOJA-9_SP02";209;"03351-CT-6""-C3-0018-R3_HOJA-9";Concentrado Cu-Mo;03350-02-03;;TORRE TRASFERENCIA;"03351-CT-6""-C3-0018-R3";9;0;SP02;6;R3;CS;Concentrado Cu-Mo;EPC-9;8004;0;0;;05.Por Montar;09/07/2026;09/07/2026;;;Casona;0,3;;Por Montar;Casona;46212,4331;0;VERDADERO;05.Por Montar_Por Montar
"03351-CT-6""-C3-0018-R3_HOJA-9_SP03";210;"03351-CT-6""-C3-0018-R3_HOJA-9";Concentrado Cu-Mo;03350-02-03;;TORRE TRASFERENCIA;"03351-CT-6""-C3-0018-R3";9;0;SP03;6;R3;CS;Concentrado Cu-Mo;EPC-9;8004;2;0;;05.Por Montar;10/07/2026;05/08/2026;;;Casona;0,3;Falta reportar union;Por Montar;Casona;46241,07211;0;FALSO;05.Por Montar_Por Montar
"03351-CT-6""-C3-0018-R3_HOJA-10_SP01";211;"03351-CT-6""-C3-0018-R3_HOJA-10";Concentrado Cu-Mo;03350-02-03;;TORRE TRASFERENCIA;"03351-CT-6""-C3-0018-R3";10;0;SP01;6;R3;CS;Concentrado Cu-Mo;EPC-9;8004;1;1;;05.Por Montar;07/07/2026;13/08/2026;;;Casona;0,3;;Por Montar;Casona;46251,50184;0;VERDADERO;05.Por Montar_Por Montar
"03351-CT-6""-C3-0018-R3_HOJA-10_SP02";212;"03351-CT-6""-C3-0018-R3_HOJA-10";Concentrado Cu-Mo;03350-02-03;;TORRE TRASFERENCIA;"03351-CT-6""-C3-0018-R3";10;0;SP02;6;R3;CS;Concentrado Cu-Mo;EPC-9;8004;1;1;;05.Por Montar;24/06/2026;05/08/2026;;;Casona;0,3;;Por Montar;Casona;46241,07227;0;VERDADERO;05.Por Montar_Por Montar
"03351-CT-6""-C3-0018-R3_HOJA-10_SP03";213;"03351-CT-6""-C3-0018-R3_HOJA-10";Concentrado Cu-Mo;03350-02-03;;TORRE TRASFERENCIA;"03351-CT-6""-C3-0018-R3";10;0;SP03;6;R3;CS;Concentrado Cu-Mo;EPC-9;8004;2;2;;03.En Pint/Reves;;;;;Borde rio;0;;En Pint/Revest.;Borde rio;46233,38736;0;VERDADERO;03.En Pint/Reves_En Pint/Revest.
"03351-CT-6""-C3-0018-R3_HOJA-10_SP04";214;"03351-CT-6""-C3-0018-R3_HOJA-10";Concentrado Cu-Mo;03350-02-03;;TORRE TRASFERENCIA;"03351-CT-6""-C3-0018-R3";10;0;SP04;6;R3;CS;Concentrado Cu-Mo;EPC-9;8004;0;0;6;07.Montaje;15/05/2026;10/06/2026;27/06/2026;01/07/2026;Terreno;0,85;;Montado;Terreno;46204,36965;6;VERDADERO;07.Montaje_Montado
"03351-CT-6""-C3-0018-R3_HOJA-10_SP05";215;"03351-CT-6""-C3-0018-R3_HOJA-10";Concentrado Cu-Mo;03350-02-03;;TORRE TRASFERENCIA;"03351-CT-6""-C3-0018-R3";10;0;SP05;6;R3;CS;Concentrado Cu-Mo;EPC-9;8004;2;2;0,96;07.Montaje;15/05/2026;10/06/2026;27/06/2026;01/07/2026;Terreno;0,85;;Montado;Terreno;46204,3711;0,96;VERDADERO;07.Montaje_Montado
"03351-CT-6""-C3-0018-R3_HOJA-10_SP06";216;"03351-CT-6""-C3-0018-R3_HOJA-10";Concentrado Cu-Mo;03350-02-03;;TORRE TRASFERENCIA;"03351-CT-6""-C3-0018-R3";10;0;SP06;6;R3;CS;Concentrado Cu-Mo;EPC-9;8004;0;0;;05.Por Montar;09/07/2026;13/08/2026;;;Casona;0,3;;Por Montar;Casona;46251,502;0;VERDADERO;05.Por Montar_Por Montar
"03351-CT-6""-C3-0018-R3_HOJA-11_SP01";217;"03351-CT-6""-C3-0018-R3_HOJA-11";Concentrado Cu-Mo;03350-02-03;;TORRE TRASFERENCIA;"03351-CT-6""-C3-0018-R3";11;0;SP01;6;R3;CS;Concentrado Cu-Mo;EPC-9;8004;2;2;0,96;07.Montaje;15/05/2026;10/06/2026;27/06/2026;01/07/2026;Terreno;0,85;;Montado;Terreno;46204,37226;0,96;VERDADERO;07.Montaje_Montado
"03351-CT-6""-C3-0018-R3_HOJA-11_SP02";218;"03351-CT-6""-C3-0018-R3_HOJA-11";Concentrado Cu-Mo;03350-02-03;;TORRE TRASFERENCIA;"03351-CT-6""-C3-0018-R3";11;0;SP02;6;R3;CS;Concentrado Cu-Mo;EPC-9;8004;0;0;6;07.Montaje;15/05/2026;10/06/2026;27/06/2026;01/07/2026;Terreno;0,85;;Montado;Terreno;46204,37275;6;VERDADERO;07.Montaje_Montado
"03351-CT-6""-C3-0018-R3_HOJA-11_SP03";219;"03351-CT-6""-C3-0018-R3_HOJA-11";Concentrado Cu-Mo;03350-02-03;;TORRE TRASFERENCIA;"03351-CT-6""-C3-0018-R3";11;0;SP03;6;R3;CS;Concentrado Cu-Mo;EPC-9;8004;0;0;;05.Por Montar;09/07/2026;09/07/2026;;;Casona;0,3;;Por Montar;Casona;46212,43361;0;VERDADERO;05.Por Montar_Por Montar
"03351-CT-6""-C3-0018-R3_HOJA-11_SP04";220;"03351-CT-6""-C3-0018-R3_HOJA-11";Concentrado Cu-Mo;03350-02-03;;TORRE TRASFERENCIA;"03351-CT-6""-C3-0018-R3";11;0;SP04;6;R3;CS;Concentrado Cu-Mo;EPC-9;8004;2;0;;05.Por Montar;10/07/2026;03/08/2026;;;Casona;0,3;Falta reportar union;Por Montar;Casona;46241,07249;0;FALSO;05.Por Montar_Por Montar
"03351-CT-6""-C3-0018-R3_HOJA-11_SP05";221;"03351-CT-6""-C3-0018-R3_HOJA-11";Concentrado Cu-Mo;03350-02-03;;PIPE RACK ;"03351-CT-6""-C3-0018-R3";11;0;SP05;6;R3;CS;Concentrado Cu-Mo;EPC-9;8004;0;0;;05.Por Montar;09/07/2026;09/07/2026;;;Casona;0,3;;Por Montar;Casona;46212,43374;0;VERDADERO;05.Por Montar_Por Montar
"03351-CT-6""-C3-0018-R3_HOJA-11_SP06";222;"03351-CT-6""-C3-0018-R3_HOJA-11";Concentrado Cu-Mo;03350-02-03;;PIPE RACK ;"03351-CT-6""-C3-0018-R3";11;0;SP06;6;R3;CS;Concentrado Cu-Mo;EPC-9;8004;2;0;;03.En Pint/Reves;;;;;Borde Rio;0;;En Pint/Revest.;Borde rio;46232,54703;0;FALSO;03.En Pint/Reves_En Pint/Revest.
"03351-CT-6""-C3-0018-R3_HOJA-12_SP01";223;"03351-CT-6""-C3-0018-R3_HOJA-12";Concentrado Cu-Mo;03350-02-03;;PIPE RACK ;"03351-CT-6""-C3-0018-R3";12;0;SP01;6;R3;CS;Concentrado Cu-Mo;EPC-9;8004;0;0;;05.Por Montar;24/06/2026;03/08/2026;;;Casona;0,3;;Por Montar;Casona;46241,07264;0;VERDADERO;05.Por Montar_Por Montar
"03351-CT-6""-C3-0018-R3_HOJA-12_SP02";224;"03351-CT-6""-C3-0018-R3_HOJA-12";Concentrado Cu-Mo;03350-02-03;;PIPE RACK ;"03351-CT-6""-C3-0018-R3";12;0;SP02;6;R3;CS;Concentrado Cu-Mo;EPC-9;8004;0;0;;05.Por Montar;09/07/2026;05/08/2026;;;Casona;0,3;;Por Montar;Casona;46241,07279;0;VERDADERO;05.Por Montar_Por Montar
"03351-CT-6""-C3-0018-R3_HOJA-12_SP03";225;"03351-CT-6""-C3-0018-R3_HOJA-12";Concentrado Cu-Mo;03350-02-03;;PIPE RACK ;"03351-CT-6""-C3-0018-R3";12;0;SP03;6;R3;CS;Concentrado Cu-Mo;EPC-9;8004;0;0;6;06.Posicionado;12/05/2026;17/06/2026;18/06/2026;;Terreno;0,45;;Posicionado;Terreno;46191,69557;0;VERDADERO;06.Posicionado_Posicionado
"03351-CT-6""-C3-0018-R3_HOJA-13_SP01";226;"03351-CT-6""-C3-0018-R3_HOJA-13";Concentrado Cu-Mo;03350-02-03;;PIPE RACK ;"03351-CT-6""-C3-0018-R3";13;0;SP01;6;R3;CS;Concentrado Cu-Mo;EPC-9;8004;0;0;6;06.Posicionado;12/05/2026;17/06/2026;18/06/2026;;Terreno;0,45;;Posicionado;Terreno;46191,69594;0;VERDADERO;06.Posicionado_Posicionado
"03351-CT-6""-C3-0018-R3_HOJA-13_SP02";227;"03351-CT-6""-C3-0018-R3_HOJA-13";Concentrado Cu-Mo;03350-02-03;;PIPE RACK ;"03351-CT-6""-C3-0018-R3";13;0;SP02;6;R3;CS;Concentrado Cu-Mo;EPC-9;8004;0;0;6;06.Posicionado;12/05/2026;17/06/2026;18/06/2026;;Terreno;0,45;;Posicionado;Terreno;46191,69634;0;VERDADERO;06.Posicionado_Posicionado
"03351-CT-6""-C3-0018-R3_HOJA-13_SP03";228;"03351-CT-6""-C3-0018-R3_HOJA-13";Concentrado Cu-Mo;03350-02-03;;PIPE RACK ;"03351-CT-6""-C3-0018-R3";13;0;SP03;6;R3;CS;Concentrado Cu-Mo;EPC-9;8004;0;0;;05.Por Montar;09/07/2026;09/07/2026;;;Casona;0,3;;Por Montar;Casona;46212,43406;0;VERDADERO;05.Por Montar_Por Montar
"03351-CT-6""-C3-0018-R3_HOJA-13_SP04";229;"03351-CT-6""-C3-0018-R3_HOJA-13";Concentrado Cu-Mo;03350-02-03;;PIPE RACK ;"03351-CT-6""-C3-0018-R3";13;0;SP04;6;R3;CS;Concentrado Cu-Mo;EPC-9;8004;0;0;6;06.Posicionado;12/05/2026;17/06/2026;18/06/2026;;Terreno;0,45;;Posicionado;Terreno;46191,82176;0;VERDADERO;06.Posicionado_Posicionado
"03351-CT-6""-C3-0018-R3_HOJA-13_SP05";230;"03351-CT-6""-C3-0018-R3_HOJA-13";Concentrado Cu-Mo;03350-02-03;;PIPE RACK ;"03351-CT-6""-C3-0018-R3";13;0;SP05;6;R3;CS;Concentrado Cu-Mo;EPC-9;8004;0;0;6;06.Posicionado;12/05/2026;17/06/2026;18/06/2026;;Terreno;0,45;;Posicionado;Terreno;46191,82199;0;VERDADERO;06.Posicionado_Posicionado
"03351-CT-6""-C3-0018-R3_HOJA-14_SP01";231;"03351-CT-6""-C3-0018-R3_HOJA-14";Concentrado Cu-Mo;03350-02-03;;PIPE RACK ;"03351-CT-6""-C3-0018-R3";14;0;SP01;6;R3;CS;Concentrado Cu-Mo;EPC-9;8004;0;0;6;06.Posicionado;12/05/2026;17/06/2026;18/06/2026;;Terreno;0,45;;Posicionado;Terreno;46191,82243;0;VERDADERO;06.Posicionado_Posicionado
"03351-CT-6""-C3-0018-R3_HOJA-14_SP02";232;"03351-CT-6""-C3-0018-R3_HOJA-14";Concentrado Cu-Mo;03350-02-03;;PIPE RACK ;"03351-CT-6""-C3-0018-R3";14;0;SP02;6;R3;CS;Concentrado Cu-Mo;EPC-9;8004;0;0;;05.Por Montar;09/07/2026;09/07/2026;;;Casona;0,3;;Por Montar;Casona;46212,43428;0;VERDADERO;05.Por Montar_Por Montar
"03351-CT-6""-C3-0018-R3_HOJA-14_SP03";233;"03351-CT-6""-C3-0018-R3_HOJA-14";Concentrado Cu-Mo;03350-02-03;;PIPE RACK ;"03351-CT-6""-C3-0018-R3";14;0;SP03;6;R3;CS;Concentrado Cu-Mo;EPC-9;8004;2;2;;05.Por Montar;09/07/2026;05/08/2026;;;Casona;0,3;;Por Montar;Casona;46241,07292;0;VERDADERO;05.Por Montar_Por Montar
"03351-CT-6""-C3-0018-R3_HOJA-15_SP01";234;"03351-CT-6""-C3-0018-R3_HOJA-15";Concentrado Cu-Mo;03350-02-03;;PIPE RACK ;"03351-CT-6""-C3-0018-R3";15;0;SP01;6;R3;CS;Concentrado Cu-Mo;EPC-9;8004;0;0;;05.Por Montar;21/07/2026;;;;Casona;0,1;;Por Montar;Casona;46237,67094;0;VERDADERO;05.Por Montar_Por Montar
"03351-CT-6""-C3-0018-R3_HOJA-15_SP02";235;"03351-CT-6""-C3-0018-R3_HOJA-15";Concentrado Cu-Mo;03350-02-03;;PIPE RACK ;"03351-CT-6""-C3-0018-R3";15;0;SP02;6;R3;CS;Concentrado Cu-Mo;EPC-9;8004;2;2;;05.Por Montar;09/07/2026;05/08/2026;;;Casona;0,3;;Por Montar;Casona;46241,07304;0;VERDADERO;05.Por Montar_Por Montar
"03351-CT-6""-C3-0018-R3_HOJA-15_SP03";236;"03351-CT-6""-C3-0018-R3_HOJA-15";Concentrado Cu-Mo;03350-02-03;;PIPE RACK ;"03351-CT-6""-C3-0018-R3";15;0;SP03;6;R3;CS;R5;R6;R7;R8;0;;05.Por Montar;09/07/2026;09/07/2026;;;Casona;0,3;;Por Montar;Casona;46212,4345;0;FALSO;05.Por Montar_Por Montar
"03351-CT-6""-C3-0018-R3_HOJA-15_SP04";237;"03351-CT-6""-C3-0018-R3_HOJA-15";Concentrado Cu-Mo;03350-02-03;;PIPE RACK ;"03351-CT-6""-C3-0018-R3";15;0;SP04;6;R3;CS;Concentrado Cu-Mo;EPC-9;8004;0;0;;05.Por Montar;24/06/2026;30/07/2026;;;Casona;0,3;;Por Montar;Casona;46238,35885;0;VERDADERO;05.Por Montar_Por Montar
"03351-CT-6""-C3-0018-R3_HOJA-15_SP05";238;"03351-CT-6""-C3-0018-R3_HOJA-15";Concentrado Cu-Mo;03350-02-03;;PIPE RACK ;"03351-CT-6""-C3-0018-R3";15;0;SP05;6;R3;CS;Concentrado Cu-Mo;EPC-9;8004;2;2;;05.Por Montar;14/07/2026;03/08/2026;;;Casona;0,3;;Por Montar;Casona;46241,07319;0;VERDADERO;05.Por Montar_Por Montar
"03351-CT-6""-C3-0018-R3_HOJA-16_SP01";239;"03351-CT-6""-C3-0018-R3_HOJA-16";Concentrado Cu-Mo;03350-02-03;;PIPE RACK ;"03351-CT-6""-C3-0018-R3";16;0;SP01;6;R3;CS;Concentrado Cu-Mo;EPC-9;8004;0;0;;05.Por Montar;09/07/2026;09/07/2026;;;Casona;0,3;;Por Montar;Casona;46212,43475;0;VERDADERO;05.Por Montar_Por Montar
"03351-CT-6""-C3-0018-R3_HOJA-16_SP02";240;"03351-CT-6""-C3-0018-R3_HOJA-16";Concentrado Cu-Mo;03350-02-03;;PIPE RACK ;"03351-CT-6""-C3-0018-R3";16;0;SP02;6;R3;CS;Concentrado Cu-Mo;EPC-9;8004;2;0;;03.En Pint/Reves;;;;;Borde Rio;0;;En Pint/Revest.;Borde rio;46232,54718;0;FALSO;03.En Pint/Reves_En Pint/Revest.
"03351-CT-6""-C3-0018-R3_HOJA-16_SP03";241;"03351-CT-6""-C3-0018-R3_HOJA-16";Concentrado Cu-Mo;03350-02-03;;PIPE RACK ;"03351-CT-6""-C3-0018-R3";16;0;SP03;6;R3;CS;Concentrado Cu-Mo;EPC-9;8004;0;0;;05.Por Montar;09/07/2026;09/07/2026;;;Casona;0,3;;Por Montar;Casona;46212,43481;0;VERDADERO;05.Por Montar_Por Montar
"03351-CT-6""-C3-0018-R3_HOJA-16_SP04";242;"03351-CT-6""-C3-0018-R3_HOJA-16";Concentrado Cu-Mo;03350-02-03;;PIPE RACK ;"03351-CT-6""-C3-0018-R3";16;0;SP04;6;R3;CS;Concentrado Cu-Mo;EPC-9;8004;2;0;;03.En Pint/Reves;;;;;Borde Rio;0;;En Pint/Revest.;Borde rio;46232,54728;0;FALSO;03.En Pint/Reves_En Pint/Revest.
"03351-CT-6""-C3-0018-R3_HOJA-16_SP05";243;"03351-CT-6""-C3-0018-R3_HOJA-16";Concentrado Cu-Mo;03350-02-03;;PIPE RACK ;"03351-CT-6""-C3-0018-R3";16;0;SP05;6;R3;CS;Concentrado Cu-Mo;EPC-9;8004;0;0;;05.Por Montar;09/07/2026;09/07/2026;;;Casona;0,3;;Por Montar;Casona;46212,4349;0;VERDADERO;05.Por Montar_Por Montar
"03351-CT-6""-C3-0018-R3_HOJA-16_SP06";244;"03351-CT-6""-C3-0018-R3_HOJA-16";Concentrado Cu-Mo;03350-02-03;;PIPE RACK ;"03351-CT-6""-C3-0018-R3";16;0;SP06;6;R3;CS;Concentrado Cu-Mo;EPC-9;8004;2;0;;03.En Pint/Reves;;;;;Borde Rio;0;;En Pint/Revest.;Borde rio;46232,54742;0;FALSO;03.En Pint/Reves_En Pint/Revest.
"03351-CT-6""-C3-0018-R3_HOJA-16_SP07";245;"03351-CT-6""-C3-0018-R3_HOJA-16";Concentrado Cu-Mo;03350-02-03;;PIPE RACK ;"03351-CT-6""-C3-0018-R3";16;0;SP07;6;R3;CS;Concentrado Cu-Mo;EPC-9;8004;0;0;;05.Por Montar;09/07/2026;09/07/2026;;;Casona;0,3;;Por Montar;Casona;46212,43497;0;VERDADERO;05.Por Montar_Por Montar
"03351-CT-6""-C3-0018-R3_HOJA-17_SP01";246;"03351-CT-6""-C3-0018-R3_HOJA-17";Concentrado Cu-Mo;03350-02-03;;PIPE RACK ;"03351-CT-6""-C3-0018-R3";17;0;SP01;6;R3;CS;Concentrado Cu-Mo;EPC-9;8004;0;0;;05.Por Montar;09/07/2026;09/07/2026;;;Casona;0,3;;Por Montar;Casona;46212,43578;0;VERDADERO;05.Por Montar_Por Montar
"03351-CT-6""-C3-0018-R3_HOJA-17_SP02";247;"03351-CT-6""-C3-0018-R3_HOJA-17";Concentrado Cu-Mo;03350-02-03;;PIPE RACK ;"03351-CT-6""-C3-0018-R3";17;0;SP02;6;R3;CS;Concentrado Cu-Mo;EPC-9;8004;2;2;;05.Por Montar;09/07/2026;05/08/2026;;;Casona;0,3;;Por Montar;Casona;46241,07334;0;VERDADERO;05.Por Montar_Por Montar
"03351-CT-6""-C3-0018-R3_HOJA-17_SP03";248;"03351-CT-6""-C3-0018-R3_HOJA-17";Concentrado Cu-Mo;03350-02-03;;PIPE RACK ;"03351-CT-6""-C3-0018-R3";17;0;SP03;6;R3;CS;Concentrado Cu-Mo;EPC-9;8004;0;0;;05.Por Montar;09/07/2026;09/07/2026;;;Casona;0,3;;Por Montar;Casona;46212,43587;0;VERDADERO;05.Por Montar_Por Montar
"03351-CT-6""-C3-0018-R3_HOJA-17_SP04";249;"03351-CT-6""-C3-0018-R3_HOJA-17";Concentrado Cu-Mo;03350-02-03;;PIPE RACK ;"03351-CT-6""-C3-0018-R3";17;0;SP04;6;R3;CS;Concentrado Cu-Mo;EPC-9;8004;2;2;;05.Por Montar;09/07/2026;05/08/2026;;;Casona;0,3;;Por Montar;Casona;46241,0735;0;VERDADERO;05.Por Montar_Por Montar
"03351-CT-6""-C3-0018-R3_HOJA-17_SP06";250;"03351-CT-6""-C3-0018-R3_HOJA-17";Concentrado Cu-Mo;03350-02-03;;PIPE RACK ;"03351-CT-6""-C3-0018-R3";17;0;SP06;6;R3;CS;Concentrado Cu-Mo;EPC-9;8004;2;2;;05.Por Montar;09/07/2026;03/08/2026;;;Casona;0,3;;Por Montar;Casona;46241,07365;0;VERDADERO;05.Por Montar_Por Montar
"03351-CT-6""-C3-0018-R3_HOJA-18_SP01";251;"03351-CT-6""-C3-0018-R3_HOJA-18";Concentrado Cu-Mo;03350-02-03;;PIPE RACK ;"03351-CT-6""-C3-0018-R3";18;0;SP01;6;R3;CS;Concentrado Cu-Mo;EPC-9;8004;0;0;;05.Por Montar;09/07/2026;09/07/2026;;;Casona;0,3;;Por Montar;Casona;46212,43934;0;VERDADERO;05.Por Montar_Por Montar
"03351-CT-6""-C3-0018-R3_HOJA-18_SP02";252;"03351-CT-6""-C3-0018-R3_HOJA-18";Concentrado Cu-Mo;03350-02-03;;PIPE RACK ;"03351-CT-6""-C3-0018-R3";18;0;SP02;6;R3;CS;Concentrado Cu-Mo;EPC-9;8004;0;0;;05.Por Montar;09/07/2026;09/07/2026;;;Casona;0,3;;Por Montar;Casona;46212,43942;0;VERDADERO;05.Por Montar_Por Montar
"03351-CT-6""-C3-0018-R3_HOJA-18_SP03";253;"03351-CT-6""-C3-0018-R3_HOJA-18";Concentrado Cu-Mo;03350-02-03;;PIPE RACK ;"03351-CT-6""-C3-0018-R3";18;0;SP03;6;R3;CS;Concentrado Cu-Mo;EPC-9;8004;2;2;;05.Por Montar;09/07/2026;05/08/2026;;;Casona;0,3;;Por Montar;Casona;46241,07377;0;VERDADERO;05.Por Montar_Por Montar
"03351-CT-6""-C3-0018-R3_HOJA-18_SP04";254;"03351-CT-6""-C3-0018-R3_HOJA-18";Concentrado Cu-Mo;03350-02-03;;PIPE RACK ;"03351-CT-6""-C3-0018-R3";18;0;SP04;6;R3;CS;Concentrado Cu-Mo;EPC-9;8004;0;0;;05.Por Montar;09/07/2026;09/07/2026;;;Casona;0,3;;Por Montar;Casona;46212,4395;0;VERDADERO;05.Por Montar_Por Montar
"03351-CT-6""-C3-0018-R3_HOJA-18_SP05";255;"03351-CT-6""-C3-0018-R3_HOJA-18";Concentrado Cu-Mo;03350-02-03;;PIPE RACK ;"03351-CT-6""-C3-0018-R3";18;0;SP05;6;R3;CS;Concentrado Cu-Mo;EPC-9;8004;0;0;;05.Por Montar;09/07/2026;09/07/2026;;;Casona;0,3;;Por Montar;Casona;46212,43957;0;VERDADERO;05.Por Montar_Por Montar
"03351-CT-6""-C3-0018-R3_HOJA-19_SP01";256;"03351-CT-6""-C3-0018-R3_HOJA-19";Concentrado Cu-Mo;03350-02-03;;PIPE RACK ;"03351-CT-6""-C3-0018-R3";19;0;SP01;6;R3;CS;Concentrado Cu-Mo;EPC-9;8004;2;2;;05.Por Montar;09/07/2026;05/08/2026;;;Terreno;0,3;;Por Montar;Casona;46241,07392;0;VERDADERO;05.Por Montar_Por Montar
"03351-CT-6""-C3-0018-R3_HOJA-19_SP02";257;"03351-CT-6""-C3-0018-R3_HOJA-19";Concentrado Cu-Mo;03350-02-03;;PIPE RACK ;"03351-CT-6""-C3-0018-R3";19;0;SP02;6;R3;CS;Concentrado Cu-Mo;EPC-9;8004;0;0;;05.Por Montar;14/07/2026;;;;Casona;0,1;;Por Montar;Casona;46237,66573;0;VERDADERO;05.Por Montar_Por Montar
"03351-CT-6""-C3-0018-R3_HOJA-19_SP03";258;"03351-CT-6""-C3-0018-R3_HOJA-19";Concentrado Cu-Mo;03350-02-03;;PIPE RACK ;"03351-CT-6""-C3-0018-R3";19;0;SP03;6;R3;CS;Concentrado Cu-Mo;EPC-9;8004;2;2;;05.Por Montar;09/07/2026;03/08/2026;;;Casona;0,3;;Por Montar;Casona;46241,07411;0;VERDADERO;05.Por Montar_Por Montar
"03351-CT-6""-C3-0018-R3_HOJA-19_SP04";259;"03351-CT-6""-C3-0018-R3_HOJA-19";Concentrado Cu-Mo;03350-02-03;;PIPE RACK ;"03351-CT-6""-C3-0018-R3";19;0;SP04;6;R3;CS;Concentrado Cu-Mo;EPC-9;8004;0;0;;05.Por Montar;09/07/2026;09/07/2026;;;Casona;0,3;;Por Montar;Casona;46212,43997;0;VERDADERO;05.Por Montar_Por Montar
"03351-CT-6""-C3-0018-R3_HOJA-19_SP05";260;"03351-CT-6""-C3-0018-R3_HOJA-19";Concentrado Cu-Mo;03350-02-03;;PIPE RACK ;"03351-CT-6""-C3-0018-R3";19;0;SP05;6;R3;CS;Concentrado Cu-Mo;EPC-9;8004;2;2;;05.Por Montar;09/07/2026;05/08/2026;;;Casona;0,3;;Por Montar;Casona;46241,07424;0;VERDADERO;05.Por Montar_Por Montar
"03351-CT-6""-C3-0018-R3_HOJA-20_SP01";261;"03351-CT-6""-C3-0018-R3_HOJA-20";Concentrado Cu-Mo;03350-02-03;;PIPE RACK ;"03351-CT-6""-C3-0018-R3";20;0;SP01;6;R3;CS;Concentrado Cu-Mo;EPC-9;8004;0;0;;05.Por Montar;09/07/2026;09/07/2026;;;Casona;0,3;;Por Montar;Casona;46212,44021;0;VERDADERO;05.Por Montar_Por Montar
"03351-CT-6""-C3-0018-R3_HOJA-20_SP02";262;"03351-CT-6""-C3-0018-R3_HOJA-20";Concentrado Cu-Mo;03350-02-03;;PIPE RACK ;"03351-CT-6""-C3-0018-R3";20;0;SP02;6;R3;CS;Concentrado Cu-Mo;EPC-9;8004;2;2;;05.Por Montar;09/07/2026;13/08/2026;;;Casona;0,3;;Por Montar;Casona;46251,50219;0;VERDADERO;05.Por Montar_Por Montar
"03351-CT-6""-C3-0018-R3_HOJA-20_SP03";263;"03351-CT-6""-C3-0018-R3_HOJA-20";Concentrado Cu-Mo;03350-02-03;;PIPE RACK ;"03351-CT-6""-C3-0018-R3";20;0;SP03;6;R3;CS;Concentrado Cu-Mo;EPC-9;8004;0;0;;05.Por Montar;09/07/2026;09/07/2026;;;Casona;0,3;;Por Montar;Casona;46212,44028;0;VERDADERO;05.Por Montar_Por Montar
"03351-CT-6""-C3-0018-R3_HOJA-20_SP04";264;"03351-CT-6""-C3-0018-R3_HOJA-20";Concentrado Cu-Mo;03350-02-03;;PIPE RACK ;"03351-CT-6""-C3-0018-R3";20;0;SP04;6;R3;CS;Concentrado Cu-Mo;EPC-9;8004;0;0;;06.Posicionado;09/07/2026;13/08/2026;17/08/2026;;Terreno;0,45;;Montado;0;46254;0,01;VERDADERO;06.Posicionado_Montado
"03351-CT-6""-C3-0018-R3_HOJA-21_SP01";265;"03351-CT-6""-C3-0018-R3_HOJA-21";Concentrado Cu-Mo;03350-02-03;;PIPE RACK ;"03351-CT-6""-C3-0018-R3";21;0;SP01;6;R3;CS;Concentrado Cu-Mo;EPC-9;8004;2;2;;06.Posicionado;24/06/2026;03/08/2026;17/08/2026;;Terreno;0,45;;Montado;0;46254;0,01;VERDADERO;06.Posicionado_Montado
"03351-CT-6""-C3-0018-R3_HOJA-21_SP02";266;"03351-CT-6""-C3-0018-R3_HOJA-21";Concentrado Cu-Mo;03350-02-03;;PIPE RACK ;"03351-CT-6""-C3-0018-R3";21;0;SP02;6;R3;CS;Concentrado Cu-Mo;EPC-9;8004;0;0;;05.Por Montar;24/06/2026;30/07/2026;;;Casona;0,3;;Por Montar;Casona;46238,35899;0;VERDADERO;05.Por Montar_Por Montar
"03351-CT-6""-C3-0018-R3_HOJA-21_SP03";267;"03351-CT-6""-C3-0018-R3_HOJA-21";Concentrado Cu-Mo;03350-02-03;;PIPE RACK ;"03351-CT-6""-C3-0018-R3";21;0;SP03;6;R3;CS;Concentrado Cu-Mo;EPC-9;8004;0;0;;05.Por Montar;24/06/2026;;;;Casona;0,1;;Por Montar;Casona;46237,65781;0;VERDADERO;05.Por Montar_Por Montar
"03351-CT-6""-C3-0018-R3_HOJA-21_SP04";268;"03351-CT-6""-C3-0018-R3_HOJA-21";Concentrado Cu-Mo;03350-02-03;;PIPE RACK ;"03351-CT-6""-C3-0018-R3";21;0;SP04;6;R3;CS;Concentrado Cu-Mo;EPC-9;8004;2;2;;05.Por Montar;21/07/2026;05/08/2026;;;Terreno;0,3;;Por Montar;Casona;46241,07461;0;VERDADERO;05.Por Montar_Por Montar
"03351-CT-6""-C3-0018-R3_HOJA-21_SP05";269;"03351-CT-6""-C3-0018-R3_HOJA-21";Concentrado Cu-Mo;03350-02-03;;PIPE RACK ;"03351-CT-6""-C3-0018-R3";21;0;SP05;6;R3;CS;Concentrado Cu-Mo;EPC-9;8004;0;0;;05.Por Montar;29/07/2026;;;;Casona;0,1;;Por Montar;Casona;46237,67164;0;VERDADERO;05.Por Montar_Por Montar
"03351-CT-6""-C3-0018-R3_HOJA-22_SP01";270;"03351-CT-6""-C3-0018-R3_HOJA-22";Concentrado Cu-Mo;03350-02-03;;PIPE RACK ;"03351-CT-6""-C3-0018-R3";22;1;SP01;6;R3;CS;Concentrado Cu-Mo;EPC-9;8004;2;2;;03.En Pint/Reves;;;;;Borde rio;0;;En Pint/Revest.;Borde rio;46204,72771;0;VERDADERO;03.En Pint/Reves_En Pint/Revest.
"03351-CT-6""-C3-0018-R3_HOJA-22_SP02";271;"03351-CT-6""-C3-0018-R3_HOJA-22";Concentrado Cu-Mo;03350-02-03;;PIPE RACK ;"03351-CT-6""-C3-0018-R3";22;1;SP02;6;R3;CS;Concentrado Cu-Mo;EPC-9;8004;0;0;;05.Por Montar;21/07/2026;13/08/2026;;;Casona;0,3;;Por Montar;Casona;46251,50272;0;VERDADERO;05.Por Montar_Por Montar
"03351-CT-6""-C3-0018-R3_HOJA-22_SP03";272;"03351-CT-6""-C3-0018-R3_HOJA-22";Concentrado Cu-Mo;03350-02-03;;PIPE RACK ;"03351-CT-6""-C3-0018-R3";22;1;SP03;6;R3;CS;Concentrado Cu-Mo;EPC-9;8004;2;2;;05.Por Montar;21/07/2026;03/08/2026;;;Casona;0,3;;Por Montar;Casona;46241,07487;0;VERDADERO;05.Por Montar_Por Montar
"03351-CT-6""-C3-0018-R3_HOJA-22_SP04";273;"03351-CT-6""-C3-0018-R3_HOJA-22";Concentrado Cu-Mo;03350-02-03;;PIPE RACK ;"03351-CT-6""-C3-0018-R3";22;1;SP04;6;R3;CS;Concentrado Cu-Mo;EPC-9;8004;1;1;;05.Por Montar;21/07/2026;05/08/2026;;;Casona;0,3;;Por Montar;Casona;46241,07501;0;VERDADERO;05.Por Montar_Por Montar
"03351-CT-6""-C3-0021-R3_HOJA-1_SP01";274;"03351-CT-6""-C3-0021-R3_HOJA-1";Concentrado Cu-Mo;03350-02-03;;BAJO ESPESADOR ;"03351-CT-6""-C3-0021-R3";1;0;SP01;4;R3;CS;Concentrado Cu-Mo;EPC-9;8004;1;0;;01.En Fabricacion;;;;;Borde Rio;0;;En Fabricación;Quilpue;46224,64177;0;FALSO;01.En Fabricacion_En Fabricación
"03351-CT-6""-C3-0021-R3_HOJA-1_SP02";275;"03351-CT-6""-C3-0021-R3_HOJA-1";Concentrado Cu-Mo;03350-02-03;;BAJO ESPESADOR ;"03351-CT-6""-C3-0021-R3";1;0;SP02;4;R3;CS;Concentrado Cu-Mo;EPC-9;8004;0;0;;05.Por Montar;09/07/2026;09/07/2026;;;Casona;0,3;;Por Montar;Casona;46212,44094;0;VERDADERO;05.Por Montar_Por Montar
"03351-CT-6""-C3-0021-R3_HOJA-1_SP03";276;"03351-CT-6""-C3-0021-R3_HOJA-1";Concentrado Cu-Mo;03350-02-03;;BAJO ESPESADOR ;"03351-CT-6""-C3-0021-R3";1;0;SP03;3;R3;CS;Concentrado Cu-Mo;EPC-9;8004;0;0;;05.Por Montar;24/06/2026;03/08/2026;;;Casona;0,3;;Por Montar;Casona;46241,07517;0;VERDADERO;05.Por Montar_Por Montar
"03351-CT-6""-C3-0021-R3_HOJA-2_SP01";277;"03351-CT-6""-C3-0021-R3_HOJA-2";Concentrado Cu-Mo;03350-02-03;;BAJO ESPESADOR ;"03351-CT-6""-C3-0021-R3";2;0;SP01;6;R3;CS;Concentrado Cu-Mo;EPC-9;8004;2;2;;05.Por Montar;14/07/2026;03/08/2026;;;Casona;0,3;;Por Montar;Casona;46241,0753;0;VERDADERO;05.Por Montar_Por Montar
"03351-CT-6""-C3-0021-R3_HOJA-2_SP02";278;"03351-CT-6""-C3-0021-R3_HOJA-2";Concentrado Cu-Mo;03350-02-03;;BAJO ESPESADOR ;"03351-CT-6""-C3-0021-R3";2;0;SP02;6;R3;CS;Concentrado Cu-Mo;EPC-9;8004;0;0;;05.Por Montar;10/07/2026;13/08/2026;;;Casona;0,3;;Por Montar;Casona;46251,50289;0;VERDADERO;05.Por Montar_Por Montar
"03351-CT-6""-C3-0021-R3_HOJA-2_SP03";279;"03351-CT-6""-C3-0021-R3_HOJA-2";Concentrado Cu-Mo;03350-02-03;;BAJO ESPESADOR ;"03351-CT-6""-C3-0021-R3";2;0;SP03;6;R3;CS;Concentrado Cu-Mo;EPC-9;8004;2;2;;05.Por Montar;10/07/2026;03/08/2026;;;Casona;0,3;;Por Montar;Casona;46241,07544;0;VERDADERO;05.Por Montar_Por Montar
"03351-CT-6""-C3-0021-R3_HOJA-3_SP01";280;"03351-CT-6""-C3-0021-R3_HOJA-3";Concentrado Cu-Mo;03350-02-03;;BAJO ESPESADOR ;"03351-CT-6""-C3-0021-R3";3;0;SP01;3;R3;CS;Concentrado Cu-Mo;EPC-9;8004;0;0;;05.Por Montar;09/07/2026;09/07/2026;;;Casona;0,3;;Por Montar;Casona;46212,45422;0;VERDADERO;05.Por Montar_Por Montar
"03351-CT-6""-C3-0021-R3_HOJA-3_SP02";281;"03351-CT-6""-C3-0021-R3_HOJA-3";Concentrado Cu-Mo;03350-02-03;;BAJO ESPESADOR ;"03351-CT-6""-C3-0021-R3";3;0;SP02;3;R3;CS;Concentrado Cu-Mo;EPC-9;8004;1;0;;03.En Pint/Reves;05/08/2026;;;;Engomado SYR;0,1;;En Engomado;SyR;46238,49463;0;FALSO;03.En Pint/Reves_En Engomado
"03351-CT-6""-C3-0021-R3_HOJA-3_SP03";282;"03351-CT-6""-C3-0021-R3_HOJA-3";Concentrado Cu-Mo;03350-02-03;;BAJO ESPESADOR ;"03351-CT-6""-C3-0021-R3";3;0;SP03;2;R3;CS;Concentrado Cu-Mo;EPC-9;8004;0;0;;03.En Pint/Reves;05/08/2026;;;;Engomado SYR;0,1;;En Engomado;SyR;46238,49537;0;VERDADERO;03.En Pint/Reves_En Engomado
"03351-CT-6""-C3-0021-R3_HOJA-4_SP01";283;"03351-CT-6""-C3-0021-R3_HOJA-4";Concentrado Cu-Mo;03350-02-03;;BAJO ESPESADOR ;"03351-CT-6""-C3-0021-R3";4;0;SP01;6;R3;CS;Concentrado Cu-Mo;EPC-9;8004;4;0;;03.En Pint/Reves;;;;;Borde Rio;0;;En Pint/Revest.;Borde rio;46232,54755;0;FALSO;03.En Pint/Reves_En Pint/Revest.
"03351-CT-6""-C3-0021-R3_HOJA-5_SP01";284;"03351-CT-6""-C3-0021-R3_HOJA-5";Concentrado Cu-Mo;03350-02-03;;BAJO ESPESADOR ;"03351-CT-6""-C3-0021-R3";5;0;SP01;3;R3;CS;Concentrado Cu-Mo;EPC-9;8004;1;1;;03.En Pint/Reves;05/08/2026;;;;Engomado SYR;0,1;;En Engomado;SyR;46238,50338;0;VERDADERO;03.En Pint/Reves_En Engomado
"03351-CT-6""-C3-0021-R3_HOJA-6_SP01";285;"03351-CT-6""-C3-0021-R3_HOJA-6";Concentrado Cu-Mo;03350-02-03;;BAJO ESPESADOR ;"03351-CT-6""-C3-0021-R3";6;0;SP01;6;R3;CS;Concentrado Cu-Mo;EPC-9;8004;0;0;;05.Por Montar;09/07/2026;13/08/2026;;;Casona;0,3;;Por Montar;Casona;46251,50231;0;VERDADERO;05.Por Montar_Por Montar
"03351-CT-6""-C3-0021-R3_HOJA-6_SP02";286;"03351-CT-6""-C3-0021-R3_HOJA-6";Concentrado Cu-Mo;03350-02-03;;BAJO ESPESADOR ;"03351-CT-6""-C3-0021-R3";6;0;SP02;6;R3;CS;Concentrado Cu-Mo;EPC-9;8004;2;2;;05.Por Montar;10/07/2026;05/08/2026;;;Casona;0,3;;Por Montar;Casona;46241,0756;0;VERDADERO;05.Por Montar_Por Montar
"03351-CT-6""-C3-0021-R3_HOJA-6_SP03";287;"03351-CT-6""-C3-0021-R3_HOJA-6";Concentrado Cu-Mo;03350-02-03;;BAJO ESPESADOR ;"03351-CT-6""-C3-0021-R3";6;0;SP03;6;R3;CS;Concentrado Cu-Mo;EPC-9;8004;0;0;;05.Por Montar;09/07/2026;09/07/2026;;;Casona;0,3;;Por Montar;Casona;46212,45433;0;VERDADERO;05.Por Montar_Por Montar
"03351-CT-6""-C3-0021-R3_HOJA-6_SP04";288;"03351-CT-6""-C3-0021-R3_HOJA-6";Concentrado Cu-Mo;03350-02-03;;BAJO ESPESADOR ;"03351-CT-6""-C3-0021-R3";6;0;SP04;6;R3;CS;Concentrado Cu-Mo;EPC-9;8004;1;1;;05.Por Montar;10/07/2026;30/07/2026;;;Casona;0,3;;Por Montar;Casona;46238,35912;0;VERDADERO;05.Por Montar_Por Montar
"03351-CT-6""-C3-0021-R3_HOJA-6_SP05";289;"03351-CT-6""-C3-0021-R3_HOJA-6";Concentrado Cu-Mo;03350-02-03;;BAJO ESPESADOR ;"03351-CT-6""-C3-0021-R3";6;0;SP05;6;R3;CS;Concentrado Cu-Mo;EPC-9;8004;0;0;;07.Montaje;24/06/2026;30/07/2026;05/08/2026;05/08/2026;Casona;0,85;;Montado;Terreno;46239,90329;0,01;VERDADERO;07.Montaje_Montado
"03351-CT-6""-C3-0021-R3_HOJA-6_SP06";290;"03351-CT-6""-C3-0021-R3_HOJA-6";Concentrado Cu-Mo;03350-02-03;;BAJO ESPESADOR ;"03351-CT-6""-C3-0021-R3";6;0;SP06;6;R3;CS;Concentrado Cu-Mo;EPC-9;8004;2;2;;05.Por Montar;10/07/2026;05/08/2026;;;Casona;0,3;;Por Montar;Casona;46241,07576;0;VERDADERO;05.Por Montar_Por Montar
"03351-CT-6""-C3-0021-R3_HOJA-6_SP07";291;"03351-CT-6""-C3-0021-R3_HOJA-6";Concentrado Cu-Mo;03350-02-03;;BAJO ESPESADOR ;"03351-CT-6""-C3-0021-R3";6;0;SP07;6;R3;CS;Concentrado Cu-Mo;EPC-9;8004;0;0;;05.Por Montar;10/07/2026;;;;Casona;0,1;;Por Montar;Casona;46237,67049;0;VERDADERO;05.Por Montar_Por Montar
"03351-CT-6""-C3-0021-R3_HOJA-6_SP08";292;"03351-CT-6""-C3-0021-R3_HOJA-6";Concentrado Cu-Mo;03350-02-03;;BAJO ESPESADOR ;"03351-CT-6""-C3-0021-R3";6;0;SP08;6;R3;CS;Concentrado Cu-Mo;EPC-9;8004;3;3;;05.Por Montar;10/07/2026;05/08/2026;;;Casona;0,3;;Por Montar;Casona;46241,07591;0;VERDADERO;05.Por Montar_Por Montar
"03351-CT-6""-C3-0021-R3_HOJA-7_SP01";293;"03351-CT-6""-C3-0021-R3_HOJA-7";Concentrado Cu-Mo;03350-02-03;;BAJO ESPESADOR ;"03351-CT-6""-C3-0021-R3";7;0;SP01;6;R3;CS;Concentrado Cu-Mo;EPC-9;8004;0;0;;05.Por Montar;09/07/2026;13/08/2026;;;Casona;0,3;;Por Montar;Casona;46251,50308;0;VERDADERO;05.Por Montar_Por Montar
"03351-CT-6""-C3-0021-R3_HOJA-7_SP02";294;"03351-CT-6""-C3-0021-R3_HOJA-7";Concentrado Cu-Mo;03350-02-03;;BAJO ESPESADOR ;"03351-CT-6""-C3-0021-R3";7;0;SP02;6;R3;CS;Concentrado Cu-Mo;EPC-9;8004;1;1;;03.En Pint/Reves;05/08/2026;;;;Engomado SYR;0,1;;En Engomado;SyR;46238,50279;0;VERDADERO;03.En Pint/Reves_En Engomado
"03351-CT-6""-C3-0021-R3_HOJA-7_SP03";295;"03351-CT-6""-C3-0021-R3_HOJA-7";Concentrado Cu-Mo;03350-02-03;;BAJO ESPESADOR ;"03351-CT-6""-C3-0021-R3";7;0;SP03;6;R3;CS;Concentrado Cu-Mo;EPC-9;8004;1;1;;03.En Pint/Reves;;;;;Borde Rio;0;;En Pint/Revest.;Borde rio;46232,34502;0;VERDADERO;03.En Pint/Reves_En Pint/Revest.
"03351-CT-6""-C3-0021-R3_HOJA-7_SP04";296;"03351-CT-6""-C3-0021-R3_HOJA-7";Concentrado Cu-Mo;03350-02-03;;BAJO ESPESADOR ;"03351-CT-6""-C3-0021-R3";7;0;SP04;6;R3;CS;Concentrado Cu-Mo;EPC-9;8004;1;1;;05.Por Montar;09/07/2026;13/08/2026;;;Casona;0,3;;Por Montar;Casona;46251,50323;0;VERDADERO;05.Por Montar_Por Montar
"03351-CT-6""-C3-0021-R3_HOJA-8_SP01";297;"03351-CT-6""-C3-0021-R3_HOJA-8";Concentrado Cu-Mo;03350-02-03;;TORRE TRASFERENCIA;"03351-CT-6""-C3-0021-R3";8;0;SP01;6;R3;CS;Concentrado Cu-Mo;EPC-9;8004;2;2;;03.En Pint/Reves;05/08/2026;;;;Engomado SYR;0,1;;En Engomado;SyR;46238,50939;0;VERDADERO;03.En Pint/Reves_En Engomado
"03351-CT-6""-C3-0021-R3_HOJA-8_SP02";298;"03351-CT-6""-C3-0021-R3_HOJA-8";Concentrado Cu-Mo;03350-02-03;;TORRE TRASFERENCIA;"03351-CT-6""-C3-0021-R3";8;0;SP02;3;R3;CS;Concentrado Cu-Mo;EPC-9;8004;2;2;;03.En Pint/Reves;;;;;Borde rio;0;;En Pint/Revest.;Borde rio;46204,50669;0;VERDADERO;03.En Pint/Reves_En Pint/Revest.
"03351-CT-6""-C3-0021-R3_HOJA-9_SP01";299;"03351-CT-6""-C3-0021-R3_HOJA-9";Concentrado Cu-Mo;03350-02-03;;TORRE TRASFERENCIA;"03351-CT-6""-C3-0021-R3";9;0;SP01;6;R3;CS;Concentrado Cu-Mo;EPC-9;8004;1;1;;03.En Pint/Reves;;;;;Borde rio;0;;En Pint/Revest.;Borde rio;46233,38769;0;VERDADERO;03.En Pint/Reves_En Pint/Revest.
"03351-CT-6""-C3-0021-R3_HOJA-9_SP02";300;"03351-CT-6""-C3-0021-R3_HOJA-9";Concentrado Cu-Mo;03350-02-03;;TORRE TRASFERENCIA;"03351-CT-6""-C3-0021-R3";9;0;SP02;6;R3;CS;Concentrado Cu-Mo;EPC-9;8004;1;1;;03.En Pint/Reves;05/08/2026;;;;Engomado SYR;0,1;;En Engomado;SyR;46238,5113;0;VERDADERO;03.En Pint/Reves_En Engomado
"03351-CT-6""-C3-0021-R3_HOJA-9_SP03";301;"03351-CT-6""-C3-0021-R3_HOJA-9";Concentrado Cu-Mo;03350-02-03;;TORRE TRASFERENCIA;"03351-CT-6""-C3-0021-R3";9;0;SP03;6;R3;CS;Concentrado Cu-Mo;EPC-9;8004;2;2;;05.Por Montar;10/07/2026;03/08/2026;;;Casona;0,3;;Por Montar;Casona;46241,07605;0;VERDADERO;05.Por Montar_Por Montar
"03351-CT-6""-C3-0021-R3_HOJA-10_SP01";302;"03351-CT-6""-C3-0021-R3_HOJA-10";Concentrado Cu-Mo;03350-02-03;;TORRE TRASFERENCIA;"03351-CT-6""-C3-0021-R3";10;0;SP01;6;R3;CS;Concentrado Cu-Mo;EPC-9;8004;0;0;;05.Por Montar;24/06/2026;30/07/2026;;;Casona;0,3;;Por Montar;Casona;46238,3594;0;VERDADERO;05.Por Montar_Por Montar
"03351-CT-6""-C3-0021-R3_HOJA-11_SP01";303;"03351-CT-6""-C3-0021-R3_HOJA-11";Concentrado Cu-Mo;03350-02-03;;TORRE TRASFERENCIA;"03351-CT-6""-C3-0021-R3";11;0;SP01;6;R3;CS;Concentrado Cu-Mo;EPC-9;8004;2;2;0,96;07.Montaje;15/05/2026;10/06/2026;27/06/2026;01/07/2026;Terreno;0,85;;Montado;Terreno;46204,36622;0,96;VERDADERO;07.Montaje_Montado
"03351-CT-6""-C3-0021-R3_HOJA-11_SP02";304;"03351-CT-6""-C3-0021-R3_HOJA-11";Concentrado Cu-Mo;03350-02-03;;TORRE TRASFERENCIA;"03351-CT-6""-C3-0021-R3";11;0;SP02;6;R3;CS;Concentrado Cu-Mo;EPC-9;8004;0;0;;05.Por Montar;10/07/2026;13/08/2026;;;Casona;0,3;;Por Montar;Casona;46251,50339;0;VERDADERO;05.Por Montar_Por Montar
"03351-CT-6""-C3-0021-R3_HOJA-11_SP03";305;"03351-CT-6""-C3-0021-R3_HOJA-11";Concentrado Cu-Mo;03350-02-03;;TORRE TRASFERENCIA;"03351-CT-6""-C3-0021-R3";11;0;SP03;6;R3;CS;Concentrado Cu-Mo;EPC-9;8004;2;2;;05.Por Montar;10/07/2026;03/08/2026;;;Casona;0,3;;Por Montar;Casona;46241,07619;0;VERDADERO;05.Por Montar_Por Montar
"03351-CT-6""-C3-0021-R3_HOJA-12_SP01";306;"03351-CT-6""-C3-0021-R3_HOJA-12";Concentrado Cu-Mo;03350-02-03;;TORRE TRASFERENCIA;"03351-CT-6""-C3-0021-R3";12;0;SP01;6;R3;CS;Concentrado Cu-Mo;EPC-9;8004;0;0;6;07.Montaje;15/05/2026;10/06/2026;27/06/2026;01/07/2026;Terreno;0,85;;Montado;Terreno;46204,36122;6;VERDADERO;07.Montaje_Montado
"03351-CT-6""-C3-0021-R3_HOJA-12_SP02";307;"03351-CT-6""-C3-0021-R3_HOJA-12";Concentrado Cu-Mo;03350-02-03;;TORRE TRASFERENCIA;"03351-CT-6""-C3-0021-R3";12;0;SP02;6;R3;CS;Concentrado Cu-Mo;EPC-9;8004;0;0;;05.Por Montar;14/07/2026;05/08/2026;;;Casona;0,3;;Por Montar;Casona;46241,07634;0;VERDADERO;05.Por Montar_Por Montar
"03351-CT-6""-C3-0021-R3_HOJA-12_SP03";308;"03351-CT-6""-C3-0021-R3_HOJA-12";Concentrado Cu-Mo;03350-02-03;;TORRE TRASFERENCIA;"03351-CT-6""-C3-0021-R3";12;0;SP03;6;R3;CS;Concentrado Cu-Mo;EPC-9;8004;2;0;;01.En Fabricacion;;;;;Borde Rio;0;;En Fabricación;Quilpue;46224,64248;0;FALSO;01.En Fabricacion_En Fabricación
"03351-CT-6""-C3-0021-R3_HOJA-12_SP04";309;"03351-CT-6""-C3-0021-R3_HOJA-12";Concentrado Cu-Mo;03350-02-03;;PIPE RACK ;"03351-CT-6""-C3-0021-R3";12;0;SP04;6;R3;CS;Concentrado Cu-Mo;EPC-9;8004;0;0;;05.Por Montar;14/07/2026;;;;Casona;0,1;;Por Montar;Casona;46237,65184;0;VERDADERO;05.Por Montar_Por Montar
"03351-CT-6""-C3-0021-R3_HOJA-12_SP05";310;"03351-CT-6""-C3-0021-R3_HOJA-12";Concentrado Cu-Mo;03350-02-03;;PIPE RACK ;"03351-CT-6""-C3-0021-R3";12;0;SP05;6;R3;CS;Concentrado Cu-Mo;EPC-9;8004;2;0;;01.En Fabricacion;;;;;Borde Rio;0;;En Fabricación;Quilpue;46224,64265;0;FALSO;01.En Fabricacion_En Fabricación
"03351-CT-6""-C3-0021-R3_HOJA-13_SP01";311;"03351-CT-6""-C3-0021-R3_HOJA-13";Concentrado Cu-Mo;03350-02-03;;PIPE RACK ;"03351-CT-6""-C3-0021-R3";13;0;SP01;6;R3;CS;Concentrado Cu-Mo;EPC-9;8004;0;0;;05.Por Montar;24/06/2026;;;;Casona;0,1;;Por Montar;Casona;46237,65088;0;VERDADERO;05.Por Montar_Por Montar
"03351-CT-6""-C3-0021-R3_HOJA-13_SP02";312;"03351-CT-6""-C3-0021-R3_HOJA-13";Concentrado Cu-Mo;03350-02-03;;PIPE RACK ;"03351-CT-6""-C3-0021-R3";13;0;SP02;6;R3;CS;Concentrado Cu-Mo;EPC-9;8004;0;0;;05.Por Montar;09/07/2026;05/08/2026;;;Casona;0,3;;Por Montar;Casona;46241,07649;0;VERDADERO;05.Por Montar_Por Montar
"03351-CT-6""-C3-0021-R3_HOJA-13_SP03";313;"03351-CT-6""-C3-0021-R3_HOJA-13";Concentrado Cu-Mo;03350-02-03;;PIPE RACK ;"03351-CT-6""-C3-0021-R3";13;0;SP03;6;R3;CS;Concentrado Cu-Mo;EPC-9;8004;0;0;6;06.Posicionado;12/05/2026;17/06/2026;18/06/2026;;Terreno;0,45;;Posicionado;Terreno;46191,69154;0;VERDADERO;06.Posicionado_Posicionado
"03351-CT-6""-C3-0021-R3_HOJA-13_SP04";314;"03351-CT-6""-C3-0021-R3_HOJA-13";Concentrado Cu-Mo;03350-02-03;;PIPE RACK ;"03351-CT-6""-C3-0021-R3";13;0;SP04;6;R3;CS;Concentrado Cu-Mo;EPC-9;8004;0;0;6;06.Posicionado;12/05/2026;17/06/2026;18/06/2026;;Terreno;0,45;;Posicionado;Terreno;46191,69196;0;VERDADERO;06.Posicionado_Posicionado
"03351-CT-6""-C3-0021-R3_HOJA-14_SP01";315;"03351-CT-6""-C3-0021-R3_HOJA-14";Concentrado Cu-Mo;03350-02-03;;PIPE RACK ;"03351-CT-6""-C3-0021-R3";14;0;SP01;6;R3;CS;Concentrado Cu-Mo;EPC-9;8004;0;0;6;06.Posicionado;12/05/2026;17/06/2026;18/06/2026;;Terreno;0,45;;Posicionado;Terreno;46191,69368;0;VERDADERO;06.Posicionado_Posicionado
"03351-CT-6""-C3-0021-R3_HOJA-14_SP02";316;"03351-CT-6""-C3-0021-R3_HOJA-14";Concentrado Cu-Mo;03350-02-03;;PIPE RACK ;"03351-CT-6""-C3-0021-R3";14;0;SP02;6;R3;CS;Concentrado Cu-Mo;EPC-9;8004;0;0;;05.Por Montar;09/07/2026;09/07/2026;;;Casona;0,3;;Por Montar;Casona;46212,44507;0;VERDADERO;05.Por Montar_Por Montar
"03351-CT-6""-C3-0021-R3_HOJA-15_SP01";317;"03351-CT-6""-C3-0021-R3_HOJA-15";Concentrado Cu-Mo;03350-02-03;;PIPE RACK ;"03351-CT-6""-C3-0021-R3";15;0;SP01;6;R3;CS;Concentrado Cu-Mo;EPC-9;8004;0;0;6;06.Posicionado;12/05/2026;17/06/2026;18/06/2026;;Terreno;0,45;;Posicionado;Terreno;46191,82301;0;VERDADERO;06.Posicionado_Posicionado
"03351-CT-6""-C3-0021-R3_HOJA-15_SP02";318;"03351-CT-6""-C3-0021-R3_HOJA-15";Concentrado Cu-Mo;03350-02-03;;PIPE RACK ;"03351-CT-6""-C3-0021-R3";15;0;SP02;6;R3;CS;Concentrado Cu-Mo;EPC-9;8004;0;0;6;06.Posicionado;12/05/2026;17/06/2026;18/06/2026;;Terreno;0,45;;Posicionado;Terreno;46191,82321;0;VERDADERO;06.Posicionado_Posicionado
"03351-CT-6""-C3-0021-R3_HOJA-15_SP03";319;"03351-CT-6""-C3-0021-R3_HOJA-15";Concentrado Cu-Mo;03350-02-03;;PIPE RACK ;"03351-CT-6""-C3-0021-R3";15;0;SP03;6;R3;CS;Concentrado Cu-Mo;EPC-9;8004;0;0;6;06.Posicionado;12/05/2026;17/06/2026;18/06/2026;;Terreno;0,45;;Posicionado;Terreno;46191,8234;0;VERDADERO;06.Posicionado_Posicionado
"03351-CT-6""-C3-0021-R3_HOJA-16_SP01";320;"03351-CT-6""-C3-0021-R3_HOJA-16";Concentrado Cu-Mo;03350-02-03;;PIPE RACK ;"03351-CT-6""-C3-0021-R3";16;0;SP01;6;R3;CS;Concentrado Cu-Mo;EPC-9;8004;0;0;;05.Por Montar;09/07/2026;09/07/2026;;;Casona;0,3;;Por Montar;Casona;46212,44514;0;VERDADERO;05.Por Montar_Por Montar
"03351-CT-6""-C3-0021-R3_HOJA-16_SP02";321;"03351-CT-6""-C3-0021-R3_HOJA-16";Concentrado Cu-Mo;03350-02-03;;PIPE RACK ;"03351-CT-6""-C3-0021-R3";16;0;SP02;6;R3;CS;Concentrado Cu-Mo;EPC-9;8004;2;0;;01.En Fabricacion;;;;;Borde Rio;0;;En Fabricación;Quilpue;46224,64279;0;FALSO;01.En Fabricacion_En Fabricación
"03351-CT-6""-C3-0021-R3_HOJA-16_SP03";322;"03351-CT-6""-C3-0021-R3_HOJA-16";Concentrado Cu-Mo;03350-02-03;;PIPE RACK ;"03351-CT-6""-C3-0021-R3";16;0;SP03;6;R3;CS;Concentrado Cu-Mo;EPC-9;8004;0;0;;05.Por Montar;09/07/2026;09/07/2026;;;Casona;0,3;;Por Montar;Casona;46212,44523;0;VERDADERO;05.Por Montar_Por Montar
"03351-CT-6""-C3-0021-R3_HOJA-16_SP04";323;"03351-CT-6""-C3-0021-R3_HOJA-16";Concentrado Cu-Mo;03350-02-03;;PIPE RACK ;"03351-CT-6""-C3-0021-R3";16;0;SP04;6;R3;CS;Concentrado Cu-Mo;EPC-9;8004;2;2;;05.Por Montar;10/07/2026;03/08/2026;;;Casona;0,3;;Por Montar;Casona;46241,07668;0;VERDADERO;05.Por Montar_Por Montar
"03351-CT-6""-C3-0021-R3_HOJA-17_SP01";324;"03351-CT-6""-C3-0021-R3_HOJA-17";Concentrado Cu-Mo;03350-02-03;;PIPE RACK ;"03351-CT-6""-C3-0021-R3";17;0;SP01;6;R3;CS;Concentrado Cu-Mo;EPC-9;8004;0;0;;01.En Fabricacion;;;;;;0;Spool  Modificar;En Fabricación;Borde rio;46230,70047;0;VERDADERO;01.En Fabricacion_En Fabricación
"03351-CT-6""-C3-0021-R3_HOJA-17_SP02";325;"03351-CT-6""-C3-0021-R3_HOJA-17";Concentrado Cu-Mo;03350-02-03;;PIPE RACK ;"03351-CT-6""-C3-0021-R3";17;0;SP02;6;R3;CS;Concentrado Cu-Mo;EPC-9;8004;0;0;;05.Por Montar;24/06/2026;05/08/2026;;;Casona;0,3;;Por Montar;Casona;46241,07683;0;VERDADERO;05.Por Montar_Por Montar
"03351-CT-6""-C3-0021-R3_HOJA-17_SP03";326;"03351-CT-6""-C3-0021-R3_HOJA-17";Concentrado Cu-Mo;03350-02-03;;PIPE RACK ;"03351-CT-6""-C3-0021-R3";17;0;SP03;6;R3;CS;Concentrado Cu-Mo;EPC-9;8004;2;0;;01.En Fabricacion;;;;;Borde Rio;0;;En Fabricación;Quilpue;46224,64289;0;FALSO;01.En Fabricacion_En Fabricación
"03351-CT-6""-C3-0021-R3_HOJA-18_SP01";327;"03351-CT-6""-C3-0021-R3_HOJA-18";Concentrado Cu-Mo;03350-02-03;;PIPE RACK ;"03351-CT-6""-C3-0021-R3";18;0;SP01;6;R3;CS;Concentrado Cu-Mo;EPC-9;8004;0;0;;01.En Fabricacion;;;;;;0;Spool  Modificar;En Fabricación;Borde rio;46230,70075;0;VERDADERO;01.En Fabricacion_En Fabricación
"03351-CT-6""-C3-0021-R3_HOJA-18_SP02";328;"03351-CT-6""-C3-0021-R3_HOJA-18";Concentrado Cu-Mo;03350-02-03;;PIPE RACK ;"03351-CT-6""-C3-0021-R3";18;0;SP02;6;R3;CS;Concentrado Cu-Mo;EPC-9;8004;2;2;;05.Por Montar;10/07/2026;05/08/2026;;;Casona;0,3;;Por Montar;Casona;46241,07698;0;VERDADERO;05.Por Montar_Por Montar
"03351-CT-6""-C3-0021-R3_HOJA-18_SP03";329;"03351-CT-6""-C3-0021-R3_HOJA-18";Concentrado Cu-Mo;03350-02-03;;PIPE RACK ;"03351-CT-6""-C3-0021-R3";18;0;SP03;6;R3;CS;Concentrado Cu-Mo;EPC-9;8004;0;0;;01.En Fabricacion;;;;;;0;Spool  Modificar;En Fabricación;Borde rio;46230,70096;0;VERDADERO;01.En Fabricacion_En Fabricación
"03351-CT-6""-C3-0021-R3_HOJA-19_SP01";330;"03351-CT-6""-C3-0021-R3_HOJA-19";Concentrado Cu-Mo;03350-02-03;;PIPE RACK ;"03351-CT-6""-C3-0021-R3";19;0;SP01;6;R3;CS;Concentrado Cu-Mo;EPC-9;8004;2;2;;05.Por Montar;10/07/2026;03/08/2026;;;Casona;0,3;;Por Montar;Casona;46241,07713;0;VERDADERO;05.Por Montar_Por Montar
"03351-CT-6""-C3-0021-R3_HOJA-19_SP02";331;"03351-CT-6""-C3-0021-R3_HOJA-19";Concentrado Cu-Mo;03350-02-03;;PIPE RACK ;"03351-CT-6""-C3-0021-R3";19;0;SP02;6;R3;CS;Concentrado Cu-Mo;EPC-9;8004;0;0;;01.En Fabricacion;;;;;;0;Spool  Modificar;En Pint/Revest.;Borde rio;46230,72052;0;VERDADERO;01.En Fabricacion_En Pint/Revest.
"03351-CT-6""-C3-0021-R3_HOJA-19_SP03";332;"03351-CT-6""-C3-0021-R3_HOJA-19";Concentrado Cu-Mo;03350-02-03;;PIPE RACK ;"03351-CT-6""-C3-0021-R3";19;0;SP03;6;R3;CS;Concentrado Cu-Mo;EPC-9;8004;2;2;;05.Por Montar;10/07/2026;05/08/2026;;;Casona;0,3;;Por Montar;Casona;46241,07736;0;VERDADERO;05.Por Montar_Por Montar
"03351-CT-6""-C3-0021-R3_HOJA-20_SP01";333;"03351-CT-6""-C3-0021-R3_HOJA-20";Concentrado Cu-Mo;03350-02-03;;PIPE RACK ;"03351-CT-6""-C3-0021-R3";20;0;SP01;6;R3;CS;Concentrado Cu-Mo;EPC-9;8004;0;0;;05.Por Montar;24/06/2026;05/08/2026;;;Casona;0,3;;Por Montar;Casona;46241,0778;0;VERDADERO;05.Por Montar_Por Montar
"03351-CT-6""-C3-0021-R3_HOJA-20_SP02";334;"03351-CT-6""-C3-0021-R3_HOJA-20";Concentrado Cu-Mo;03350-02-03;;PIPE RACK ;"03351-CT-6""-C3-0021-R3";20;0;SP02;6;R3;CS;Concentrado Cu-Mo;EPC-9;8004;0;0;;01.En Fabricacion;;;;;;0;Spool  Modificar;En Fabricación;Borde rio;46230,70137;0;VERDADERO;01.En Fabricacion_En Fabricación
"03351-CT-6""-C3-0021-R3_HOJA-20_SP03";335;"03351-CT-6""-C3-0021-R3_HOJA-20";Concentrado Cu-Mo;03350-02-03;;PIPE RACK ;"03351-CT-6""-C3-0021-R3";20;0;SP03;6;R3;CS;Concentrado Cu-Mo;EPC-9;8004;0;0;;01.En Fabricacion;;;;;;0;Spool  Modificar;En Fabricación;Borde rio;46230,70149;0;VERDADERO;01.En Fabricacion_En Fabricación
"03351-CT-6""-C3-0021-R3_HOJA-21_SP01";336;"03351-CT-6""-C3-0021-R3_HOJA-21";Concentrado Cu-Mo;03350-02-03;;PIPE RACK ;"03351-CT-6""-C3-0021-R3";21;0;SP01;6;R3;CS;Concentrado Cu-Mo;EPC-9;8004;2;2;;05.Por Montar;10/07/2026;05/08/2026;;;Casona;0,3;;Por Montar;Casona;46241,07797;0;VERDADERO;05.Por Montar_Por Montar
"03351-CT-6""-C3-0021-R3_HOJA-21_SP02";337;"03351-CT-6""-C3-0021-R3_HOJA-21";Concentrado Cu-Mo;03350-02-03;;PIPE RACK ;"03351-CT-6""-C3-0021-R3";21;0;SP02;6;R3;CS;Concentrado Cu-Mo;EPC-9;8004;0;0;;05.Por Montar;24/06/2026;30/07/2026;;;Casona;0,3;;Por Montar;Casona;46238,35953;0;VERDADERO;05.Por Montar_Por Montar
"03351-CT-6""-C3-0021-R3_HOJA-21_SP03";338;"03351-CT-6""-C3-0021-R3_HOJA-21";Concentrado Cu-Mo;03350-02-03;;PIPE RACK ;"03351-CT-6""-C3-0021-R3";21;0;SP03;6;R3;CS;Concentrado Cu-Mo;EPC-9;8004;2;2;;05.Por Montar;09/07/2026;05/08/2026;;;Casona;0,3;;Por Montar;Casona;46241,07811;0;VERDADERO;05.Por Montar_Por Montar
"03351-CT-6""-C3-0021-R3_HOJA-21_SP04";339;"03351-CT-6""-C3-0021-R3_HOJA-21";Concentrado Cu-Mo;03350-02-03;;PIPE RACK ;"03351-CT-6""-C3-0021-R3";21;0;SP04;6;R3;CS;Concentrado Cu-Mo;EPC-9;8004;0;0;;01.En Fabricacion;;;;;;0;Spool  Modificar;En Fabricación;Borde rio;46230,70167;0;VERDADERO;01.En Fabricacion_En Fabricación
"03351-CT-6""-C3-0021-R3_HOJA-21_SP05";340;"03351-CT-6""-C3-0021-R3_HOJA-21";Concentrado Cu-Mo;03350-02-03;;PIPE RACK ;"03351-CT-6""-C3-0021-R3";21;0;SP05;6;R3;CS;Concentrado Cu-Mo;EPC-9;8004;2;2;;05.Por Montar;09/07/2026;05/08/2026;;;Casona;0,3;;Por Montar;Casona;46241,07829;0;VERDADERO;05.Por Montar_Por Montar
"03351-CT-6""-C3-0021-R3_HOJA-22_SP01";341;"03351-CT-6""-C3-0021-R3_HOJA-22";Concentrado Cu-Mo;03350-02-03;;PIPE RACK ;"03351-CT-6""-C3-0021-R3";22;0;SP01;6;R3;CS;Concentrado Cu-Mo;EPC-9;8004;0;0;;05.Por Montar;24/06/2026;03/08/2026;;;Casona;0,3;;Por Montar;Casona;46241,07853;0;VERDADERO;05.Por Montar_Por Montar
"03351-CT-6""-C3-0021-R3_HOJA-22_SP02";342;"03351-CT-6""-C3-0021-R3_HOJA-22";Concentrado Cu-Mo;03350-02-03;;PIPE RACK ;"03351-CT-6""-C3-0021-R3";22;0;SP02;6;R3;CS;Concentrado Cu-Mo;EPC-9;8004;0;0;;01.En Fabricacion;;;;;;0;Spool  Modificar;En Fabricación;Borde rio;46230,7003;0;VERDADERO;01.En Fabricacion_En Fabricación
"03351-CT-6""-C3-0021-R3_HOJA-22_SP03";343;"03351-CT-6""-C3-0021-R3_HOJA-22";Concentrado Cu-Mo;03350-02-03;;PIPE RACK ;"03351-CT-6""-C3-0021-R3";22;0;SP03;6;R3;CS;Concentrado Cu-Mo;EPC-9;8004;2;0;;01.En Fabricacion;;;;;Borde Rio;0;;En Fabricación;Quilpue;46224,64304;0;FALSO;01.En Fabricacion_En Fabricación
"03351-CT-6""-C3-0021-R3_HOJA-23_SP01";344;"03351-CT-6""-C3-0021-R3_HOJA-23";Concentrado Cu-Mo;03350-02-03;;PIPE RACK ;"03351-CT-6""-C3-0021-R3";23;0;SP01;6;R3;CS;Concentrado Cu-Mo;EPC-9;8004;0;0;;05.Por Montar;09/07/2026;09/07/2026;;;Casona;0,3;;Por Montar;Casona;46212,45454;0;VERDADERO;05.Por Montar_Por Montar
"03351-CT-6""-C3-0021-R3_HOJA-23_SP02";345;"03351-CT-6""-C3-0021-R3_HOJA-23";Concentrado Cu-Mo;03350-02-03;;PIPE RACK ;"03351-CT-6""-C3-0021-R3";23;0;SP02;6;R3;CS;Concentrado Cu-Mo;EPC-9;8004;0;0;;01.En Fabricacion;;;;;;0;Spool  Modificar;En Fabricación;Borde rio;46230,70017;0;VERDADERO;01.En Fabricacion_En Fabricación
"03351-CT-6""-C3-0021-R3_HOJA-23_SP03";346;"03351-CT-6""-C3-0021-R3_HOJA-23";Concentrado Cu-Mo;03350-02-03;;PIPE RACK ;"03351-CT-6""-C3-0021-R3";23;0;SP03;6;R3;CS;Concentrado Cu-Mo;EPC-9;8004;2;0;;01.En Fabricacion;;;;;Borde Rio;0;;En Fabricación;Quilpue;46224,64314;0;FALSO;01.En Fabricacion_En Fabricación
"03351-CT-6""-C3-0021-R3_HOJA-24_SP01";347;"03351-CT-6""-C3-0021-R3_HOJA-24";Concentrado Cu-Mo;03350-02-03;;PIPE RACK ;"03351-CT-6""-C3-0021-R3";24;0;SP01;6;R3;CS;Concentrado Cu-Mo;EPC-9;8004;0;0;;01.En Fabricacion;;;;;;0;Spool  Modificar;En Pint/Revest.;Borde rio;46230,72115;0;VERDADERO;01.En Fabricacion_En Pint/Revest.
"03351-CT-6""-C3-0021-R3_HOJA-24_SP02";348;"03351-CT-6""-C3-0021-R3_HOJA-24";Concentrado Cu-Mo;03350-02-03;;PIPE RACK ;"03351-CT-6""-C3-0021-R3";24;0;SP02;6;R3;CS;Concentrado Cu-Mo;EPC-9;8004;2;2;;05.Por Montar;24/06/2026;05/08/2026;;;Casona;0,3;;Por Montar;Casona;46241,07873;0;VERDADERO;05.Por Montar_Por Montar
"03351-CT-6""-C3-0021-R3_HOJA-24_SP03";349;"03351-CT-6""-C3-0021-R3_HOJA-24";Concentrado Cu-Mo;03350-02-03;;PIPE RACK ;"03351-CT-6""-C3-0021-R3";24;0;SP03;6;R3;CS;Concentrado Cu-Mo;EPC-9;8004;0;0;;01.En Fabricacion;;;;;;0;Spool  Modificar;En Fabricación;Borde rio;46230,69986;0;VERDADERO;01.En Fabricacion_En Fabricación
"03351-CT-6""-C3-0021-R3_HOJA-25_SP01";350;"03351-CT-6""-C3-0021-R3_HOJA-25";Concentrado Cu-Mo;03350-02-03;;PIPE RACK ;"03351-CT-6""-C3-0021-R3";25;0;SP01;6;R3;CS;Concentrado Cu-Mo;EPC-9;8004;2;2;;05.Por Montar;09/07/2026;05/08/2026;;;Terreno;0,3;;Por Montar;Casona;46241,07912;0;VERDADERO;05.Por Montar_Por Montar
"03351-CT-6""-C3-0021-R3_HOJA-25_SP02";351;"03351-CT-6""-C3-0021-R3_HOJA-25";Concentrado Cu-Mo;03350-02-03;;PIPE RACK ;"03351-CT-6""-C3-0021-R3";25;0;SP02;6;R3;CS;Concentrado Cu-Mo;EPC-9;8004;0;0;;01.En Fabricacion;;;;;;0;Spool  Modificar;En Fabricación;Borde rio;46230,69973;0;VERDADERO;01.En Fabricacion_En Fabricación
"03351-CT-6""-C3-0021-R3_HOJA-25_SP03";352;"03351-CT-6""-C3-0021-R3_HOJA-25";Concentrado Cu-Mo;03350-02-03;;PIPE RACK ;"03351-CT-6""-C3-0021-R3";25;0;SP03;6;R3;CS;Concentrado Cu-Mo;EPC-9;8004;2;2;;05.Por Montar;09/07/2026;03/08/2026;;;Casona;0,3;;Por Montar;Casona;46241,07927;0;VERDADERO;05.Por Montar_Por Montar
"03351-CT-6""-C3-0021-R3_HOJA-26_SP01";353;"03351-CT-6""-C3-0021-R3_HOJA-26";Concentrado Cu-Mo;03350-02-03;;PIPE RACK ;"03351-CT-6""-C3-0021-R3";26;0;SP01;6;R3;CS;Concentrado Cu-Mo;EPC-9;8004;0;0;;05.Por Montar;09/07/2026;09/07/2026;;;Casona;0,3;;Por Montar;Casona;46212,4458;0;VERDADERO;05.Por Montar_Por Montar
"03351-CT-6""-C3-0021-R3_HOJA-26_SP02";354;"03351-CT-6""-C3-0021-R3_HOJA-26";Concentrado Cu-Mo;03350-02-03;;PIPE RACK ;"03351-CT-6""-C3-0021-R3";26;0;SP02;6;R3;CS;Concentrado Cu-Mo;EPC-9;8004;0;0;;06.Posicionado;09/07/2026;09/07/2026;21/08/2026;;Terreno;0,45;;Montado;0;46254;0,01;VERDADERO;06.Posicionado_Montado
"03351-CT-6""-C3-0021-R3_HOJA-26_SP03";355;"03351-CT-6""-C3-0021-R3_HOJA-26";Concentrado Cu-Mo;03350-02-03;;PIPE RACK ;"03351-CT-6""-C3-0021-R3";26;0;SP03;6;R3;CS;Concentrado Cu-Mo;EPC-9;8004;2;2;;06.Posicionado;24/06/2026;03/08/2026;17/08/2026;;Terreno;0,45;;Montado;0;46254;0,01;VERDADERO;06.Posicionado_Montado
"03351-CT-6""-C3-0021-R3_HOJA-26_SP04";356;"03351-CT-6""-C3-0021-R3_HOJA-26";Concentrado Cu-Mo;03350-02-03;;PIPE RACK ;"03351-CT-6""-C3-0021-R3";26;0;SP04;6;R3;CS;Concentrado Cu-Mo;EPC-9;8004;0;0;;06.Posicionado;24/06/2026;03/08/2026;17/08/2026;;Terreno;0,45;Spool  Modificar;En Fabricación;Borde rio;46230,69948;0;VERDADERO;06.Posicionado_En Fabricación
"03351-CT-6""-C3-0021-R3_HOJA-26_SP05";357;"03351-CT-6""-C3-0021-R3_HOJA-26";Concentrado Cu-Mo;03350-02-03;;PIPE RACK ;"03351-CT-6""-C3-0021-R3";26;0;SP05;6;R3;CS;Concentrado Cu-Mo;EPC-9;8004;0;0;;05.Por Montar;10/07/2026;;;;Casona;0,1;;Por Montar;Casona;46237,6525;0;VERDADERO;05.Por Montar_Por Montar
"03351-CT-6""-C3-0021-R3_HOJA-26_SP06";358;"03351-CT-6""-C3-0021-R3_HOJA-26";Concentrado Cu-Mo;03350-02-03;;PIPE RACK ;"03351-CT-6""-C3-0021-R3";26;0;SP06;6;R3;CS;Concentrado Cu-Mo;EPC-9;8004;2;2;;05.Por Montar;09/07/2026;05/08/2026;;;Casona;0,3;;Por Montar;Casona;46241,07959;0;VERDADERO;05.Por Montar_Por Montar
"03351-CT-6""-C3-0021-R3_HOJA-27_SP01";359;"03351-CT-6""-C3-0021-R3_HOJA-27";Concentrado Cu-Mo;03350-02-03;;PIPE RACK ;"03351-CT-6""-C3-0021-R3";27;0;SP01;6;R3;CS;Concentrado Cu-Mo;EPC-9;8004;0;0;;05.Por Montar;09/07/2026;09/07/2026;;;Casona;0,3;;Por Montar;Casona;46212,44554;0;VERDADERO;05.Por Montar_Por Montar
"03351-CT-6""-C3-0021-R3_HOJA-27_SP02";360;"03351-CT-6""-C3-0021-R3_HOJA-27";Concentrado Cu-Mo;03350-02-03;;PIPE RACK ;"03351-CT-6""-C3-0021-R3";27;0;SP02;6;R3;CS;Concentrado Cu-Mo;EPC-9;8004;2;2;;05.Por Montar;24/06/2026;05/08/2026;;;Casona;0,3;;Por Montar;Casona;46241,07975;0;VERDADERO;05.Por Montar_Por Montar
"03351-CT-6""-C3-0021-R3_HOJA-27_SP03";361;"03351-CT-6""-C3-0021-R3_HOJA-27";Concentrado Cu-Mo;03350-02-03;;PIPE RACK ;"03351-CT-6""-C3-0021-R3";27;0;SP03;6;R3;CS;Concentrado Cu-Mo;EPC-9;8004;0;0;;05.Por Montar;09/07/2026;09/07/2026;;;Casona;0,3;;Por Montar;Casona;46212,44566;0;VERDADERO;05.Por Montar_Por Montar
"03351-CT-6""-C3-0021-R3_HOJA-27_SP04";362;"03351-CT-6""-C3-0021-R3_HOJA-27";Concentrado Cu-Mo;03350-02-03;;PIPE RACK ;"03351-CT-6""-C3-0021-R3";27;0;SP04;6;R3;CS;Concentrado Cu-Mo;EPC-9;8004;2;2;;05.Por Montar;24/06/2026;05/08/2026;;;Casona;0,3;;Por Montar;Casona;46241,07991;0;VERDADERO;05.Por Montar_Por Montar
"03351-CT-6""-C3-0021-R3_HOJA-27_SP05";363;"03351-CT-6""-C3-0021-R3_HOJA-27";Concentrado Cu-Mo;03350-02-03;;PIPE RACK ;"03351-CT-6""-C3-0021-R3";27;0;SP05;6;R3;CS;Concentrado Cu-Mo;EPC-9;8004;1;1;;05.Por Montar;24/06/2026;30/07/2026;;;Casona;0,3;;Por Montar;Casona;46238,35966;0;VERDADERO;05.Por Montar_Por Montar
"03351-CT-6""-C3-0023-R3_HOJA-1_SP01";364;"03351-CT-6""-C3-0023-R3_HOJA-1";Concentrado Cu-Mo;03350-02-03;;BAJO ESPESADOR ;"03351-CT-6""-C3-0023-R3";1;0;SP01;4;R3;CS;Concentrado Cu-Mo;EPC-9;8004;1;1;;05.Por Montar;10/07/2026;30/07/2026;;;Casona;0,3;;Por Montar;Casona;46238,35978;0;VERDADERO;05.Por Montar_Por Montar
"03351-CT-6""-C3-0023-R3_HOJA-1_SP02";365;"03351-CT-6""-C3-0023-R3_HOJA-1";Concentrado Cu-Mo;03350-02-03;;BAJO ESPESADOR ;"03351-CT-6""-C3-0023-R3";1;0;SP02;4;R3;CS;Concentrado Cu-Mo;EPC-9;8004;0;0;;05.Por Montar;07/07/2026;13/08/2026;;;Casona;0,3;;Por Montar;Casona;46251,50354;0;VERDADERO;05.Por Montar_Por Montar
"03351-CT-6""-C3-0023-R3_HOJA-1_SP03";366;"03351-CT-6""-C3-0023-R3_HOJA-1";Concentrado Cu-Mo;03350-02-03;;BAJO ESPESADOR ;"03351-CT-6""-C3-0023-R3";1;0;SP03;3;R3;CS;Concentrado Cu-Mo;EPC-9;8004;1;1;;05.Por Montar;24/06/2026;30/07/2026;;;Casona;0,3;;Por Montar;Casona;46238,3599;0;VERDADERO;05.Por Montar_Por Montar
"03351-CT-6""-C3-0023-R3_HOJA-2_SP01";367;"03351-CT-6""-C3-0023-R3_HOJA-2";Concentrado Cu-Mo;03350-02-03;;BAJO ESPESADOR ;"03351-CT-6""-C3-0023-R3";2;0;SP01;6;R3;CS;Concentrado Cu-Mo;EPC-9;8004;2;2;;05.Por Montar;10/07/2026;03/08/2026;;;Casona;0,3;;Por Montar;Casona;46241,08006;0;VERDADERO;05.Por Montar_Por Montar
"03351-CT-6""-C3-0023-R3_HOJA-2_SP02";368;"03351-CT-6""-C3-0023-R3_HOJA-2";Concentrado Cu-Mo;03350-02-03;;BAJO ESPESADOR ;"03351-CT-6""-C3-0023-R3";2;0;SP02;6;R3;CS;Concentrado Cu-Mo;EPC-9;8004;0;0;;05.Por Montar;24/06/2026;;;;Casona;0,1;;Por Montar;Casona;46237,65288;0;VERDADERO;05.Por Montar_Por Montar
"03351-CT-6""-C3-0023-R3_HOJA-2_SP03";369;"03351-CT-6""-C3-0023-R3_HOJA-2";Concentrado Cu-Mo;03350-02-03;;BAJO ESPESADOR ;"03351-CT-6""-C3-0023-R3";2;0;SP03;6;R3;CS;Concentrado Cu-Mo;EPC-9;8004;2;2;;05.Por Montar;10/07/2026;05/08/2026;;;Casona;0,3;;Por Montar;Terreno;46241,08025;0;VERDADERO;05.Por Montar_Por Montar
"03351-CT-6""-C3-0023-R3_HOJA-2_SP04";370;"03351-CT-6""-C3-0023-R3_HOJA-2";Concentrado Cu-Mo;03350-02-03;;BAJO ESPESADOR ;"03351-CT-6""-C3-0023-R3";2;0;SP04;6;R3;CS;Concentrado Cu-Mo;EPC-9;8004;0;0;;05.Por Montar;10/07/2026;13/08/2026;;;Casona;0,3;;Por Montar;Casona;46251,50367;0;VERDADERO;05.Por Montar_Por Montar
"03351-CT-6""-C3-0023-R3_HOJA-3_SP01";371;"03351-CT-6""-C3-0023-R3_HOJA-3";Concentrado Cu-Mo;03350-02-03;;BAJO ESPESADOR ;"03351-CT-6""-C3-0023-R3";3;0;SP01;3;R3;CS;Concentrado Cu-Mo;EPC-9;8004;1;1;;03.En Pint/Reves;05/08/2026;;;;Engomado SYR;0,1;;En Engomado;SyR;46238,49314;0;VERDADERO;03.En Pint/Reves_En Engomado
"03351-CT-6""-C3-0023-R3_HOJA-3_SP02";372;"03351-CT-6""-C3-0023-R3_HOJA-3";Concentrado Cu-Mo;03350-02-03;;BAJO ESPESADOR ;"03351-CT-6""-C3-0023-R3";3;0;SP02;3;R3;CS;Concentrado Cu-Mo;EPC-9;8004;0;0;;03.En Pint/Reves;;;;;Borde Rio;0;;En Pint/Revest.;Borde rio;46230,71763;0;VERDADERO;03.En Pint/Reves_En Pint/Revest.
"03351-CT-6""-C3-0023-R3_HOJA-3_SP03";373;"03351-CT-6""-C3-0023-R3_HOJA-3";Concentrado Cu-Mo;03350-02-03;;BAJO ESPESADOR ;"03351-CT-6""-C3-0023-R3";3;0;SP03;2;R3;CS;Concentrado Cu-Mo;EPC-9;8004;0;0;;03.En Pint/Reves;;;;;Borde Rio;0;;En Pint/Revest.;Borde rio;46230,71781;0;VERDADERO;03.En Pint/Reves_En Pint/Revest.
"03351-CT-6""-C3-0023-R3_HOJA-3_SP04";374;"03351-CT-6""-C3-0023-R3_HOJA-3";Concentrado Cu-Mo;03350-02-03;;BAJO ESPESADOR ;"03351-CT-6""-C3-0023-R3";3;0;SP04;2;R3;CS;Concentrado Cu-Mo;EPC-9;8004;5;1;;01.En Fabricacion;;;;;Borde Rio;0;;En Fabricación;Quilpue;46224,64343;0;FALSO;01.En Fabricacion_En Fabricación
"03351-CT-6""-C3-0023-R3_HOJA-4_SP01";375;"03351-CT-6""-C3-0023-R3_HOJA-4";Concentrado Cu-Mo;03350-02-03;;BAJO ESPESADOR ;"03351-CT-6""-C3-0023-R3";4;0;SP01;6;R3;CS;Concentrado Cu-Mo;EPC-9;8004;2;2;;05.Por Montar;24/06/2026;13/08/2026;;;Casona;0,3;;Por Montar;Casona;46251,50382;0;VERDADERO;05.Por Montar_Por Montar
"03351-CT-6""-C3-0023-R3_HOJA-4_SP02";376;"03351-CT-6""-C3-0023-R3_HOJA-4";Concentrado Cu-Mo;03350-02-03;;BAJO ESPESADOR ;"03351-CT-6""-C3-0023-R3";4;0;SP02;6;R3;CS;Concentrado Cu-Mo;EPC-9;8004;0;0;;05.Por Montar;09/07/2026;;;;Casona;0,1;;Por Montar;Casona;46237,6649;0;VERDADERO;05.Por Montar_Por Montar
"03351-CT-6""-C3-0023-R3_HOJA-4_SP03";377;"03351-CT-6""-C3-0023-R3_HOJA-4";Concentrado Cu-Mo;03350-02-03;;BAJO ESPESADOR ;"03351-CT-6""-C3-0023-R3";4;0;SP03;6;R3;CS;Concentrado Cu-Mo;EPC-9;8004;1;1;;05.Por Montar;09/07/2026;30/07/2026;;;Casona;0,3;;Por Montar;Casona;46238,36006;0;VERDADERO;05.Por Montar_Por Montar
"03351-CT-6""-C3-0023-R3_HOJA-4_SP04";378;"03351-CT-6""-C3-0023-R3_HOJA-4";Concentrado Cu-Mo;03350-02-03;;BAJO ESPESADOR ;"03351-CT-6""-C3-0023-R3";4;0;SP04;6;R3;CS;Concentrado Cu-Mo;EPC-9;8004;2;0;;03.En Pint/Reves;05/08/2026;;;;Engomado SYR;0,1;;En Engomado;SyR;46238,49792;0;FALSO;03.En Pint/Reves_En Engomado
"03351-CT-6""-C3-0023-R3_HOJA-4_SP05";379;"03351-CT-6""-C3-0023-R3_HOJA-4";Concentrado Cu-Mo;03350-02-03;;BAJO ESPESADOR ;"03351-CT-6""-C3-0023-R3";4;0;SP05;6;R3;CS;Concentrado Cu-Mo;EPC-9;8004;1;1;;01.En Fabricacion;;;;;Borde Rio;0;;En Fabricación;Quilpue;46224,64366;0;VERDADERO;01.En Fabricacion_En Fabricación
"03351-CT-6""-C3-0030-R3_HOJA-1_SP01";380;"03351-CT-6""-C3-0030-R3_HOJA-1";Concentrado Cu-Mo;03350-02-03;;TORRE TRASFERENCIA;"03351-CT-6""-C3-0030-R3";1;0;SP01;6;R3;CS;Concentrado Cu-Mo;EPC-9;8004;4;1;;05.Por Montar;24/06/2026;03/08/2026;;;Casona;0,3;;Por Montar;Terreno;46241,08046;0;FALSO;05.Por Montar_Por Montar
"03351-CT-6""-C3-0030-R3_HOJA-2_SP01";381;"03351-CT-6""-C3-0030-R3_HOJA-2";Concentrado Cu-Mo;03350-02-03;;TORRE TRASFERENCIA;"03351-CT-6""-C3-0030-R3";2;0;SP01;6;R3;CS;Concentrado Cu-Mo;EPC-9;8004;3;3;;05.Por Montar;09/07/2026;13/08/2026;;;Casona;0,3;;Por Montar;Casona;46251,50258;0;VERDADERO;05.Por Montar_Por Montar
"03351-CT-6""-C3-0030-R3_HOJA-2_SP02";382;"03351-CT-6""-C3-0030-R3_HOJA-2";Concentrado Cu-Mo;03350-02-03;;TORRE TRASFERENCIA;"03351-CT-6""-C3-0030-R3";2;0;SP02;6;R3;CS;Concentrado Cu-Mo;EPC-9;8004;2;2;;05.Por Montar;10/07/2026;05/08/2026;;;Terreno;0,3;;Por Montar;Casona;46241,08069;0;VERDADERO;05.Por Montar_Por Montar
"03351-CT-6""-C3-0030-R3_HOJA-2_SP03";383;"03351-CT-6""-C3-0030-R3_HOJA-2";Concentrado Cu-Mo;03350-02-03;;TORRE TRASFERENCIA;"03351-CT-6""-C3-0030-R3";2;0;SP03;6;R3;CS;Concentrado Cu-Mo;EPC-9;8004;2;2;;05.Por Montar;09/07/2026;05/08/2026;;;Terreno;0,3;;Por Montar;Casona;46241,08084;0;VERDADERO;05.Por Montar_Por Montar
"03351-CT-6""-C3-0030-R3_HOJA-2_SP04";384;"03351-CT-6""-C3-0030-R3_HOJA-2";Concentrado Cu-Mo;03350-02-03;;TORRE TRASFERENCIA;"03351-CT-6""-C3-0030-R3";2;0;SP04;6;R3;CS;Concentrado Cu-Mo;EPC-9;8004;2;2;;05.Por Montar;10/07/2026;03/08/2026;;;Terreno;0,3;;Por Montar;Casona;46241,08101;0;VERDADERO;05.Por Montar_Por Montar
"03351-CT-6""-C3-0046-R3_HOJA-1_SP01";385;"03351-CT-6""-C3-0046-R3_HOJA-1";Concentrado Cu-Mo;03350-02-03;;BAJO ESPESADOR ;"03351-CT-6""-C3-0046-R3";1;0;SP01;6;R3;CS;Concentrado Cu-Mo;EPC-9;8004;3;2;;05.Por Montar;21/07/2026;13/08/2026;;;Casona;0,3;Falta reportar union;Por Montar;Casona;46251,50394;0;FALSO;05.Por Montar_Por Montar
"03351-CT-6""-C3-0046-R3_HOJA-1_SP02";386;"03351-CT-6""-C3-0046-R3_HOJA-1";Concentrado Cu-Mo;03350-02-03;;BAJO ESPESADOR ;"03351-CT-6""-C3-0046-R3";1;0;SP02;3;R3;CS;Concentrado Cu-Mo;EPC-9;8004;3;3;;05.Por Montar;21/07/2026;05/08/2026;;;Terreno;0,3;Falta reportar union;Por Montar;Terreno;46241,08115;0;VERDADERO;05.Por Montar_Por Montar
"03351-CT-6""-C3-0046-R3_HOJA-2_SP01";387;"03351-CT-6""-C3-0046-R3_HOJA-2";Concentrado Cu-Mo;03350-02-03;;BAJO ESPESADOR ;"03351-CT-6""-C3-0046-R3";2;0;SP01;6;R3;CS;Concentrado Cu-Mo;EPC-9;8004;0;0;;06.Posicionado;09/07/2026;09/07/2026;10/08/2026;;Terreno;0,45;;Posicionado;Terreno;46245,43084;0;VERDADERO;06.Posicionado_Posicionado
"03351-CT-6""-C3-0046-R3_HOJA-3_SP01";388;"03351-CT-6""-C3-0046-R3_HOJA-3";Concentrado Cu-Mo;03350-02-03;;BAJO ESPESADOR ;"03351-CT-6""-C3-0046-R3";3;0;SP01;6;R3;CS;Concentrado Cu-Mo;EPC-9;8004;0;0;;05.Por Montar;21/07/2026;;;;Casona;0,1;;Por Montar;Casona;46237,66753;0;VERDADERO;05.Por Montar_Por Montar
"03351-CT-6""-C3-0046-R3_HOJA-3_SP02";389;"03351-CT-6""-C3-0046-R3_HOJA-3";Concentrado Cu-Mo;03350-02-03;;BAJO ESPESADOR ;"03351-CT-6""-C3-0046-R3";3;0;SP02;6;R3;CS;Concentrado Cu-Mo;EPC-9;8004;2;0;;03.En Pint/Reves;;;;;Borde Rio;0;;En Pint/Revest.;Borde rio;46232,54779;0;FALSO;03.En Pint/Reves_En Pint/Revest.
"03351-CT-6""-C3-0046-R3_HOJA-3_SP03";390;"03351-CT-6""-C3-0046-R3_HOJA-3";Concentrado Cu-Mo;03350-02-03;;BAJO ESPESADOR ;"03351-CT-6""-C3-0046-R3";3;0;SP03;6;R3;CS;Concentrado Cu-Mo;EPC-9;8004;0;0;;05.Por Montar;21/07/2026;;;;Casona;0,1;;Por Montar;Casona;46237,66416;0;VERDADERO;05.Por Montar_Por Montar
"03351-CT-6""-C3-0046-R3_HOJA-4_SP01";391;"03351-CT-6""-C3-0046-R3_HOJA-4";Concentrado Cu-Mo;03350-02-03;;BAJO ESPESADOR ;"03351-CT-6""-C3-0046-R3";4;0;SP01;6;R3;CS;Concentrado Cu-Mo;EPC-9;8004;1;0;;03.En Pint/Reves;;;;;Borde Rio;0;;En Pint/Revest.;Borde rio;46232,54793;0;FALSO;03.En Pint/Reves_En Pint/Revest.
"03351-CT-6""-C3-0046-R3_HOJA-5_SP01";392;"03351-CT-6""-C3-0046-R3_HOJA-5";Concentrado Cu-Mo;03350-02-03;;BAJO ESPESADOR ;"03351-CT-6""-C3-0046-R3";5;0;SP01;6;R3;CS;Concentrado Cu-Mo;EPC-9;8004;2;2;;07.Montaje;05/08/2026;13/08/2026;21/08/2026;21/08/2026;Casona;0,85;;Montado;Terreno;46251,51141;0,01;VERDADERO;07.Montaje_Montado
"03351-CT-6""-C3-0046-R3_HOJA-5_SP02";393;"03351-CT-6""-C3-0046-R3_HOJA-5";Concentrado Cu-Mo;03350-02-03;;BAJO ESPESADOR ;"03351-CT-6""-C3-0046-R3";5;0;SP02;6;R3;CS;Concentrado Cu-Mo;EPC-9;8004;0;0;;07.Montaje;21/07/2026;13/08/2026;21/08/2026;21/08/2026;Casona;0,85;;Montado;Terreno;46251,51162;0,01;VERDADERO;07.Montaje_Montado
"03351-CT-6""-C3-0050-R3_HOJA-1_SP01";394;"03351-CT-6""-C3-0050-R3_HOJA-1";Concentrado Cu-Mo;03350-02-03;;TORRE TRASFERENCIA;"03351-CT-6""-C3-0050-R3";1;0;SP01;6;R3;CS;Concentrado Cu-Mo;EPC-9;8004;4;4;;03.En Pint/Reves;05/08/2026;;;;Engomado SYR;0,1;;En Engomado;SyR;46238,49963;0;VERDADERO;03.En Pint/Reves_En Engomado
"03351-CT-6""-C3-0050-R3_HOJA-2_SP01";395;"03351-CT-6""-C3-0050-R3_HOJA-2";Concentrado Cu-Mo;03350-02-03;;TORRE TRASFERENCIA;"03351-CT-6""-C3-0050-R3";2;0;SP01;6;R3;CS;Concentrado Cu-Mo;EPC-9;8004;4;4;;05.Por Montar;10/07/2026;13/08/2026;;;Casona;0,3;;Por Montar;Casona;46251,50109;0;VERDADERO;05.Por Montar_Por Montar
"03351-CT-6""-C3-0050-R3_HOJA-2_SP02";396;"03351-CT-6""-C3-0050-R3_HOJA-2";Concentrado Cu-Mo;03350-02-03;;TORRE TRASFERENCIA;"03351-CT-6""-C3-0050-R3";2;0;SP02;6;R3;CS;Concentrado Cu-Mo;EPC-9;8004;2;2;;05.Por Montar;10/07/2026;05/08/2026;;;Terreno;0,3;;Por Montar;Terreno;46241,08185;0;VERDADERO;05.Por Montar_Por Montar
"03351-CT-6""-C3-0050-R3_HOJA-2_SP03";397;"03351-CT-6""-C3-0050-R3_HOJA-2";Concentrado Cu-Mo;03350-02-03;;TORRE TRASFERENCIA;"03351-CT-6""-C3-0050-R3";2;0;SP03;6;R3;CS;Concentrado Cu-Mo;EPC-9;8004;0;0;;05.Por Montar;;;;;Casona;0;;Por Montar;Casona;46237,67223;0;VERDADERO;05.Por Montar_Por Montar
"03351-CT-6""-C3-0050-R3_HOJA-2_SP04";398;"03351-CT-6""-C3-0050-R3_HOJA-2";Concentrado Cu-Mo;03350-02-03;;TORRE TRASFERENCIA;"03351-CT-6""-C3-0050-R3";2;0;SP04;6;R3;CS;Concentrado Cu-Mo;EPC-9;8004;2;2;;03.En Pint/Reves;05/08/2026;;;;Engomado SYR;0,1;;En Engomado;SyR;46238,50847;0;VERDADERO;03.En Pint/Reves_En Engomado
"03351-CT-6""-C3-0050-R3_HOJA-2_SP05";399;"03351-CT-6""-C3-0050-R3_HOJA-2";Concentrado Cu-Mo;03350-02-03;;TORRE TRASFERENCIA;"03351-CT-6""-C3-0050-R3";2;0;SP05;6;R3;CS;Concentrado Cu-Mo;EPC-9;8004;0;0;;05.Por Montar;24/06/2026;30/07/2026;;;Casona;0,3;;Por Montar;Casona;46238,36019;0;VERDADERO;05.Por Montar_Por Montar
"03351-CT-6""-C3-0050-R3_HOJA-2_SP06";400;"03351-CT-6""-C3-0050-R3_HOJA-2";Concentrado Cu-Mo;03350-02-03;;TORRE TRASFERENCIA;"03351-CT-6""-C3-0050-R3";2;0;SP06;6;R3;CS;Concentrado Cu-Mo;EPC-9;8004;2;2;;05.Por Montar;10/07/2026;03/08/2026;;;Terreno;0,3;;Por Montar;Terreno;46241,08228;0;VERDADERO;05.Por Montar_Por Montar
"03351-FP-1""-C5-0022-HC_HOJA-1_SPXX";401;"03351-FP-1""-C5-0022-HC_HOJA-1";Agua Contra Incendio;03350-02-09;;BAJO ESPESADOR ;"03351-FP-1""-C5-0022-HC";1;0;SPXX;1,5;HC;CS;Agua Contra Incendio;EPC-9;;0;0;;;;;;;;0;;;;;;VERDADERO;_
"03351-FP-2""-C5-0121-HC_HOJA-1_SPXX";402;"03351-FP-2""-C5-0121-HC_HOJA-1";Agua Contra Incendio;03350-02-09;;BAJO ESPESADOR;"03351-FP-2""-C5-0121-HC";1;0;SPXX;1,5;HC;CS;Agua Contra Incendio;EPC-9;;0;0;;;;;;;;0;;;;;;VERDADERO;_
"03351-GW-1""-C1-0031-N_HOJA-1_SPXX";403;"03351-GW-1""-C1-0031-N_HOJA-1";Agua de Sello;03350-02-02;;BAJO ESPESADOR;"03351-GW-1""-C1-0031-N";1;0;SPXX;1;N;CS;Agua de Sello;EPC-9;;0;0;;06.Posicionado;09/07/2026;09/07/2026;14/08/2026;;Terreno;0,45;;Posicionado;Terreno;46249,65569;0;VERDADERO;06.Posicionado_Posicionado
"03351-GW-1""-C1-0032-N_HOJA-1_SPXX";404;"03351-GW-1""-C1-0032-N_HOJA-1";Agua de Sello;03350-02-02;;BAJO ESPESADOR;"03351-GW-1""-C1-0032-N";1;0;SPXX;1;N;CS;Agua de Sello;EPC-9;;0;0;;06.Posicionado;09/07/2026;09/07/2026;14/08/2026;;Terreno;0,45;;Posicionado;Terreno;46249,65594;0;VERDADERO;06.Posicionado_Posicionado
"03351-GW-1""-C1-0033-N_HOJA-1_SPXX";405;"03351-GW-1""-C1-0033-N_HOJA-1";Agua de Sello;03350-02-02;;BAJO ESPESADOR;"03351-GW-1""-C1-0033-N";1;0;SPXX;1;N;CS;Agua de Sello;EPC-9;;0;0;;06.Posicionado;09/07/2026;09/07/2026;14/08/2026;;Terreno;0,45;;Posicionado;Terreno;46249,65604;0;VERDADERO;06.Posicionado_Posicionado
"03351-GW-1""-C1-0034-N_HOJA-1_SPXX";406;"03351-GW-1""-C1-0034-N_HOJA-1";Agua de Sello;03350-02-02;;BAJO ESPESADOR;"03351-GW-1""-C1-0034-N";1;0;SPXX;1;N;CS;Agua de Sello;EPC-9;;0;0;;06.Posicionado;09/07/2026;09/07/2026;14/08/2026;;Terreno;0,45;;Posicionado;Terreno;46249,65619;0;VERDADERO;06.Posicionado_Posicionado
"03351-GW-1""-C1-0035-N_HOJA-1_SPXX";407;"03351-GW-1""-C1-0035-N_HOJA-1";Agua de Sello;03350-02-02;;BAJO ESPESADOR;"03351-GW-1""-C1-0035-N";1;0;SPXX;1;N;CS;Agua de Sello;EPC-9;;0;0;;06.Posicionado;09/07/2026;09/07/2026;14/08/2026;;Terreno;0,45;;Posicionado;Terreno;46249,65791;0;VERDADERO;06.Posicionado_Posicionado
"03351-GW-1""-C1-0036-N_HOJA-1_SPXX";408;"03351-GW-1""-C1-0036-N_HOJA-1";Agua de Sello;03350-02-02;;BAJO ESPESADOR;"03351-GW-1""-C1-0036-N";1;0;SPXX;1;N;CS;Agua de Sello;EPC-9;;0;0;;06.Posicionado;09/07/2026;09/07/2026;14/08/2026;;Terreno;0,45;;Posicionado;Terreno;46249,65806;0;VERDADERO;06.Posicionado_Posicionado
"03351-GW-1""-C1-0043-N_HOJA-1_SPXX";409;"03351-GW-1""-C1-0043-N_HOJA-1";Agua de Sello;03350-02-02;;BAJO ESPESADOR;"03351-GW-1""-C1-0043-N";1;0;SPXX;1;N;CS;Agua de Sello;EPC-9;;0;0;;06.Posicionado;09/07/2026;09/07/2026;08/08/2026;;Terreno;0,45;;Posicionado;Terreno;46242,98853;0;VERDADERO;06.Posicionado_Posicionado
"03351-GW-1""-C1-0075-N_HOJA-1_SPXX";410;"03351-GW-1""-C1-0075-N_HOJA-1";Agua de Sello;03350-02-02;;TORRE TRASFERENCIA;"03351-GW-1""-C1-0075-N";1;0;SPXX;1;N;CS;Agua de Sello;EPC-9;;0;0;;01.En Fabricacion;;;;;;0;;En Fabricación;Terreno;46245,60788;0;VERDADERO;01.En Fabricacion_En Fabricación
"03351-GW-1""-C1-0076-N_HOJA-1_SPXX";411;"03351-GW-1""-C1-0076-N_HOJA-1";Agua de Sello;03350-02-02;;TORRE TRASFERENCIA;"03351-GW-1""-C1-0076-N";1;0;SPXX;1;N;CS;Agua de Sello;EPC-9;;0;0;;;;;;;;0;;;;;;VERDADERO;_
"03351-GW-2""-C1-0040-N_HOJA-1_SPXX";412;"03351-GW-2""-C1-0040-N_HOJA-1";Agua de Sello;03350-02-02;;TORRE TRASFERENCIA;"03351-GW-2""-C1-0040-N";1;0;SPXX;2;N;CS;Agua de Sello;EPC-9;;0;0;;;;;;;;0;;;;;;VERDADERO;_
"03351-GW-2""-C1-0041-N_HOJA-1_SPXX";413;"03351-GW-2""-C1-0041-N_HOJA-1";Agua de Sello;03350-02-02;;TORRE TRASFERENCIA;"03351-GW-2""-C1-0041-N";1;0;SPXX;2;N;CS;Agua de Sello;EPC-9;;0;0;;;;;;;;0;;;;;;VERDADERO;_
"03351-GW-2""-C1-0042-N_HOJA-1_SPXX";414;"03351-GW-2""-C1-0042-N_HOJA-1";Agua de Sello;03350-02-02;;TORRE TRASFERENCIA;"03351-GW-2""-C1-0042-N";1;0;SPXX;2;N;CS;Agua de Sello;EPC-9;;0;0;;;;;;;;0;;;;;;VERDADERO;_
"03351-GW-2""-C1-0095-N_HOJA-1_SPXX";415;"03351-GW-2""-C1-0095-N_HOJA-1";Agua de Sello;03350-02-02;;BAJO ESPESADOR;"03351-GW-2""-C1-0095-N";1;0;SPXX;2;N;CS;Agua de Sello;EPC-9;;0;0;;01.En Fabricacion;;;;;;0;;En Fabricación;Terreno;46245,60799;0;VERDADERO;01.En Fabricacion_En Fabricación
"03351-IA-1""-G1-0102-N_HOJA-1_SPXX";416;"03351-IA-1""-G1-0102-N_HOJA-1";Aire Instrumentación;03350-02-07;;TORRE TRASFERENCIA;"03351-IA-1""-G1-0102-N";1;0;SPXX;2;N;AG;Aire de Instrumentacion ;EPC-9;;0;0;;01.En Fabricacion;;;;;Terreno;0;;;;;;VERDADERO;01.En Fabricacion_
"03351-IA-1""-G1-0103-N_HOJA-1_SPXX";417;"03351-IA-1""-G1-0103-N_HOJA-1";Aire Instrumentación;03350-02-07;;TORRE TRASFERENCIA;"03351-IA-1""-G1-0103-N";1;0;SPXX;2;N;AG;Aire de Instrumentacion ;EPC-9;;0;0;;07.Montaje;05/04/2026;10/05/2026;07/08/2026;19/08/2026;Terreno;0,85;;En Fabricación;Terreno;46239,90183;0;VERDADERO;07.Montaje_En Fabricación
"03351-IA-1""-G1-0104-N_HOJA-1_SPXX";418;"03351-IA-1""-G1-0104-N_HOJA-1";Aire Instrumentación;03350-02-07;;TORRE TRASFERENCIA;"03351-IA-1""-G1-0104-N";1;0;SPXX;2;N;AG;Aire de Instrumentacion ;EPC-9;;0;0;;07.Montaje;05/04/2026;10/05/2026;07/08/2026;19/08/2026;Terreno;0,85;;Posicionado;Terreno;46242,45733;0;VERDADERO;07.Montaje_Posicionado
"03351-IA-1""-G1-0105-N_HOJA-1_SPXX";419;"03351-IA-1""-G1-0105-N_HOJA-1";Aire Instrumentación;03350-02-07;;BAJO ESPESADOR;"03351-IA-1""-G1-0105-N";1;0;SPXX;2;N;AG;Aire de Instrumentacion ;EPC-9;;0;0;;07.Montaje;05/04/2026;10/05/2026;07/08/2026;19/08/2026;Terreno;0,85;;;;;;VERDADERO;07.Montaje_
"03351-IA-1""-G1-0106-N_HOJA-1_SPXX";420;"03351-IA-1""-G1-0106-N_HOJA-1";Aire Instrumentación;03350-02-07;;TORRE TRASFERENCIA;"03351-IA-1""-G1-0106-N";1;0;SPXX;1;N;AG;Aire de Instrumentacion ;EPC-9;;0;0;;01.En Fabricacion;;;;;Terreno;0;;;;;;VERDADERO;01.En Fabricacion_
"03351-IA-1""-G1-0107-N_HOJA-1_SPXX";421;"03351-IA-1""-G1-0107-N_HOJA-1";Aire Instrumentación;03350-02-07;;BAJO ESPESADOR;"03351-IA-1""-G1-0107-N";1;0;SPXX;2;N;AG;Aire de Instrumentacion ;EPC-9;;0;0;;00.Eliminado;;;;;Terreno;0;;Eliminado;0;46249,65875;0;VERDADERO;00.Eliminado_Eliminado
"03351-IA-1""-G1-0108-N_HOJA-1_SPXX";422;"03351-IA-1""-G1-0108-N_HOJA-1";Aire Instrumentación;03350-02-07;;BAJO ESPESADOR;"03351-IA-1""-G1-0108-N";1;0;SPXX;2;N;AG;Aire de Instrumentacion ;EPC-9;;0;0;;07.Montaje;15/05/2026;10/06/2026;13/08/2025;13/08/2025;Terreno;0,85;;Montado;Terreno;46247,89339;0,01;VERDADERO;07.Montaje_Montado
"03351-IA-1""-G1-0109-N_HOJA-1_SPXX";423;"03351-IA-1""-G1-0109-N_HOJA-1";Aire Instrumentación;03350-02-07;;BAJO ESPESADOR;"03351-IA-1""-G1-0109-N";1;0;SPXX;2;N;AG;Aire de Instrumentacion ;EPC-9;;0;0;;07.Montaje;05/04/2026;10/05/2026;13/08/2026;14/08/2026;Terreno;0,85;;Montado;Terreno;46248,3601;0,01;VERDADERO;07.Montaje_Montado
"03351-IA-1""-G1-0111-N_HOJA-1_SPXX";424;"03351-IA-1""-G1-0111-N_HOJA-1";Aire Instrumentación;03350-02-07;;BAJO ESPESADOR;"03351-IA-1""-G1-0111-N";1;0;SPXX;2;N;AG;Aire de Instrumentacion ;EPC-9;;0;0;;07.Montaje;05/04/2026;10/05/2026;13/08/2026;14/08/2026;Terreno;0,85;;Montado;Terreno;46248,35976;0,01;VERDADERO;07.Montaje_Montado
"03351-IA-2""-G1-0100-N_HOJA-1_SPXX";425;"03351-IA-2""-G1-0100-N_HOJA-1";Aire Instrumentación;03350-02-07;;TORRE TRASFERENCIA;"03351-IA-2""-G1-0100-N";1;0;SPXX;2;N;AG;Aire de Instrumentacion ;EPC-9;;0;0;;07.Montaje;05/04/2026;10/05/2026;08/08/2027;14/08/2026;Terreno;0,85;;Montado;Terreno;46248,35374;0,01;VERDADERO;07.Montaje_Montado
"03351-IA-2""-G1-0100-N_HOJA-2_SPXX";426;"03351-IA-2""-G1-0100-N_HOJA-2";Aire Instrumentación;03350-02-07;;TORRE TRASFERENCIA;"03351-IA-2""-G1-0100-N";2;0;SPXX;2;N;AG;Aire de Instrumentacion ;EPC-9;;0;0;;07.Montaje;05/04/2026;10/05/2026;08/08/2027;14/08/2026;Terreno;0,85;;Montado;Terreno;46248,3541;0,01;VERDADERO;07.Montaje_Montado
"03351-IA-2""-G1-0100-N_HOJA-3_SPXX";427;"03351-IA-2""-G1-0100-N_HOJA-3";Aire Instrumentación;03350-02-07;;BAJO ESPESADOR;"03351-IA-2""-G1-0100-N";3;0;SPXX;2;N;AG;Aire de Instrumentacion ;EPC-9;;0;0;;07.Montaje;09/04/2026;05/06/2026;10/08/2026;14/08/2026;Terreno;0,85;;Montado;Terreno;46248,35541;0,01;VERDADERO;07.Montaje_Montado
"03351-IA-2""-G1-0100-N_HOJA-4_SPXX";428;"03351-IA-2""-G1-0100-N_HOJA-4";Aire Instrumentación;03350-02-07;;BAJO ESPESADOR;"03351-IA-2""-G1-0100-N";4;0;SPXX;2;N;AG;Aire de Instrumentacion ;EPC-9;;0;0;;07.Montaje;05/04/2026;10/05/2026;13/08/2026;14/08/2026;Terreno;0,85;;Montado;0;46248,35593;0,01;VERDADERO;07.Montaje_Montado
"03351-IA-2""-G1-0101-N_HOJA-1_SPXX";429;"03351-IA-2""-G1-0101-N_HOJA-1";Aire Instrumentación;03350-02-07;;TORRE TRASFERENCIA;"03351-IA-2""-G1-0101-N";1;0;SPXX;2;N;AG;Aire de Instrumentacion ;EPC-9;;0;0;;01.En Fabricacion;;;;;Terreno;0;;;;;;VERDADERO;01.En Fabricacion_
"03351-IA-2""-G1-0110-N_HOJA-1_SPXX";430;"03351-IA-2""-G1-0110-N_HOJA-1";Aire Instrumentación;03350-02-07;;PIPE RACK ;"03351-IA-2""-G1-0110-N";1;0;SPXX;2;N;AG;Aire de Instrumentacion ;EPC-9;;0;0;;00.Eliminado;;;;;Terreno;0;;Eliminado;0;46249,65891;0;VERDADERO;00.Eliminado_Eliminado
"03351-IA-2""-G1-0112-N_HOJA-1_SPXX";431;"03351-IA-2""-G1-0112-N_HOJA-1";Aire Instrumentación;03350-02-07;;PIPE RACK ;"03351-IA-2""-G1-0112-N";1;0;SPXX;2;N;AG;Aire de Instrumentacion ;EPC-9;;0;0;;00.Eliminado;;;;;Terreno;0;;Eliminado;Terreno;46251,35501;0;VERDADERO;00.Eliminado_Eliminado
"03351-IA-2""-G1-0112-N_HOJA-2_SPXX";432;"03351-IA-2""-G1-0112-N_HOJA-2";Aire Instrumentación;03350-02-07;;PIPE RACK ;"03351-IA-2""-G1-0112-N";2;0;SPXX;2;N;AG;Aire de Instrumentacion ;EPC-9;;0;0;;00.Eliminado;;;;;Terreno;0;;Eliminado;Terreno;46251,35513;0;VERDADERO;00.Eliminado_Eliminado
"03351-IA-2""-G1-0112-N_HOJA-3_SPXX";433;"03351-IA-2""-G1-0112-N_HOJA-3";Aire Instrumentación;03350-02-07;;PIPE RACK ;"03351-IA-2""-G1-0112-N";3;0;SPXX;2;N;AG;Aire de Instrumentacion ;EPC-9;;0;0;;00.Eliminado;;;;;Terreno;0;;Eliminado;Terreno;46251,35524;0;VERDADERO;00.Eliminado_Eliminado
"03351-PW-2""-C1-0014-N_HOJA-1_SPXX";434;"03351-PW-2""-C1-0014-N_HOJA-1";Agua de Proceso;03350-02-01;;TORRE TRASFERENCIA;"03351-PW-2""-C1-0014-N";1;0;SPXX;2;N;CS;Agua de Proceso;EPC-9;;0;0;;;;;;;;0;;;;;;VERDADERO;_
"03351-PW-2""-C1-0024-N_HOJA-1_SPXX";435;"03351-PW-2""-C1-0024-N_HOJA-1";Agua de Proceso;03350-02-01;;BAJO ESPESADOR;"03351-PW-2""-C1-0024-N";1;0;SPXX;2;N;CS;Agua de Proceso;EPC-9;;0;0;;;;;;;;0;;;;;;VERDADERO;_
"03351-PW-2""-C1-0025-N_HOJA-1_SPXX";436;"03351-PW-2""-C1-0025-N_HOJA-1";Agua de Proceso;03350-02-01;;BAJO ESPESADOR;"03351-PW-2""-C1-0025-N";1;0;SPXX;2;N;CS;Agua de Proceso;EPC-9;;0;0;;06.Posicionado;05/04/2026;10/05/2026;08/08/2027;;Terreno;0,45;;Posicionado;0;46247,72828;0;VERDADERO;06.Posicionado_Posicionado
"03351-PW-2""-C1-0026-N_HOJA-1_SPXX";437;"03351-PW-2""-C1-0026-N_HOJA-1";Agua de Proceso;03350-02-01;;BAJO ESPESADOR;"03351-PW-2""-C1-0026-N";1;0;SPXX;2;N;CS;Agua de Proceso;EPC-9;;0;0;;;;;;;;0;;;;;;VERDADERO;_
"03351-PW-2""-C1-0028-N_HOJA-1_SPXX";438;"03351-PW-2""-C1-0028-N_HOJA-1";Agua de Proceso;03350-02-01;;BAJO ESPESADOR;"03351-PW-2""-C1-0028-N";1;0;SPXX;2;N;CS;Agua de Proceso;EPC-9;;0;0;;;;;;;;0;;;;;;VERDADERO;_
"03351-PW-2""-C1-0038-N_HOJA-1_SPXX";439;"03351-PW-2""-C1-0038-N_HOJA-1";Agua de Proceso;03350-02-01;;TORRE TRASFERENCIA;"03351-PW-2""-C1-0038-N";1;0;SPXX;2;N;CS;Agua de Proceso;EPC-9;;0;0;;06.Posicionado;05/07/2025;05/07/2025;13/08/2026;;Terreno;0,45;;Posicionado;Terreno;46247,72735;0;VERDADERO;06.Posicionado_Posicionado
"03351-PW-2""-C1-0039-N_HOJA-1_SPXX";440;"03351-PW-2""-C1-0039-N_HOJA-1";Agua de Proceso;03350-02-01;;TORRE TRASFERENCIA;"03351-PW-2""-C1-0039-N";1;0;SPXX;2;N;CS;Agua de Proceso;EPC-9;;0;0;;;;;;;;0;;;;;;VERDADERO;_
"03351-PW-2""-C1-0044-N_HOJA-1_SPXX";441;"03351-PW-2""-C1-0044-N_HOJA-1";Agua de Proceso;03350-02-01;;BAJO ESPESADOR ;"03351-PW-2""-C1-0044-N";1;0;SPXX;2;N;CS;Agua de Proceso;EPC-9;;0;0;;06.Posicionado;05/07/2025;05/07/2025;13/08/2026;;Terreno;0,45;;Posicionado;Terreno;46247,70902;0;VERDADERO;06.Posicionado_Posicionado
"03351-PW-2""-C1-0048-N_HOJA-1_SPXX";442;"03351-PW-2""-C1-0048-N_HOJA-1";Agua de Proceso;03350-02-01;;BAJO ESPESADOR;"03351-PW-2""-C1-0048-N";1;0;SPXX;2;N;CS;Agua de Proceso;EPC-9;;0;0;;06.Posicionado;05/07/2025;05/07/2025;13/08/2026;;Terreno;0,45;;Posicionado;Terreno;46247,70953;0;VERDADERO;06.Posicionado_Posicionado
"03351-PW-2""-C1-0049-N_HOJA-1_SPXX";443;"03351-PW-2""-C1-0049-N_HOJA-1";Agua de Proceso;03350-02-01;;BAJO ESPESADOR;"03351-PW-2""-C1-0049-N";1;0;SPXX;2;N;CS;Agua de Proceso;EPC-9;;0;0;;06.Posicionado;05/07/2026;05/07/2026;13/08/2026;;Terreno;0,45;;Posicionado;Terreno;46247,72715;0;VERDADERO;06.Posicionado_Posicionado
"03351-PW-2""-C1-0051-N_HOJA-1_SPXX";444;"03351-PW-2""-C1-0051-N_HOJA-1";Agua de Proceso;03350-02-01;;BAJO ESPESADOR;"03351-PW-2""-C1-0051-N";1;0;SPXX;2;N;CS;Agua de Proceso;EPC-9;;0;0;;;;;;;;0;;;;;;VERDADERO;_
"03351-PW-2""-C1-0052-N_HOJA-1_SPXX";445;"03351-PW-2""-C1-0052-N_HOJA-1";Agua de Proceso;03350-02-01;;BAJO ESPESADOR;"03351-PW-2""-C1-0052-N";1;0;SPXX;2;N;CS;Agua de Proceso;EPC-9;;0;0;;;;;;;;0;;En Fabricación;Terreno;46247,95583;0;VERDADERO;_En Fabricación
"03351-PW-2""-C1-0053-N_HOJA-1_SPXX";446;"03351-PW-2""-C1-0053-N_HOJA-1";Agua de Proceso;03350-02-01;;BAJO ESPESADOR;"03351-PW-2""-C1-0053-N";1;0;SPXX;2;N;CS;Agua de Proceso;EPC-9;;0;0;;;;;;;;0;;En Fabricación;Terreno;46247,95748;0;VERDADERO;_En Fabricación
"03351-PW-2""-C1-0054-N_HOJA-1_SPXX";447;"03351-PW-2""-C1-0054-N_HOJA-1";Agua de Proceso;03350-02-01;;PIPE RACK ;"03351-PW-2""-C1-0054-N";1;0;SPXX;2;N;CS;Agua de Proceso;EPC-9;;0;0;;;;;;;;0;;;;;;VERDADERO;_
"03351-PW-2""-C1-0055-N_HOJA-1_SPXX";448;"03351-PW-2""-C1-0055-N_HOJA-1";Agua de Proceso;03350-02-01;;PIPE RACK ;"03351-PW-2""-C1-0055-N";1;0;SPXX;2;N;CS;Agua de Proceso;EPC-9;;0;0;;;;;;;;0;;;;;;VERDADERO;_
"03351-PW-2""-C1-0056-N_HOJA-1_SPXX";449;"03351-PW-2""-C1-0056-N_HOJA-1";Agua de Proceso;03350-02-01;;PIPE RACK ;"03351-PW-2""-C1-0056-N";1;0;SPXX;2;N;CS;Agua de Proceso;EPC-9;;0;0;;;;;;;;0;;;;;;VERDADERO;_
"03351-GW-2""-C1-0078-N_HOJA-1_SPXX";450;"03351-GW-2""-C1-0078-N_HOJA-1";Agua de Sello;03350-02-02;;TORRE TRASFERENCIA;"03351-GW-2""-C1-0078-N";1;0;SPXX;2;N;CS;Agua de Proceso;EPC-9;;0;0;;06.Posicionado;23/04/2026;23/04/2026;24/08/2026;;;0,45;;Posicionado;Terreno;46258,78139;0;VERDADERO;06.Posicionado_Posicionado
"03351-PW-2""-C1-0081-N_HOJA-1_SPXX";451;"03351-PW-2""-C1-0081-N_HOJA-1";Agua de Proceso;03350-02-01;;TORRE TRASFERENCIA;"03351-PW-2""-C1-0081-N";1;0;SPXX;2;N;CS;Agua de Proceso;EPC-9;;0;0;;;;;;;;0;;;;;;VERDADERO;_
"03351-PW-2""-C1-0082-N_HOJA-1_SPXX";452;"03351-PW-2""-C1-0082-N_HOJA-1";Agua de Proceso;03350-02-01;;TORRE TRASFERENCIA;"03351-PW-2""-C1-0082-N";1;0;SPXX;2;N;CS;Agua de Proceso;EPC-9;;0;0;;;;;;;;0;;;;;;VERDADERO;_
"03351-PW-2""-C1-0083-N_HOJA-1_SPXX";453;"03351-PW-2""-C1-0083-N_HOJA-1";Agua de Proceso;03350-02-01;;TORRE TRASFERENCIA;"03351-PW-2""-C1-0083-N";1;0;SPXX;2;N;CS;Agua de Proceso;EPC-9;;0;0;;;;;;;;0;;;;;;VERDADERO;_
"03351-PW-2""-C1-0084-N_HOJA-1_SPXX";454;"03351-PW-2""-C1-0084-N_HOJA-1";Agua de Proceso;03350-02-01;;TORRE TRASFERENCIA;"03351-PW-2""-C1-0084-N";1;0;SPXX;2;N;CS;Agua de Proceso;EPC-9;;0;0;;;;;;;;0;;;;;;VERDADERO;_
"03351-PW-2""-C1-0085-N_HOJA-1_SPXX";455;"03351-PW-2""-C1-0085-N_HOJA-1";Agua de Proceso;03350-02-01;;BAJO ESPESADOR;"03351-PW-2""-C1-0085-N";1;0;SPXX;2;N;CS;Agua de Proceso;EPC-9;;0;0;;06.Posicionado;05/04/2026;10/05/2026;07/08/2026;;Terreno;0,45;;Posicionado;Terreno;46242,45601;0;VERDADERO;06.Posicionado_Posicionado
"03351-PW-2""-C1-0088-N_HOJA-1_SPXX";456;"03351-PW-2""-C1-0088-N_HOJA-1";Agua de Proceso;03350-02-01;;TORRE TRASFERENCIA;"03351-PW-2""-C1-0088-N";1;0;SPXX;2;N;CS;Agua de Proceso;EPC-9;;0;0;;;;;;;;0;;;;;;VERDADERO;_
"03351-PW-2""-C1-0089-N_HOJA-1_SPXX";457;"03351-PW-2""-C1-0089-N_HOJA-1";Agua de Proceso;03350-02-01;;TORRE TRASFERENCIA;"03351-PW-2""-C1-0089-N";1;0;SPXX;2;N;CS;Agua de Proceso;EPC-9;;0;0;;;;;;;;0;;;;;;VERDADERO;_
"03351-PW-2""-C1-0090-N_HOJA-1_SPXX";458;"03351-PW-2""-C1-0090-N_HOJA-1";Agua de Proceso;03350-02-01;;TORRE TRASFERENCIA;"03351-PW-2""-C1-0090-N";1;0;SPXX;2;N;CS;Agua de Proceso;EPC-9;;0;0;;06.Posicionado;;;;;;0;;;;;;VERDADERO;06.Posicionado_
"03351-PW-2""-C1-0091-N_HOJA-1_SPXX";459;"03351-PW-2""-C1-0091-N_HOJA-1";Agua de Proceso;03350-02-01;;BAJO ESPESADOR;"03351-PW-2""-C1-0091-N";1;0;SPXX;2;N;CS;Agua de Proceso;EPC-9;;0;0;;06.Posicionado;;;14/08/2026;;Terreno;0,15;;Posicionado;Terreno;46249,66032;0;VERDADERO;06.Posicionado_Posicionado
"03351-PW-2""-C1-0092-N_HOJA-1_SPXX";460;"03351-PW-2""-C1-0092-N_HOJA-1";Agua de Proceso;03350-02-01;;BAJO ESPESADOR;"03351-PW-2""-C1-0092-N";1;0;SPXX;2;N;CS;Agua de Proceso;EPC-9;;0;0;;07.Montaje;15/05/2026;10/06/2026;13/08/2025;13/08/2025;Terreno;0,85;;Montado;Terreno;46247,62507;0,01;VERDADERO;07.Montaje_Montado
"03351-PW-2""-C1-0093-N_HOJA-1_SPXX";461;"03351-PW-2""-C1-0093-N_HOJA-1";Agua de Proceso;03350-02-01;;BAJO ESPESADOR;"03351-PW-2""-C1-0093-N";1;0;SPXX;2;N;CS;Agua de Proceso;EPC-9;;0;0;;;;;;;;0;;;;;;VERDADERO;_
"03351-PW-4""-C1-0016-N_HOJA-1_SP01";462;"03351-PW-4""-C1-0016-N_HOJA-1";Agua de Proceso;03350-02-01;;TORRE TRASFERENCIA;"03351-PW-4""-C1-0016-N";1;0;SP01;4;N;CS;Agua de Proceso;EPC-9;;3;3;;07.Montaje;02/07/2026;02/07/2026;07/07/2026;07/07/2026;Terreno;0,85;;Montado;Terreno;46210,35878;2,02;VERDADERO;07.Montaje_Montado
"03351-PW-4""-C1-0016-N_HOJA-1_SP02";463;"03351-PW-4""-C1-0016-N_HOJA-1";Agua de Proceso;03350-02-01;;TORRE TRASFERENCIA;"03351-PW-4""-C1-0016-N";1;0;SP02;4;N;CS;Agua de Proceso;EPC-9;;2;2;;07.Montaje;02/07/2026;02/07/2026;07/07/2026;07/07/2026;Terreno;0,85;;Montado;Terreno;46210,35939;0,57;VERDADERO;07.Montaje_Montado
"03351-PW-4""-C1-0016-N_HOJA-1_SP03";464;"03351-PW-4""-C1-0016-N_HOJA-1";Agua de Proceso;03350-02-01;;TORRE TRASFERENCIA;"03351-PW-4""-C1-0016-N";1;0;SP03;4;N;CS;Agua de Proceso;EPC-9;;2;2;;07.Montaje;02/07/2026;02/07/2026;07/07/2026;07/07/2026;Terreno;0,85;;Montado;Terreno;46210,35975;6,73;VERDADERO;07.Montaje_Montado
"03351-PW-4""-C1-0016-N_HOJA-1_SP04";465;"03351-PW-4""-C1-0016-N_HOJA-1";Agua de Proceso;03350-02-01;;TORRE TRASFERENCIA;"03351-PW-4""-C1-0016-N";1;0;SP04;4;N;CS;Agua de Proceso;EPC-9;;5;5;;07.Montaje;02/07/2026;02/07/2026;07/07/2026;07/07/2026;Terreno;0,85;;Montado;Terreno;46210,36005;2,9;VERDADERO;07.Montaje_Montado
"03351-PW-4""-C1-0016-N_HOJA-1_SP05";466;"03351-PW-4""-C1-0016-N_HOJA-1";Agua de Proceso;03350-02-01;;TORRE TRASFERENCIA;"03351-PW-4""-C1-0016-N";1;0;SP05;4;N;CS;Agua de Proceso;EPC-9;;2;2;;07.Montaje;02/07/2026;02/07/2026;07/07/2026;07/07/2026;Terreno;0,85;;Montado;Terreno;46210,36054;0,3;VERDADERO;07.Montaje_Montado
"03351-PW-4""-C1-0016-N_HOJA-1_SP06";467;"03351-PW-4""-C1-0016-N_HOJA-1";Agua de Proceso;03350-02-01;;TORRE TRASFERENCIA;"03351-PW-4""-C1-0016-N";1;0;SP06;4;N;CS;Agua de Proceso;EPC-9;;2;2;;00.Eliminado;;;;;Borde Rio;0;Eliminado es un Filtro Y;Eliminado;0;46175,77934;0;VERDADERO;00.Eliminado_Eliminado
"03351-PW-4""-C1-0016-N_HOJA-1_SP07";468;"03351-PW-4""-C1-0016-N_HOJA-1";Agua de Proceso;03350-02-01;;TORRE TRASFERENCIA;"03351-PW-4""-C1-0016-N";1;0;SP07;4;N;CS;Agua de Proceso;EPC-9;;2;2;;07.Montaje;02/07/2026;02/07/2026;07/07/2026;07/07/2026;Terreno;0,85;;Montado;Terreno;46210,36087;0,3;VERDADERO;07.Montaje_Montado
"03351-PW-4""-C1-0016-N_HOJA-1_SP08";469;"03351-PW-4""-C1-0016-N_HOJA-1";Agua de Proceso;03350-02-01;;TORRE TRASFERENCIA;"03351-PW-4""-C1-0016-N";1;0;SP08;4;N;CS;Agua de Proceso;EPC-9;;2;2;;07.Montaje;02/07/2026;02/07/2026;07/07/2026;07/07/2026;Terreno;0,85;;Montado;Terreno;46210,36111;0,3;VERDADERO;07.Montaje_Montado
"03351-PW-4""-C1-0016-N_HOJA-1_SP09";470;"03351-PW-4""-C1-0016-N_HOJA-1";Agua de Proceso;03350-02-01;;TORRE TRASFERENCIA;"03351-PW-4""-C1-0016-N";1;0;SP09;4;N;CS;Agua de Proceso;EPC-9;;5;5;;07.Montaje;02/07/2026;02/07/2026;07/07/2026;07/07/2026;Terreno;0,85;;Montado;Terreno;46210,36131;2,06;VERDADERO;07.Montaje_Montado
"03351-PW-4""-C1-0016-N_HOJA-1_SP10";471;"03351-PW-4""-C1-0016-N_HOJA-1";Agua de Proceso;03350-02-01;;TORRE TRASFERENCIA;"03351-PW-4""-C1-0016-N";1;0;SP10;4;N;CS;Agua de Proceso;EPC-9;;2;2;;05.Por Montar;02/07/2026;02/07/2026;;;Terreno;0,3;;Montado;Terreno;46258,78333;0;VERDADERO;05.Por Montar_Montado
"03351-PW-4""-C1-0016-N_HOJA-1_SP11";472;"03351-PW-4""-C1-0016-N_HOJA-1";Agua de Proceso;03350-02-01;;TORRE TRASFERENCIA;"03351-PW-4""-C1-0016-N";1;0;SP11;4;N;CS;Agua de Proceso;EPC-9;;3;3;;05.Por Montar;;;;;Terreno;0;;Montado;Terreno;46258,78368;0;VERDADERO;05.Por Montar_Montado
"03351-PW-4""-C1-0094-N_HOJA-1_SP01";473;"03351-PW-4""-C1-0094-N_HOJA-1";Agua de Proceso;03350-02-01;;TORRE TRASFERENCIA;"03351-PW-4""-C1-0094-N";1;0;SP01;4;N;CS;Agua de Proceso;EPC-9;;3;3;;07.Montaje;02/07/2026;02/07/2026;07/07/2026;07/07/2026;Terreno;0,85;;Montado;Terreno;46210,31685;1,12;VERDADERO;07.Montaje_Montado
"03351-PW-4""-C1-0094-N_HOJA-1_SP02";474;"03351-PW-4""-C1-0094-N_HOJA-1";Agua de Proceso;03350-02-01;;TORRE TRASFERENCIA;"03351-PW-4""-C1-0094-N";1;0;SP02;4;N;CS;Agua de Proceso;EPC-9;;2;2;;07.Montaje;02/07/2026;02/07/2026;07/07/2026;07/07/2026;Terreno;0,85;;Montado;Terreno;46210,31753;0,25;VERDADERO;07.Montaje_Montado
"03351-PW-4""-C1-0094-N_HOJA-1_SP03";475;"03351-PW-4""-C1-0094-N_HOJA-1";Agua de Proceso;03350-02-01;;TORRE TRASFERENCIA;"03351-PW-4""-C1-0094-N";1;0;SP03;4;N;CS;Agua de Proceso;EPC-9;;2;2;;00.Eliminado;;;;;;0;ELIMINADO;Eliminado;0;46172,34559;0;VERDADERO;00.Eliminado_Eliminado
"03351-PW-4""-C1-0094-N_HOJA-1_SP04";476;"03351-PW-4""-C1-0094-N_HOJA-1";Agua de Proceso;03350-02-01;;TORRE TRASFERENCIA;"03351-PW-4""-C1-0094-N";1;0;SP04;4;N;CS;Agua de Proceso;EPC-9;;2;2;;07.Montaje;02/07/2026;02/07/2026;07/07/2026;07/07/2026;Terreno;0,85;;Montado;Terreno;46210,31796;0,8;VERDADERO;07.Montaje_Montado
"03351-PW-4""-C1-0094-N_HOJA-1_SP05";477;"03351-PW-4""-C1-0094-N_HOJA-1";Agua de Proceso;03350-02-01;;TORRE TRASFERENCIA;"03351-PW-4""-C1-0094-N";1;0;SP05;4;N;CS;Agua de Proceso;EPC-9;;3;3;;07.Montaje;02/07/2026;02/07/2026;07/07/2026;07/07/2026;Terreno;0,85;;Montado;Terreno;46210,31819;1,13;VERDADERO;07.Montaje_Montado
"03351-PW-6""-C1-0013-N_HOJA-1_SP01";478;"03351-PW-6""-C1-0013-N_HOJA-1";Agua de Proceso;03350-02-01;;PIPE RACK ;"03351-PW-6""-C1-0013-N";1;0;SP01;6;N;CS;Agua de Proceso;EPC-9;;4;4;;00.Eliminado;;;;;;0;ELIMINADO;Eliminado;0;46176,37881;0;VERDADERO;00.Eliminado_Eliminado
"03351-PW-6""-C1-0013-N_HOJA-1_SP02";479;"03351-PW-6""-C1-0013-N_HOJA-1";Agua de Proceso;03350-02-01;;PIPE RACK ;"03351-PW-6""-C1-0013-N";1;0;SP02;6;N;CS;Agua de Proceso;EPC-9;;2;2;;00.Eliminado;;;;;;0;ELIMINADO;Eliminado;0;46176,37894;0;VERDADERO;00.Eliminado_Eliminado
"03351-PW-6""-C1-0013-N_HOJA-1_SP03";480;"03351-PW-6""-C1-0013-N_HOJA-1";Agua de Proceso;03350-02-01;;PIPE RACK ;"03351-PW-6""-C1-0013-N";1;0;SP03;6;N;CS;Agua de Proceso;EPC-9;;2;2;;00.Eliminado;;;;;;0;ELIMINADO;Eliminado;0;46176,37902;0;VERDADERO;00.Eliminado_Eliminado
"03351-PW-6""-C1-0013-N_HOJA-1_SP04";481;"03351-PW-6""-C1-0013-N_HOJA-1";Agua de Proceso;03350-02-01;;PIPE RACK ;"03351-PW-6""-C1-0013-N";1;0;SP04;6;N;CS;Agua de Proceso;EPC-9;;3;3;;00.Eliminado;;;;;;0;ELIMINADO;Eliminado;0;46176,37907;0;VERDADERO;00.Eliminado_Eliminado
"03351-PW-6""-C1-0013-N_HOJA-1_SP05";482;"03351-PW-6""-C1-0013-N_HOJA-1";Agua de Proceso;03350-02-01;;PIPE RACK ;"03351-PW-6""-C1-0013-N";1;0;SP05;6;N;CS;Agua de Proceso;EPC-9;;2;2;;00.Eliminado;;;;;;0;ELIMINADO;Eliminado;0;46176,37916;0;VERDADERO;00.Eliminado_Eliminado
"03351-PW-6""-C1-0013-N_HOJA-1_SP06";483;"03351-PW-6""-C1-0013-N_HOJA-1";Agua de Proceso;03350-02-01;;PIPE RACK ;"03351-PW-6""-C1-0013-N";1;0;SP06;6;N;CS;Agua de Proceso;EPC-9;;2;2;;00.Eliminado;;;;;;0;ELIMINADO;Eliminado;0;46176,37922;0;VERDADERO;00.Eliminado_Eliminado
"03351-PW-6""-C1-0013-N_HOJA-1_SP07";484;"03351-PW-6""-C1-0013-N_HOJA-1";Agua de Proceso;03350-02-01;;PIPE RACK ;"03351-PW-6""-C1-0013-N";1;0;SP07;6;N;CS;Agua de Proceso;EPC-9;;1;1;;00.Eliminado;;;;;;0;ELIMINADO;Eliminado;0;46176,37928;0;VERDADERO;00.Eliminado_Eliminado
"03351-PW-6""-C1-0013-N_HOJA-2_SP01";485;"03351-PW-6""-C1-0013-N_HOJA-2";Agua de Proceso;03350-02-01;;PIPE RACK ;"03351-PW-6""-C1-0013-N";2;0;SP01;6;N;CS;Agua de Proceso;EPC-9;;3;3;;00.Eliminado;;;;;;0;ELIMINADO;Eliminado;0;46176,38013;0;VERDADERO;00.Eliminado_Eliminado
"03351-PW-6""-C1-0013-N_HOJA-2_SP02";486;"03351-PW-6""-C1-0013-N_HOJA-2";Agua de Proceso;03350-02-01;;PIPE RACK ;"03351-PW-6""-C1-0013-N";2;0;SP02;6;N;CS;Agua de Proceso;EPC-9;;0;0;;00.Eliminado;;;;;;0;ELIMINADO;Eliminado;0;46176,38019;0;VERDADERO;00.Eliminado_Eliminado
"03351-PW-6""-C1-0013-N_HOJA-2_SP03";487;"03351-PW-6""-C1-0013-N_HOJA-2";Agua de Proceso;03350-02-01;;PIPE RACK ;"03351-PW-6""-C1-0013-N";2;0;SP03;6;N;CS;Agua de Proceso;EPC-9;;2;2;;00.Eliminado;;;;;;0;ELIMINADO;Eliminado;0;46176,38027;0;VERDADERO;00.Eliminado_Eliminado
"03351-PW-6""-C1-0013-N_HOJA-2_SP04";488;"03351-PW-6""-C1-0013-N_HOJA-2";Agua de Proceso;03350-02-01;;PIPE RACK ;"03351-PW-6""-C1-0013-N";2;0;SP04;6;N;CS;Agua de Proceso;EPC-9;;2;2;;00.Eliminado;;;;;;0;ELIMINADO;Eliminado;0;46176,38032;0;VERDADERO;00.Eliminado_Eliminado
"03351-PW-6""-C1-0013-N_HOJA-2_SP05";489;"03351-PW-6""-C1-0013-N_HOJA-2";Agua de Proceso;03350-02-01;;PIPE RACK ;"03351-PW-6""-C1-0013-N";2;0;SP05;6;N;CS;Agua de Proceso;EPC-9;;1;1;;00.Eliminado;;;;;;0;ELIMINADO;Eliminado;0;46176,38041;0;VERDADERO;00.Eliminado_Eliminado
"03351-PW-6""-C1-0013-N_HOJA-3_SP01";490;"03351-PW-6""-C1-0013-N_HOJA-3";;;;PIPE RACK ;"03351-PW-6""-C1-0013-N";3;0;SP01;6;N;CS;Agua de Proceso;EPC-9;;0;0;;00.Eliminado;;;;;;0;ELIMINADO;Eliminado;0;46213,43992;0;VERDADERO;00.Eliminado_Eliminado
"03351-PW-6""-C1-0013-N_HOJA-3_SP02";491;"03351-PW-6""-C1-0013-N_HOJA-3";;;;PIPE RACK ;"03351-PW-6""-C1-0013-N";3;0;SP02;6;N;CS;Agua de Proceso;EPC-9;;0;0;;00.Eliminado;09/07/2026;09/07/2026;;;;0,3;ELIMINADO;Por Montar;0;46212,44902;0;VERDADERO;00.Eliminado_Por Montar
"03351-PW-6""-C1-0013-N_HOJA-3_SP03";492;"03351-PW-6""-C1-0013-N_HOJA-3";;;;PIPE RACK ;"03351-PW-6""-C1-0013-N";3;0;SP03;6;N;CS;Agua de Proceso;EPC-9;;0;0;;00.Eliminado;;;;;Casona;0;;Por Montar;Casona;46238,36034;0;VERDADERO;00.Eliminado_Por Montar
"03351-PW-6""-C1-0013-N_HOJA-3_SP04";493;"03351-PW-6""-C1-0013-N_HOJA-3";Agua de Proceso;03350-02-01;;PIPE RACK ;"03351-PW-6""-C1-0013-N";3;0;SP04;6;N;CS;Agua de Proceso;EPC-9;;2;2;;07.Montaje;15/05/2026;10/06/2026;17/06/2026;19/08/2026;Terreno;0,85;;;;;;VERDADERO;07.Montaje_
"03351-PW-6""-C1-0013-N_HOJA-3_SP05";494;"03351-PW-6""-C1-0013-N_HOJA-3";Agua de Proceso;03350-02-01;;PIPE RACK ;"03351-PW-6""-C1-0013-N";3;0;SP05;6;N;CS;Agua de Proceso;EPC-9;;4;4;;07.Montaje;15/05/2026;10/06/2026;17/06/2026;19/08/2026;Terreno;0,85;;;;;;VERDADERO;07.Montaje_
"03351-PW-6""-C1-0013-N_HOJA-3_SP06";495;"03351-PW-6""-C1-0013-N_HOJA-3";Agua de Proceso;03350-02-01;;PIPE RACK ;"03351-PW-6""-C1-0013-N";3;0;SP06;6;N;CS;Agua de Proceso;EPC-9;;0;0;6;07.Montaje;15/05/2026;10/06/2026;17/06/2026;17/06/2026;Terreno;0,85;;Montado;Terreno;46191,68557;0;VERDADERO;07.Montaje_Montado
"03351-PW-6""-C1-0013-N_HOJA-3_SP07";496;"03351-PW-6""-C1-0013-N_HOJA-3";Agua de Proceso;03350-02-01;;PIPE RACK ;"03351-PW-6""-C1-0013-N";3;0;SP07;6;N;CS;Agua de Proceso;EPC-9;;3;3;6;07.Montaje;15/05/2026;10/06/2026;17/06/2026;18/06/2026;Terreno;0,85;;Montado;Terreno;46191,68597;0;VERDADERO;07.Montaje_Montado
"03351-PW-6""-C1-0013-N_HOJA-3_SP08";497;"03351-PW-6""-C1-0013-N_HOJA-3";Agua de Proceso;03350-02-01;;PIPE RACK ;"03351-PW-6""-C1-0013-N";3;0;SP08;6;N;CS;Agua de Proceso;EPC-9;;1;1;;07.Montaje;05/04/2026;10/05/2026;16/08/2026;19/08/2026;Terreno;0,85;Agregar niple por terreno;Posicionado;Terreno;46250,90485;0;VERDADERO;07.Montaje_Posicionado
"03351-PW-6""-C1-0013-N_HOJA-4_SP01";498;"03351-PW-6""-C1-0013-N_HOJA-4";Agua de Proceso;03350-02-01;;TORRE TRASFERENCIA;"03351-PW-6""-C1-0013-N";4;0;SP01;6;N;CS;Agua de Proceso;EPC-9;;4;4;6;07.Montaje;04/07/2026;04/07/2026;04/07/2026;04/07/2026;Terreno;0,85;falta reportar union;Montado;Terreno;46207,72895;6;VERDADERO;07.Montaje_Montado
"03351-PW-6""-C1-0013-N_HOJA-4_SP02";499;"03351-PW-6""-C1-0013-N_HOJA-4";Agua de Proceso;03350-02-01;;TORRE TRASFERENCIA;"03351-PW-6""-C1-0013-N";4;0;SP02;6;N;CS;Agua de Proceso;EPC-9;;1;1;;07.Montaje;04/07/2026;04/07/2026;04/07/2026;04/08/2026;Terreno;0,85;;Montado;Terreno;46238,6183;0,01;VERDADERO;07.Montaje_Montado
"03351-PW-6""-C1-0013-N_HOJA-4_SP03";500;"03351-PW-6""-C1-0013-N_HOJA-4";Agua de Proceso;03350-02-01;;TORRE TRASFERENCIA;"03351-PW-6""-C1-0013-N";4;0;SP03;6;N;CS;Agua de Proceso;EPC-9;;1;1;;07.Montaje;04/07/2026;04/07/2026;04/07/2026;04/07/2026;Terreno;0,85;;Montado;Terreno;46238,60744;0,01;VERDADERO;07.Montaje_Montado
"03351-PW-6""-C1-0013-N_HOJA-4_SP04";501;"03351-PW-6""-C1-0013-N_HOJA-4";Agua de Proceso;03350-02-01;;TORRE TRASFERENCIA;"03351-PW-6""-C1-0013-N";4;0;SP04;6;N;CS;Agua de Proceso;EPC-9;;4;4;;07.Montaje;04/07/2026;04/07/2026;04/07/2026;04/07/2026;Terreno;0,85;;Montado;Terreno;46238,60859;0,01;VERDADERO;07.Montaje_Montado
"03351-PW-6""-C1-0013-N_HOJA-4_SP05";502;"03351-PW-6""-C1-0013-N_HOJA-4";Agua de Proceso;03350-02-01;;TORRE TRASFERENCIA;"03351-PW-6""-C1-0013-N";4;0;SP05;6;N;CS;Agua de Proceso;EPC-9;;2;2;;07.Montaje;04/07/2026;04/07/2026;04/07/2026;04/07/2026;Terreno;0,85;;Montado;Terreno;46238,609;0,01;VERDADERO;07.Montaje_Montado
"03351-PW-6""-C1-0013-N_HOJA-4_SP06";503;"03351-PW-6""-C1-0013-N_HOJA-4";Agua de Proceso;03350-02-01;;TORRE TRASFERENCIA;"03351-PW-6""-C1-0013-N";4;0;SP06;6;N;CS;Agua de Proceso;EPC-9;;2;2;;07.Montaje;04/07/2026;04/07/2026;04/07/2026;04/07/2026;Terreno;0,85;;Montado;Terreno;46238,60935;0,01;VERDADERO;07.Montaje_Montado
"03351-PW-6""-C1-0013-N_HOJA-4_SP07";504;"03351-PW-6""-C1-0013-N_HOJA-4";Agua de Proceso;03350-02-01;;TORRE TRASFERENCIA;"03351-PW-6""-C1-0013-N";4;0;SP07;6;N;CS;Agua de Proceso;EPC-9;;5;5;;07.Montaje;04/07/2026;04/07/2026;04/07/2026;04/07/2026;Terreno;0,85;;Montado;Terreno;46238,60979;0,01;VERDADERO;07.Montaje_Montado
"03351-PW-6""-C1-0013-N_HOJA-5_SP01";505;"03351-PW-6""-C1-0013-N_HOJA-5";Agua de Proceso;03350-02-01;;BAJO ESPESADOR;"03351-PW-6""-C1-0013-N";5;0;SP01;6;N;CS;Agua de Proceso;EPC-9;;1;1;;06.Posicionado;09/07/2026;09/07/2026;13/08/2026;;Terreno;0,45;;Posicionado;Terreno;46247,43303;0;VERDADERO;06.Posicionado_Posicionado
"03351-PW-6""-C1-0013-N_HOJA-5_SP02";506;"03351-PW-6""-C1-0013-N_HOJA-5";Agua de Proceso;03350-02-01;;BAJO ESPESADOR;"03351-PW-6""-C1-0013-N";5;0;SP02;6;N;CS;Agua de Proceso;EPC-9;;2;1;;06.Posicionado;09/07/2026;09/07/2026;13/08/2026;;Terreno;0,45;;Posicionado;Terreno;46247,43313;0;FALSO;06.Posicionado_Posicionado
"03351-PW-6""-C1-0013-N_HOJA-5_SP03";507;"03351-PW-6""-C1-0013-N_HOJA-5";Agua de Proceso;03350-02-01;;BAJO ESPESADOR;"03351-PW-6""-C1-0013-N";5;0;SP03;6;N;CS;Agua de Proceso;EPC-9;;1;1;;06.Posicionado;09/07/2026;09/07/2026;13/08/2026;;Terreno;0,45;;Posicionado;Terreno;46247,43324;0;VERDADERO;06.Posicionado_Posicionado
"03351-PW-6""-C1-0013-N_HOJA-5_SP04";508;"03351-PW-6""-C1-0013-N_HOJA-5";Agua de Proceso;03350-02-01;;BAJO ESPESADOR;"03351-PW-6""-C1-0013-N";5;0;SP04;6;N;CS;Agua de Proceso;EPC-9;;2;2;;06.Posicionado;09/07/2026;09/07/2026;10/08/2026;;Terreno;0,45;;Posicionado;Terreno;46245,43281;0;VERDADERO;06.Posicionado_Posicionado
"03351-PW-6""-C1-0013-N_HOJA-5_SP05";509;"03351-PW-6""-C1-0013-N_HOJA-5";Agua de Proceso;03350-02-01;;BAJO ESPESADOR;"03351-PW-6""-C1-0013-N";5;0;SP05;6;N;CS;Agua de Proceso;EPC-9;;9;9;;06.Posicionado;09/07/2026;09/07/2026;13/08/2026;;Terreno;0,45;;Posicionado;Terreno;46247,43336;0;VERDADERO;06.Posicionado_Posicionado
03351-RW-250-H1-0009-N_HOJA-1_SP01;510;03351-RW-250-H1-0009-N_HOJA-1;Agua Recuperada;03350-02-04;;TORRE TRASFERENCIA;03351-RW-250-H1-0009-N;1;0;SP01;10;N;HDPE;Agua Recuperada;N/A;N/A;1;0;;05.Por Montar;15/05/2026;16/06/2026;;;Borde rio;0,3;Falta Reportar union;Por Montar;Borde rio;46203,73388;0;FALSO;05.Por Montar_Por Montar
03351-RW-250-H1-0009-N_HOJA-1_SP02;511;03351-RW-250-H1-0009-N_HOJA-1;Agua Recuperada;03350-02-04;;TORRE TRASFERENCIA;03351-RW-250-H1-0009-N;1;0;SP02;10;N;HDPE;Agua Recuperada;N/A;N/A;2;0;;05.Por Montar;15/05/2026;16/06/2026;;;Borde rio;0,3;Falta Reportar union;Por Montar;Borde rio;46203,74738;0;FALSO;05.Por Montar_Por Montar
03351-RW-250-H1-0009-N_HOJA-1_SP03;512;03351-RW-250-H1-0009-N_HOJA-1;Agua Recuperada;03350-02-04;;TORRE TRASFERENCIA;03351-RW-250-H1-0009-N;1;0;SP03;10;N;HDPE;Agua Recuperada;N/A;N/A;4;3;;01.En Fabricacion;;;;;;0;;En Fabricación;0;46212,65902;0;FALSO;01.En Fabricacion_En Fabricación
03351-RW-250-H1-0010-N_HOJA-1_SP01;513;03351-RW-250-H1-0010-N_HOJA-1;Agua Recuperada;03350-02-04;;TORRE TRASFERENCIA;03351-RW-250-H1-0010-N;1;0;SP01;10;N;HDPE;Agua Recuperada;N/A;N/A;1;0;;;;;;;;0;;;;;;FALSO;_
03351-RW-250-H1-0010-N_HOJA-1_SP02;514;03351-RW-250-H1-0010-N_HOJA-1;Agua Recuperada;03350-02-04;;TORRE TRASFERENCIA;03351-RW-250-H1-0010-N;1;0;SP02;10;N;HDPE;Agua Recuperada;N/A;N/A;2;0;;;;;;;;0;;;;;;FALSO;_
03351-RW-250-H1-0010-N_HOJA-1_SP03;515;03351-RW-250-H1-0010-N_HOJA-1;Agua Recuperada;03350-02-04;;TORRE TRASFERENCIA;03351-RW-250-H1-0010-N;1;0;SP03;10;N;HDPE;Agua Recuperada;N/A;N/A;6;5;;01.En Fabricacion;;;;;;0;;En Fabricación;0;46212,65906;0;FALSO;01.En Fabricacion_En Fabricación
03351-RW-250-H1-0011-N_HOJA-1_SP01;516;03351-RW-250-H1-0011-N_HOJA-1;Agua Recuperada;03350-02-04;;TORRE TRASFERENCIA;03351-RW-250-H1-0011-N;1;0;SP01;10;N;HDPE;Agua Recuperada;N/A;N/A;3;2;;01.En Fabricacion;;;;;Borde rio;0;;En Fabricación;Borde rio;46203,75411;0;FALSO;01.En Fabricacion_En Fabricación
03351-RW-250-H1-0011-N_HOJA-1_SP02;517;03351-RW-250-H1-0011-N_HOJA-1;Agua Recuperada;03350-02-04;;TORRE TRASFERENCIA;03351-RW-250-H1-0011-N;1;0;SP02;10;N;HDPE;Agua Recuperada;N/A;N/A;2;0;;;;;;;;0;;;;;;FALSO;_
03351-RW-250-H1-0011-N_HOJA-1_SP03;518;03351-RW-250-H1-0011-N_HOJA-1;Agua Recuperada;03350-02-04;;TORRE TRASFERENCIA;03351-RW-250-H1-0011-N;1;0;SP03;10;N;HDPE;Agua Recuperada;N/A;N/A;5;2;;01.En Fabricacion;;;;;Borde rio;0;;En Fabricación;Borde rio;46203,75453;0;FALSO;01.En Fabricacion_En Fabricación
03351-RW-450-H1-0008-N_HOJA-1_SP01;519;03351-RW-450-H1-0008-N_HOJA-1;Agua Recuperada;03350-02-04;;TORRE TRASFERENCIA;03351-RW-450-H1-0008-N;1;0;SP01;18;N;HDPE;Agua Recuperada;N/A;N/A;4;0;;;;;;;;0;;;;;;FALSO;_
03351-RW-450-H1-0008-N_HOJA-1_SP02;520;03351-RW-450-H1-0008-N_HOJA-1;Agua Recuperada;03350-02-04;;TORRE TRASFERENCIA;03351-RW-450-H1-0008-N;1;0;SP02;14;N;HDPE;Agua Recuperada;N/A;N/A;2;2;;06.Posicionado;10/07/2026;10/07/2026;13/08/2026;;Terreno;0,45;;Posicionado;Terreno;46238,36311;0;VERDADERO;06.Posicionado_Posicionado
03351-RW-450-H1-0008-N_HOJA-1_SP03;521;03351-RW-450-H1-0008-N_HOJA-1;Agua Recuperada;03350-02-04;;TORRE TRASFERENCIA;03351-RW-450-H1-0008-N;1;0;SP03;14;N;HDPE;Agua Recuperada;N/A;N/A;1;1;;06.Posicionado;09/07/2026;09/07/2026;13/08/2026;;Terreno;0,45;;Posicionado;Terreno;46239,88449;0;VERDADERO;06.Posicionado_Posicionado
03351-RW-450-H1-0008-N_HOJA-1_SP04;522;03351-RW-450-H1-0008-N_HOJA-1;Agua Recuperada;03350-02-04;;TORRE TRASFERENCIA;03351-RW-450-H1-0008-N;1;0;SP04;14;N;HDPE;Agua Recuperada;N/A;N/A;3;0;;;;;;;;0;;;;;;FALSO;_
03351-RW-450-H1-0008-N_HOJA-1_SP05;523;03351-RW-450-H1-0008-N_HOJA-1;Agua Recuperada;03350-02-04;;TORRE TRASFERENCIA;03351-RW-450-H1-0008-N;1;0;SP05;14;N;HDPE;Agua Recuperada;N/A;N/A;1;0;;;;;;;;0;;;;;;FALSO;_
03351-RW-450-H1-0008-N_HOJA-1_SP06;524;03351-RW-450-H1-0008-N_HOJA-1;Agua Recuperada;03350-02-04;;TORRE TRASFERENCIA;03351-RW-450-H1-0008-N;1;0;SP06;14;N;HDPE;Agua Recuperada;N/A;N/A;5;0;;;;;;;;0;;;;;;FALSO;_
"03351-CT-6""-C3-0018-R3_HOJA-17_SP05";525;"03351-CT-6""-C3-0018-R3_HOJA-17";Concentrado Cu-Mo;03350-02-03;;PIPE RACK ;"03351-CT-6""-C3-0018-R3";17;0;SP05;6;R3;CS;Concentrado Cu-Mo;EPC-9;8004;0;0;;05.Por Montar;09/07/2026;09/07/2026;;;Casona;0,3;;Por Montar;Casona;46212,43565;0;VERDADERO;05.Por Montar_Por Montar
