ID_MTO;TABLACUB;ITEM;EWP;CWP;CWA;PWP;ID_LINEA;ID_ISO;ID_SPOOL;CLASE;DESCRIPCION;DIAM.;CANTIDAD;UNIDAD;REVISADO;PESO_TOTAL;UNIDAD2;SUMINISTRO;GRUPO;PROVEEDOR;ORDEN_COMPRA;ETA_OBRA;RECEPCIONADO;SOLICITADO;DESPACHADO;USUARIO_COMPRA;REVISION_MAT;PRIORIDAD_FAB;CANT_REAL;UBICACION_ACTUAL;FECHA_CONTROL;OBSERV.
1.1;1;1;EWP-3351-10-PA-220;CWP-3351-10-PA-220;CWA-3351-10;PWP-3351-10-PA-220;"03351-CT-6""-C3-0018-R3";;;C3;ABRAZADERA TRUNNION;"6""";1;un;;-;kg;Contratista;ABRAZADERA;;;;;;;;DISPONIBLE;;1;;;
1.2;1;2;EWP-3351-10-PA-220;CWP-3351-10-PA-220;CWA-3351-10;PWP-3351-10-PA-220;"03351-CT-6""-C3-0021-R3";;;C3;ABRAZADERA TRUNNION;"6""";1;un;;0,01;kg;Contratista;ABRAZADERA;;;;;;;;SIN REVISAR;;;;;
1.3;1;3;EWP-3351-10-PA-220;CWP-3351-10-PA-220;CWA-3351-10;PWP-3351-10-PA-220;"03351-CT-6""-C3-0018-R3";;;C3;ACOPLE FLEXIBLE, ASTM A536, ASME B36.10 M, GE, CLASE 150;"6""";1;un;;5,44;kg;Contratista;ACOPLE FLEXIBLE;;;;;;;;SIN REVISAR;;;;;
1.4;1;4;EWP-3351-10-PA-220;CWP-3351-10-PA-220;CWA-3351-10;PWP-3351-10-PA-220;"03351-CT-6""-C3-0021-R3";;;C3;ACOPLE FLEXIBLE, ASTM A536, ASME B36.10 M, GE, CLASE 150;"6""";1;un;;5,44;kg;Contratista;ACOPLE FLEXIBLE;;;;;;;;SIN REVISAR;;;;;
1.5;1;5;EWP-3351-10-PA-220;CWP-3351-10-PA-220;CWA-3351-10;PWP-3351-10-PA-220;"03351-CT-6""-C3-0021-R3";;;C3;ACOPLE FLEXIBLE, ASTM A536, ASME B36.10 M, GE, CLASE 150;"6""";1;un;;5,44;kg;Contratista;ACOPLE FLEXIBLE;;;;;;;;SIN REVISAR;;;;;
1.6;1;6;EWP-3351-10-PA-220;CWP-3351-10-PA-220;CWA-3351-10;PWP-3351-10-PA-220;"03351-CT-6""-C3-0023-R3";;;C3;ACOPLE FLEXIBLE, ASTM A536, ASME B36.10 M, GE, CLASE 150;"4""";1;un;;3,04;kg;Contratista;ACOPLE FLEXIBLE;;;;;;;;SIN REVISAR;;;;;
1.7;1;7;EWP-3351-10-PA-220;CWP-3351-10-PA-220;CWA-3351-10;PWP-3351-10-PA-220;"03351-CT-6""-C3-0018-R3";;;C3;ACOPLE FLEXIBLE, ASTM A536, ASME B36.10 M, GE, CLASE 150;"6""";1;un;;5,44;kg;Contratista;ACOPLE FLEXIBLE;;;;;;;;SIN REVISAR;;;;;
1.8;1;8;EWP-3351-10-PA-220;CWP-3351-10-PA-220;CWA-3351-10;PWP-3351-10-PA-220;"03351-CT-6""-C3-0021-R3";;;C3;ACOPLE FLEXIBLE, ASTM A536, ASME B36.10 M, GE, CLASE 150;"6""";1;un;;5,44;kg;Contratista;ACOPLE FLEXIBLE;;;;;;;;SIN REVISAR;;;;;
1.9;1;9;EWP-3351-10-PA-220;CWP-3351-10-PA-220;CWA-3351-10;PWP-3351-10-PA-220;"03351-CT-6""-C3-0021-R3";;;C3;ACOPLE FLEXIBLE, ASTM A536, ASME B36.10 M, GE, CLASE 150;"6""";1;un;;5,44;kg;Contratista;ACOPLE FLEXIBLE;;;;;;;;SIN REVISAR;;;;;
1.10;1;10;EWP-3351-10-PA-220;CWP-3351-10-PA-220;CWA-3351-10;PWP-3351-10-PA-220;"03351-CT-6""-C3-0021-R3";;;C3;ACOPLE FLEXIBLE, ASTM A536, ASME B36.10 M, GE, CLASE 150;"6""";1;un;;5,44;kg;Contratista;ACOPLE FLEXIBLE;;;;;;;;SIN REVISAR;;;;;
1.11;1;11;EWP-3351-10-PA-220;CWP-3351-10-PA-220;CWA-3351-10;PWP-3351-10-PA-220;"03351-CT-6""-C3-0021-R3";;;C3;ACOPLE FLEXIBLE, ASTM A536, ASME B36.10 M, GE, CLASE 150;"6""";1;un;;5,44;kg;Contratista;ACOPLE FLEXIBLE;;;;;;;;SIN REVISAR;;;;;
1.12;1;12;EWP-3351-10-PA-220;CWP-3351-10-PA-220;CWA-3351-10;PWP-3351-10-PA-220;"03351-CT-6""-C3-0021-R3";;;C3;ACOPLE FLEXIBLE, ASTM A536, ASME B36.10 M, GE, CLASE 150;"6""";1;un;;5,44;kg;Contratista;ACOPLE FLEXIBLE;;;;;;;;SIN REVISAR;;;;;
1.13;1;13;EWP-3351-10-PA-220;CWP-3351-10-PA-220;CWA-3351-10;PWP-3351-10-PA-220;"03351-CT-6""-C3-0018-R3";;;C3;ACOPLE FLEXIBLE, ASTM A536, ASME B36.10 M, GE, CLASE 150;"6""";1;un;;5,44;kg;Contratista;ACOPLE FLEXIBLE;;;;;;;;SIN REVISAR;;;;;
1.14;1;14;EWP-3351-10-PA-220;CWP-3351-10-PA-220;CWA-3351-10;PWP-3351-10-PA-220;"03351-CT-6""-C3-0021-R3";;;C3;ACOPLE FLEXIBLE, ASTM A536, ASME B36.10 M, GE, CLASE 150;"6""";1;un;;5,44;kg;Contratista;ACOPLE FLEXIBLE;;;;;;;;SIN REVISAR;;;;;
1.15;1;15;EWP-3351-10-PA-220;CWP-3351-10-PA-220;CWA-3351-10;PWP-3351-10-PA-220;"03351-CT-6""-C3-0021-R3";;;C3;ACOPLE FLEXIBLE, ASTM A536, ASME B36.10 M, GE, CLASE 150;"6""";1;un;;5,44;kg;Contratista;ACOPLE FLEXIBLE;;;;;;;;SIN REVISAR;;;;;
1.16;1;16;EWP-3351-10-PA-220;CWP-3351-10-PA-220;CWA-3351-10;PWP-3351-10-PA-220;"03351-CT-6""-C3-0021-R3";;;C3;ACOPLE FLEXIBLE, ASTM A536, ASME B36.10 M, GE, CLASE 150;"6""";1;un;;5,44;kg;Contratista;ACOPLE FLEXIBLE;;;;;;;;SIN REVISAR;;;;;
1.17;1;17;EWP-3351-10-PA-220;CWP-3351-10-PA-220;CWA-3351-10;PWP-3351-10-PA-220;"03351-CT-6""-C3-0021-R3";;;C3;ACOPLE FLEXIBLE, ASTM A536, ASME B36.10 M, GE, CLASE 150;"6""";1;un;;5,44;kg;Contratista;ACOPLE FLEXIBLE;;;;;;;;SIN REVISAR;;;;;
1.18;1;18;EWP-3351-10-PA-220;CWP-3351-10-PA-220;CWA-3351-10;PWP-3351-10-PA-220;"03351-CT-6""-C3-0021-R3";;;C3;ACOPLE FLEXIBLE, ASTM A536, ASME B36.10 M, GE, CLASE 150;"6""";1;un;;5,44;kg;Contratista;ACOPLE FLEXIBLE;;;;;;;;SIN REVISAR;;;;;
1.19;1;19;EWP-3351-10-PA-220;CWP-3351-10-PA-220;CWA-3351-10;PWP-3351-10-PA-220;"03351-CT-6""-C3-0021-R3";;;C3;ACOPLE FLEXIBLE, ASTM A536, ASME B36.10 M, GE, CLASE 150;"6""";1;un;;5,44;kg;Contratista;ACOPLE FLEXIBLE;;;;;;;;SIN REVISAR;;;;;
1.20;1;20;EWP-3351-10-PA-220;CWP-3351-10-PA-220;CWA-3351-10;PWP-3351-10-PA-220;"03351-CT-6""-C3-0018-R3";;;C3;ACOPLE FLEXIBLE, ASTM A536, ASME B36.10 M, GE, CLASE 150;"6""";1;un;;5,44;kg;Contratista;ACOPLE FLEXIBLE;;;;;;;;SIN REVISAR;;;;;
1.21;1;21;EWP-3351-10-PA-220;CWP-3351-10-PA-220;CWA-3351-10;PWP-3351-10-PA-220;"03351-CT-6""-C3-0021-R3";;;C3;ACOPLE FLEXIBLE, ASTM A536, ASME B36.10 M, GE, CLASE 150;"6""";1;un;;5,44;kg;Contratista;ACOPLE FLEXIBLE;;;;;;;;SIN REVISAR;;;;;
1.22;1;22;EWP-3351-10-PA-220;CWP-3351-10-PA-220;CWA-3351-10;PWP-3351-10-PA-220;"03351-CT-6""-C3-0021-R3";;;C3;ACOPLE FLEXIBLE, ASTM A536, ASME B36.10 M, GE, CLASE 150;"6""";1;un;;5,44;kg;Contratista;ACOPLE FLEXIBLE;;;;;;;;SIN REVISAR;;;;;
1.23;1;23;EWP-3351-10-PA-220;CWP-3351-10-PA-220;CWA-3351-10;PWP-3351-10-PA-220;"03351-CT-4""-C3-0077-R3";;;C3;ACOPLE FLEXIBLE, ASTM A536, ASME B36.10 M, GE, CLASE 150;"4""";1;un;;3,04;kg;Contratista;ACOPLE FLEXIBLE;;;;;;;;SIN REVISAR;;;;;
1.24;1;24;EWP-3351-10-PA-220;CWP-3351-10-PA-220;CWA-3351-10;PWP-3351-10-PA-220;"03351-CT-4""-C3-0017-R3";;;C3;ACOPLE FLEXIBLE, ASTM A536, ASME B36.10 M, GE, CLASE 150;"4""";1;un;;3,04;kg;Contratista;ACOPLE FLEXIBLE;;;;;;;;SIN REVISAR;;;;;
1.25;1;25;EWP-3351-10-PA-220;CWP-3351-10-PA-220;CWA-3351-10;PWP-3351-10-PA-220;"03351-CT-6""-C3-0021-R3";;;C3;ACOPLE FLEXIBLE, ASTM A536, ASME B36.10 M, GE, CLASE 150;"4""";1;un;;3,04;kg;Contratista;ACOPLE FLEXIBLE;;;;;;;;SIN REVISAR;;;;;
1.26;1;26;EWP-3351-10-PA-220;CWP-3351-10-PA-220;CWA-3351-10;PWP-3351-10-PA-220;"03351-CT-6""-C3-0018-R3";;;C3;ACOPLE FLEXIBLE, ASTM A536, ASME B36.10 M, GE, CLASE 150;"6""";1;un;;5,44;kg;Contratista;ACOPLE FLEXIBLE;;;;;;;;SIN REVISAR;;;;;
1.27;1;27;EWP-3351-10-PA-220;CWP-3351-10-PA-220;CWA-3351-10;PWP-3351-10-PA-220;"03351-CT-6""-C3-0018-R3";;;C3;ACOPLE FLEXIBLE, ASTM A536, ASME B36.10 M, GE, CLASE 150;"6""";1;un;;5,44;kg;Contratista;ACOPLE FLEXIBLE;;;;;;;;SIN REVISAR;;;;;
1.28;1;28;EWP-3351-10-PA-220;CWP-3351-10-PA-220;CWA-3351-10;PWP-3351-10-PA-220;"03351-CT-6""-C3-0018-R3";;;C3;ACOPLE FLEXIBLE, ASTM A536, ASME B36.10 M, GE, CLASE 150;"6""";1;un;;5,44;kg;Contratista;ACOPLE FLEXIBLE;;;;;;;;SIN REVISAR;;;;;
1.29;1;29;EWP-3351-10-PA-220;CWP-3351-10-PA-220;CWA-3351-10;PWP-3351-10-PA-220;"03351-CT-6""-C3-0018-R3";;;C3;ACOPLE FLEXIBLE, ASTM A536, ASME B36.10 M, GE, CLASE 150;"6""";1;un;;5,44;kg;Contratista;ACOPLE FLEXIBLE;;;;;;;;SIN REVISAR;;;;;
1.30;1;30;EWP-3351-10-PA-220;CWP-3351-10-PA-220;CWA-3351-10;PWP-3351-10-PA-220;"03351-CT-6""-C3-0021-R3";;;C3;ACOPLE FLEXIBLE, ASTM A536, ASME B36.10 M, GE, CLASE 150;"6""";1;un;;5,44;kg;Contratista;ACOPLE FLEXIBLE;;;;;;;;SIN REVISAR;;;;;
1.31;1;31;EWP-3351-10-PA-220;CWP-3351-10-PA-220;CWA-3351-10;PWP-3351-10-PA-220;"03351-CT-6""-C3-0021-R3";;;C3;ACOPLE FLEXIBLE, ASTM A536, ASME B36.10 M, GE, CLASE 150;"6""";1;un;;5,44;kg;Contratista;ACOPLE FLEXIBLE;;;;;;;;SIN REVISAR;;;;;
1.32;1;32;EWP-3351-10-PA-220;CWP-3351-10-PA-220;CWA-3351-10;PWP-3351-10-PA-220;"03351-CT-6""-C3-0018-R3";;;C3;ACOPLE FLEXIBLE, ASTM A536, ASME B36.10 M, GE, CLASE 150;"6""";1;un;;5,44;kg;Contratista;ACOPLE FLEXIBLE;;;;;;;;SIN REVISAR;;;;;
1.33;1;33;EWP-3351-10-PA-220;CWP-3351-10-PA-220;CWA-3351-10;PWP-3351-10-PA-220;"03351-CT-6""-C3-0021-R3";;;C3;ACOPLE FLEXIBLE, ASTM A536, ASME B36.10 M, GE, CLASE 150;"6""";1;un;;5,44;kg;Contratista;ACOPLE FLEXIBLE;;;;;;;;SIN REVISAR;;;;;
1.34;1;34;EWP-3351-10-PA-220;CWP-3351-10-PA-220;CWA-3351-10;PWP-3351-10-PA-220;"03351-CT-6""-C3-0021-R3";;;C3;ACOPLE FLEXIBLE, ASTM A536, ASME B36.10 M, GE, CLASE 150;"6""";1;un;;5,44;kg;Contratista;ACOPLE FLEXIBLE;;;;;;;;SIN REVISAR;;;;;
1.35;1;35;EWP-3351-10-PA-220;CWP-3351-10-PA-220;CWA-3351-10;PWP-3351-10-PA-220;"03351-CT-6""-C3-0021-R3";;;C3;ACOPLE FLEXIBLE, ASTM A536, ASME B36.10 M, GE, CLASE 150;"6""";1;un;;5,44;kg;Contratista;ACOPLE FLEXIBLE;;;;;;;;SIN REVISAR;;;;;
1.36;1;36;EWP-3351-10-PA-220;CWP-3351-10-PA-220;CWA-3351-10;PWP-3351-10-PA-220;"03351-CT-6""-C3-0021-R3";;;C3;ACOPLE FLEXIBLE, ASTM A536, ASME B36.10 M, GE, CLASE 150;"6""";1;un;;5,44;kg;Contratista;ACOPLE FLEXIBLE;;;;;;;;SIN REVISAR;;;;;
1.37;1;37;EWP-3351-10-PA-220;CWP-3351-10-PA-220;CWA-3351-10;PWP-3351-10-PA-220;"03351-CT-6""-C3-0018-R3";;;C3;ACOPLE FLEXIBLE, ASTM A536, ASME B36.10 M, GE, CLASE 150;"6""";1;un;;5,44;kg;Contratista;ACOPLE FLEXIBLE;;;;;;;;SIN REVISAR;;;;;
1.38;1;38;EWP-3351-10-PA-220;CWP-3351-10-PA-220;CWA-3351-10;PWP-3351-10-PA-220;"03351-CT-6""-C3-0021-R3";;;C3;ACOPLE FLEXIBLE, ASTM A536, ASME B36.10 M, GE, CLASE 150;"6""";1;un;;5,44;kg;Contratista;ACOPLE FLEXIBLE;;;;;;;;SIN REVISAR;;;;;
1.39;1;39;EWP-3351-10-PA-220;CWP-3351-10-PA-220;CWA-3351-10;PWP-3351-10-PA-220;"03351-CT-6""-C3-0021-R3";;;C3;ACOPLE FLEXIBLE, ASTM A536, ASME B36.10 M, GE, CLASE 150;"6""";1;un;;5,44;kg;Contratista;ACOPLE FLEXIBLE;;;;;;;;SIN REVISAR;;;;;
1.40;1;40;EWP-3351-10-PA-220;CWP-3351-10-PA-220;CWA-3351-10;PWP-3351-10-PA-220;"03351-CT-6""-C3-0018-R3";;;C3;ACOPLE FLEXIBLE, ASTM A536, ASME B36.10 M, GE, CLASE 150;"6""";1;un;;5,44;kg;Contratista;ACOPLE FLEXIBLE;;;;;;;;SIN REVISAR;;;;;
1.41;1;41;EWP-3351-10-PA-220;CWP-3351-10-PA-220;CWA-3351-10;PWP-3351-10-PA-220;"03351-CT-6""-C3-0018-R3";;;C3;ACOPLE FLEXIBLE, ASTM A536, ASME B36.10 M, GE, CLASE 150;"6""";1;un;;5,44;kg;Contratista;ACOPLE FLEXIBLE;;;;;;;;SIN REVISAR;;;;;
1.42;1;42;EWP-3351-10-PA-220;CWP-3351-10-PA-220;CWA-3351-10;PWP-3351-10-PA-220;"03351-CT-6""-C3-0018-R3";;;C3;ACOPLE FLEXIBLE, ASTM A536, ASME B36.10 M, GE, CLASE 150;"6""";1;un;;5,44;kg;Contratista;ACOPLE FLEXIBLE;;;;;;;;SIN REVISAR;;;;;
1.43;1;43;EWP-3351-10-PA-220;CWP-3351-10-PA-220;CWA-3351-10;PWP-3351-10-PA-220;"03351-CT-6""-C3-0021-R3";;;C3;ACOPLE FLEXIBLE, ASTM A536, ASME B36.10 M, GE, CLASE 150;"6""";1;un;;5,44;kg;Contratista;ACOPLE FLEXIBLE;;;;;;;;SIN REVISAR;;;;;
1.44;1;44;EWP-3351-10-PA-220;CWP-3351-10-PA-220;CWA-3351-10;PWP-3351-10-PA-220;"03351-CT-6""-C3-0021-R3";;;C3;ACOPLE FLEXIBLE, ASTM A536, ASME B36.10 M, GE, CLASE 150;"6""";1;un;;5,44;kg;Contratista;ACOPLE FLEXIBLE;;;;;;;;SIN REVISAR;;;;;
1.45;1;45;EWP-3351-10-PA-220;CWP-3351-10-PA-220;CWA-3351-10;PWP-3351-10-PA-220;"03351-CT-6""-C3-0021-R3";;;C3;ACOPLE FLEXIBLE, ASTM A536, ASME B36.10 M, GE, CLASE 150;"6""";1;un;;5,44;kg;Contratista;ACOPLE FLEXIBLE;;;;;;;;SIN REVISAR;;;;;
1.46;1;46;EWP-3351-10-PA-220;CWP-3351-10-PA-220;CWA-3351-10;PWP-3351-10-PA-220;"03351-CT-6""-C3-0021-R3";;;C3;ACOPLE FLEXIBLE, ASTM A536, ASME B36.10 M, GE, CLASE 150;"6""";1;un;;5,44;kg;Contratista;ACOPLE FLEXIBLE;;;;;;;;SIN REVISAR;;;;;
1.47;1;47;EWP-3351-10-PA-220;CWP-3351-10-PA-220;CWA-3351-10;PWP-3351-10-PA-220;"03351-CT-6""-C3-0021-R3";;;C3;ACOPLE FLEXIBLE, ASTM A536, ASME B36.10 M, GE, CLASE 150;"6""";1;un;;5,44;kg;Contratista;ACOPLE FLEXIBLE;;;;;;;;SIN REVISAR;;;;;
1.48;1;48;EWP-3351-10-PA-220;CWP-3351-10-PA-220;CWA-3351-10;PWP-3351-10-PA-220;"03351-CT-6""-C3-0030-R3";;;C3;ACOPLE FLEXIBLE, ASTM A536, ASME B36.10 M, GE, CLASE 150;"6""";1;un;;5,44;kg;Contratista;ACOPLE FLEXIBLE;;;;;;;;SIN REVISAR;;;;;
1.49;1;49;EWP-3351-10-PA-220;CWP-3351-10-PA-220;CWA-3351-10;PWP-3351-10-PA-220;"03351-CT-6""-C3-0018-R3";;;C3;ACOPLE FLEXIBLE, ASTM A536, ASME B36.10 M, GE, CLASE 150;"6""";1;un;;5,44;kg;Contratista;ACOPLE FLEXIBLE;;;;;;;;SIN REVISAR;;;;;
1.50;1;50;EWP-3351-10-PA-220;CWP-3351-10-PA-220;CWA-3351-10;PWP-3351-10-PA-220;"03351-CT-6""-C3-0018-R3";;;C3;ACOPLE FLEXIBLE, ASTM A536, ASME B36.10 M, GE, CLASE 150;"6""";1;un;;5,44;kg;Contratista;ACOPLE FLEXIBLE;;;;;;;;SIN REVISAR;;;;;
1.51;1;51;EWP-3351-10-PA-220;CWP-3351-10-PA-220;CWA-3351-10;PWP-3351-10-PA-220;"03351-CT-6""-C3-0018-R3";;;C3;ACOPLE FLEXIBLE, ASTM A536, ASME B36.10 M, GE, CLASE 150;"6""";1;un;;5,44;kg;Contratista;ACOPLE FLEXIBLE;;;;;;;;SIN REVISAR;;;;;
1.52;1;52;EWP-3351-10-PA-220;CWP-3351-10-PA-220;CWA-3351-10;PWP-3351-10-PA-220;"03351-CT-6""-C3-0021-R3";;;C3;ACOPLE FLEXIBLE, ASTM A536, ASME B36.10 M, GE, CLASE 150;"6""";1;un;;5,44;kg;Contratista;ACOPLE FLEXIBLE;;;;;;;;SIN REVISAR;;;;;
1.53;1;53;EWP-3351-10-PA-220;CWP-3351-10-PA-220;CWA-3351-10;PWP-3351-10-PA-220;"03351-CT-6""-C3-0018-R3";;;C3;ACOPLE FLEXIBLE, ASTM A536, ASME B36.10 M, GE, CLASE 150;"6""";1;un;;5,44;kg;Contratista;ACOPLE FLEXIBLE;;;;;;;;SIN REVISAR;;;;;
1.54;1;54;EWP-3351-10-PA-220;CWP-3351-10-PA-220;CWA-3351-10;PWP-3351-10-PA-220;"03351-CT-6""-C3-0018-R3";;;C3;ACOPLE FLEXIBLE, ASTM A536, ASME B36.10 M, GE, CLASE 150;"6""";1;un;;5,44;kg;Contratista;ACOPLE FLEXIBLE;;;;;;;;SIN REVISAR;;;;;
1.55;1;55;EWP-3351-10-PA-220;CWP-3351-10-PA-220;CWA-3351-10;PWP-3351-10-PA-220;"03351-CT-6""-C3-0021-R3";;;C3;ACOPLE FLEXIBLE, ASTM A536, ASME B36.10 M, GE, CLASE 150;"6""";1;un;;5,44;kg;Contratista;ACOPLE FLEXIBLE;;;;;;;;SIN REVISAR;;;;;
1.56;1;56;EWP-3351-10-PA-220;CWP-3351-10-PA-220;CWA-3351-10;PWP-3351-10-PA-220;"03351-CT-6""-C3-0018-R3";;;C3;ACOPLE FLEXIBLE, ASTM A536, ASME B36.10 M, GE, CLASE 150;"6""";1;un;;5,44;kg;Contratista;ACOPLE FLEXIBLE;;;;;;;;SIN REVISAR;;;;;
1.57;1;57;EWP-3351-10-PA-220;CWP-3351-10-PA-220;CWA-3351-10;PWP-3351-10-PA-220;"03351-CT-6""-C3-0021-R3";;;C3;ACOPLE FLEXIBLE, ASTM A536, ASME B36.10 M, GE, CLASE 150;"6""";1;un;;5,44;kg;Contratista;ACOPLE FLEXIBLE;;;;;;;;SIN REVISAR;;;;;
1.58;1;58;EWP-3351-10-PA-220;CWP-3351-10-PA-220;CWA-3351-10;PWP-3351-10-PA-220;"03351-CT-6""-C3-0018-R3";;;C3;ACOPLE FLEXIBLE, ASTM A536, ASME B36.10 M, GE, CLASE 150;"6""";1;un;;5,44;kg;Contratista;ACOPLE FLEXIBLE;;;;;;;;SIN REVISAR;;;;;
1.59;1;59;EWP-3351-10-PA-220;CWP-3351-10-PA-220;CWA-3351-10;PWP-3351-10-PA-220;"03351-CT-6""-C3-0021-R3";;;C3;ACOPLE FLEXIBLE, ASTM A536, ASME B36.10 M, GE, CLASE 150;"6""";1;un;;5,44;kg;Contratista;ACOPLE FLEXIBLE;;;;;;;;SIN REVISAR;;;;;
1.60;1;60;EWP-3351-10-PA-220;CWP-3351-10-PA-220;CWA-3351-10;PWP-3351-10-PA-220;"03351-CT-6""-C3-0030-R3";;;C3;ACOPLE FLEXIBLE, ASTM A536, ASME B36.10 M, GE, CLASE 150;"6""";1;un;;5,44;kg;Contratista;ACOPLE FLEXIBLE;;;;;;;;SIN REVISAR;;;;;
1.61;1;61;EWP-3351-10-PA-220;CWP-3351-10-PA-220;CWA-3351-10;PWP-3351-10-PA-220;"03351-CT-6""-C3-0021-R3";;;C3;ACOPLE FLEXIBLE, ASTM A536, ASME B36.10 M, GE, CLASE 150;"6""";1;un;;5,44;kg;Contratista;ACOPLE FLEXIBLE;;;;;;;;SIN REVISAR;;;;;
1.62;1;62;EWP-3351-10-PA-220;CWP-3351-10-PA-220;CWA-3351-10;PWP-3351-10-PA-220;"03351-CT-6""-C3-0018-R3";;;C3;ACOPLE FLEXIBLE, ASTM A536, ASME B36.10 M, GE, CLASE 150;"6""";1;un;;5,44;kg;Contratista;ACOPLE FLEXIBLE;;;;;;;;SIN REVISAR;;;;;
1.63;1;63;EWP-3351-10-PA-220;CWP-3351-10-PA-220;CWA-3351-10;PWP-3351-10-PA-220;"03351-CT-6""-C3-0018-R3";;;C3;ACOPLE FLEXIBLE, ASTM A536, ASME B36.10 M, GE, CLASE 150;"6""";1;un;;5,44;kg;Contratista;ACOPLE FLEXIBLE;;;;;;;;SIN REVISAR;;;;;
1.64;1;64;EWP-3351-10-PA-220;CWP-3351-10-PA-220;CWA-3351-10;PWP-3351-10-PA-220;"03351-CT-6""-C3-0021-R3";;;C3;ACOPLE FLEXIBLE, ASTM A536, ASME B36.10 M, GE, CLASE 150;"6""";1;un;;5,44;kg;Contratista;ACOPLE FLEXIBLE;;;;;;;;SIN REVISAR;;;;;
1.65;1;65;EWP-3351-10-PA-220;CWP-3351-10-PA-220;CWA-3351-10;PWP-3351-10-PA-220;"03351-CT-6""-C3-0021-R3";;;C3;ACOPLE FLEXIBLE, ASTM A536, ASME B36.10 M, GE, CLASE 150;"6""";1;un;;5,44;kg;Contratista;ACOPLE FLEXIBLE;;;;;;;;SIN REVISAR;;;;;
1.66;1;66;EWP-3351-10-PA-220;CWP-3351-10-PA-220;CWA-3351-10;PWP-3351-10-PA-220;"03351-CT-6""-C3-0021-R3";;;C3;ACOPLE FLEXIBLE, ASTM A536, ASME B36.10 M, GE, CLASE 150;"6""";1;un;;5,44;kg;Contratista;ACOPLE FLEXIBLE;;;;;;;;SIN REVISAR;;;;;
1.67;1;67;EWP-3351-10-PA-220;CWP-3351-10-PA-220;CWA-3351-10;PWP-3351-10-PA-220;"03351-CT-6""-C3-0018-R3";;;C3;ACOPLE FLEXIBLE, ASTM A536, ASME B36.10 M, GE, CLASE 150;"4""";1;un;;3,04;kg;Contratista;ACOPLE FLEXIBLE;;;;;;;;SIN REVISAR;;;;;
1.68;1;68;EWP-3351-10-PA-220;CWP-3351-10-PA-220;CWA-3351-10;PWP-3351-10-PA-220;"03351-CT-6""-C3-0021-R3";;;C3;ACOPLE FLEXIBLE, ASTM A536, ASME B36.10 M, GE, CLASE 150;"6""";1;un;;5,44;kg;Contratista;ACOPLE FLEXIBLE;;;;;;;;SIN REVISAR;;;;;
1.69;1;69;EWP-3351-10-PA-220;CWP-3351-10-PA-220;CWA-3351-10;PWP-3351-10-PA-220;"03351-CT-6""-C3-0023-R3";;;C3;ACOPLE FLEXIBLE, ASTM A536, ASME B36.10 M, GE, CLASE 150;"6""";1;un;;5,44;kg;Contratista;ACOPLE FLEXIBLE;;;;;;;;SIN REVISAR;;;;;
1.70;1;70;EWP-3351-10-PA-220;CWP-3351-10-PA-220;CWA-3351-10;PWP-3351-10-PA-220;"03351-CT-6""-C3-0005-R3";;;C3;ACOPLE FLEXIBLE, ASTM A536, ASME B36.10 M, GE, CLASE 150;"6""";1;un;;5,44;kg;Contratista;ACOPLE FLEXIBLE;;;;;;;;SIN REVISAR;;;;;
1.71;1;71;EWP-3351-10-PA-220;CWP-3351-10-PA-220;CWA-3351-10;PWP-3351-10-PA-220;"03351-CT-6""-C3-0021-R3";;;C3;ACOPLE FLEXIBLE, ASTM A536, ASME B36.10 M, GE, CLASE 150;"6""";1;un;;5,44;kg;Contratista;ACOPLE FLEXIBLE;;;;;;;;SIN REVISAR;;;;;
1.72;1;72;EWP-3351-10-PA-220;CWP-3351-10-PA-220;CWA-3351-10;PWP-3351-10-PA-220;"03351-CT-6""-C3-0021-R3";;;C3;ACOPLE FLEXIBLE, ASTM A536, ASME B36.10 M, GE, CLASE 150;"6""";1;un;;5,44;kg;Contratista;ACOPLE FLEXIBLE;;;;;;;;SIN REVISAR;;;;;
1.73;1;73;EWP-3351-10-PA-220;CWP-3351-10-PA-220;CWA-3351-10;PWP-3351-10-PA-220;"03351-CT-6""-C3-0021-R3";;;C3;ACOPLE FLEXIBLE, ASTM A536, ASME B36.10 M, GE, CLASE 150;"6""";1;un;;5,44;kg;Contratista;ACOPLE FLEXIBLE;;;;;;;;SIN REVISAR;;;;;
1.74;1;74;EWP-3351-10-PA-220;CWP-3351-10-PA-220;CWA-3351-10;PWP-3351-10-PA-220;"03351-CT-6""-C3-0018-R3";;;C3;ACOPLE FLEXIBLE, ASTM A536, ASME B36.10 M, GE, CLASE 150;"6""";1;un;;5,44;kg;Contratista;ACOPLE FLEXIBLE;;;;;;;;SIN REVISAR;;;;;
1.75;1;75;EWP-3351-10-PA-220;CWP-3351-10-PA-220;CWA-3351-10;PWP-3351-10-PA-220;"03351-CT-6""-C3-0005-R3";;;C3;ACOPLE FLEXIBLE, ASTM A536, ASME B36.10 M, GE, CLASE 150;"3""";1;un;;1,68;kg;Contratista;ACOPLE FLEXIBLE;;;;;;;;SIN REVISAR;;;;;
1.76;1;76;EWP-3351-10-PA-220;CWP-3351-10-PA-220;CWA-3351-10;PWP-3351-10-PA-220;"03351-CT-6""-C3-0018-R3";;;C3;ACOPLE FLEXIBLE, ASTM A536, ASME B36.10 M, GE, CLASE 150;"3""";1;un;;1,68;kg;Contratista;ACOPLE FLEXIBLE;;;;;;;;SIN REVISAR;;;;;
1.77;1;77;EWP-3351-10-PA-220;CWP-3351-10-PA-220;CWA-3351-10;PWP-3351-10-PA-220;"03351-CT-6""-C3-0021-R3";;;C3;ACOPLE FLEXIBLE, ASTM A536, ASME B36.10 M, GE, CLASE 150;"3""";1;un;;1,68;kg;Contratista;ACOPLE FLEXIBLE;;;;;;;;SIN REVISAR;;;;;
1.78;1;78;EWP-3351-10-PA-220;CWP-3351-10-PA-220;CWA-3351-10;PWP-3351-10-PA-220;"03351-CT-6""-C3-0021-R3";;;C3;ACOPLE FLEXIBLE, ASTM A536, ASME B36.10 M, GE, CLASE 150;"3""";1;un;;1,68;kg;Contratista;ACOPLE FLEXIBLE;;;;;;;;SIN REVISAR;;;;;
1.79;1;79;EWP-3351-10-PA-220;CWP-3351-10-PA-220;CWA-3351-10;PWP-3351-10-PA-220;"03351-CT-6""-C3-0021-R3";;;C3;ACOPLE FLEXIBLE, ASTM A536, ASME B36.10 M, GE, CLASE 150;"6""";1;un;;5,44;kg;Contratista;ACOPLE FLEXIBLE;;;;;;;;SIN REVISAR;;;;;
1.80;1;80;EWP-3351-10-PA-220;CWP-3351-10-PA-220;CWA-3351-10;PWP-3351-10-PA-220;"03351-CT-6""-C3-0021-R3";;;C3;ACOPLE FLEXIBLE, ASTM A536, ASME B36.10 M, GE, CLASE 150;"6""";1;un;;5,44;kg;Contratista;ACOPLE FLEXIBLE;;;;;;;;SIN REVISAR;;;;;
1.81;1;81;EWP-3351-10-PA-220;CWP-3351-10-PA-220;CWA-3351-10;PWP-3351-10-PA-220;"03351-CT-6""-C3-0018-R3";;;C3;ACOPLE FLEXIBLE, ASTM A536, ASME B36.10 M, GE, CLASE 150;"6""";1;un;;5,44;kg;Contratista;ACOPLE FLEXIBLE;;;;;;;;SIN REVISAR;;;;;
1.82;1;82;EWP-3351-10-PA-220;CWP-3351-10-PA-220;CWA-3351-10;PWP-3351-10-PA-220;"03351-CT-6""-C3-0018-R3";;;C3;ACOPLE FLEXIBLE, ASTM A536, ASME B36.10 M, GE, CLASE 150;"6""";1;un;;5,44;kg;Contratista;ACOPLE FLEXIBLE;;;;;;;;SIN REVISAR;;;;;
1.83;1;83;EWP-3351-10-PA-220;CWP-3351-10-PA-220;CWA-3351-10;PWP-3351-10-PA-220;"03351-CT-6""-C3-0021-R3";;;C3;ACOPLE FLEXIBLE, ASTM A536, ASME B36.10 M, GE, CLASE 150;"6""";1;un;;5,44;kg;Contratista;ACOPLE FLEXIBLE;;;;;;;;SIN REVISAR;;;;;
1.84;1;84;EWP-3351-10-PA-220;CWP-3351-10-PA-220;CWA-3351-10;PWP-3351-10-PA-220;"03351-CT-6""-C3-0023-R3";;;C3;ACOPLE FLEXIBLE, ASTM A536, ASME B36.10 M, GE, CLASE 150;"6""";1;un;;5,44;kg;Contratista;ACOPLE FLEXIBLE;;;;;;;;SIN REVISAR;;;;;
1.85;1;85;EWP-3351-10-PA-220;CWP-3351-10-PA-220;CWA-3351-10;PWP-3351-10-PA-220;"03351-CT-6""-C3-0018-R3";;;C3;ACOPLE FLEXIBLE, ASTM A536, ASME B36.10 M, GE, CLASE 150;"6""";1;un;;5,44;kg;Contratista;ACOPLE FLEXIBLE;;;;;;;;SIN REVISAR;;;;;
1.86;1;86;EWP-3351-10-PA-220;CWP-3351-10-PA-220;CWA-3351-10;PWP-3351-10-PA-220;"03351-CT-6""-C3-0018-R3";;;C3;ACOPLE FLEXIBLE, ASTM A536, ASME B36.10 M, GE, CLASE 150;"6""";1;un;;5,44;kg;Contratista;ACOPLE FLEXIBLE;;;;;;;;SIN REVISAR;;;;;
1.87;1;87;EWP-3351-10-PA-220;CWP-3351-10-PA-220;CWA-3351-10;PWP-3351-10-PA-220;"03351-CT-6""-C3-0021-R3";;;C3;ACOPLE FLEXIBLE, ASTM A536, ASME B36.10 M, GE, CLASE 150;"6""";1;un;;5,44;kg;Contratista;ACOPLE FLEXIBLE;;;;;;;;SIN REVISAR;;;;;
1.88;1;88;EWP-3351-10-PA-220;CWP-3351-10-PA-220;CWA-3351-10;PWP-3351-10-PA-220;"03351-CT-6""-C3-0018-R3";;;C3;ACOPLE FLEXIBLE, ASTM A536, ASME B36.10 M, GE, CLASE 150;"6""";1;un;;5,44;kg;Contratista;ACOPLE FLEXIBLE;;;;;;;;SIN REVISAR;;;;;
1.89;1;89;EWP-3351-10-PA-220;CWP-3351-10-PA-220;CWA-3351-10;PWP-3351-10-PA-220;"03351-CT-6""-C3-0018-R3";;;C3;ACOPLE FLEXIBLE, ASTM A536, ASME B36.10 M, GE, CLASE 150;"6""";1;un;;5,44;kg;Contratista;ACOPLE FLEXIBLE;;;;;;;;SIN REVISAR;;;;;
1.90;1;90;EWP-3351-10-PA-220;CWP-3351-10-PA-220;CWA-3351-10;PWP-3351-10-PA-220;"03351-CT-6""-C3-0021-R3";;;C3;ACOPLE FLEXIBLE, ASTM A536, ASME B36.10 M, GE, CLASE 150;"6""";1;un;;5,44;kg;Contratista;ACOPLE FLEXIBLE;;;;;;;;SIN REVISAR;;;;;
1.91;1;91;EWP-3351-10-PA-220;CWP-3351-10-PA-220;CWA-3351-10;PWP-3351-10-PA-220;"03351-CT-6""-C3-0021-R3";;;C3;ACOPLE FLEXIBLE, ASTM A536, ASME B36.10 M, GE, CLASE 150;"6""";1;un;;5,44;kg;Contratista;ACOPLE FLEXIBLE;;;;;;;;SIN REVISAR;;;;;
1.92;1;92;EWP-3351-10-PA-220;CWP-3351-10-PA-220;CWA-3351-10;PWP-3351-10-PA-220;"03351-CT-6""-C3-0021-R3";;;C3;ACOPLE FLEXIBLE, ASTM A536, ASME B36.10 M, GE, CLASE 150;"6""";1;un;;5,44;kg;Contratista;ACOPLE FLEXIBLE;;;;;;;;SIN REVISAR;;;;;
1.93;1;93;EWP-3351-10-PA-220;CWP-3351-10-PA-220;CWA-3351-10;PWP-3351-10-PA-220;"03351-CT-6""-C3-0018-R3";;;C3;ACOPLE FLEXIBLE, ASTM A536, ASME B36.10 M, GE, CLASE 150;"6""";1;un;;5,44;kg;Contratista;ACOPLE FLEXIBLE;;;;;;;;SIN REVISAR;;;;;
1.94;1;94;EWP-3351-10-PA-220;CWP-3351-10-PA-220;CWA-3351-10;PWP-3351-10-PA-220;"03351-CT-6""-C3-0018-R3";;;C3;ACOPLE FLEXIBLE, ASTM A536, ASME B36.10 M, GE, CLASE 150;"6""";1;un;;5,44;kg;Contratista;ACOPLE FLEXIBLE;;;;;;;;SIN REVISAR;;;;;
1.95;1;95;EWP-3351-10-PA-220;CWP-3351-10-PA-220;CWA-3351-10;PWP-3351-10-PA-220;"03351-CT-6""-C3-0021-R3";;;C3;ACOPLE FLEXIBLE, ASTM A536, ASME B36.10 M, GE, CLASE 150;"6""";1;un;;5,44;kg;Contratista;ACOPLE FLEXIBLE;;;;;;;;SIN REVISAR;;;;;
1.96;1;96;EWP-3351-10-PA-220;CWP-3351-10-PA-220;CWA-3351-10;PWP-3351-10-PA-220;"03351-CT-6""-C3-0018-R3";;;C3;ACOPLE FLEXIBLE, ASTM A536, ASME B36.10 M, GE, CLASE 150;"6""";1;un;;5,44;kg;Contratista;ACOPLE FLEXIBLE;;;;;;;;SIN REVISAR;;;;;
1.97;1;97;EWP-3351-10-PA-220;CWP-3351-10-PA-220;CWA-3351-10;PWP-3351-10-PA-220;"03351-CT-6""-C3-0006-R3";;;C3;ACOPLE FLEXIBLE, ASTM A536, ASME B36.10 M, GE, CLASE 150;"3""";1;un;;1,68;kg;Contratista;ACOPLE FLEXIBLE;;;;;;;;SIN REVISAR;;;;;
1.98;1;98;EWP-3351-10-PA-220;CWP-3351-10-PA-220;CWA-3351-10;PWP-3351-10-PA-220;"03351-CT-6""-C3-0023-R3";;;C3;ACOPLE FLEXIBLE, ASTM A536, ASME B36.10 M, GE, CLASE 150;"6""";1;un;;5,44;kg;Contratista;ACOPLE FLEXIBLE;;;;;;;;SIN REVISAR;;;;;
1.99;1;99;EWP-3351-10-PA-220;CWP-3351-10-PA-220;CWA-3351-10;PWP-3351-10-PA-220;"03351-CT-6""-C3-0021-R3";;;C3;ACOPLE FLEXIBLE, ASTM A536, ASME B36.10 M, GE, CLASE 150;"6""";1;un;;5,44;kg;Contratista;ACOPLE FLEXIBLE;;;;;;;;SIN REVISAR;;;;;
1.100;1;100;EWP-3351-10-PA-220;CWP-3351-10-PA-220;CWA-3351-10;PWP-3351-10-PA-220;"03351-CT-6""-C3-0021-R3";;;C3;ACOPLE FLEXIBLE, ASTM A536, ASME B36.10 M, GE, CLASE 150;"6""";1;un;;5,44;kg;Contratista;ACOPLE FLEXIBLE;;;;;;;;SIN REVISAR;;;;;
1.101;1;101;EWP-3351-10-PA-220;CWP-3351-10-PA-220;CWA-3351-10;PWP-3351-10-PA-220;"03351-CT-6""-C3-0021-R3";;;C3;ACOPLE FLEXIBLE, ASTM A536, ASME B36.10 M, GE, CLASE 150;"6""";1;un;;5,44;kg;Contratista;ACOPLE FLEXIBLE;;;;;;;;SIN REVISAR;;;;;
1.102;1;102;EWP-3351-10-PA-220;CWP-3351-10-PA-220;CWA-3351-10;PWP-3351-10-PA-220;"03351-CT-6""-C3-0021-R3";;;C3;ACOPLE FLEXIBLE, ASTM A536, ASME B36.10 M, GE, CLASE 150;"6""";1;un;;5,44;kg;Contratista;ACOPLE FLEXIBLE;;;;;;;;SIN REVISAR;;;;;
1.103;1;103;EWP-3351-10-PA-220;CWP-3351-10-PA-220;CWA-3351-10;PWP-3351-10-PA-220;"03351-CT-6""-C3-0021-R3";;;C3;ACOPLE FLEXIBLE, ASTM A536, ASME B36.10 M, GE, CLASE 150;"6""";1;un;;5,44;kg;Contratista;ACOPLE FLEXIBLE;;;;;;;;SIN REVISAR;;;;;
1.104;1;104;EWP-3351-10-PA-220;CWP-3351-10-PA-220;CWA-3351-10;PWP-3351-10-PA-220;"03351-CT-6""-C3-0006-R3";;;C3;ACOPLE FLEXIBLE, ASTM A536, ASME B36.10 M, GE, CLASE 150;"6""";1;un;;5,44;kg;Contratista;ACOPLE FLEXIBLE;;;;;;;;SIN REVISAR;;;;;
1.105;1;105;EWP-3351-10-PA-220;CWP-3351-10-PA-220;CWA-3351-10;PWP-3351-10-PA-220;"03351-CT-6""-C3-0021-R3";;;C3;ACOPLE FLEXIBLE, ASTM A536, ASME B36.10 M, GE, CLASE 150;"6""";1;un;;5,44;kg;Contratista;ACOPLE FLEXIBLE;;;;;;;;SIN REVISAR;;;;;
1.106;1;106;EWP-3351-10-PA-220;CWP-3351-10-PA-220;CWA-3351-10;PWP-3351-10-PA-220;"03351-CT-6""-C3-0021-R3";;;C3;ACOPLE FLEXIBLE, ASTM A536, ASME B36.10 M, GE, CLASE 150;"3""";1;un;;1,68;kg;Contratista;ACOPLE FLEXIBLE;;;;;;;;SIN REVISAR;;;;;
1.107;1;107;EWP-3351-10-PA-220;CWP-3351-10-PA-220;CWA-3351-10;PWP-3351-10-PA-220;"03351-CT-6""-C3-0021-R3";;;C3;ACOPLE FLEXIBLE, ASTM A536, ASME B36.10 M, GE, CLASE 150;"6""";1;un;;5,44;kg;Contratista;ACOPLE FLEXIBLE;;;;;;;;SIN REVISAR;;;;;
1.108;1;108;EWP-3351-10-PA-220;CWP-3351-10-PA-220;CWA-3351-10;PWP-3351-10-PA-220;"03351-CT-6""-C3-0018-R3";;;C3;ACOPLE FLEXIBLE, ASTM A536, ASME B36.10 M, GE, CLASE 150;"6""";1;un;;5,44;kg;Contratista;ACOPLE FLEXIBLE;;;;;;;;SIN REVISAR;;;;;
1.109;1;109;EWP-3351-10-PA-220;CWP-3351-10-PA-220;CWA-3351-10;PWP-3351-10-PA-220;"03351-CT-6""-C3-0021-R3";;;C3;ACOPLE FLEXIBLE, ASTM A536, ASME B36.10 M, GE, CLASE 150;"6""";1;un;;5,44;kg;Contratista;ACOPLE FLEXIBLE;;;;;;;;SIN REVISAR;;;;;
1.110;1;110;EWP-3351-10-PA-220;CWP-3351-10-PA-220;CWA-3351-10;PWP-3351-10-PA-220;"03351-CT-6""-C3-0021-R3";;;C3;ACOPLE FLEXIBLE, ASTM A536, ASME B36.10 M, GE, CLASE 150;"6""";1;un;;5,44;kg;Contratista;ACOPLE FLEXIBLE;;;;;;;;SIN REVISAR;;;;;
1.111;1;111;EWP-3351-10-PA-220;CWP-3351-10-PA-220;CWA-3351-10;PWP-3351-10-PA-220;"03351-CT-6""-C3-0021-R3";;;C3;ACOPLE FLEXIBLE, ASTM A536, ASME B36.10 M, GE, CLASE 150;"6""";1;un;;5,44;kg;Contratista;ACOPLE FLEXIBLE;;;;;;;;SIN REVISAR;;;;;
1.112;1;112;EWP-3351-10-PA-220;CWP-3351-10-PA-220;CWA-3351-10;PWP-3351-10-PA-220;"03351-CT-6""-C3-0018-R3";;;C3;ACOPLE FLEXIBLE, ASTM A536, ASME B36.10 M, GE, CLASE 150;"6""";1;un;;5,44;kg;Contratista;ACOPLE FLEXIBLE;;;;;;;;SIN REVISAR;;;;;
1.113;1;113;EWP-3351-10-PA-220;CWP-3351-10-PA-220;CWA-3351-10;PWP-3351-10-PA-220;"03351-CT-6""-C3-0018-R3";;;C3;ACOPLE FLEXIBLE, ASTM A536, ASME B36.10 M, GE, CLASE 150;"6""";1;un;;5,44;kg;Contratista;ACOPLE FLEXIBLE;;;;;;;;SIN REVISAR;;;;;
1.114;1;114;EWP-3351-10-PA-220;CWP-3351-10-PA-220;CWA-3351-10;PWP-3351-10-PA-220;"03351-CT-6""-C3-0018-R3";;;C3;ACOPLE FLEXIBLE, ASTM A536, ASME B36.10 M, GE, CLASE 150;"6""";1;un;;5,44;kg;Contratista;ACOPLE FLEXIBLE;;;;;;;;SIN REVISAR;;;;;
1.115;1;115;EWP-3351-10-PA-220;CWP-3351-10-PA-220;CWA-3351-10;PWP-3351-10-PA-220;"03351-CT-6""-C3-0021-R3";;;C3;ACOPLE FLEXIBLE, ASTM A536, ASME B36.10 M, GE, CLASE 150;"6""";1;un;;5,44;kg;Contratista;ACOPLE FLEXIBLE;;;;;;;;SIN REVISAR;;;;;
1.116;1;116;EWP-3351-10-PA-220;CWP-3351-10-PA-220;CWA-3351-10;PWP-3351-10-PA-220;"03351-CT-6""-C3-0021-R3";;;C3;ACOPLE FLEXIBLE, ASTM A536, ASME B36.10 M, GE, CLASE 150;"6""";1;un;;5,44;kg;Contratista;ACOPLE FLEXIBLE;;;;;;;;SIN REVISAR;;;;;
1.117;1;117;EWP-3351-10-PA-220;CWP-3351-10-PA-220;CWA-3351-10;PWP-3351-10-PA-220;"03351-CT-6""-C3-0007-R3";;;C3;ACOPLE FLEXIBLE, ASTM A536, ASME B36.10 M, GE, CLASE 150;"6""";1;un;;5,44;kg;Contratista;ACOPLE FLEXIBLE;;;;;;;;SIN REVISAR;;;;;
1.118;1;118;EWP-3351-10-PA-220;CWP-3351-10-PA-220;CWA-3351-10;PWP-3351-10-PA-220;"03351-CT-6""-C3-0006-R3";;;C3;ACOPLE FLEXIBLE, ASTM A536, ASME B36.10 M, GE, CLASE 150;"12""";1;un;;12,61;kg;Contratista;ACOPLE FLEXIBLE;;;;;;;;SIN REVISAR;;;;;
1.119;1;119;EWP-3351-10-PA-220;CWP-3351-10-PA-220;CWA-3351-10;PWP-3351-10-PA-220;"03351-CT-6""-C3-0021-R3";;;C3;ACOPLE FLEXIBLE, ASTM A536, ASME B36.10 M, GE, CLASE 150;"6""";1;un;;5,44;kg;Contratista;ACOPLE FLEXIBLE;;;;;;;;SIN REVISAR;;;;;
1.120;1;120;EWP-3351-10-PA-220;CWP-3351-10-PA-220;CWA-3351-10;PWP-3351-10-PA-220;"03351-CT-6""-C3-0005-R3";;;C3;ACOPLE FLEXIBLE, ASTM A536, ASME B36.10 M, GE, CLASE 150;"6""";1;un;;5,44;kg;Contratista;ACOPLE FLEXIBLE;;;;;;;;SIN REVISAR;;;;;
1.121;1;121;EWP-3351-10-PA-220;CWP-3351-10-PA-220;CWA-3351-10;PWP-3351-10-PA-220;"03351-CT-6""-C3-0021-R3";;;C3;ACOPLE FLEXIBLE, ASTM A536, ASME B36.10 M, GE, CLASE 150;"6""";1;un;;5,44;kg;Contratista;ACOPLE FLEXIBLE;;;;;;;;SIN REVISAR;;;;;
1.122;1;122;EWP-3351-10-PA-220;CWP-3351-10-PA-220;CWA-3351-10;PWP-3351-10-PA-220;"03351-CT-6""-C3-0021-R3";;;C3;ACOPLE FLEXIBLE, ASTM A536, ASME B36.10 M, GE, CLASE 150;"6""";1;un;;5,44;kg;Contratista;ACOPLE FLEXIBLE;;;;;;;;SIN REVISAR;;;;;
1.123;1;123;EWP-3351-10-PA-220;CWP-3351-10-PA-220;CWA-3351-10;PWP-3351-10-PA-220;"03351-CT-6""-C3-0005-R3";;;C3;ACOPLE FLEXIBLE, ASTM A536, ASME B36.10 M, GE, CLASE 150;"6""";1;un;;5,44;kg;Contratista;ACOPLE FLEXIBLE;;;;;;;;SIN REVISAR;;;;;
1.124;1;124;EWP-3351-10-PA-220;CWP-3351-10-PA-220;CWA-3351-10;PWP-3351-10-PA-220;"03351-CT-6""-C3-0005-R3";;;C3;ACOPLE FLEXIBLE, ASTM A536, ASME B36.10 M, GE, CLASE 150;"12""";1;un;;12,61;kg;Contratista;ACOPLE FLEXIBLE;;;;;;;;SIN REVISAR;;;;;
1.125;1;125;EWP-3351-10-PA-220;CWP-3351-10-PA-220;CWA-3351-10;PWP-3351-10-PA-220;"03351-CT-6""-C3-0006-R3";;;C3;ACOPLE FLEXIBLE, ASTM A536, ASME B36.10 M, GE, CLASE 150;"6""";1;un;;5,44;kg;Contratista;ACOPLE FLEXIBLE;;;;;;;;SIN REVISAR;;;;;
1.126;1;126;EWP-3351-10-PA-220;CWP-3351-10-PA-220;CWA-3351-10;PWP-3351-10-PA-220;"03351-CT-6""-C3-0021-R3";;;C3;ACOPLE FLEXIBLE, ASTM A536, ASME B36.10 M, GE, CLASE 150;"6""";1;un;;5,44;kg;Contratista;ACOPLE FLEXIBLE;;;;;;;;SIN REVISAR;;;;;
1.127;1;127;EWP-3351-10-PA-220;CWP-3351-10-PA-220;CWA-3351-10;PWP-3351-10-PA-220;"03351-CT-6""-C3-0006-R3";;;C3;ACOPLE FLEXIBLE, ASTM A536, ASME B36.10 M, GE, CLASE 150;"6""";1;un;;5,44;kg;Contratista;ACOPLE FLEXIBLE;;;;;;;;SIN REVISAR;;;;;
1.128;1;128;EWP-3351-10-PA-220;CWP-3351-10-PA-220;CWA-3351-10;PWP-3351-10-PA-220;"03351-CT-6""-C3-0046-R3";;;C3;ACOPLE FLEXIBLE, ASTM A536, ASME B36.10 M, GE, CLASE 150;"6""";1;un;;5,44;kg;Contratista;ACOPLE FLEXIBLE;;;;;;;;SIN REVISAR;;;;;
1.129;1;129;EWP-3351-10-PA-220;CWP-3351-10-PA-220;CWA-3351-10;PWP-3351-10-PA-220;"03351-CT-6""-C3-0023-R3";;;C3;ACOPLE FLEXIBLE, ASTM A536, ASME B36.10 M, GE, CLASE 150;"6""";1;un;;5,44;kg;Contratista;ACOPLE FLEXIBLE;;;;;;;;SIN REVISAR;;;;;
1.130;1;130;EWP-3351-10-PA-220;CWP-3351-10-PA-220;CWA-3351-10;PWP-3351-10-PA-220;"03351-CT-6""-C3-0021-R3";;;C3;ACOPLE FLEXIBLE, ASTM A536, ASME B36.10 M, GE, CLASE 150;"6""";1;un;;5,44;kg;Contratista;ACOPLE FLEXIBLE;;;;;;;;SIN REVISAR;;;;;
1.131;1;131;EWP-3351-10-PA-220;CWP-3351-10-PA-220;CWA-3351-10;PWP-3351-10-PA-220;"03351-CT-6""-C3-0023-R3";;;C3;ACOPLE FLEXIBLE, ASTM A536, ASME B36.10 M, GE, CLASE 150;"6""";1;un;;5,44;kg;Contratista;ACOPLE FLEXIBLE;;;;;;;;SIN REVISAR;;;;;
1.132;1;132;EWP-3351-10-PA-220;CWP-3351-10-PA-220;CWA-3351-10;PWP-3351-10-PA-220;"03351-CT-6""-C3-0046-R3";;;C3;ACOPLE FLEXIBLE, ASTM A536, ASME B36.10 M, GE, CLASE 150;"6""";1;un;;5,44;kg;Contratista;ACOPLE FLEXIBLE;;;;;;;;SIN REVISAR;;;;;
1.133;1;133;EWP-3351-10-PA-220;CWP-3351-10-PA-220;CWA-3351-10;PWP-3351-10-PA-220;"03351-CT-6""-C3-0046-R3";;;C3;ACOPLE FLEXIBLE, ASTM A536, ASME B36.10 M, GE, CLASE 150;"6""";1;un;;5,44;kg;Contratista;ACOPLE FLEXIBLE;;;;;;;;SIN REVISAR;;;;;
1.134;1;134;EWP-3351-10-PA-220;CWP-3351-10-PA-220;CWA-3351-10;PWP-3351-10-PA-220;"03351-CT-6""-C3-0046-R3";;;C3;ACOPLE FLEXIBLE, ASTM A536, ASME B36.10 M, GE, CLASE 150;"6""";1;un;;5,44;kg;Contratista;ACOPLE FLEXIBLE;;;;;;;;SIN REVISAR;;;;;
1.135;1;135;EWP-3351-10-PA-220;CWP-3351-10-PA-220;CWA-3351-10;PWP-3351-10-PA-220;"03351-CT-6""-C3-0018-R3";;;C3;ACOPLE FLEXIBLE, ASTM A536, ASME B36.10 M, GE, CLASE 150;"6""";1;un;;5,44;kg;Contratista;ACOPLE FLEXIBLE;;;;;;;;SIN REVISAR;;;;;
1.136;1;136;EWP-3351-10-PA-220;CWP-3351-10-PA-220;CWA-3351-10;PWP-3351-10-PA-220;"03351-CT-6""-C3-0046-R3";;;C3;ACOPLE FLEXIBLE, ASTM A536, ASME B36.10 M, GE, CLASE 150;"3""";1;un;;1,68;kg;Contratista;ACOPLE FLEXIBLE;;;;;;;;SIN REVISAR;;;;;
1.137;1;137;EWP-3351-10-PA-220;CWP-3351-10-PA-220;CWA-3351-10;PWP-3351-10-PA-220;"03351-CT-6""-C3-0023-R3";;;C3;ACOPLE FLEXIBLE, ASTM A536, ASME B36.10 M, GE, CLASE 150;"4""";1;un;;3,04;kg;Contratista;ACOPLE FLEXIBLE;;;;;;;;SIN REVISAR;;;;;
1.138;1;138;EWP-3351-10-PA-220;CWP-3351-10-PA-220;CWA-3351-10;PWP-3351-10-PA-220;"03351-CT-6""-C2-0047-N";;;C2;ACOPLE FLEXIBLE, ASTM A536, ASME B36.10 M, GE, CLASE 150;"6""";1;un;;5,44;kg;Contratista;ACOPLE FLEXIBLE;;;;;;;;SIN REVISAR;;;;;
1.139;1;139;EWP-3351-10-PA-220;CWP-3351-10-PA-220;CWA-3351-10;PWP-3351-10-PA-220;"03351-CT-6""-C3-0007-R3";;;C3;ACOPLE FLEXIBLE, ASTM A536, ASME B36.10 M, GE, CLASE 150;"6""";1;un;;5,44;kg;Contratista;ACOPLE FLEXIBLE;;;;;;;;SIN REVISAR;;;;;
1.140;1;140;EWP-3351-10-PA-220;CWP-3351-10-PA-220;CWA-3351-10;PWP-3351-10-PA-220;"03351-CT-6""-C3-0018-R3";;;C3;ACOPLE FLEXIBLE, ASTM A536, ASME B36.10 M, GE, CLASE 150;"6""";1;un;;5,44;kg;Contratista;ACOPLE FLEXIBLE;;;;;;;;SIN REVISAR;;;;;
1.141;1;141;EWP-3351-10-PA-220;CWP-3351-10-PA-220;CWA-3351-10;PWP-3351-10-PA-220;"03351-CT-6""-C3-0021-R3";;;C3;ACOPLE FLEXIBLE, ASTM A536, ASME B36.10 M, GE, CLASE 150;"6""";1;un;;5,44;kg;Contratista;ACOPLE FLEXIBLE;;;;;;;;SIN REVISAR;;;;;
1.142;1;142;EWP-3351-10-PA-220;CWP-3351-10-PA-220;CWA-3351-10;PWP-3351-10-PA-220;"03351-CT-6""-C3-0046-R3";;;C3;ACOPLE FLEXIBLE, ASTM A536, ASME B36.10 M, GE, CLASE 150;"6""";1;un;;5,44;kg;Contratista;ACOPLE FLEXIBLE;;;;;;;;SIN REVISAR;;;;;
1.143;1;143;EWP-3351-10-PA-220;CWP-3351-10-PA-220;CWA-3351-10;PWP-3351-10-PA-220;"03351-CT-6""-C11-0001-N";;;C11;ACOPLE FLEXIBLE, ASTM A536, ASME B36.10 M, GE, CLASE 150;"3""";1;un;;1,68;kg;Contratista;ACOPLE FLEXIBLE;;;;;;;;SIN REVISAR;;;;;
1.144;1;144;EWP-3351-10-PA-220;CWP-3351-10-PA-220;CWA-3351-10;PWP-3351-10-PA-220;"03351-CT-6""-C3-0023-R3";;;C3;ACOPLE FLEXIBLE, ASTM A536, ASME B36.10 M, GE, CLASE 150;"6""";1;un;;5,44;kg;Contratista;ACOPLE FLEXIBLE;;;;;;;;SIN REVISAR;;;;;
1.145;1;145;EWP-3351-10-PA-220;CWP-3351-10-PA-220;CWA-3351-10;PWP-3351-10-PA-220;"03351-CT-6""-C3-0023-R3";;;C3;ACOPLE FLEXIBLE, ASTM A536, ASME B36.10 M, GE, CLASE 150;"6""";1;un;;5,44;kg;Contratista;ACOPLE FLEXIBLE;;;;;;;;SIN REVISAR;;;;;
1.146;1;146;EWP-3351-10-PA-220;CWP-3351-10-PA-220;CWA-3351-10;PWP-3351-10-PA-220;"03351-CT-6""-C3-0021-R3";;;C3;ACOPLE FLEXIBLE, ASTM A536, ASME B36.10 M, GE, CLASE 150;"6""";1;un;;5,44;kg;Contratista;ACOPLE FLEXIBLE;;;;;;;;SIN REVISAR;;;;;
1.147;1;147;EWP-3351-10-PA-220;CWP-3351-10-PA-220;CWA-3351-10;PWP-3351-10-PA-220;"03351-CT-6""-C3-0018-R3";;;C3;ACOPLE FLEXIBLE, ASTM A536, ASME B36.10 M, GE, CLASE 150;"6""";1;un;;5,44;kg;Contratista;ACOPLE FLEXIBLE;;;;;;;;SIN REVISAR;;;;;
1.148;1;148;EWP-3351-10-PA-220;CWP-3351-10-PA-220;CWA-3351-10;PWP-3351-10-PA-220;"03351-CT-6""-C3-0046-R3";;;C3;ACOPLE FLEXIBLE, ASTM A536, ASME B36.10 M, GE, CLASE 150;"6""";1;un;;5,44;kg;Contratista;ACOPLE FLEXIBLE;;;;;;;;SIN REVISAR;;;;;
1.149;1;149;EWP-3351-10-PA-220;CWP-3351-10-PA-220;CWA-3351-10;PWP-3351-10-PA-220;"03351-CT-6""-C3-0005-R3";;;C3;ACOPLE FLEXIBLE, ASTM A536, ASME B36.10 M, GE, CLASE 150;"6""";1;un;;5,44;kg;Contratista;ACOPLE FLEXIBLE;;;;;;;;SIN REVISAR;;;;;
1.150;1;150;EWP-3351-10-PA-220;CWP-3351-10-PA-220;CWA-3351-10;PWP-3351-10-PA-220;"03351-CT-6""-C3-0021-R3";;;C3;ACOPLE FLEXIBLE, ASTM A536, ASME B36.10 M, GE, CLASE 150;"6""";1;un;;5,44;kg;Contratista;ACOPLE FLEXIBLE;;;;;;;;SIN REVISAR;;;;;
1.151;1;151;EWP-3351-10-PA-220;CWP-3351-10-PA-220;CWA-3351-10;PWP-3351-10-PA-220;"03351-CT-6""-C3-0018-R3";;;C3;ACOPLE FLEXIBLE, ASTM A536, ASME B36.10 M, GE, CLASE 150;"6""";1;un;;5,44;kg;Contratista;ACOPLE FLEXIBLE;;;;;;;;SIN REVISAR;;;;;
1.152;1;152;EWP-3351-10-PA-220;CWP-3351-10-PA-220;CWA-3351-10;PWP-3351-10-PA-220;"03351-CT-6""-C3-0046-R3";;;C3;ACOPLE FLEXIBLE, ASTM A536, ASME B36.10 M, GE, CLASE 150;"3""";1;un;;1,68;kg;Contratista;ACOPLE FLEXIBLE;;;;;;;;SIN REVISAR;;;;;
1.153;1;153;EWP-3351-10-PA-220;CWP-3351-10-PA-220;CWA-3351-10;PWP-3351-10-PA-220;"03351-CT-6""-C3-0023-R3";;;C3;ACOPLE FLEXIBLE, ASTM A536, ASME B36.10 M, GE, CLASE 150;"6""";1;un;;5,44;kg;Contratista;ACOPLE FLEXIBLE;;;;;;;;SIN REVISAR;;;;;
1.154;1;154;EWP-3351-10-PA-220;CWP-3351-10-PA-220;CWA-3351-10;PWP-3351-10-PA-220;"03351-CT-6""-C3-0023-R3";;;C3;ACOPLE FLEXIBLE, ASTM A536, ASME B36.10 M, GE, CLASE 150;"3""";1;un;;1,68;kg;Contratista;ACOPLE FLEXIBLE;;;;;;;;SIN REVISAR;;;;;
1.155;1;155;EWP-3351-10-PA-220;CWP-3351-10-PA-220;CWA-3351-10;PWP-3351-10-PA-220;"03351-CT-6""-C2-0047-N";;;C2;ACOPLE FLEXIBLE, ASTM A536, ASME B36.10 M, GE, CLASE 150;"12""";1;un;;12,61;kg;Contratista;ACOPLE FLEXIBLE;;;;;;;;SIN REVISAR;;;;;
1.156;1;156;EWP-3351-10-PA-220;CWP-3351-10-PA-220;CWA-3351-10;PWP-3351-10-PA-220;"03351-CT-6""-C3-0046-R3";;;C3;ACOPLE FLEXIBLE, ASTM A536, ASME B36.10 M, GE, CLASE 150;"6""";1;un;;5,44;kg;Contratista;ACOPLE FLEXIBLE;;;;;;;;SIN REVISAR;;;;;
1.157;1;157;EWP-3351-10-PA-220;CWP-3351-10-PA-220;CWA-3351-10;PWP-3351-10-PA-220;"03351-CT-6""-C3-0021-R3";;;C3;ACOPLE FLEXIBLE, ASTM A536, ASME B36.10 M, GE, CLASE 150;"4""";1;un;;3,04;kg;Contratista;ACOPLE FLEXIBLE;;;;;;;;SIN REVISAR;;;;;
1.158;1;158;EWP-3351-10-PA-220;CWP-3351-10-PA-220;CWA-3351-10;PWP-3351-10-PA-220;"03351-CT-6""-C3-0018-R3";;;C3;ACOPLE FLEXIBLE, ASTM A536, ASME B36.10 M, GE, CLASE 150;"6""";1;un;;5,44;kg;Contratista;ACOPLE FLEXIBLE;;;;;;;;SIN REVISAR;;;;;
1.159;1;159;EWP-3351-10-PA-220;CWP-3351-10-PA-220;CWA-3351-10;PWP-3351-10-PA-220;"03351-CT-6""-C3-0046-R3";;;C3;ACOPLE FLEXIBLE, ASTM A536, ASME B36.10 M, GE, CLASE 150;"6""";1;un;;5,44;kg;Contratista;ACOPLE FLEXIBLE;;;;;;;;SIN REVISAR;;;;;
1.160;1;160;EWP-3351-10-PA-220;CWP-3351-10-PA-220;CWA-3351-10;PWP-3351-10-PA-220;"03351-CT-6""-C3-0018-R3";;;C3;ACOPLE FLEXIBLE, ASTM A536, ASME B36.10 M, GE, CLASE 150;"4""";1;un;;3,04;kg;Contratista;ACOPLE FLEXIBLE;;;;;;;;SIN REVISAR;;;;;
1.161;1;161;EWP-3351-10-PA-220;CWP-3351-10-PA-220;CWA-3351-10;PWP-3351-10-PA-220;"03351-CT-6""-C2-0047-N";;;C2;ACOPLE FLEXIBLE, ASTM A536, ASME B36.10 M, GE, CLASE 150;"6""";1;un;;5,44;kg;Contratista;ACOPLE FLEXIBLE;;;;;;;;SIN REVISAR;;;;;
1.162;1;162;EWP-3351-10-PA-220;CWP-3351-10-PA-220;CWA-3351-10;PWP-3351-10-PA-220;"03351-CT-6""-C3-0007-R3";;;C3;ACOPLE FLEXIBLE, ASTM A536, ASME B36.10 M, GE, CLASE 150;"12""";1;un;;12,61;kg;Contratista;ACOPLE FLEXIBLE;;;;;;;;SIN REVISAR;;;;;
1.163;1;163;EWP-3351-10-PA-220;CWP-3351-10-PA-220;CWA-3351-10;PWP-3351-10-PA-220;"03351-CT-6""-C3-0007-R3";;;C3;ACOPLE FLEXIBLE, ASTM A536, ASME B36.10 M, GE, CLASE 150;"6""";1;un;;5,44;kg;Contratista;ACOPLE FLEXIBLE;;;;;;;;SIN REVISAR;;;;;
1.164;1;164;EWP-3351-10-PA-220;CWP-3351-10-PA-220;CWA-3351-10;PWP-3351-10-PA-220;"03351-CT-6""-C3-0007-R3";;;C3;ACOPLE FLEXIBLE, ASTM A536, ASME B36.10 M, GE, CLASE 150;"6""";1;un;;5,44;kg;Contratista;ACOPLE FLEXIBLE;;;;;;;;SIN REVISAR;;;;;
1.165;1;165;EWP-3351-10-PA-220;CWP-3351-10-PA-220;CWA-3351-10;PWP-3351-10-PA-220;"03351-CT-6""-C3-0007-R3";;;C3;ACOPLE FLEXIBLE, ASTM A536, ASME B36.10 M, GE, CLASE 150;"3""";1;un;;1,68;kg;Contratista;ACOPLE FLEXIBLE;;;;;;;;SIN REVISAR;;;;;
1.166;1;166;EWP-3351-10-PA-220;CWP-3351-10-PA-220;CWA-3351-10;PWP-3351-10-PA-220;"03351-CT-6""-C3-0018-R3";;;C3;ACOPLE FLEXIBLE, ASTM A536, ASME B36.10 M, GE, CLASE 150;"3""";1;un;;1,68;kg;Contratista;ACOPLE FLEXIBLE;;;;;;;;SIN REVISAR;;;;;
1.167;1;167;EWP-3351-10-PA-220;CWP-3351-10-PA-220;CWA-3351-10;PWP-3351-10-PA-220;"03351-CT-6""-C3-0023-R3";;;C3;ACOPLE FLEXIBLE, ASTM A536, ASME B36.10 M, GE, CLASE 150;"3""";1;un;;1,68;kg;Contratista;ACOPLE FLEXIBLE;;;;;;;;SIN REVISAR;;;;;
1.168;1;168;EWP-3351-10-PA-220;CWP-3351-10-PA-220;CWA-3351-10;PWP-3351-10-PA-220;"03351-CT-6""-C3-0021-R3";;;C3;ACOPLE FLEXIBLE, ASTM A536, ASME B36.10 M, GE, CLASE 150;"3""";1;un;;1,68;kg;Contratista;ACOPLE FLEXIBLE;;;;;;;;SIN REVISAR;;;;;
1.169;1;169;EWP-3351-10-PA-220;CWP-3351-10-PA-220;CWA-3351-10;PWP-3351-10-PA-220;"03351-CT-6""-C3-0018-R3";;;C3;ACOPLE FLEXIBLE, ASTM A536, ASME B36.10 M, GE, CLASE 150;"3""";1;un;;1,68;kg;Contratista;ACOPLE FLEXIBLE;;;;;;;;SIN REVISAR;;;;;
1.170;1;170;EWP-3351-10-PA-220;CWP-3351-10-PA-220;CWA-3351-10;PWP-3351-10-PA-220;"03351-CT-6""-C3-0023-R3";;;C3;ACOPLE FLEXIBLE, ASTM A536, ASME B36.10 M, GE, CLASE 150;"3""";1;un;;1,68;kg;Contratista;ACOPLE FLEXIBLE;;;;;;;;SIN REVISAR;;;;;
1.171;1;171;EWP-3351-10-PA-220;CWP-3351-10-PA-220;CWA-3351-10;PWP-3351-10-PA-220;"03351-CT-6""-C3-0021-R3";;;C3;ACOPLE FLEXIBLE, ASTM A536, ASME B36.10 M, GE, CLASE 150;"3""";1;un;;1,68;kg;Contratista;ACOPLE FLEXIBLE;;;;;;;;SIN REVISAR;;;;;
1.172;1;172;EWP-3351-10-PA-220;CWP-3351-10-PA-220;CWA-3351-10;PWP-3351-10-PA-220;"03351-CT-6""-C3-0018-R3";;;C3;ACOPLE FLEXIBLE, ASTM A536, ASME B36.10 M, GE, CLASE 150;"3""";1;un;;1,68;kg;Contratista;ACOPLE FLEXIBLE;;;;;;;;SIN REVISAR;;;;;
1.173;1;173;EWP-3351-10-PA-220;CWP-3351-10-PA-220;CWA-3351-10;PWP-3351-10-PA-220;"03351-CT-6""-C3-0021-R3";;;C3;ACOPLE FLEXIBLE, ASTM A536, ASME B36.10 M, GE, CLASE 150;"3""";1;un;;1,68;kg;Contratista;ACOPLE FLEXIBLE;;;;;;;;SIN REVISAR;;;;;
1.174;1;174;EWP-3351-10-PA-220;CWP-3351-10-PA-220;CWA-3351-10;PWP-3351-10-PA-220;"03351-CT-6""-C3-0023-R3";;;C3;ACOPLE FLEXIBLE, ASTM A536, ASME B36.10 M, GE, CLASE 150;"3""";1;un;;1,68;kg;Contratista;ACOPLE FLEXIBLE;;;;;;;;SIN REVISAR;;;;;
1.175;1;175;EWP-3351-10-PA-220;CWP-3351-10-PA-220;CWA-3351-10;PWP-3351-10-PA-220;"03351-CT-6""-C3-0021-R3";;;C3;ACOPLE FLEXIBLE, ASTM A536, ASME B36.10 M, GE, CLASE 150;"2""";1;un;;2,6;kg;Contratista;ACOPLE FLEXIBLE;;;;;;;;SIN REVISAR;;;;;
1.176;1;176;EWP-3351-10-PA-220;CWP-3351-10-PA-220;CWA-3351-10;PWP-3351-10-PA-220;"03351-CT-6""-C3-0021-R3";;;C3;ACOPLE FLEXIBLE, ASTM A536, ASME B36.10 M, GE, CLASE 150;"2""";1;un;;2,6;kg;Contratista;ACOPLE FLEXIBLE;;;;;;;;SIN REVISAR;;;;;
1.177;1;177;EWP-3351-10-PA-220;CWP-3351-10-PA-220;CWA-3351-10;PWP-3351-10-PA-220;"03351-CT-6""-C3-0023-R3";;;C3;ACOPLE FLEXIBLE, ASTM A536, ASME B36.10 M, GE, CLASE 150;"2""";1;un;;2,6;kg;Contratista;ACOPLE FLEXIBLE;;;;;;;;SIN REVISAR;;;;;
1.178;1;178;EWP-3351-10-PA-220;CWP-3351-10-PA-220;CWA-3351-10;PWP-3351-10-PA-220;"03351-CT-6""-C3-0023-R3";;;C3;ACOPLE FLEXIBLE, ASTM A536, ASME B36.10 M, GE, CLASE 150;"2""";1;un;;2,6;kg;Contratista;ACOPLE FLEXIBLE;;;;;;;;SIN REVISAR;;;;;
1.179;1;179;EWP-3351-10-PA-220;CWP-3351-10-PA-220;CWA-3351-10;PWP-3351-10-PA-220;"03351-CT-6""-C3-0018-R3";;;C3;ACOPLE FLEXIBLE, ASTM A536, ASME B36.10 M, GE, CLASE 150;"2""";1;un;;2,6;kg;Contratista;ACOPLE FLEXIBLE;;;;;;;;SIN REVISAR;;;;;
1.180;1;180;EWP-3351-10-PA-220;CWP-3351-10-PA-220;CWA-3351-10;PWP-3351-10-PA-220;"03351-CT-6""-C3-0018-R3";;;C3;ACOPLE FLEXIBLE, ASTM A536, ASME B36.10 M, GE, CLASE 150;"2""";1;un;;2,6;kg;Contratista;ACOPLE FLEXIBLE;;;;;;;;SIN REVISAR;;;;;
1.181;1;181;EWP-3351-10-PA-220;CWP-3351-10-PA-220;CWA-3351-10;PWP-3351-10-PA-220;"03351-CT-6""-C11-0001-N";;;C11;ACOPLE FLEXIBLE, ASTM A536, ASME B36.10 M, GE, CLASE 150;"6""";1;un;;5,44;kg;Contratista;ACOPLE FLEXIBLE;;;;;;;;SIN REVISAR;;;;;
1.182;1;182;EWP-3351-10-PA-220;CWP-3351-10-PA-220;CWA-3351-10;PWP-3351-10-PA-220;"03351-CT-6""-C11-0001-N";;;C11;ACOPLE FLEXIBLE, ASTM A536, ASME B36.10 M, GE, CLASE 150;"6""";1;un;;5,44;kg;Contratista;ACOPLE FLEXIBLE;;;;;;;;SIN REVISAR;;;;;
1.183;1;183;EWP-3351-10-PA-220;CWP-3351-10-PA-220;CWA-3351-10;PWP-3351-10-PA-220;"03351-CT-6""-C3-0021-R3";;;C3;ACOPLE FLEXIBLE, ASTM A536, ASME B36.10 M, GE, CLASE 150;"6""";1;un;;5,44;kg;Contratista;ACOPLE FLEXIBLE;;;;;;;;SIN REVISAR;;;;;
1.184;1;184;EWP-3351-10-PA-220;CWP-3351-10-PA-220;CWA-3351-10;PWP-3351-10-PA-220;"03351-CT-4""-C3-0015-R3";;;C3;ACOPLE FLEXIBLE, ASTM A536, ASME B36.10 M, GE, CLASE 150;"4""";1;un;;3,04;kg;Contratista;ACOPLE FLEXIBLE;;;;;;;;SIN REVISAR;;;;;
1.185;1;185;EWP-3351-10-PA-220;CWP-3351-10-PA-220;CWA-3351-10;PWP-3351-10-PA-220;"03351-CT-4""-C3-0015-R3";;;C3;ACOPLE FLEXIBLE, ASTM A536, ASME B36.10 M, GE, CLASE 150;"4""";1;un;;3,04;kg;Contratista;ACOPLE FLEXIBLE;;;;;;;;SIN REVISAR;;;;;
1.186;1;186;EWP-3351-10-PA-220;CWP-3351-10-PA-220;CWA-3351-10;PWP-3351-10-PA-220;"03351-CT-4""-C3-0017-R3";;;C3;ACOPLE FLEXIBLE, ASTM A536, ASME B36.10 M, GE, CLASE 150;"4""";1;un;;3,04;kg;Contratista;ACOPLE FLEXIBLE;;;;;;;;SIN REVISAR;;;;;
1.187;1;187;EWP-3351-10-PA-220;CWP-3351-10-PA-220;CWA-3351-10;PWP-3351-10-PA-220;"03351-CT-4""-C3-0077-R3";;;C3;ACOPLE FLEXIBLE, ASTM A536, ASME B36.10 M, GE, CLASE 150;"4""";1;un;;3,04;kg;Contratista;ACOPLE FLEXIBLE;;;;;;;;SIN REVISAR;;;;;
1.188;1;188;EWP-3351-10-PA-220;CWP-3351-10-PA-220;CWA-3351-10;PWP-3351-10-PA-220;"03351-CT-6""-C3-0021-R3";;;C3;ACOPLE FLEXIBLE, ASTM A536, ASME B36.10 M, GE, CLASE 150;"6""";1;un;;5,44;kg;Contratista;ACOPLE FLEXIBLE;;;;;;;;SIN REVISAR;;;;;
1.189;1;189;EWP-3351-10-PA-220;CWP-3351-10-PA-220;CWA-3351-10;PWP-3351-10-PA-220;"03351-CT-4""-C3-0015-R3";;;C3;ACOPLE FLEXIBLE, ASTM A536, ASME B36.10 M, GE, CLASE 150;"4""";1;un;;3,04;kg;Contratista;ACOPLE FLEXIBLE;;;;;;;;SIN REVISAR;;;;;
1.190;1;190;EWP-3351-10-PA-220;CWP-3351-10-PA-220;CWA-3351-10;PWP-3351-10-PA-220;"03351-CT-6""-C3-0050-R3";;;C3;ACOPLE FLEXIBLE, ASTM A536, ASME B36.10 M, GE, CLASE 150;"6""";1;un;;5,44;kg;Contratista;ACOPLE FLEXIBLE;;;;;;;;SIN REVISAR;;;;;
1.191;1;191;EWP-3351-10-PA-220;CWP-3351-10-PA-220;CWA-3351-10;PWP-3351-10-PA-220;"03351-CT-6""-C3-0018-R3";;;C3;ACOPLE FLEXIBLE, ASTM A536, ASME B36.10 M, GE, CLASE 150;"6""";1;un;;5,44;kg;Contratista;ACOPLE FLEXIBLE;;;;;;;;SIN REVISAR;;;;;
1.192;1;192;EWP-3351-10-PA-220;CWP-3351-10-PA-220;CWA-3351-10;PWP-3351-10-PA-220;"03351-CT-4""-C3-0017-R3";;;C3;ACOPLE FLEXIBLE, ASTM A536, ASME B36.10 M, GE, CLASE 150;"4""";1;un;;3,04;kg;Contratista;ACOPLE FLEXIBLE;;;;;;;;SIN REVISAR;;;;;
1.193;1;193;EWP-3351-10-PA-220;CWP-3351-10-PA-220;CWA-3351-10;PWP-3351-10-PA-220;"03351-CT-6""-C3-0050-R3";;;C3;ACOPLE FLEXIBLE, ASTM A536, ASME B36.10 M, GE, CLASE 150;"6""";1;un;;5,44;kg;Contratista;ACOPLE FLEXIBLE;;;;;;;;SIN REVISAR;;;;;
1.194;1;194;EWP-3351-10-PA-220;CWP-3351-10-PA-220;CWA-3351-10;PWP-3351-10-PA-220;"03351-CT-4""-C3-0015-R3";;;C3;ACOPLE FLEXIBLE, ASTM A536, ASME B36.10 M, GE, CLASE 150;"4""";1;un;;3,04;kg;Contratista;ACOPLE FLEXIBLE;;;;;;;;SIN REVISAR;;;;;
1.195;1;195;EWP-3351-10-PA-220;CWP-3351-10-PA-220;CWA-3351-10;PWP-3351-10-PA-220;"03351-CT-6""-C3-0021-R3";;;C3;ACOPLE FLEXIBLE, ASTM A536, ASME B36.10 M, GE, CLASE 150;"6""";1;un;;5,44;kg;Contratista;ACOPLE FLEXIBLE;;;;;;;;SIN REVISAR;;;;;
1.196;1;196;EWP-3351-10-PA-220;CWP-3351-10-PA-220;CWA-3351-10;PWP-3351-10-PA-220;"03351-CT-6""-C3-0021-R3";;;C3;ACOPLE FLEXIBLE, ASTM A536, ASME B36.10 M, GE, CLASE 150;"6""";1;un;;5,44;kg;Contratista;ACOPLE FLEXIBLE;;;;;;;;SIN REVISAR;;;;;
1.197;1;197;EWP-3351-10-PA-220;CWP-3351-10-PA-220;CWA-3351-10;PWP-3351-10-PA-220;"03351-CT-4""-C3-0077-R3";;;C3;ACOPLE FLEXIBLE, ASTM A536, ASME B36.10 M, GE, CLASE 150;"4""";1;un;;3,04;kg;Contratista;ACOPLE FLEXIBLE;;;;;;;;SIN REVISAR;;;;;
1.198;1;198;EWP-3351-10-PA-220;CWP-3351-10-PA-220;CWA-3351-10;PWP-3351-10-PA-220;"03351-CT-4""-C3-0015-R3";;;C3;ACOPLE FLEXIBLE, ASTM A536, ASME B36.10 M, GE, CLASE 150;"4""";1;un;;3,04;kg;Contratista;ACOPLE FLEXIBLE;;;;;;;;SIN REVISAR;;;;;
1.199;1;199;EWP-3351-10-PA-220;CWP-3351-10-PA-220;CWA-3351-10;PWP-3351-10-PA-220;"03351-CT-6""-C3-0018-R3";;;C3;ACOPLE FLEXIBLE, ASTM A536, ASME B36.10 M, GE, CLASE 150;"6""";1;un;;5,44;kg;Contratista;ACOPLE FLEXIBLE;;;;;;;;SIN REVISAR;;;;;
1.200;1;200;EWP-3351-10-PA-220;CWP-3351-10-PA-220;CWA-3351-10;PWP-3351-10-PA-220;"03351-CT-6""-C3-0021-R3";;;C3;ACOPLE FLEXIBLE, ASTM A536, ASME B36.10 M, GE, CLASE 150;"6""";1;un;;5,44;kg;Contratista;ACOPLE FLEXIBLE;;;;;;;;SIN REVISAR;;;;;
1.201;1;201;EWP-3351-10-PA-220;CWP-3351-10-PA-220;CWA-3351-10;PWP-3351-10-PA-220;"03351-CT-4""-C3-0015-R3";;;C3;ACOPLE FLEXIBLE, ASTM A536, ASME B36.10 M, GE, CLASE 150;"4""";1;un;;3,04;kg;Contratista;ACOPLE FLEXIBLE;;;;;;;;SIN REVISAR;;;;;
1.202;1;202;EWP-3351-10-PA-220;CWP-3351-10-PA-220;CWA-3351-10;PWP-3351-10-PA-220;"03351-CT-4""-C3-0015-R3";;;C3;ACOPLE FLEXIBLE, ASTM A536, ASME B36.10 M, GE, CLASE 150;"4""";1;un;;3,04;kg;Contratista;ACOPLE FLEXIBLE;;;;;;;;SIN REVISAR;;;;;
1.203;1;203;EWP-3351-10-PA-220;CWP-3351-10-PA-220;CWA-3351-10;PWP-3351-10-PA-220;"03351-CT-6""-C3-0018-R3";;;C3;ACOPLE FLEXIBLE, ASTM A536, ASME B36.10 M, GE, CLASE 150;"6""";1;un;;5,44;kg;Contratista;ACOPLE FLEXIBLE;;;;;;;;SIN REVISAR;;;;;
1.204;1;204;EWP-3351-10-PA-220;CWP-3351-10-PA-220;CWA-3351-10;PWP-3351-10-PA-220;"03351-CT-6""-C3-0018-R3";;;C3;ACOPLE FLEXIBLE, ASTM A536, ASME B36.10 M, GE, CLASE 150;"6""";1;un;;5,44;kg;Contratista;ACOPLE FLEXIBLE;;;;;;;;SIN REVISAR;;;;;
1.205;1;205;EWP-3351-10-PA-220;CWP-3351-10-PA-220;CWA-3351-10;PWP-3351-10-PA-220;"03351-CT-6""-C3-0018-R3";;;C3;ACOPLE FLEXIBLE, ASTM A536, ASME B36.10 M, GE, CLASE 150;"6""";1;un;;5,44;kg;Contratista;ACOPLE FLEXIBLE;;;;;;;;SIN REVISAR;;;;;
1.206;1;206;EWP-3351-10-PA-220;CWP-3351-10-PA-220;CWA-3351-10;PWP-3351-10-PA-220;"03351-CT-6""-C3-0018-R3";;;C3;ACOPLE FLEXIBLE, ASTM A536, ASME B36.10 M, GE, CLASE 150;"6""";1;un;;5,44;kg;Contratista;ACOPLE FLEXIBLE;;;;;;;;SIN REVISAR;;;;;
1.207;1;207;EWP-3351-10-PA-220;CWP-3351-10-PA-220;CWA-3351-10;PWP-3351-10-PA-220;"03351-CT-6""-C3-0018-R3";;;C3;ACOPLE FLEXIBLE, ASTM A536, ASME B36.10 M, GE, CLASE 150;"6""";1;un;;5,44;kg;Contratista;ACOPLE FLEXIBLE;;;;;;;;SIN REVISAR;;;;;
1.208;1;208;EWP-3351-10-PA-220;CWP-3351-10-PA-220;CWA-3351-10;PWP-3351-10-PA-220;"03351-CT-6""-C3-0018-R3";;;C3;ACOPLE FLEXIBLE, ASTM A536, ASME B36.10 M, GE, CLASE 150;"6""";1;un;;5,44;kg;Contratista;ACOPLE FLEXIBLE;;;;;;;;SIN REVISAR;;;;;
1.209;1;209;EWP-3351-10-PA-220;CWP-3351-10-PA-220;CWA-3351-10;PWP-3351-10-PA-220;"03351-CT-6""-C3-0018-R3";;;C3;ACOPLE FLEXIBLE, ASTM A536, ASME B36.10 M, GE, CLASE 150;"6""";1;un;;5,44;kg;Contratista;ACOPLE FLEXIBLE;;;;;;;;SIN REVISAR;;;;;
1.210;1;210;EWP-3351-10-PA-220;CWP-3351-10-PA-220;CWA-3351-10;PWP-3351-10-PA-220;"03351-CT-6""-C3-0018-R3";;;C3;ACOPLE FLEXIBLE, ASTM A536, ASME B36.10 M, GE, CLASE 150;"6""";1;un;;5,44;kg;Contratista;ACOPLE FLEXIBLE;;;;;;;;SIN REVISAR;;;;;
1.211;1;211;EWP-3351-10-PA-220;CWP-3351-10-PA-220;CWA-3351-10;PWP-3351-10-PA-220;"03351-CT-6""-C3-0018-R3";;;C3;ACOPLE FLEXIBLE, ASTM A536, ASME B36.10 M, GE, CLASE 150;"6""";1;un;;5,44;kg;Contratista;ACOPLE FLEXIBLE;;;;;;;;SIN REVISAR;;;;;
1.212;1;212;EWP-3351-10-PA-220;CWP-3351-10-PA-220;CWA-3351-10;PWP-3351-10-PA-220;"03351-CT-6""-C3-0018-R3";;;C3;ACOPLE FLEXIBLE, ASTM A536, ASME B36.10 M, GE, CLASE 150;"6""";1;un;;5,44;kg;Contratista;ACOPLE FLEXIBLE;;;;;;;;SIN REVISAR;;;;;
1.213;1;213;EWP-3351-10-PA-220;CWP-3351-10-PA-220;CWA-3351-10;PWP-3351-10-PA-220;"03351-CT-6""-C3-0018-R3";;;C3;ACOPLE FLEXIBLE, ASTM A536, ASME B36.10 M, GE, CLASE 150;"3""";1;un;;1,68;kg;Contratista;ACOPLE FLEXIBLE;;;;;;;;SIN REVISAR;;;;;
1.214;1;214;EWP-3351-10-PA-220;CWP-3351-10-PA-220;CWA-3351-10;PWP-3351-10-PA-220;"03351-CT-6""-C3-0018-R3";;;C3;ACOPLE FLEXIBLE, ASTM A536, ASME B36.10 M, GE, CLASE 150;"6""";1;un;;5,44;kg;Contratista;ACOPLE FLEXIBLE;;;;;;;;SIN REVISAR;;;;;
1.215;1;215;EWP-3351-10-PA-220;CWP-3351-10-PA-220;CWA-3351-10;PWP-3351-10-PA-220;"03351-CT-6""-C3-0018-R3";;;C3;ACOPLE FLEXIBLE, ASTM A536, ASME B36.10 M, GE, CLASE 150;"6""";1;un;;5,44;kg;Contratista;ACOPLE FLEXIBLE;;;;;;;;SIN REVISAR;;;;;
1.216;1;216;EWP-3351-10-PA-220;CWP-3351-10-PA-220;CWA-3351-10;PWP-3351-10-PA-220;"03351-CT-6""-C3-0018-R3";;;C3;ACOPLE FLEXIBLE, ASTM A536, ASME B36.10 M, GE, CLASE 150;"6""";1;un;;5,44;kg;Contratista;ACOPLE FLEXIBLE;;;;;;;;SIN REVISAR;;;;;
1.217;1;217;EWP-3351-10-PA-220;CWP-3351-10-PA-220;CWA-3351-10;PWP-3351-10-PA-220;"03351-CT-6""-C3-0018-R3";;;C3;ACOPLE FLEXIBLE, ASTM A536, ASME B36.10 M, GE, CLASE 150;"6""";1;un;;5,44;kg;Contratista;ACOPLE FLEXIBLE;;;;;;;;SIN REVISAR;;;;;
1.218;1;218;EWP-3351-10-PA-220;CWP-3351-10-PA-220;CWA-3351-10;PWP-3351-10-PA-220;"03351-CT-6""-C3-0018-R3";;;C3;ACOPLE FLEXIBLE, ASTM A536, ASME B36.10 M, GE, CLASE 150;"6""";1;un;;5,44;kg;Contratista;ACOPLE FLEXIBLE;;;;;;;;SIN REVISAR;;;;;
1.219;1;219;EWP-3351-10-PA-220;CWP-3351-10-PA-220;CWA-3351-10;PWP-3351-10-PA-220;"03351-CT-6""-C3-0030-R3";;;C3;ACOPLE FLEXIBLE, ASTM A536, ASME B36.10 M, GE, CLASE 150;"2""";1;un;;2,6;kg;Contratista;ACOPLE FLEXIBLE;;;;;;;;SIN REVISAR;;;;;
1.220;1;220;EWP-3351-10-PA-220;CWP-3351-10-PA-220;CWA-3351-10;PWP-3351-10-PA-220;"03351-CT-6""-C3-0018-R3";;;C3;ACOPLE FLEXIBLE, ASTM A536, ASME B36.10 M, GE, CLASE 150;"6""";1;un;;5,44;kg;Contratista;ACOPLE FLEXIBLE;;;;;;;;SIN REVISAR;;;;;
1.221;1;221;EWP-3351-10-PA-220;CWP-3351-10-PA-220;CWA-3351-10;PWP-3351-10-PA-220;"03351-CT-6""-C3-0018-R3";;;C3;ACOPLE FLEXIBLE, ASTM A536, ASME B36.10 M, GE, CLASE 150;"6""";1;un;;5,44;kg;Contratista;ACOPLE FLEXIBLE;;;;;;;;SIN REVISAR;;;;;
1.222;1;222;EWP-3351-10-PA-220;CWP-3351-10-PA-220;CWA-3351-10;PWP-3351-10-PA-220;"03351-CT-6""-C3-0018-R3";;;C3;ACOPLE FLEXIBLE, ASTM A536, ASME B36.10 M, GE, CLASE 150;"6""";1;un;;5,44;kg;Contratista;ACOPLE FLEXIBLE;;;;;;;;SIN REVISAR;;;;;
1.223;1;223;EWP-3351-10-PA-220;CWP-3351-10-PA-220;CWA-3351-10;PWP-3351-10-PA-220;"03351-CT-6""-C3-0018-R3";;;C3;ACOPLE FLEXIBLE, ASTM A536, ASME B36.10 M, GE, CLASE 150;"6""";1;un;;5,44;kg;Contratista;ACOPLE FLEXIBLE;;;;;;;;SIN REVISAR;;;;;
1.224;1;224;EWP-3351-10-PA-220;CWP-3351-10-PA-220;CWA-3351-10;PWP-3351-10-PA-220;"03351-CT-6""-C3-0018-R3";;;C3;ACOPLE FLEXIBLE, ASTM A536, ASME B36.10 M, GE, CLASE 150;"6""";1;un;;5,44;kg;Contratista;ACOPLE FLEXIBLE;;;;;;;;SIN REVISAR;;;;;
1.225;1;225;EWP-3351-10-PA-220;CWP-3351-10-PA-220;CWA-3351-10;PWP-3351-10-PA-220;"03351-CT-6""-C3-0018-R3";;;C3;ACOPLE FLEXIBLE, ASTM A536, ASME B36.10 M, GE, CLASE 150;"6""";1;un;;5,44;kg;Contratista;ACOPLE FLEXIBLE;;;;;;;;SIN REVISAR;;;;;
1.226;1;226;EWP-3351-10-PA-220;CWP-3351-10-PA-220;CWA-3351-10;PWP-3351-10-PA-220;"03351-CT-6""-C3-0018-R3";;;C3;ACOPLE FLEXIBLE, ASTM A536, ASME B36.10 M, GE, CLASE 150;"6""";1;un;;5,44;kg;Contratista;ACOPLE FLEXIBLE;;;;;;;;SIN REVISAR;;;;;
1.227;1;227;EWP-3351-10-PA-220;CWP-3351-10-PA-220;CWA-3351-10;PWP-3351-10-PA-220;"03351-CT-6""-C3-0018-R3";;;C3;ACOPLE FLEXIBLE, ASTM A536, ASME B36.10 M, GE, CLASE 150;"6""";1;un;;5,44;kg;Contratista;ACOPLE FLEXIBLE;;;;;;;;SIN REVISAR;;;;;
1.228;1;228;EWP-3351-10-PA-220;CWP-3351-10-PA-220;CWA-3351-10;PWP-3351-10-PA-220;"03351-CT-6""-C3-0018-R3";;;C3;ACOPLE FLEXIBLE, ASTM A536, ASME B36.10 M, GE, CLASE 150;"6""";1;un;;5,44;kg;Contratista;ACOPLE FLEXIBLE;;;;;;;;SIN REVISAR;;;;;
1.229;1;229;EWP-3351-10-PA-220;CWP-3351-10-PA-220;CWA-3351-10;PWP-3351-10-PA-220;"03351-CT-6""-C3-0018-R3";;;C3;ACOPLE FLEXIBLE, ASTM A536, ASME B36.10 M, GE, CLASE 150;"6""";1;un;;5,44;kg;Contratista;ACOPLE FLEXIBLE;;;;;;;;SIN REVISAR;;;;;
1.230;1;230;EWP-3351-10-PA-220;CWP-3351-10-PA-220;CWA-3351-10;PWP-3351-10-PA-220;"03351-CT-6""-C3-0018-R3";;;C3;ACOPLE FLEXIBLE, ASTM A536, ASME B36.10 M, GE, CLASE 150;"6""";1;un;;5,44;kg;Contratista;ACOPLE FLEXIBLE;;;;;;;;SIN REVISAR;;;;;
1.231;1;231;EWP-3351-10-PA-220;CWP-3351-10-PA-220;CWA-3351-10;PWP-3351-10-PA-220;"03351-CT-6""-C3-0018-R3";;;C3;ACOPLE FLEXIBLE, ASTM A536, ASME B36.10 M, GE, CLASE 150;"6""";1;un;;5,44;kg;Contratista;ACOPLE FLEXIBLE;;;;;;;;SIN REVISAR;;;;;
1.232;1;232;EWP-3351-10-PA-220;CWP-3351-10-PA-220;CWA-3351-10;PWP-3351-10-PA-220;"03351-CT-6""-C3-0018-R3";;;C3;ACOPLE FLEXIBLE, ASTM A536, ASME B36.10 M, GE, CLASE 150;"6""";1;un;;5,44;kg;Contratista;ACOPLE FLEXIBLE;;;;;;;;SIN REVISAR;;;;;
1.233;1;233;EWP-3351-10-PA-220;CWP-3351-10-PA-220;CWA-3351-10;PWP-3351-10-PA-220;"03351-CT-6""-C3-0018-R3";;;C3;ACOPLE FLEXIBLE, ASTM A536, ASME B36.10 M, GE, CLASE 150;"6""";1;un;;5,44;kg;Contratista;ACOPLE FLEXIBLE;;;;;;;;SIN REVISAR;;;;;
1.234;1;234;EWP-3351-10-PA-220;CWP-3351-10-PA-220;CWA-3351-10;PWP-3351-10-PA-220;"03351-CT-6""-C3-0018-R3";;;C3;ACOPLE FLEXIBLE, ASTM A536, ASME B36.10 M, GE, CLASE 150;"6""";1;un;;5,44;kg;Contratista;ACOPLE FLEXIBLE;;;;;;;;SIN REVISAR;;;;;
1.235;1;235;EWP-3351-10-PA-220;CWP-3351-10-PA-220;CWA-3351-10;PWP-3351-10-PA-220;"03351-CT-6""-C3-0018-R3";;;C3;ACOPLE FLEXIBLE, ASTM A536, ASME B36.10 M, GE, CLASE 150;"6""";1;un;;5,44;kg;Contratista;ACOPLE FLEXIBLE;;;;;;;;SIN REVISAR;;;;;
1.236;1;236;EWP-3351-10-PA-220;CWP-3351-10-PA-220;CWA-3351-10;PWP-3351-10-PA-220;"03351-CT-6""-C3-0018-R3";;;C3;ACOPLE FLEXIBLE, ASTM A536, ASME B36.10 M, GE, CLASE 150;"6""";1;un;;5,44;kg;Contratista;ACOPLE FLEXIBLE;;;;;;;;SIN REVISAR;;;;;
1.237;1;237;EWP-3351-10-PA-220;CWP-3351-10-PA-220;CWA-3351-10;PWP-3351-10-PA-220;"03351-CT-6""-C3-0018-R3";;;C3;ACOPLE FLEXIBLE, ASTM A536, ASME B36.10 M, GE, CLASE 150;"6""";1;un;;5,44;kg;Contratista;ACOPLE FLEXIBLE;;;;;;;;SIN REVISAR;;;;;
1.238;1;238;EWP-3351-10-PA-220;CWP-3351-10-PA-220;CWA-3351-10;PWP-3351-10-PA-220;"03351-CT-6""-C3-0018-R3";;;C3;ACOPLE FLEXIBLE, ASTM A536, ASME B36.10 M, GE, CLASE 150;"6""";1;un;;5,44;kg;Contratista;ACOPLE FLEXIBLE;;;;;;;;SIN REVISAR;;;;;
1.239;1;239;EWP-3351-10-PA-220;CWP-3351-10-PA-220;CWA-3351-10;PWP-3351-10-PA-220;"03351-CT-6""-C3-0030-R3";;;C3;ACOPLE FLEXIBLE, ASTM A536, ASME B36.10 M, GE, CLASE 150;"6""";1;un;;5,44;kg;Contratista;ACOPLE FLEXIBLE;;;;;;;;SIN REVISAR;;;;;
1.240;1;240;EWP-3351-10-PA-220;CWP-3351-10-PA-220;CWA-3351-10;PWP-3351-10-PA-220;"03351-CT-6""-C3-0018-R3";;;C3;ACOPLE FLEXIBLE, ASTM A536, ASME B36.10 M, GE, CLASE 150;"6""";1;un;;5,44;kg;Contratista;ACOPLE FLEXIBLE;;;;;;;;SIN REVISAR;;;;;
1.241;1;241;EWP-3351-10-PA-220;CWP-3351-10-PA-220;CWA-3351-10;PWP-3351-10-PA-220;"03351-CT-6""-C3-0018-R3";;;C3;ACOPLE FLEXIBLE, ASTM A536, ASME B36.10 M, GE, CLASE 150;"6""";1;un;;5,44;kg;Contratista;ACOPLE FLEXIBLE;;;;;;;;SIN REVISAR;;;;;
1.242;1;242;EWP-3351-10-PA-220;CWP-3351-10-PA-220;CWA-3351-10;PWP-3351-10-PA-220;"03351-CT-6""-C3-0018-R3";;;C3;ACOPLE FLEXIBLE, ASTM A536, ASME B36.10 M, GE, CLASE 150;"6""";1;un;;5,44;kg;Contratista;ACOPLE FLEXIBLE;;;;;;;;SIN REVISAR;;;;;
1.243;1;243;EWP-3351-10-PA-220;CWP-3351-10-PA-220;CWA-3351-10;PWP-3351-10-PA-220;"03351-CT-6""-C3-0018-R3";;;C3;ACOPLE FLEXIBLE, ASTM A536, ASME B36.10 M, GE, CLASE 150;"6""";1;un;;5,44;kg;Contratista;ACOPLE FLEXIBLE;;;;;;;;SIN REVISAR;;;;;
1.244;1;244;EWP-3351-10-PA-220;CWP-3351-10-PA-220;CWA-3351-10;PWP-3351-10-PA-220;"03351-CT-6""-C3-0018-R3";;;C3;ACOPLE FLEXIBLE, ASTM A536, ASME B36.10 M, GE, CLASE 150;"6""";1;un;;5,44;kg;Contratista;ACOPLE FLEXIBLE;;;;;;;;SIN REVISAR;;;;;
1.245;1;245;EWP-3351-10-PA-220;CWP-3351-10-PA-220;CWA-3351-10;PWP-3351-10-PA-220;"03351-CT-6""-C3-0018-R3";;;C3;ACOPLE FLEXIBLE, ASTM A536, ASME B36.10 M, GE, CLASE 150;"6""";1;un;;5,44;kg;Contratista;ACOPLE FLEXIBLE;;;;;;;;SIN REVISAR;;;;;
1.246;1;246;EWP-3351-10-PA-220;CWP-3351-10-PA-220;CWA-3351-10;PWP-3351-10-PA-220;"03351-CT-6""-C3-0018-R3";;;C3;ACOPLE FLEXIBLE, ASTM A536, ASME B36.10 M, GE, CLASE 150;"6""";1;un;;5,44;kg;Contratista;ACOPLE FLEXIBLE;;;;;;;;SIN REVISAR;;;;;
1.247;1;247;EWP-3351-10-PA-220;CWP-3351-10-PA-220;CWA-3351-10;PWP-3351-10-PA-220;"03351-CT-6""-C3-0018-R3";;;C3;ACOPLE FLEXIBLE, ASTM A536, ASME B36.10 M, GE, CLASE 150;"6""";1;un;;5,44;kg;Contratista;ACOPLE FLEXIBLE;;;;;;;;SIN REVISAR;;;;;
1.248;1;248;EWP-3351-10-PA-220;CWP-3351-10-PA-220;CWA-3351-10;PWP-3351-10-PA-220;"03351-CT-6""-C3-0018-R3";;;C3;ACOPLE FLEXIBLE, ASTM A536, ASME B36.10 M, GE, CLASE 150;"6""";1;un;;5,44;kg;Contratista;ACOPLE FLEXIBLE;;;;;;;;SIN REVISAR;;;;;
1.249;1;249;EWP-3351-10-PA-220;CWP-3351-10-PA-220;CWA-3351-10;PWP-3351-10-PA-220;"03351-CT-6""-C3-0018-R3";;;C3;ACOPLE FLEXIBLE, ASTM A536, ASME B36.10 M, GE, CLASE 150;"6""";1;un;;5,44;kg;Contratista;ACOPLE FLEXIBLE;;;;;;;;SIN REVISAR;;;;;
1.250;1;250;EWP-3351-10-PA-220;CWP-3351-10-PA-220;CWA-3351-10;PWP-3351-10-PA-220;"03351-CT-6""-C3-0018-R3";;;C3;ACOPLE FLEXIBLE, ASTM A536, ASME B36.10 M, GE, CLASE 150;"6""";1;un;;5,44;kg;Contratista;ACOPLE FLEXIBLE;;;;;;;;SIN REVISAR;;;;;
1.251;1;251;EWP-3351-10-PA-220;CWP-3351-10-PA-220;CWA-3351-10;PWP-3351-10-PA-220;"03351-CT-6""-C3-0018-R3";;;C3;ACOPLE FLEXIBLE, ASTM A536, ASME B36.10 M, GE, CLASE 150;"3""";1;un;;1,68;kg;Contratista;ACOPLE FLEXIBLE;;;;;;;;SIN REVISAR;;;;;
1.252;1;252;EWP-3351-10-PA-220;CWP-3351-10-PA-220;CWA-3351-10;PWP-3351-10-PA-220;"03351-CT-6""-C3-0018-R3";;;C3;ACOPLE FLEXIBLE, ASTM A536, ASME B36.10 M, GE, CLASE 150;"6""";1;un;;5,44;kg;Contratista;ACOPLE FLEXIBLE;;;;;;;;SIN REVISAR;;;;;
1.253;1;253;EWP-3351-10-PA-220;CWP-3351-10-PA-220;CWA-3351-10;PWP-3351-10-PA-220;"03351-CT-6""-C3-0018-R3";;;C3;ACOPLE FLEXIBLE, ASTM A536, ASME B36.10 M, GE, CLASE 150;"6""";1;un;;5,44;kg;Contratista;ACOPLE FLEXIBLE;;;;;;;;SIN REVISAR;;;;;
1.254;1;254;EWP-3351-10-PA-220;CWP-3351-10-PA-220;CWA-3351-10;PWP-3351-10-PA-220;"03351-CT-6""-C3-0018-R3";;;C3;ACOPLE FLEXIBLE, ASTM A536, ASME B36.10 M, GE, CLASE 150;"6""";1;un;;5,44;kg;Contratista;ACOPLE FLEXIBLE;;;;;;;;SIN REVISAR;;;;;
1.255;1;255;EWP-3351-10-PA-220;CWP-3351-10-PA-220;CWA-3351-10;PWP-3351-10-PA-220;"03351-CT-6""-C3-0021-R3";;;C3;ACOPLE FLEXIBLE, ASTM A536, ASME B36.10 M, GE, CLASE 150;"6""";1;un;;5,44;kg;Contratista;ACOPLE FLEXIBLE;;;;;;;;SIN REVISAR;;;;;
1.256;1;256;EWP-3351-10-PA-220;CWP-3351-10-PA-220;CWA-3351-10;PWP-3351-10-PA-220;"03351-CT-6""-C3-0021-R3";;;C3;ACOPLE FLEXIBLE, ASTM A536, ASME B36.10 M, GE, CLASE 150;"6""";1;un;;5,44;kg;Contratista;ACOPLE FLEXIBLE;;;;;;;;SIN REVISAR;;;;;
1.257;1;257;EWP-3351-10-PA-220;CWP-3351-10-PA-220;CWA-3351-10;PWP-3351-10-PA-220;"03351-CT-6""-C3-0021-R3";;;C3;ACOPLE FLEXIBLE, ASTM A536, ASME B36.10 M, GE, CLASE 150;"6""";1;un;;5,44;kg;Contratista;ACOPLE FLEXIBLE;;;;;;;;SIN REVISAR;;;;;
1.258;1;258;EWP-3351-10-PA-220;CWP-3351-10-PA-220;CWA-3351-10;PWP-3351-10-PA-220;"03351-CT-6""-C3-0021-R3";;;C3;ACOPLE FLEXIBLE, ASTM A536, ASME B36.10 M, GE, CLASE 150;"6""";1;un;;5,44;kg;Contratista;ACOPLE FLEXIBLE;;;;;;;;SIN REVISAR;;;;;
1.259;1;259;EWP-3351-10-PA-220;CWP-3351-10-PA-220;CWA-3351-10;PWP-3351-10-PA-220;"03351-CT-6""-C3-0021-R3";;;C3;ACOPLE FLEXIBLE, ASTM A536, ASME B36.10 M, GE, CLASE 150;"6""";1;un;;5,44;kg;Contratista;ACOPLE FLEXIBLE;;;;;;;;SIN REVISAR;;;;;
1.260;1;260;EWP-3351-10-PA-220;CWP-3351-10-PA-220;CWA-3351-10;PWP-3351-10-PA-220;"03351-CT-6""-C3-0021-R3";;;C3;ACOPLE FLEXIBLE, ASTM A536, ASME B36.10 M, GE, CLASE 150;"6""";1;un;;5,44;kg;Contratista;ACOPLE FLEXIBLE;;;;;;;;SIN REVISAR;;;;;
1.261;1;261;EWP-3351-10-PA-220;CWP-3351-10-PA-220;CWA-3351-10;PWP-3351-10-PA-220;"03351-CT-6""-C3-0021-R3";;;C3;ACOPLE FLEXIBLE, ASTM A536, ASME B36.10 M, GE, CLASE 150;"6""";1;un;;5,44;kg;Contratista;ACOPLE FLEXIBLE;;;;;;;;SIN REVISAR;;;;;
1.262;1;262;EWP-3351-10-PA-220;CWP-3351-10-PA-220;CWA-3351-10;PWP-3351-10-PA-220;"03351-CT-6""-C3-0030-R3";;;C3;ACOPLE FLEXIBLE, ASTM A536, ASME B36.10 M, GE, CLASE 150;"6""";1;un;;5,44;kg;Contratista;ACOPLE FLEXIBLE;;;;;;;;SIN REVISAR;;;;;
1.263;1;263;EWP-3351-10-PA-220;CWP-3351-10-PA-220;CWA-3351-10;PWP-3351-10-PA-220;"03351-CT-6""-C3-0050-R3";;;C3;ACOPLE FLEXIBLE, ASTM A536, ASME B36.10 M, GE, CLASE 150;"6""";1;un;;5,44;kg;Contratista;ACOPLE FLEXIBLE;;;;;;;;SIN REVISAR;;;;;
1.264;1;264;EWP-3351-10-PA-220;CWP-3351-10-PA-220;CWA-3351-10;PWP-3351-10-PA-220;"03351-CT-6""-C3-0050-R3";;;C3;ACOPLE FLEXIBLE, ASTM A536, ASME B36.10 M, GE, CLASE 150;"6""";1;un;;5,44;kg;Contratista;ACOPLE FLEXIBLE;;;;;;;;SIN REVISAR;;;;;
1.265;1;265;EWP-3351-10-PA-220;CWP-3351-10-PA-220;CWA-3351-10;PWP-3351-10-PA-220;"03351-CT-6""-C3-0050-R3";;;C3;ACOPLE FLEXIBLE, ASTM A536, ASME B36.10 M, GE, CLASE 150;"6""";1;un;;5,44;kg;Contratista;ACOPLE FLEXIBLE;;;;;;;;SIN REVISAR;;;;;
1.266;1;266;EWP-3351-10-PA-220;CWP-3351-10-PA-220;CWA-3351-10;PWP-3351-10-PA-220;"03351-CT-6""-C3-0050-R3";;;C3;ACOPLE FLEXIBLE, ASTM A536, ASME B36.10 M, GE, CLASE 150;"6""";1;un;;5,44;kg;Contratista;ACOPLE FLEXIBLE;;;;;;;;SIN REVISAR;;;;;
1.267;1;267;EWP-3351-10-PA-220;CWP-3351-10-PA-220;CWA-3351-10;PWP-3351-10-PA-220;"03351-CT-6""-C3-0006-R3";;;C3;ACOPLE RÍGIDO, ASTM A536, ASME B36.10 M, GE, CLASE150;"6""";1;un;;3,76;kg;Contratista;ACOPLE RÍGIDO;;;;;;;;SIN REVISAR;;;;;
1.268;1;268;EWP-3351-10-PA-220;CWP-3351-10-PA-220;CWA-3351-10;PWP-3351-10-PA-220;"03351-CT-4""-C3-0017-R3";;;C3;Bolt set, RF, 150 LB, Lug Bolt;"5/8""";8;un;;3,7;kg;Contratista;BOLT SET;;;;;;;;SIN REVISAR;;;;;
1.269;1;269;EWP-3351-10-PA-220;CWP-3351-10-PA-220;CWA-3351-10;PWP-3351-10-PA-220;"03351-CT-4""-C3-0077-R3";;;C3;Bolt set, RF, 150 LB, Lug Bolt;"5/8""";8;un;;3,7;kg;Contratista;BOLT SET;;;;;;;;SIN REVISAR;;;;;
1.270;1;270;EWP-3351-10-PA-220;CWP-3351-10-PA-220;CWA-3351-10;PWP-3351-10-PA-220;"03351-CT-6""-C3-0018-R3";;;C3;Bolt set, RF, 150 LB, Lug Bolt;"3/4""";8;un;;5,9;kg;Contratista;BOLT SET;;;;;;;;SIN REVISAR;;;;;
1.271;1;271;EWP-3351-10-PA-220;CWP-3351-10-PA-220;CWA-3351-10;PWP-3351-10-PA-220;"03351-CT-4""-C3-0015-R3";;;C3;Bolt set, RF, 150 LB, Lug Bolt;"5/8""";8;un;;3,7;kg;Contratista;BOLT SET;;;;;;;;SIN REVISAR;;;;;
1.272;1;272;EWP-3351-10-PA-220;CWP-3351-10-PA-220;CWA-3351-10;PWP-3351-10-PA-220;"03351-CT-6""-C3-0005-R3";;;C3;Bolt set, RF, 150 LB, Lug Bolt;"3/4""";8;un;;5,9;kg;Contratista;BOLT SET;;;;;;;;SIN REVISAR;;;;;
1.273;1;273;EWP-3351-10-PA-220;CWP-3351-10-PA-220;CWA-3351-10;PWP-3351-10-PA-220;"03351-CT-6""-C3-0018-R3";;;C3;Bolt set, RF, 150 LB, Lug Bolt;"3/4""";8;un;;5,9;kg;Contratista;BOLT SET;;;;;;;;SIN REVISAR;;;;;
1.274;1;274;EWP-3351-10-PA-220;CWP-3351-10-PA-220;CWA-3351-10;PWP-3351-10-PA-220;"03351-CT-10""-C3-0079-R3";"03351-CT-10""-C3-0079-R3_HOJA-1";"03351-CT-10""-C3-0079-R3_HOJA-1_SP01";C3;Bolt set, RF, 150 LB, Lug Bolt;"7/8""";12;un;;13,7;kg;Contratista;BOLT SET;;;;;;;;SIN REVISAR;;;;;VERIFICAR CANTIDAD +12
1.275;1;275;EWP-3351-10-PA-220;CWP-3351-10-PA-220;CWA-3351-10;PWP-3351-10-PA-220;"03351-CT-6""-C3-0005-R3";;;C3;Bolt set, RF, 150 LB, Lug Bolt;"3/4""";8;un;;5,9;kg;Contratista;BOLT SET;;;;;;;;SIN REVISAR;;;;;
1.276;1;276;EWP-3351-10-PA-220;CWP-3351-10-PA-220;CWA-3351-10;PWP-3351-10-PA-220;"03351-CT-6""-C3-0021-R3";;;C3;Bolt set, RF, 150 LB, Lug Bolt;"3/4""";8;un;;5,9;kg;Contratista;BOLT SET;;;;;;;;SIN REVISAR;;;;;
1.277;1;277;EWP-3351-10-PA-220;CWP-3351-10-PA-220;CWA-3351-10;PWP-3351-10-PA-220;"03351-CT-6""-C3-0021-R3";;;C3;Bolt set, RF, 150 LB, Lug Bolt;"3/4""";8;un;;5,9;kg;Contratista;BOLT SET;;;;;;;;SIN REVISAR;;;;;
1.278;1;278;EWP-3351-10-PA-220;CWP-3351-10-PA-220;CWA-3351-10;PWP-3351-10-PA-220;"03351-CT-6""-C3-0018-R3";;;C3;Bolt set, RF, 150 LB, Lug Bolt;"3/4""";8;un;;5,9;kg;Contratista;BOLT SET;;;;;;;;SIN REVISAR;;;;;
1.279;1;279;EWP-3351-10-PA-220;CWP-3351-10-PA-220;CWA-3351-10;PWP-3351-10-PA-220;"03351-CT-6""-C3-0018-R3";;;C3;Bolt set, RF, 150 LB, Lug Bolt;"3/4""";8;un;;5,9;kg;Contratista;BOLT SET;;;;;;;;SIN REVISAR;;;;;
1.280;1;280;EWP-3351-10-PA-220;CWP-3351-10-PA-220;CWA-3351-10;PWP-3351-10-PA-220;"03351-CT-6""-C3-0018-R3";;;C3;Bolt set, RF, 150 LB, Lug Bolt;"3/4""";8;un;;5,9;kg;Contratista;BOLT SET;;;;;;;;SIN REVISAR;;;;;
1.281;1;281;EWP-3351-10-PA-220;CWP-3351-10-PA-220;CWA-3351-10;PWP-3351-10-PA-220;"03351-CT-6""-C3-0018-R3";;;C3;Bolt set, RF, 150 LB, Lug Bolt;"3/4""";8;un;;5,9;kg;Contratista;BOLT SET;;;;;;;;SIN REVISAR;;;;;
1.282;1;282;EWP-3351-10-PA-220;CWP-3351-10-PA-220;CWA-3351-10;PWP-3351-10-PA-220;"03351-CT-6""-C3-0030-R3";;;C3;Bolt set, RF, 150 LB, Lug Bolt;"3/4""";8;un;;5,9;kg;Contratista;BOLT SET;;;;;;;;SIN REVISAR;;;;;
1.283;1;283;EWP-3351-10-PA-220;CWP-3351-10-PA-220;CWA-3351-10;PWP-3351-10-PA-220;"03351-CT-6""-C3-0006-R3";;;C3;Bolt set, RF, 150 LB, Lug Bolt;"3/4""";8;un;;5,9;kg;Contratista;BOLT SET;;;;;;;;SIN REVISAR;;;;;
1.284;1;284;EWP-3351-10-PA-220;CWP-3351-10-PA-220;CWA-3351-10;PWP-3351-10-PA-220;"03351-CT-6""-C3-0050-R3";;;C3;Bolt set, RF, 150 LB, Lug Bolt;"3/4""";8;un;;5,9;kg;Contratista;BOLT SET;;;;;;;;SIN REVISAR;;;;;
1.285;1;285;EWP-3351-10-PA-220;CWP-3351-10-PA-220;CWA-3351-10;PWP-3351-10-PA-220;"03351-CT-6""-C3-0007-R3";;;C3;Bolt set, RF, 150 LB, Lug Bolt;"3/4""";8;un;;5,9;kg;Contratista;BOLT SET;;;;;;;;SIN REVISAR;;;;;
1.286;1;286;EWP-3351-10-PA-220;CWP-3351-10-PA-220;CWA-3351-10;PWP-3351-10-PA-220;"03351-CT-6""-C3-0007-R3";;;C3;Bolt set, RF, 150 LB, Lug Bolt;"3/4""";8;un;;5,9;kg;Contratista;BOLT SET;;;;;;;;SIN REVISAR;;;;;
1.287;1;287;EWP-3351-10-PA-220;CWP-3351-10-PA-220;CWA-3351-10;PWP-3351-10-PA-220;"03351-CT-6""-C3-0050-R3";;;C3;Bolt set, RF, 150 LB, Lug Bolt;"3/4""";8;un;;5,9;kg;Contratista;BOLT SET;;;;;;;;SIN REVISAR;;;;;
1.288;1;288;EWP-3351-10-PA-220;CWP-3351-10-PA-220;CWA-3351-10;PWP-3351-10-PA-220;"03351-CT-6""-C3-0006-R3";;;C3;Bolt set, RF, 150 LB, Lug Bolt;"3/4""";8;un;;5,9;kg;Contratista;BOLT SET;;;;;;;;SIN REVISAR;;;;;
1.289;1;289;EWP-3351-10-PA-220;CWP-3351-10-PA-220;CWA-3351-10;PWP-3351-10-PA-220;"03351-CT-6""-C3-0021-R3";;;C3;Bolt set, RF, 150 LB, Lug Bolt;"3/4""";8;un;;5,9;kg;Contratista;BOLT SET;;;;;;;;SIN REVISAR;;;;;
1.290;1;290;EWP-3351-10-PA-220;CWP-3351-10-PA-220;CWA-3351-10;PWP-3351-10-PA-220;"03351-CT-6""-C3-0023-R3";;;C3;Bolt set, RF, 150 LB, Lug Bolt;"3/4""";8;un;;5,9;kg;Contratista;BOLT SET;;;;;;;;SIN REVISAR;;;;;
1.291;1;291;EWP-3351-10-PA-220;CWP-3351-10-PA-220;CWA-3351-10;PWP-3351-10-PA-220;"03351-CT-6""-C3-0021-R3";;;C3;Bolt set, RF, 150 LB, Lug Bolt;"3/4""";8;un;;5,9;kg;Contratista;BOLT SET;;;;;;;;SIN REVISAR;;;;;
1.292;1;292;EWP-3351-10-PA-220;CWP-3351-10-PA-220;CWA-3351-10;PWP-3351-10-PA-220;"03351-CT-6""-C3-0021-R3";;;C3;Bolt set, RF, 150 LB, Lug Bolt;"3/4""";8;un;;5,9;kg;Contratista;BOLT SET;;;;;;;;SIN REVISAR;;;;;
1.293;1;293;EWP-3351-10-PA-220;CWP-3351-10-PA-220;CWA-3351-10;PWP-3351-10-PA-220;"03351-CT-6""-C3-0023-R3";;;C3;Bolt set, RF, 150 LB, Lug Bolt;"3/4""";8;un;;5,9;kg;Contratista;BOLT SET;;;;;;;;SIN REVISAR;;;;;
1.294;1;294;EWP-3351-10-PA-220;CWP-3351-10-PA-220;CWA-3351-10;PWP-3351-10-PA-220;"03351-CT-6""-C3-0021-R3";;;C3;Bolt set, RF, 150 LB, Lug Bolt;"3/4""";8;un;;5,9;kg;Contratista;BOLT SET;;;;;;;;SIN REVISAR;;;;;
1.295;1;295;EWP-3351-10-PA-220;CWP-3351-10-PA-220;CWA-3351-10;PWP-3351-10-PA-220;"03351-CT-6""-C3-0030-R3";;;C3;Bolt set, RF, 150 LB, Lug Bolt;"3/4""";8;un;;5,9;kg;Contratista;BOLT SET;;;;;;;;SIN REVISAR;;;;;
1.296;1;296;EWP-3351-10-PA-220;CWP-3351-10-PA-220;CWA-3351-10;PWP-3351-10-PA-220;"03351-CT-6""-C3-0046-R3";;;C3;Bolt set, RF, 150 LB, Lug Bolt;"3/4""";8;un;;5,9;kg;Contratista;BOLT SET;;;;;;;;SIN REVISAR;;;;;
1.297;1;297;EWP-3351-10-PA-220;CWP-3351-10-PA-220;CWA-3351-10;PWP-3351-10-PA-220;"03351-CT-6""-C3-0018-R3";;;C3;Bolt set, RF, 150 LB, Lug Bolt;"5/8""";8;un;;3,7;kg;Contratista;BOLT SET;;;;;;;;SIN REVISAR;;;;;
1.298;1;298;EWP-3351-10-PA-220;CWP-3351-10-PA-220;CWA-3351-10;PWP-3351-10-PA-220;"03351-CT-6""-C3-0046-R3";;;C3;Bolt set, RF, 150 LB, Lug Bolt;"3/4""";8;un;;5,9;kg;Contratista;BOLT SET;;;;;;;;SIN REVISAR;;;;;
1.299;1;299;EWP-3351-10-PA-220;CWP-3351-10-PA-220;CWA-3351-10;PWP-3351-10-PA-220;"03351-CT-6""-C3-0021-R3";;;C3;Bolt set, RF, 150 LB, Lug Bolt;"5/8""";8;un;;3,7;kg;Contratista;BOLT SET;;;;;;;;SIN REVISAR;;;;;
1.300;1;300;EWP-3351-10-PA-220;CWP-3351-10-PA-220;CWA-3351-10;PWP-3351-10-PA-220;"03351-CT-6""-C3-0046-R3";;;C3;Bolt set, RF, 150 LB, Lug Bolt;"3/4""";8;un;;5,9;kg;Contratista;BOLT SET;;;;;;;;SIN REVISAR;;;;;
1.301;1;301;EWP-3351-10-PA-220;CWP-3351-10-PA-220;CWA-3351-10;PWP-3351-10-PA-220;"03351-CT-6""-C3-0046-R3";;;C3;Bolt set, RF, 150 LB, Lug Bolt;"3/4""";8;un;;5,9;kg;Contratista;BOLT SET;;;;;;;;SIN REVISAR;;;;;
1.302;1;302;EWP-3351-10-PA-220;CWP-3351-10-PA-220;CWA-3351-10;PWP-3351-10-PA-220;"03351-CT-3""-C2-0061-N";;;C2;Bolt set, RF, 150 LB, Lug Bolt;"5/8""";4;un;;1,8;kg;Contratista;BOLT SET;;;;;;;;SIN REVISAR;;;;;
1.303;1;303;EWP-3351-10-PA-220;CWP-3351-10-PA-220;CWA-3351-10;PWP-3351-10-PA-220;"03351-CT-6""-C3-0006-R3";;;C3;Bolt set, RF, 150 LB, Lug Bolt;"3/4""";8;un;;5,9;kg;Contratista;BOLT SET;;;;;;;;SIN REVISAR;;;;;
1.304;1;304;EWP-3351-10-PA-220;CWP-3351-10-PA-220;CWA-3351-10;PWP-3351-10-PA-220;"03351-CT-6""-C3-0005-R3";;;C3;Bolt set, RF, 150 LB, Lug Bolt;"3/4""";8;un;;5,9;kg;Contratista;BOLT SET;;;;;;;;SIN REVISAR;;;;;
1.305;1;305;EWP-3351-10-PA-220;CWP-3351-10-PA-220;CWA-3351-10;PWP-3351-10-PA-220;"03351-CT-6""-C3-0006-R3";;;C3;Bolt set, RF, 150 LB, Lug Bolt;"7/8""";12;un;;14;kg;Contratista;BOLT SET;;;;;;;;SIN REVISAR;;;;;
1.306;1;306;EWP-3351-10-PA-220;CWP-3351-10-PA-220;CWA-3351-10;PWP-3351-10-PA-220;"03351-CT-6""-C3-0023-R3";;;C3;Bolt set, RF, 150 LB, Lug Bolt;"5/8""";8;un;;3,7;kg;Contratista;BOLT SET;;;;;;;;SIN REVISAR;;;;;
1.307;1;307;EWP-3351-10-PA-220;CWP-3351-10-PA-220;CWA-3351-10;PWP-3351-10-PA-220;"03351-CT-6""-C3-0007-R3";;;C3;Bolt set, RF, 150 LB, Lug Bolt;"3/4""";8;un;;5,9;kg;Contratista;BOLT SET;;;;;;;;SIN REVISAR;;;;;
1.308;1;308;EWP-3351-10-PA-220;CWP-3351-10-PA-220;CWA-3351-10;PWP-3351-10-PA-220;"03351-CT-6""-C3-0023-R3";;;C3;Bolt set, RF, 150 LB, Lug Bolt;"5/8""";4;un;;1,8;kg;Contratista;BOLT SET;;;;;;;;SIN REVISAR;;;;;
1.309;1;309;EWP-3351-10-PA-220;CWP-3351-10-PA-220;CWA-3351-10;PWP-3351-10-PA-220;"03351-CT-6""-C3-0021-R3";;;C3;Bolt set, RF, 150 LB, Lug Bolt;"5/8""";4;un;;1,8;kg;Contratista;BOLT SET;;;;;;;;SIN REVISAR;;;;;
1.310;1;310;EWP-3351-10-PA-220;CWP-3351-10-PA-220;CWA-3351-10;PWP-3351-10-PA-220;"03351-CT-6""-C3-0018-R3";;;C3;Bolt set, RF, 150 LB, Lug Bolt;"5/8""";4;un;;1,8;kg;Contratista;BOLT SET;;;;;;;;SIN REVISAR;;;;;
1.311;1;311;EWP-3351-10-PA-220;CWP-3351-10-PA-220;CWA-3351-10;PWP-3351-10-PA-220;"03351-CT-6""-C3-0023-R3";;;C3;Bolt set, RF, 150 LB, Lug Bolt;"5/8""";4;un;;1,7;kg;Contratista;BOLT SET;;;;;;;;SIN REVISAR;;;;;
1.312;1;312;EWP-3351-10-PA-220;CWP-3351-10-PA-220;CWA-3351-10;PWP-3351-10-PA-220;"03351-CT-6""-C3-0021-R3";;;C3;Bolt set, RF, 150 LB, Lug Bolt;"5/8""";4;un;;1,7;kg;Contratista;BOLT SET;;;;;;;;SIN REVISAR;;;;;
1.313;1;313;EWP-3351-10-PA-220;CWP-3351-10-PA-220;CWA-3351-10;PWP-3351-10-PA-220;"03351-CT-6""-C3-0018-R3";;;C3;Bolt set, RF, 150 LB, Lug Bolt;"5/8""";4;un;;1,7;kg;Contratista;BOLT SET;;;;;;;;SIN REVISAR;;;;;
1.314;1;314;EWP-3351-10-PA-220;CWP-3351-10-PA-220;CWA-3351-10;PWP-3351-10-PA-220;"03351-CT-6""-C3-0023-R3";;;C3;Bolt set, RF, 150 LB, Lug Bolt;"5/8""";4;un;;0,82;kg;Contratista;BOLT SET;;;;;;;;SIN REVISAR;;;;;
1.315;1;315;EWP-3351-10-PA-220;CWP-3351-10-PA-220;CWA-3351-10;PWP-3351-10-PA-220;"03351-CT-6""-C3-0018-R3";;;C3;Bolt set, RF, 150 LB, Lug Bolt;"5/8""";4;un;;0,82;kg;Contratista;BOLT SET;;;;;;;;SIN REVISAR;;;;;
1.316;1;316;EWP-3351-10-PA-220;CWP-3351-10-PA-220;CWA-3351-10;PWP-3351-10-PA-220;"03351-CT-6""-C3-0023-R3";;;C3;Bolt set, RF, 150 LB, Lug Bolt;"5/8""";4;un;;0,82;kg;Contratista;BOLT SET;;;;;;;;SIN REVISAR;;;;;
1.317;1;317;EWP-3351-10-PA-220;CWP-3351-10-PA-220;CWA-3351-10;PWP-3351-10-PA-220;"03351-CT-6""-C3-0021-R3";;;C3;Bolt set, RF, 150 LB, Lug Bolt;"5/8""";4;un;;0,82;kg;Contratista;BOLT SET;;;;;;;;SIN REVISAR;;;;;
1.318;1;318;EWP-3351-10-PA-220;CWP-3351-10-PA-220;CWA-3351-10;PWP-3351-10-PA-220;"03351-CT-6""-C3-0021-R3";;;C3;Bolt set, RF, 150 LB, Lug Bolt;"5/8""";4;un;;0,82;kg;Contratista;BOLT SET;;;;;;;;SIN REVISAR;;;;;
1.319;1;319;EWP-3351-10-PA-220;CWP-3351-10-PA-220;CWA-3351-10;PWP-3351-10-PA-220;"03351-CT-6""-C3-0018-R3";;;C3;Bolt set, RF, 150 LB, Lug Bolt;"5/8""";4;un;;0,82;kg;Contratista;BOLT SET;;;;;;;;SIN REVISAR;;;;;
1.320;1;320;EWP-3351-10-PA-220;CWP-3351-10-PA-220;CWA-3351-10;PWP-3351-10-PA-220;"03351-PW-2""-C1-0054-N";;;C1;BRIDA ROSCADA, ASTM A105, ASME B16.5 CLASE 150 FF.;"2""";1;un;;2,3;kg;Contratista;BRIDA;;;;;;;;SIN REVISAR;;;;;
1.321;1;321;EWP-3351-10-PA-220;CWP-3351-10-PA-220;CWA-3351-10;PWP-3351-10-PA-220;"03351-PW-2""-C1-0054-N";;;C1;BRIDA ROSCADA, ASTM A105, ASME B16.5 CLASE 150 FF.;"2""";1;un;;2,3;kg;Contratista;BRIDA;;;;;;;;SIN REVISAR;;;;;
1.322;1;322;EWP-3351-10-PA-220;CWP-3351-10-PA-220;CWA-3351-10;PWP-3351-10-PA-220;"03351-GW-1""-C1-0076-N";;;C1;BRIDA ROSCADA, ASTM A105, ASME B16.5 CLASE 150 FF.;"1""";1;un;;0,9;kg;Contratista;BRIDA;;;;;;;;SIN REVISAR;;;;;
1.323;1;323;EWP-3351-10-PA-220;CWP-3351-10-PA-220;CWA-3351-10;PWP-3351-10-PA-220;"03351-GW-2""-C1-0040-N";;;C1;BRIDA ROSCADA, ASTM A105, ASME B16.5 CLASE 150 FF.;"2""";1;un;;2,3;kg;Contratista;BRIDA;;;;;;;;SIN REVISAR;;;;;
1.324;1;324;EWP-3351-10-PA-220;CWP-3351-10-PA-220;CWA-3351-10;PWP-3351-10-PA-220;"03351-GW-1""-C1-0075-N";;;C1;BRIDA ROSCADA, ASTM A105, ASME B16.5 CLASE 150 FF.;"1""";1;un;;0,9;kg;Contratista;BRIDA;;;;;;;;SIN REVISAR;;;;;
1.325;1;325;EWP-3351-10-PA-220;CWP-3351-10-PA-220;CWA-3351-10;PWP-3351-10-PA-220;"03351-PW-2""-C1-0055-N";;;C1;BRIDA ROSCADA, ASTM A105, ASME B16.5 CLASE 150 FF.;"2""";1;un;;2,3;kg;Contratista;BRIDA;;;;;;;;SIN REVISAR;;;;;
1.326;1;326;EWP-3351-10-PA-220;CWP-3351-10-PA-220;CWA-3351-10;PWP-3351-10-PA-220;"03351-PW-2""-C1-0051-N";;;C1;BRIDA ROSCADA, ASTM A105, ASME B16.5 CLASE 150 FF.;"2""";1;un;;2,3;kg;Contratista;BRIDA;;;;;;;;SIN REVISAR;;;;;
1.327;1;327;EWP-3351-10-PA-220;CWP-3351-10-PA-220;CWA-3351-10;PWP-3351-10-PA-220;"03351-PW-2""-C1-0055-N";;;C1;BRIDA ROSCADA, ASTM A105, ASME B16.5 CLASE 150 FF.;"2""";1;un;;2,3;kg;Contratista;BRIDA;;;;;;;;SIN REVISAR;;;;;
1.328;1;328;EWP-3351-10-PA-220;CWP-3351-10-PA-220;CWA-3351-10;PWP-3351-10-PA-220;"03351-PW-2""-C1-0039-N";;;C1;BRIDA ROSCADA, ASTM A105, ASME B16.5 CLASE 150 FF.;"2""";1;un;;2,3;kg;Contratista;BRIDA;;;;;;;;SIN REVISAR;;;;;
1.329;1;329;EWP-3351-10-PA-220;CWP-3351-10-PA-220;CWA-3351-10;PWP-3351-10-PA-220;"03351-GW-2""-C1-0095-N";;;C1;BRIDA ROSCADA, ASTM A105, ASME B16.5 CLASE 150 FF.;"2""";1;un;;2,3;kg;Contratista;BRIDA;;;;;;;;SIN REVISAR;;;;;
1.330;1;330;EWP-3351-10-PA-220;CWP-3351-10-PA-220;CWA-3351-10;PWP-3351-10-PA-220;"03351-PW-2""-C1-0025-N";;;C1;BRIDA ROSCADA, ASTM A105, ASME B16.5 CLASE 150 FF.;"2""";1;un;;2,3;kg;Contratista;BRIDA;;;;;;;;SIN REVISAR;;;;;
1.331;1;331;EWP-3351-10-PA-220;CWP-3351-10-PA-220;CWA-3351-10;PWP-3351-10-PA-220;"03351-PW-2""-C1-0025-N";;;C1;BRIDA ROSCADA, ASTM A105, ASME B16.5 CLASE 150 FF.;"2""";1;un;;2,3;kg;Contratista;BRIDA;;;;;;;;SIN REVISAR;;;;;
1.332;1;332;EWP-3351-10-PA-220;CWP-3351-10-PA-220;CWA-3351-10;PWP-3351-10-PA-220;"03351-PW-2""-C1-0028-N";;;C1;BRIDA ROSCADA, ASTM A105, ASME B16.5 CLASE 150 FF.;"2""";1;un;;2,3;kg;Contratista;BRIDA;;;;;;;;SIN REVISAR;;;;;
1.333;1;333;EWP-3351-10-PA-220;CWP-3351-10-PA-220;CWA-3351-10;PWP-3351-10-PA-220;"03351-PW-2""-C1-0028-N";;;C1;BRIDA ROSCADA, ASTM A105, ASME B16.5 CLASE 150 FF.;"2""";1;un;;2,3;kg;Contratista;BRIDA;;;;;;;;SIN REVISAR;;;;;
1.334;1;334;EWP-3351-10-PA-220;CWP-3351-10-PA-220;CWA-3351-10;PWP-3351-10-PA-220;"03351-PW-2""-C1-0028-N";;;C1;BRIDA ROSCADA, ASTM A105, ASME B16.5 CLASE 150 FF.;"2""";1;un;;2,3;kg;Contratista;BRIDA;;;;;;;;SIN REVISAR;;;;;
1.335;1;335;EWP-3351-10-PA-220;CWP-3351-10-PA-220;CWA-3351-10;PWP-3351-10-PA-220;"03351-GW-2""-C1-0078-N";;;C1;BRIDA ROSCADA, ASTM A105, ASME B16.5 CLASE 150 FF.;"2""";1;un;;2,3;kg;Contratista;BRIDA;;;;;;;;SIN REVISAR;;;;;
1.336;1;336;EWP-3351-10-PA-220;CWP-3351-10-PA-220;CWA-3351-10;PWP-3351-10-PA-220;"03351-PW-2""-C1-0039-N";;;C1;BRIDA ROSCADA, ASTM A105, ASME B16.5 CLASE 150 FF.;"2""";1;un;;2,3;kg;Contratista;BRIDA;;;;;;;;SIN REVISAR;;;;;
1.337;1;337;EWP-3351-10-PA-220;CWP-3351-10-PA-220;CWA-3351-10;PWP-3351-10-PA-220;"03351-PW-2""-C1-0039-N";;;C1;BRIDA ROSCADA, ASTM A105, ASME B16.5 CLASE 150 FF.;"2""";1;un;;2,3;kg;Contratista;BRIDA;;;;;;;;SIN REVISAR;;;;;
1.338;1;338;EWP-3351-10-PA-220;CWP-3351-10-PA-220;CWA-3351-10;PWP-3351-10-PA-220;"03351-GW-2""-C1-0041-N";;;C1;BRIDA ROSCADA, ASTM A105, ASME B16.5 CLASE 150 FF.;"1 1/4""";1;un;;1,4;kg;Contratista;BRIDA;;;;;;;;SIN REVISAR;;;;;
1.339;1;339;EWP-3351-10-PA-220;CWP-3351-10-PA-220;CWA-3351-10;PWP-3351-10-PA-220;"03351-GW-2""-C1-0042-N";;;C1;BRIDA ROSCADA, ASTM A105, ASME B16.5 CLASE 150 FF.;"1 1/4""";1;un;;1,4;kg;Contratista;BRIDA;;;;;;;;SIN REVISAR;;;;;
1.340;1;340;EWP-3351-10-PA-220;CWP-3351-10-PA-220;CWA-3351-10;PWP-3351-10-PA-220;"03351-PW-2""-C1-0024-N";;;C1;BRIDA ROSCADA, ASTM A105, ASME B16.5 CLASE 150 FF.;"2""";1;un;;2,3;kg;Contratista;BRIDA;;;;;;;;SIN REVISAR;;;;;
1.341;1;341;EWP-3351-10-PA-220;CWP-3351-10-PA-220;CWA-3351-10;PWP-3351-10-PA-220;"03351-PW-2""-C1-0024-N";;;C1;BRIDA ROSCADA, ASTM A105, ASME B16.5 CLASE 150 FF.;"2""";1;un;;2,3;kg;Contratista;BRIDA;;;;;;;;SIN REVISAR;;;;;
1.342;1;342;EWP-3351-10-PA-220;CWP-3351-10-PA-220;CWA-3351-10;PWP-3351-10-PA-220;"03351-PW-2""-C1-0081-N";;;C1;BRIDA ROSCADA, ASTM A105, ASME B16.5 CLASE 150 FF.;"2""";1;un;;2,3;kg;Contratista;BRIDA;;;;;;;;SIN REVISAR;;;;;
1.343;1;343;EWP-3351-10-PA-220;CWP-3351-10-PA-220;CWA-3351-10;PWP-3351-10-PA-220;"03351-PW-2""-C1-0048-N";;;C1;BRIDA ROSCADA, ASTM A105, ASME B16.5 CLASE 150 FF.;"2""";1;un;;2,3;kg;Contratista;BRIDA;;;;;;;;SIN REVISAR;;;;;
1.344;1;344;EWP-3351-10-PA-220;CWP-3351-10-PA-220;CWA-3351-10;PWP-3351-10-PA-220;"03351-PW-2""-C1-0083-N";;;C1;BRIDA ROSCADA, ASTM A105, ASME B16.5 CLASE 150 FF.;"2""";1;un;;2,3;kg;Contratista;BRIDA;;;;;;;;SIN REVISAR;;;;;
1.345;1;345;EWP-3351-10-PA-220;CWP-3351-10-PA-220;CWA-3351-10;PWP-3351-10-PA-220;"03351-PW-2""-C1-0084-N";;;C1;BRIDA ROSCADA, ASTM A105, ASME B16.5 CLASE 150 FF.;"2""";1;un;;2,3;kg;Contratista;BRIDA;;;;;;;;SIN REVISAR;;;;;
1.346;1;346;EWP-3351-10-PA-220;CWP-3351-10-PA-220;CWA-3351-10;PWP-3351-10-PA-220;"03351-PW-2""-C1-0084-N";;;C1;BRIDA ROSCADA, ASTM A105, ASME B16.5 CLASE 150 FF.;"2""";1;un;;2,3;kg;Contratista;BRIDA;;;;;;;;SIN REVISAR;;;;;
1.347;1;347;EWP-3351-10-PA-220;CWP-3351-10-PA-220;CWA-3351-10;PWP-3351-10-PA-220;"03351-PW-2""-C1-0085-N";;;C1;BRIDA ROSCADA, ASTM A105, ASME B16.5 CLASE 150 FF.;"2""";1;un;;2,3;kg;Contratista;BRIDA;;;;;;;;SIN REVISAR;;;;;
1.348;1;348;EWP-3351-10-PA-220;CWP-3351-10-PA-220;CWA-3351-10;PWP-3351-10-PA-220;"03351-GW-2""-C1-0095-N";;;C1;BRIDA ROSCADA, ASTM A105, ASME B16.5 CLASE 150 FF.;"2""";1;un;;2,3;kg;Contratista;BRIDA;;;;;;;;SIN REVISAR;;;;;
1.349;1;349;EWP-3351-10-PA-220;CWP-3351-10-PA-220;CWA-3351-10;PWP-3351-10-PA-220;"03351-PW-2""-C1-0048-N";;;C1;BRIDA ROSCADA, ASTM A105, ASME B16.5 CLASE 150 FF.;"2""";1;un;;2,3;kg;Contratista;BRIDA;;;;;;;;SIN REVISAR;;;;;
1.350;1;350;EWP-3351-10-PA-220;CWP-3351-10-PA-220;CWA-3351-10;PWP-3351-10-PA-220;"03351-PW-2""-C1-0081-N";;;C1;BRIDA ROSCADA, ASTM A105, ASME B16.5 CLASE 150 FF.;"2""";1;un;;2,3;kg;Contratista;BRIDA;;;;;;;;SIN REVISAR;;;;;
1.351;1;351;EWP-3351-10-PA-220;CWP-3351-10-PA-220;CWA-3351-10;PWP-3351-10-PA-220;"03351-PW-2""-C1-0084-N";;;C1;BRIDA ROSCADA, ASTM A105, ASME B16.5 CLASE 150 FF.;"2""";1;un;;2,3;kg;Contratista;BRIDA;;;;;;;;SIN REVISAR;;;;;
1.352;1;352;EWP-3351-10-PA-220;CWP-3351-10-PA-220;CWA-3351-10;PWP-3351-10-PA-220;"03351-PW-2""-C1-0026-N";;;C1;BRIDA ROSCADA, ASTM A105, ASME B16.5 CLASE 150 FF.;"2""";1;un;;2,3;kg;Contratista;BRIDA;;;;;;;;SIN REVISAR;;;;;
1.353;1;353;EWP-3351-10-PA-220;CWP-3351-10-PA-220;CWA-3351-10;PWP-3351-10-PA-220;"03351-PW-2""-C1-0083-N";;;C1;BRIDA ROSCADA, ASTM A105, ASME B16.5 CLASE 150 FF.;"2""";1;un;;2,3;kg;Contratista;BRIDA;;;;;;;;SIN REVISAR;;;;;
1.354;1;354;EWP-3351-10-PA-220;CWP-3351-10-PA-220;CWA-3351-10;PWP-3351-10-PA-220;"03351-PW-2""-C1-0082-N";;;C1;BRIDA ROSCADA, ASTM A105, ASME B16.5 CLASE 150 FF.;"2""";1;un;;2,3;kg;Contratista;BRIDA;;;;;;;;SIN REVISAR;;;;;
1.355;1;355;EWP-3351-10-PA-220;CWP-3351-10-PA-220;CWA-3351-10;PWP-3351-10-PA-220;"03351-PW-2""-C1-0082-N";;;C1;BRIDA ROSCADA, ASTM A105, ASME B16.5 CLASE 150 FF.;"2""";1;un;;2,3;kg;Contratista;BRIDA;;;;;;;;SIN REVISAR;;;;;
1.356;1;356;EWP-3351-10-PA-220;CWP-3351-10-PA-220;CWA-3351-10;PWP-3351-10-PA-220;"03351-PW-2""-C1-0049-N";;;C1;BRIDA ROSCADA, ASTM A105, ASME B16.5 CLASE 150 FF.;"2""";1;un;;2,3;kg;Contratista;BRIDA;;;;;;;;SIN REVISAR;;;;;
1.357;1;357;EWP-3351-10-PA-220;CWP-3351-10-PA-220;CWA-3351-10;PWP-3351-10-PA-220;"03351-PW-2""-C1-0085-N";;;C1;BRIDA ROSCADA, ASTM A105, ASME B16.5 CLASE 150 FF.;"2""";1;un;;2,3;kg;Contratista;BRIDA;;;;;;;;SIN REVISAR;;;;;
1.358;1;358;EWP-3351-10-PA-220;CWP-3351-10-PA-220;CWA-3351-10;PWP-3351-10-PA-220;"03351-PW-2""-C1-0083-N";;;C1;BRIDA ROSCADA, ASTM A105, ASME B16.5 CLASE 150 FF.;"2""";1;un;;2,3;kg;Contratista;BRIDA;;;;;;;;SIN REVISAR;;;;;
1.359;1;359;EWP-3351-10-PA-220;CWP-3351-10-PA-220;CWA-3351-10;PWP-3351-10-PA-220;"03351-PW-2""-C1-0052-N";;;C1;BRIDA ROSCADA, ASTM A105, ASME B16.5 CLASE 150 FF.;"2""";1;un;;2,3;kg;Contratista;BRIDA;;;;;;;;SIN REVISAR;;;;;
1.360;1;360;EWP-3351-10-PA-220;CWP-3351-10-PA-220;CWA-3351-10;PWP-3351-10-PA-220;"03351-PW-2""-C1-0049-N";;;C1;BRIDA ROSCADA, ASTM A105, ASME B16.5 CLASE 150 FF.;"2""";1;un;;2,3;kg;Contratista;BRIDA;;;;;;;;SIN REVISAR;;;;;
1.361;1;361;EWP-3351-10-PA-220;CWP-3351-10-PA-220;CWA-3351-10;PWP-3351-10-PA-220;"03351-GW-2""-C1-0095-N";;;C1;BRIDA ROSCADA, ASTM A105, ASME B16.5 CLASE 150 FF.;"2""";1;un;;2,3;kg;Contratista;BRIDA;;;;;;;;SIN REVISAR;;;;;
1.362;1;362;EWP-3351-10-PA-220;CWP-3351-10-PA-220;CWA-3351-10;PWP-3351-10-PA-220;"03351-PW-2""-C1-0056-N";;;C1;BRIDA ROSCADA, ASTM A105, ASME B16.5 CLASE 150 FF.;"2""";1;un;;2,3;kg;Contratista;BRIDA;;;;;;;;SIN REVISAR;;;;;
1.363;1;363;EWP-3351-10-PA-220;CWP-3351-10-PA-220;CWA-3351-10;PWP-3351-10-PA-220;"03351-GW-1""-C1-0032-N";;;C1;BRIDA ROSCADA, ASTM A105, ASME B16.5 CLASE 150 RF;"1""";1;un;;0,9;kg;Contratista;BRIDA;;;;;;;;SIN REVISAR;;;;;
1.364;1;364;EWP-3351-10-PA-220;CWP-3351-10-PA-220;CWA-3351-10;PWP-3351-10-PA-220;"03351-GW-1""-C1-0036-N";;;C1;BRIDA ROSCADA, ASTM A105, ASME B16.5 CLASE 150 RF;"1""";1;un;;0,9;kg;Contratista;BRIDA;;;;;;;;SIN REVISAR;;;;;
1.365;1;365;EWP-3351-10-PA-220;CWP-3351-10-PA-220;CWA-3351-10;PWP-3351-10-PA-220;"03351-PW-2""-C1-0054-N";;;C1;BRIDA ROSCADA, ASTM A105, ASME B16.5 CLASE 150 RF;"2""";1;un;;2,3;kg;Contratista;BRIDA;;;;;;;;SIN REVISAR;;;;;
1.366;1;366;EWP-3351-10-PA-220;CWP-3351-10-PA-220;CWA-3351-10;PWP-3351-10-PA-220;"03351-PW-2""-C1-0024-N";;;C1;BRIDA ROSCADA, ASTM A105, ASME B16.5 CLASE 150 RF;"2""";1;un;;2,3;kg;Contratista;BRIDA;;;;;;;;SIN REVISAR;;;;;
1.367;1;367;EWP-3351-10-PA-220;CWP-3351-10-PA-220;CWA-3351-10;PWP-3351-10-PA-220;"03351-PW-2""-C1-0082-N";;;C1;BRIDA ROSCADA, ASTM A105, ASME B16.5 CLASE 150 RF;"2""";1;un;;2,3;kg;Contratista;BRIDA;;;;;;;;SIN REVISAR;;;;;
1.368;1;368;EWP-3351-10-PA-220;CWP-3351-10-PA-220;CWA-3351-10;PWP-3351-10-PA-220;"03351-GW-1""-C1-0034-N";;;C1;BRIDA ROSCADA, ASTM A105, ASME B16.5 CLASE 150 RF;"1""";1;un;;0,9;kg;Contratista;BRIDA;;;;;;;;SIN REVISAR;;;;;
1.369;1;369;EWP-3351-10-PA-220;CWP-3351-10-PA-220;CWA-3351-10;PWP-3351-10-PA-220;"03351-GW-1""-C1-0036-N";;;C1;BRIDA ROSCADA, ASTM A105, ASME B16.5 CLASE 150 RF;"1""";1;un;;0,9;kg;Contratista;BRIDA;;;;;;;;SIN REVISAR;;;;;
1.370;1;370;EWP-3351-10-PA-220;CWP-3351-10-PA-220;CWA-3351-10;PWP-3351-10-PA-220;"03351-PW-2""-C1-0055-N";;;C1;BRIDA ROSCADA, ASTM A105, ASME B16.5 CLASE 150 RF;"2""";1;un;;2,3;kg;Contratista;BRIDA;;;;;;;;SIN REVISAR;;;;;
1.371;1;371;EWP-3351-10-PA-220;CWP-3351-10-PA-220;CWA-3351-10;PWP-3351-10-PA-220;"03351-GW-1""-C1-0034-N";;;C1;BRIDA ROSCADA, ASTM A105, ASME B16.5 CLASE 150 RF;"1""";1;un;;0,9;kg;Contratista;BRIDA;;;;;;;;SIN REVISAR;;;;;
1.372;1;372;EWP-3351-10-PA-220;CWP-3351-10-PA-220;CWA-3351-10;PWP-3351-10-PA-220;"03351-GW-1""-C1-0032-N";;;C1;BRIDA ROSCADA, ASTM A105, ASME B16.5 CLASE 150 RF;"1""";1;un;;0,9;kg;Contratista;BRIDA;;;;;;;;SIN REVISAR;;;;;
1.373;1;373;EWP-3351-10-PA-220;CWP-3351-10-PA-220;CWA-3351-10;PWP-3351-10-PA-220;"03351-PW-2""-C1-0081-N";;;C1;BRIDA ROSCADA, ASTM A105, ASME B16.5 CLASE 150 RF;"2""";1;un;;2,3;kg;Contratista;BRIDA;;;;;;;;SIN REVISAR;;;;;
1.374;1;374;EWP-3351-10-PA-220;CWP-3351-10-PA-220;CWA-3351-10;PWP-3351-10-PA-220;"03351-GW-2""-C1-0095-N";;;C1;BRIDA ROSCADA, ASTM A105, ASME B16.5 CLASE 150 RF;"2""";1;un;;2,3;kg;Contratista;BRIDA;;;;;;;;SIN REVISAR;;;;;
1.375;1;375;EWP-3351-10-PA-220;CWP-3351-10-PA-220;CWA-3351-10;PWP-3351-10-PA-220;"03351-GW-1""-C1-0033-N";;;C1;BUSHING, ASTM A197, ASME B16.3 CLASE 150, NPT SEGÚN ASME B1.20.1;"1""x3/4""";1;un;;0,19;kg;Contratista;BUSHING ;;;;;;;;SIN REVISAR;;;;;
1.376;1;376;EWP-3351-10-PA-220;CWP-3351-10-PA-220;CWA-3351-10;PWP-3351-10-PA-220;"03351-GW-1""-C1-0035-N";;;C1;BUSHING, ASTM A197, ASME B16.3 CLASE 150, NPT SEGÚN ASME B1.20.1;"1""x3/4""";1;un;;0,19;kg;Contratista;BUSHING ;;;;;;;;SIN REVISAR;;;;;
1.377;1;377;EWP-3351-10-PA-220;CWP-3351-10-PA-220;CWA-3351-10;PWP-3351-10-PA-220;"03351-GW-1""-C1-0031-N";;;C1;BUSHING, ASTM A197, ASME B16.3 CLASE 150, NPT SEGÚN ASME B1.20.1;"1""x3/4""";1;un;;0,19;kg;Contratista;BUSHING ;;;;;;;;SIN REVISAR;;;;;
1.378;1;378;EWP-3351-10-PA-220;CWP-3351-10-PA-220;CWA-3351-10;PWP-3351-10-PA-220;"03351-GW-2""-C1-0095-N";;;C1;BUSHING, ASTM A197, ASME B16.3 CLASE 150, NPT SEGÚN ASME B1.20.1;"2""x1""";1;un;;1,63;kg;Contratista;BUSHING ;;;;;;;;SIN REVISAR;;;;;
1.379;1;379;EWP-3351-10-PA-220;CWP-3351-10-PA-220;CWA-3351-10;PWP-3351-10-PA-220;"03351-CT-6""-C3-0021-R3";;;C3;CAÑERÍA ERW, ASTM A53 GR B, ASME B36.10 M, BE - GE,SCH STD;"6""";4,72;m;;89,46;kg;Contratista;CAÑERÍA;Valvulas industriales;;12/03/2026;12/03/2026;;;Enzo Santambrogio;DISPONIBLE;;4,72;;;
1.380;1;380;EWP-3351-10-PA-220;CWP-3351-10-PA-220;CWA-3351-10;PWP-3351-10-PA-220;"03351-CT-6""-C3-0021-R3";;;C3;CAÑERÍA ERW, ASTM A53 GR B, ASME B36.10 M, BE - GE,SCH STD;"6""";5,65;m;;107,17;kg;Contratista;CAÑERÍA;Valvulas industriales;;12/03/2026;12/03/2026;;;Enzo Santambrogio;DISPONIBLE;;5,65;;;
1.381;1;381;EWP-3351-10-PA-220;CWP-3351-10-PA-220;CWA-3351-10;PWP-3351-10-PA-220;"03351-CT-6""-C3-0021-R3";;;C3;CAÑERÍA ERW, ASTM A53 GR B, ASME B36.10 M, BE - GE,SCH STD;"6""";0,48;m;;9,05;kg;Contratista;CAÑERÍA;Valvulas industriales;;12/03/2026;12/03/2026;;;Enzo Santambrogio;DISPONIBLE;;0,48;;;
1.382;1;382;EWP-3351-10-PA-220;CWP-3351-10-PA-220;CWA-3351-10;PWP-3351-10-PA-220;"03351-CT-6""-C3-0005-R3";;;C3;CAÑERÍA ERW, ASTM A53 GR B, ASME B36.10 M, BE - GE,SCH STD;"6""";2,38;m;;45,09;kg;Contratista;CAÑERÍA;Valvulas industriales;;12/03/2026;12/03/2026;;;Enzo Santambrogio;DISPONIBLE;;2,38;;;
1.383;1;383;EWP-3351-10-PA-220;CWP-3351-10-PA-220;CWA-3351-10;PWP-3351-10-PA-220;"03351-CT-6""-C3-0021-R3";;;C3;CAÑERÍA ERW, ASTM A53 GR B, ASME B36.10 M, BE - GE,SCH STD;"6""";2,96;m;;56,2;kg;Contratista;CAÑERÍA;Valvulas industriales;;12/03/2026;12/03/2026;;;Enzo Santambrogio;DISPONIBLE;;2,96;;;
1.384;1;384;EWP-3351-10-PA-220;CWP-3351-10-PA-220;CWA-3351-10;PWP-3351-10-PA-220;"03351-CT-6""-C3-0021-R3";;;C3;CAÑERÍA ERW, ASTM A53 GR B, ASME B36.10 M, BE - GE,SCH STD;"6""";2,31;m;;43,79;kg;Contratista;CAÑERÍA;Valvulas industriales;;12/03/2026;12/03/2026;;;Enzo Santambrogio;DISPONIBLE;;2,31;;;
1.385;1;385;EWP-3351-10-PA-220;CWP-3351-10-PA-220;CWA-3351-10;PWP-3351-10-PA-220;"03351-CT-6""-C3-0021-R3";;;C3;CAÑERÍA ERW, ASTM A53 GR B, ASME B36.10 M, BE - GE,SCH STD;"6""";0,7;m;;13,19;kg;Contratista;CAÑERÍA;Valvulas industriales;;12/03/2026;12/03/2026;;;Enzo Santambrogio;DISPONIBLE;;0,7;;;
1.386;1;386;EWP-3351-10-PA-220;CWP-3351-10-PA-220;CWA-3351-10;PWP-3351-10-PA-220;"03351-CT-6""-C3-0018-R3";;;C3;CAÑERÍA ERW, ASTM A53 GR B, ASME B36.10 M, BE - GE,SCH STD;"6""";5,67;m;;107,54;kg;Contratista;CAÑERÍA;Valvulas industriales;;12/03/2026;12/03/2026;;;Enzo Santambrogio;DISPONIBLE;;5,67;;;
1.387;1;387;EWP-3351-10-PA-220;CWP-3351-10-PA-220;CWA-3351-10;PWP-3351-10-PA-220;"03351-CT-6""-C3-0021-R3";;;C3;CAÑERÍA ERW, ASTM A53 GR B, ASME B36.10 M, BE - GE,SCH STD;"6""";2,89;m;;54,74;kg;Contratista;CAÑERÍA;Valvulas industriales;;12/03/2026;12/03/2026;;;Enzo Santambrogio;DISPONIBLE;;2,89;;;
1.388;1;388;EWP-3351-10-PA-220;CWP-3351-10-PA-220;CWA-3351-10;PWP-3351-10-PA-220;"03351-CT-6""-C3-0018-R3";;;C3;CAÑERÍA ERW, ASTM A53 GR B, ASME B36.10 M, BE - GE,SCH STD;"6""";1,85;m;;35,03;kg;Contratista;CAÑERÍA;Valvulas industriales;;12/03/2026;12/03/2026;;;Enzo Santambrogio;DISPONIBLE;;1,85;;;
1.389;1;389;EWP-3351-10-PA-220;CWP-3351-10-PA-220;CWA-3351-10;PWP-3351-10-PA-220;"03351-CT-6""-C3-0021-R3";;;C3;CAÑERÍA ERW, ASTM A53 GR B, ASME B36.10 M, BE - GE,SCH STD;"6""";6;m;;113,82;kg;Contratista;CAÑERÍA;Valvulas industriales;;12/03/2026;12/03/2026;;;Enzo Santambrogio;DISPONIBLE;;6;;;
1.390;1;390;EWP-3351-10-PA-220;CWP-3351-10-PA-220;CWA-3351-10;PWP-3351-10-PA-220;"03351-CT-6""-C3-0018-R3";;;C3;CAÑERÍA ERW, ASTM A53 GR B, ASME B36.10 M, BE - GE,SCH STD;"6""";6;m;;113,82;kg;Contratista;CAÑERÍA;Valvulas industriales;;12/03/2026;12/03/2026;;;Enzo Santambrogio;DISPONIBLE;;6;;;
1.391;1;391;EWP-3351-10-PA-220;CWP-3351-10-PA-220;CWA-3351-10;PWP-3351-10-PA-220;"03351-CT-6""-C3-0021-R3";;;C3;CAÑERÍA ERW, ASTM A53 GR B, ASME B36.10 M, BE - GE,SCH STD;"6""";6;m;;113,82;kg;Contratista;CAÑERÍA;Valvulas industriales;;12/03/2026;12/03/2026;;;Enzo Santambrogio;DISPONIBLE;;6;;;
1.392;1;392;EWP-3351-10-PA-220;CWP-3351-10-PA-220;CWA-3351-10;PWP-3351-10-PA-220;"03351-CT-6""-C3-0018-R3";;;C3;CAÑERÍA ERW, ASTM A53 GR B, ASME B36.10 M, BE - GE,SCH STD;"6""";2,86;m;;54,29;kg;Contratista;CAÑERÍA;Valvulas industriales;;12/03/2026;12/03/2026;;;Enzo Santambrogio;DISPONIBLE;;2,86;;;
1.393;1;393;EWP-3351-10-PA-220;CWP-3351-10-PA-220;CWA-3351-10;PWP-3351-10-PA-220;"03351-CT-6""-C3-0021-R3";;;C3;CAÑERÍA ERW, ASTM A53 GR B, ASME B36.10 M, BE - GE,SCH STD;"6""";6;m;;113,82;kg;Contratista;CAÑERÍA;Valvulas industriales;;12/03/2026;12/03/2026;;;Enzo Santambrogio;DISPONIBLE;;6;;;
1.394;1;394;EWP-3351-10-PA-220;CWP-3351-10-PA-220;CWA-3351-10;PWP-3351-10-PA-220;"03351-CT-6""-C3-0021-R3";;;C3;CAÑERÍA ERW, ASTM A53 GR B, ASME B36.10 M, BE - GE,SCH STD;"6""";2,67;m;;50,72;kg;Contratista;CAÑERÍA;Valvulas industriales;;12/03/2026;12/03/2026;;;Enzo Santambrogio;DISPONIBLE;;2,67;;;
1.395;1;395;EWP-3351-10-PA-220;CWP-3351-10-PA-220;CWA-3351-10;PWP-3351-10-PA-220;"03351-CT-6""-C3-0018-R3";;;C3;CAÑERÍA ERW, ASTM A53 GR B, ASME B36.10 M, BE - GE,SCH STD;"6""";2,92;m;;55,47;kg;Contratista;CAÑERÍA;Valvulas industriales;;12/03/2026;12/03/2026;;;Enzo Santambrogio;DISPONIBLE;;2,92;;;
1.396;1;396;EWP-3351-10-PA-220;CWP-3351-10-PA-220;CWA-3351-10;PWP-3351-10-PA-220;"03351-CT-6""-C3-0021-R3";;;C3;CAÑERÍA ERW, ASTM A53 GR B, ASME B36.10 M, BE - GE,SCH STD;"6""";0,55;m;;10,36;kg;Contratista;CAÑERÍA;Valvulas industriales;;12/03/2026;12/03/2026;;;Enzo Santambrogio;DISPONIBLE;;0,55;;;
1.397;1;397;EWP-3351-10-PA-220;CWP-3351-10-PA-220;CWA-3351-10;PWP-3351-10-PA-220;"03351-CT-6""-C3-0018-R3";;;C3;CAÑERÍA ERW, ASTM A53 GR B, ASME B36.10 M, BE - GE,SCH STD;"6""";6;m;;113,82;kg;Contratista;CAÑERÍA;Valvulas industriales;;12/03/2026;12/03/2026;;;Enzo Santambrogio;DISPONIBLE;;6;;;
1.398;1;398;EWP-3351-10-PA-220;CWP-3351-10-PA-220;CWA-3351-10;PWP-3351-10-PA-220;"03351-CT-4""-C3-0077-R3";;;C3;CAÑERÍA ERW, ASTM A53 GR B, ASME B36.10 M, BE - GE,SCH STD;"4""";0,28;m;;4,5;kg;Contratista;CAÑERÍA;;;;;;;;SIN REVISAR;;1,54;;;
1.399;1;399;EWP-3351-10-PA-220;CWP-3351-10-PA-220;CWA-3351-10;PWP-3351-10-PA-220;"03351-CT-4""-C3-0017-R3";;;C3;CAÑERÍA ERW, ASTM A53 GR B, ASME B36.10 M, BE - GE,SCH STD;"4""";0,58;m;;9,36;kg;Contratista;CAÑERÍA;;;;;;;;SIN REVISAR;;0,51;;;
1.400;1;400;EWP-3351-10-PA-220;CWP-3351-10-PA-220;CWA-3351-10;PWP-3351-10-PA-220;"03351-CT-6""-C3-0021-R3";;;C3;CAÑERÍA ERW, ASTM A53 GR B, ASME B36.10 M, BE - GE,SCH STD;"6""";1,54;m;;29,21;kg;Contratista;CAÑERÍA;Valvulas industriales;;12/03/2026;12/03/2026;;;Enzo Santambrogio;DISPONIBLE;;1,54;;;
1.401;1;401;EWP-3351-10-PA-220;CWP-3351-10-PA-220;CWA-3351-10;PWP-3351-10-PA-220;"03351-CT-6""-C3-0018-R3";;;C3;CAÑERÍA ERW, ASTM A53 GR B, ASME B36.10 M, BE - GE,SCH STD;"6""";0,51;m;;9,75;kg;Contratista;CAÑERÍA;Valvulas industriales;;12/03/2026;12/03/2026;;;Enzo Santambrogio;DISPONIBLE;;0,51;;;
1.402;1;402;EWP-3351-10-PA-220;CWP-3351-10-PA-220;CWA-3351-10;PWP-3351-10-PA-220;"03351-CT-6""-C3-0021-R3";;;C3;CAÑERÍA ERW, ASTM A53 GR B, ASME B36.10 M, BE - GE,SCH STD;"6""";2,31;m;;43,76;kg;Contratista;CAÑERÍA;Valvulas industriales;;12/03/2026;12/03/2026;;;Enzo Santambrogio;DISPONIBLE;;2,31;;;
1.403;1;403;EWP-3351-10-PA-220;CWP-3351-10-PA-220;CWA-3351-10;PWP-3351-10-PA-220;"03351-CT-6""-C3-0021-R3";;;C3;CAÑERÍA ERW, ASTM A53 GR B, ASME B36.10 M, BE - GE,SCH STD;"6""";2,15;m;;40,78;kg;Contratista;CAÑERÍA;Valvulas industriales;;12/03/2026;12/03/2026;;;Enzo Santambrogio;DISPONIBLE;;2,15;;;
1.404;1;404;EWP-3351-10-PA-220;CWP-3351-10-PA-220;CWA-3351-10;PWP-3351-10-PA-220;"03351-CT-6""-C3-0021-R3";;;C3;CAÑERÍA ERW, ASTM A53 GR B, ASME B36.10 M, BE - GE,SCH STD;"6""";0,03;m;;0,47;kg;Contratista;CAÑERÍA;Valvulas industriales;;12/03/2026;12/03/2026;;;Enzo Santambrogio;DISPONIBLE;;0,03;;;
1.405;1;405;EWP-3351-10-PA-220;CWP-3351-10-PA-220;CWA-3351-10;PWP-3351-10-PA-220;"03351-CT-6""-C3-0006-R3";;;C3;CAÑERÍA ERW, ASTM A53 GR B, ASME B36.10 M, BE - GE,SCH STD;"6""";2,38;m;;45,09;kg;Contratista;CAÑERÍA;Valvulas industriales;;12/03/2026;12/03/2026;;;Enzo Santambrogio;DISPONIBLE;;2,38;;;
1.406;1;406;EWP-3351-10-PA-220;CWP-3351-10-PA-220;CWA-3351-10;PWP-3351-10-PA-220;"03351-CT-6""-C3-0021-R3";;;C3;CAÑERÍA ERW, ASTM A53 GR B, ASME B36.10 M, BE - GE,SCH STD;"6""";0,46;m;;8,77;kg;Contratista;CAÑERÍA;Valvulas industriales;;12/03/2026;12/03/2026;;;Enzo Santambrogio;DISPONIBLE;;0,46;;;
1.407;1;407;EWP-3351-10-PA-220;CWP-3351-10-PA-220;CWA-3351-10;PWP-3351-10-PA-220;"03351-CT-6""-C3-0018-R3";;;C3;CAÑERÍA ERW, ASTM A53 GR B, ASME B36.10 M, BE - GE,SCH STD;"6""";5,65;m;;107,24;kg;Contratista;CAÑERÍA;Valvulas industriales;;12/03/2026;12/03/2026;;;Enzo Santambrogio;DISPONIBLE;;5,65;;;
1.408;1;408;EWP-3351-10-PA-220;CWP-3351-10-PA-220;CWA-3351-10;PWP-3351-10-PA-220;"03351-CT-6""-C3-0021-R3";;;C3;CAÑERÍA ERW, ASTM A53 GR B, ASME B36.10 M, BE - GE,SCH STD;"6""";4,28;m;;81,11;kg;Contratista;CAÑERÍA;Valvulas industriales;;12/03/2026;12/03/2026;;;Enzo Santambrogio;DISPONIBLE;;4,28;;;
1.409;1;409;EWP-3351-10-PA-220;CWP-3351-10-PA-220;CWA-3351-10;PWP-3351-10-PA-220;"03351-CT-6""-C3-0018-R3";;;C3;CAÑERÍA ERW, ASTM A53 GR B, ASME B36.10 M, BE - GE,SCH STD;"6""";4,28;m;;81,16;kg;Contratista;CAÑERÍA;Valvulas industriales;;12/03/2026;12/03/2026;;;Enzo Santambrogio;DISPONIBLE;;4,28;;;
1.410;1;410;EWP-3351-10-PA-220;CWP-3351-10-PA-220;CWA-3351-10;PWP-3351-10-PA-220;"03351-CT-6""-C3-0018-R3";;;C3;CAÑERÍA ERW, ASTM A53 GR B, ASME B36.10 M, BE - GE,SCH STD;"6""";0,76;m;;14,47;kg;Contratista;CAÑERÍA;Valvulas industriales;;12/03/2026;12/03/2026;;;Enzo Santambrogio;DISPONIBLE;;0,76;;;
1.411;1;411;EWP-3351-10-PA-220;CWP-3351-10-PA-220;CWA-3351-10;PWP-3351-10-PA-220;"03351-CT-6""-C3-0021-R3";;;C3;CAÑERÍA ERW, ASTM A53 GR B, ASME B36.10 M, BE - GE,SCH STD;"6""";5,98;m;;113,35;kg;Contratista;CAÑERÍA;Valvulas industriales;;12/03/2026;12/03/2026;;;Enzo Santambrogio;DISPONIBLE;;5,98;;;
1.412;1;412;EWP-3351-10-PA-220;CWP-3351-10-PA-220;CWA-3351-10;PWP-3351-10-PA-220;"03351-CT-6""-C3-0018-R3";;;C3;CAÑERÍA ERW, ASTM A53 GR B, ASME B36.10 M, BE - GE,SCH STD;"6""";2,28;m;;43,16;kg;Contratista;CAÑERÍA;Valvulas industriales;;12/03/2026;12/03/2026;;;Enzo Santambrogio;DISPONIBLE;;2,28;;;
1.413;1;413;EWP-3351-10-PA-220;CWP-3351-10-PA-220;CWA-3351-10;PWP-3351-10-PA-220;"03351-CT-6""-C3-0021-R3";;;C3;CAÑERÍA ERW, ASTM A53 GR B, ASME B36.10 M, BE - GE,SCH STD;"6""";3,14;m;;59,63;kg;Contratista;CAÑERÍA;Valvulas industriales;;12/03/2026;12/03/2026;;;Enzo Santambrogio;DISPONIBLE;;3,14;;;
1.414;1;414;EWP-3351-10-PA-220;CWP-3351-10-PA-220;CWA-3351-10;PWP-3351-10-PA-220;"03351-CT-6""-C3-0021-R3";;;C3;CAÑERÍA ERW, ASTM A53 GR B, ASME B36.10 M, BE - GE,SCH STD;"6""";3,16;m;;59,89;kg;Contratista;CAÑERÍA;Valvulas industriales;;12/03/2026;12/03/2026;;;Enzo Santambrogio;DISPONIBLE;;3,16;;;
1.415;1;415;EWP-3351-10-PA-220;CWP-3351-10-PA-220;CWA-3351-10;PWP-3351-10-PA-220;"03351-CT-6""-C3-0018-R3";;;C3;CAÑERÍA ERW, ASTM A53 GR B, ASME B36.10 M, BE - GE,SCH STD;"6""";2,81;m;;53,26;kg;Contratista;CAÑERÍA;Valvulas industriales;;12/03/2026;12/03/2026;;;Enzo Santambrogio;DISPONIBLE;;2,81;;;
1.416;1;416;EWP-3351-10-PA-220;CWP-3351-10-PA-220;CWA-3351-10;PWP-3351-10-PA-220;"03351-CT-6""-C3-0018-R3";;;C3;CAÑERÍA ERW, ASTM A53 GR B, ASME B36.10 M, BE - GE,SCH STD;"6""";3,14;m;;59,66;kg;Contratista;CAÑERÍA;Valvulas industriales;;12/03/2026;12/03/2026;;;Enzo Santambrogio;DISPONIBLE;;3,14;;;
1.417;1;417;EWP-3351-10-PA-220;CWP-3351-10-PA-220;CWA-3351-10;PWP-3351-10-PA-220;"03351-CT-6""-C3-0018-R3";;;C3;CAÑERÍA ERW, ASTM A53 GR B, ASME B36.10 M, BE - GE,SCH STD;"6""";6;m;;113,82;kg;Contratista;CAÑERÍA;Valvulas industriales;;12/03/2026;12/03/2026;;;Enzo Santambrogio;DISPONIBLE;;6;;;
1.418;1;418;EWP-3351-10-PA-220;CWP-3351-10-PA-220;CWA-3351-10;PWP-3351-10-PA-220;"03351-CT-6""-C3-0021-R3";;;C3;CAÑERÍA ERW, ASTM A53 GR B, ASME B36.10 M, BE - GE,SCH STD;"6""";5,29;m;;100,33;kg;Contratista;CAÑERÍA;Valvulas industriales;;12/03/2026;12/03/2026;;;Enzo Santambrogio;DISPONIBLE;;5,29;;;
1.419;1;419;EWP-3351-10-PA-220;CWP-3351-10-PA-220;CWA-3351-10;PWP-3351-10-PA-220;"03351-CT-6""-C3-0021-R3";;;C3;CAÑERÍA ERW, ASTM A53 GR B, ASME B36.10 M, BE - GE,SCH STD;"6""";3,14;m;;59,66;kg;Contratista;CAÑERÍA;Valvulas industriales;;12/03/2026;12/03/2026;;;Enzo Santambrogio;DISPONIBLE;;3,14;;;
1.420;1;420;EWP-3351-10-PA-220;CWP-3351-10-PA-220;CWA-3351-10;PWP-3351-10-PA-220;"03351-CT-6""-C3-0021-R3";;;C3;CAÑERÍA ERW, ASTM A53 GR B, ASME B36.10 M, BE - GE,SCH STD;"6""";5,65;m;;107,25;kg;Contratista;CAÑERÍA;Valvulas industriales;;12/03/2026;12/03/2026;;;Enzo Santambrogio;DISPONIBLE;;5,65;;;
1.421;1;421;EWP-3351-10-PA-220;CWP-3351-10-PA-220;CWA-3351-10;PWP-3351-10-PA-220;"03351-CT-6""-C3-0021-R3";;;C3;CAÑERÍA ERW, ASTM A53 GR B, ASME B36.10 M, BE - GE,SCH STD;"6""";6;m;;113,82;kg;Contratista;CAÑERÍA;Valvulas industriales;;12/03/2026;12/03/2026;;;Enzo Santambrogio;DISPONIBLE;;6;;;
1.422;1;422;EWP-3351-10-PA-220;CWP-3351-10-PA-220;CWA-3351-10;PWP-3351-10-PA-220;"03351-CT-6""-C3-0018-R3";;;C3;CAÑERÍA ERW, ASTM A53 GR B, ASME B36.10 M, BE - GE,SCH STD;"6""";3,26;m;;61,92;kg;Contratista;CAÑERÍA;Valvulas industriales;;12/03/2026;12/03/2026;;;Enzo Santambrogio;DISPONIBLE;;3,26;;;
1.423;1;423;EWP-3351-10-PA-220;CWP-3351-10-PA-220;CWA-3351-10;PWP-3351-10-PA-220;"03351-CT-6""-C3-0023-R3";;;C3;CAÑERÍA ERW, ASTM A53 GR B, ASME B36.10 M, BE - GE,SCH STD;"6""";0,76;m;;14,47;kg;Contratista;CAÑERÍA;Valvulas industriales;;12/03/2026;12/03/2026;;;Enzo Santambrogio;DISPONIBLE;;0,76;;;
1.424;1;424;EWP-3351-10-PA-220;CWP-3351-10-PA-220;CWA-3351-10;PWP-3351-10-PA-220;"03351-CT-6""-C3-0021-R3";;;C3;CAÑERÍA ERW, ASTM A53 GR B, ASME B36.10 M, BE - GE,SCH STD;"6""";0,17;m;;3,14;kg;Contratista;CAÑERÍA;Valvulas industriales;;12/03/2026;12/03/2026;;;Enzo Santambrogio;DISPONIBLE;;0,17;;;
1.425;1;425;EWP-3351-10-PA-220;CWP-3351-10-PA-220;CWA-3351-10;PWP-3351-10-PA-220;"03351-CT-6""-C3-0005-R3";;;C3;CAÑERÍA ERW, ASTM A53 GR B, ASME B36.10 M, BE - GE,SCH STD;"6""";0,39;m;;7,36;kg;Contratista;CAÑERÍA;Valvulas industriales;;12/03/2026;12/03/2026;;;Enzo Santambrogio;DISPONIBLE;;0,39;;;
1.426;1;426;EWP-3351-10-PA-220;CWP-3351-10-PA-220;CWA-3351-10;PWP-3351-10-PA-220;"03351-CT-6""-C3-0021-R3";;;C3;CAÑERÍA ERW, ASTM A53 GR B, ASME B36.10 M, BE - GE,SCH STD;"6""";0,76;m;;14,34;kg;Contratista;CAÑERÍA;Valvulas industriales;;12/03/2026;12/03/2026;;;Enzo Santambrogio;DISPONIBLE;;0,76;;;
1.427;1;427;EWP-3351-10-PA-220;CWP-3351-10-PA-220;CWA-3351-10;PWP-3351-10-PA-220;"03351-CT-6""-C3-0006-R3";;;C3;CAÑERÍA ERW, ASTM A53 GR B, ASME B36.10 M, BE - GE,SCH STD;"12""";0,28;m;;21,01;kg;Contratista;CAÑERÍA;Valvulas industriales;;12/03/2026;12/03/2026;;;Enzo Santambrogio;DISPONIBLE;;0,28;;;
1.428;1;428;EWP-3351-10-PA-220;CWP-3351-10-PA-220;CWA-3351-10;PWP-3351-10-PA-220;"03351-CT-6""-C3-0006-R3";;;C3;CAÑERÍA ERW, ASTM A53 GR B, ASME B36.10 M, BE - GE,SCH STD;"6""";0,42;m;;7,99;kg;Contratista;CAÑERÍA;Valvulas industriales;;12/03/2026;12/03/2026;;;Enzo Santambrogio;DISPONIBLE;;0,42;;;
1.429;1;429;EWP-3351-10-PA-220;CWP-3351-10-PA-220;CWA-3351-10;PWP-3351-10-PA-220;"03351-CT-6""-C3-0005-R3";;;C3;CAÑERÍA ERW, ASTM A53 GR B, ASME B36.10 M, BE - GE,SCH STD;"12""";0,29;m;;21,02;kg;Contratista;CAÑERÍA;Valvulas industriales;;12/03/2026;12/03/2026;;;Enzo Santambrogio;DISPONIBLE;;0,29;;;
1.430;1;430;EWP-3351-10-PA-220;CWP-3351-10-PA-220;CWA-3351-10;PWP-3351-10-PA-220;"03351-CT-6""-C2-0047-N";;;C2;CAÑERÍA ERW, ASTM A53 GR B, ASME B36.10 M, BE - GE,SCH STD;"12""";0,29;m;;21,44;kg;Contratista;CAÑERÍA;Valvulas industriales;;12/03/2026;12/03/2026;;;Enzo Santambrogio;DISPONIBLE;;0,29;;;
1.431;1;431;EWP-3351-10-PA-220;CWP-3351-10-PA-220;CWA-3351-10;PWP-3351-10-PA-220;"03351-CT-6""-C3-0046-R3";;;C3;CAÑERÍA ERW, ASTM A53 GR B, ASME B36.10 M, BE - GE,SCH STD;"6""";6;m;;113,82;kg;Contratista;CAÑERÍA;Valvulas industriales;;12/03/2026;12/03/2026;;;Enzo Santambrogio;DISPONIBLE;;6;;;
1.432;1;432;EWP-3351-10-PA-220;CWP-3351-10-PA-220;CWA-3351-10;PWP-3351-10-PA-220;"03351-CT-6""-C3-0021-R3";;;C3;CAÑERÍA ERW, ASTM A53 GR B, ASME B36.10 M, BE - GE,SCH STD;"6""";4,13;m;;78,41;kg;Contratista;CAÑERÍA;Valvulas industriales;;12/03/2026;12/03/2026;;;Enzo Santambrogio;DISPONIBLE;;4,13;;;
1.433;1;433;EWP-3351-10-PA-220;CWP-3351-10-PA-220;CWA-3351-10;PWP-3351-10-PA-220;"03351-CT-6""-C3-0018-R3";;;C3;CAÑERÍA ERW, ASTM A53 GR B, ASME B36.10 M, BE - GE,SCH STD;"4""";0,19;m;;3,1;kg;Contratista;CAÑERÍA;;;;;;;;SIN REVISAR;;0,85;;;
1.434;1;434;EWP-3351-10-PA-220;CWP-3351-10-PA-220;CWA-3351-10;PWP-3351-10-PA-220;"03351-CT-6""-C3-0018-R3";;;C3;CAÑERÍA ERW, ASTM A53 GR B, ASME B36.10 M, BE - GE,SCH STD;"6""";1,97;m;;37,32;kg;Contratista;CAÑERÍA;Valvulas industriales;;12/03/2026;12/03/2026;;;Enzo Santambrogio;DISPONIBLE;;1,97;;;
1.435;1;435;EWP-3351-10-PA-220;CWP-3351-10-PA-220;CWA-3351-10;PWP-3351-10-PA-220;"03351-CT-6""-C3-0021-R3";;;C3;CAÑERÍA ERW, ASTM A53 GR B, ASME B36.10 M, BE - GE,SCH STD;"6""";0,09;m;;1,76;kg;Contratista;CAÑERÍA;Valvulas industriales;;12/03/2026;12/03/2026;;;Enzo Santambrogio;DISPONIBLE;;0,09;;;
1.436;1;436;EWP-3351-10-PA-220;CWP-3351-10-PA-220;CWA-3351-10;PWP-3351-10-PA-220;"03351-CT-6""-C3-0023-R3";;;C3;CAÑERÍA ERW, ASTM A53 GR B, ASME B36.10 M, BE - GE,SCH STD;"4""";0,19;m;;3,1;kg;Contratista;CAÑERÍA;;;;;;;;SIN REVISAR;;0,9;;;
1.437;1;437;EWP-3351-10-PA-220;CWP-3351-10-PA-220;CWA-3351-10;PWP-3351-10-PA-220;"03351-CT-6""-C3-0023-R3";;;C3;CAÑERÍA ERW, ASTM A53 GR B, ASME B36.10 M, BE - GE,SCH STD;"6""";0,85;m;;16,08;kg;Contratista;CAÑERÍA;Valvulas industriales;;12/03/2026;12/03/2026;;;Enzo Santambrogio;DISPONIBLE;;0,85;;;
1.438;1;438;EWP-3351-10-PA-220;CWP-3351-10-PA-220;CWA-3351-10;PWP-3351-10-PA-220;"03351-CT-6""-C3-0005-R3";;;C3;CAÑERÍA ERW, ASTM A53 GR B, ASME B36.10 M, BE - GE,SCH STD;"6""";0,91;m;;17,25;kg;Contratista;CAÑERÍA;Valvulas industriales;;12/03/2026;12/03/2026;;;Enzo Santambrogio;DISPONIBLE;;0,91;;;
1.439;1;439;EWP-3351-10-PA-220;CWP-3351-10-PA-220;CWA-3351-10;PWP-3351-10-PA-220;"03351-CT-6""-C3-0023-R3";;;C3;CAÑERÍA ERW, ASTM A53 GR B, ASME B36.10 M, BE - GE,SCH STD;"6""";0,42;m;;7,91;kg;Contratista;CAÑERÍA;Valvulas industriales;;12/03/2026;12/03/2026;;;Enzo Santambrogio;DISPONIBLE;;0,42;;;
1.440;1;440;EWP-3351-10-PA-220;CWP-3351-10-PA-220;CWA-3351-10;PWP-3351-10-PA-220;"03351-CT-6""-C3-0023-R3";;;C3;CAÑERÍA ERW, ASTM A53 GR B, ASME B36.10 M, BE - GE,SCH STD;"6""";0,9;m;;17,15;kg;Contratista;CAÑERÍA;Valvulas industriales;;12/03/2026;12/03/2026;;;Enzo Santambrogio;DISPONIBLE;;0,9;;;
1.441;1;441;EWP-3351-10-PA-220;CWP-3351-10-PA-220;CWA-3351-10;PWP-3351-10-PA-220;"03351-CT-6""-C3-0046-R3";;;C3;CAÑERÍA ERW, ASTM A53 GR B, ASME B36.10 M, BE - GE,SCH STD;"6""";6;m;;113,82;kg;Contratista;CAÑERÍA;Valvulas industriales;;12/03/2026;12/03/2026;;;Enzo Santambrogio;DISPONIBLE;;6;;;
1.442;1;442;EWP-3351-10-PA-220;CWP-3351-10-PA-220;CWA-3351-10;PWP-3351-10-PA-220;"03351-CT-6""-C3-0046-R3";;;C3;CAÑERÍA ERW, ASTM A53 GR B, ASME B36.10 M, BE - GE,SCH STD;"6""";0,73;m;;13,78;kg;Contratista;CAÑERÍA;Valvulas industriales;;12/03/2026;12/03/2026;;;Enzo Santambrogio;DISPONIBLE;;0,73;;;
1.443;1;443;EWP-3351-10-PA-220;CWP-3351-10-PA-220;CWA-3351-10;PWP-3351-10-PA-220;"03351-CT-6""-C3-0046-R3";;;C3;CAÑERÍA ERW, ASTM A53 GR B, ASME B36.10 M, BE - GE,SCH STD;"6""";0,35;m;;6,72;kg;Contratista;CAÑERÍA;Valvulas industriales;;12/03/2026;12/03/2026;;;Enzo Santambrogio;DISPONIBLE;;0,35;;;
1.444;1;444;EWP-3351-10-PA-220;CWP-3351-10-PA-220;CWA-3351-10;PWP-3351-10-PA-220;"03351-CT-6""-C3-0018-R3";;;C3;CAÑERÍA ERW, ASTM A53 GR B, ASME B36.10 M, BE - GE,SCH STD;"6""";1,45;m;;27,56;kg;Contratista;CAÑERÍA;Valvulas industriales;;12/03/2026;12/03/2026;;;Enzo Santambrogio;DISPONIBLE;;1,45;;;
1.445;1;445;EWP-3351-10-PA-220;CWP-3351-10-PA-220;CWA-3351-10;PWP-3351-10-PA-220;"03351-CT-6""-C3-0046-R3";;;C3;CAÑERÍA ERW, ASTM A53 GR B, ASME B36.10 M, BE - GE,SCH STD;"6""";0,14;m;;2,7;kg;Contratista;CAÑERÍA;Valvulas industriales;;12/03/2026;12/03/2026;;;Enzo Santambrogio;DISPONIBLE;;0,14;;;
1.446;1;446;EWP-3351-10-PA-220;CWP-3351-10-PA-220;CWA-3351-10;PWP-3351-10-PA-220;"03351-CT-6""-C2-0047-N";;;C2;CAÑERÍA ERW, ASTM A53 GR B, ASME B36.10 M, BE - GE,SCH STD;"6""";0,77;m;;14,7;kg;Contratista;CAÑERÍA;Valvulas industriales;;12/03/2026;12/03/2026;;;Enzo Santambrogio;DISPONIBLE;;0,77;;;
1.447;1;447;EWP-3351-10-PA-220;CWP-3351-10-PA-220;CWA-3351-10;PWP-3351-10-PA-220;"03351-CT-6""-C3-0007-R3";;;C3;CAÑERÍA ERW, ASTM A53 GR B, ASME B36.10 M, BE - GE,SCH STD;"6""";0,88;m;;16,65;kg;Contratista;CAÑERÍA;Valvulas industriales;;12/03/2026;12/03/2026;;;Enzo Santambrogio;DISPONIBLE;;0,88;;;
1.448;1;448;EWP-3351-10-PA-220;CWP-3351-10-PA-220;CWA-3351-10;PWP-3351-10-PA-220;"03351-CT-6""-C3-0006-R3";;;C3;CAÑERÍA ERW, ASTM A53 GR B, ASME B36.10 M, BE - GE,SCH STD;"6""";0,88;m;;16,62;kg;Contratista;CAÑERÍA;Valvulas industriales;;12/03/2026;12/03/2026;;;Enzo Santambrogio;DISPONIBLE;;0,88;;;
1.449;1;449;EWP-3351-10-PA-220;CWP-3351-10-PA-220;CWA-3351-10;PWP-3351-10-PA-220;"03351-CT-6""-C3-0046-R3";;;C3;CAÑERÍA ERW, ASTM A53 GR B, ASME B36.10 M, BE - GE,SCH STD;"6""";0,33;m;;6,24;kg;Contratista;CAÑERÍA;Valvulas industriales;;12/03/2026;12/03/2026;;;Enzo Santambrogio;DISPONIBLE;;0,33;;;
1.450;1;450;EWP-3351-10-PA-220;CWP-3351-10-PA-220;CWA-3351-10;PWP-3351-10-PA-220;"03351-CT-6""-C3-0021-R3";;;C3;CAÑERÍA ERW, ASTM A53 GR B, ASME B36.10 M, BE - GE,SCH STD;"4""";0,2;m;;3,21;kg;Contratista;CAÑERÍA;;;;;;;;SIN REVISAR;;0,18;;;
1.451;1;451;EWP-3351-10-PA-220;CWP-3351-10-PA-220;CWA-3351-10;PWP-3351-10-PA-220;"03351-CT-6""-C3-0007-R3";;;C3;CAÑERÍA ERW, ASTM A53 GR B, ASME B36.10 M, BE - GE,SCH STD;"12""";0,28;m;;20,88;kg;Contratista;CAÑERÍA;Valvulas industriales;;12/03/2026;12/03/2026;;;Enzo Santambrogio;DISPONIBLE;;0,28;;;
1.452;1;452;EWP-3351-10-PA-220;CWP-3351-10-PA-220;CWA-3351-10;PWP-3351-10-PA-220;"03351-CT-6""-C3-0007-R3";;;C3;CAÑERÍA ERW, ASTM A53 GR B, ASME B36.10 M, BE - GE,SCH STD;"6""";0,42;m;;8,01;kg;Contratista;CAÑERÍA;Valvulas industriales;;12/03/2026;12/03/2026;;;Enzo Santambrogio;DISPONIBLE;;0,42;;;
1.453;1;453;EWP-3351-10-PA-220;CWP-3351-10-PA-220;CWA-3351-10;PWP-3351-10-PA-220;"03351-CT-6""-C3-0007-R3";;;C3;CAÑERÍA ERW, ASTM A53 GR B, ASME B36.10 M, BE - GE,SCH STD;"6""";2,38;m;;45,09;kg;Contratista;CAÑERÍA;Valvulas industriales;;12/03/2026;12/03/2026;;;Enzo Santambrogio;DISPONIBLE;;2,38;;;
1.454;1;454;EWP-3351-10-PA-220;CWP-3351-10-PA-220;CWA-3351-10;PWP-3351-10-PA-220;"03351-CT-6""-C3-0023-R3";;;C3;CAÑERÍA ERW, ASTM A53 GR B, ASME B36.10 M, BE - GE,SCH STD;"3""";0,18;m;;1,35;kg;Contratista;CAÑERÍA;Valvulas industriales;;12/03/2026;12/03/2026;;;Enzo Santambrogio;DISPONIBLE;;0,18;;;
1.455;1;455;EWP-3351-10-PA-220;CWP-3351-10-PA-220;CWA-3351-10;PWP-3351-10-PA-220;"03351-CT-6""-C3-0021-R3";;;C3;CAÑERÍA ERW, ASTM A53 GR B, ASME B36.10 M, BE - GE,SCH STD;"3""";0,18;m;;1,35;kg;Contratista;CAÑERÍA;Valvulas industriales;;12/03/2026;12/03/2026;;;Enzo Santambrogio;DISPONIBLE;;0,18;;;
1.456;1;456;EWP-3351-10-PA-220;CWP-3351-10-PA-220;CWA-3351-10;PWP-3351-10-PA-220;"03351-CT-6""-C3-0018-R3";;;C3;CAÑERÍA ERW, ASTM A53 GR B, ASME B36.10 M, BE - GE,SCH STD;"3""";0,18;m;;1,35;kg;Contratista;CAÑERÍA;Valvulas industriales;;12/03/2026;12/03/2026;;;Enzo Santambrogio;DISPONIBLE;;0,18;;;
1.457;1;457;EWP-3351-10-PA-220;CWP-3351-10-PA-220;CWA-3351-10;PWP-3351-10-PA-220;"03351-CT-6""-C3-0050-R3";;;C3;CAÑERÍA ERW, ASTM A53 GR B, ASME B36.10 M, BE - GE,SCH STD;"6""";0,4;m;;7,59;kg;Contratista;CAÑERÍA;Valvulas industriales;;12/03/2026;12/03/2026;;;Enzo Santambrogio;DISPONIBLE;;0,4;;;
1.458;1;458;EWP-3351-10-PA-220;CWP-3351-10-PA-220;CWA-3351-10;PWP-3351-10-PA-220;"03351-CT-4""-C3-0015-R3";;;C3;CAÑERÍA ERW, ASTM A53 GR B, ASME B36.10 M, BE - GE,SCH STD;"4""";1,28;m;;20,55;kg;Contratista;CAÑERÍA;;;;;;;;SIN REVISAR;;4,69;;;
1.459;1;459;EWP-3351-10-PA-220;CWP-3351-10-PA-220;CWA-3351-10;PWP-3351-10-PA-220;"03351-CT-4""-C3-0017-R3";;;C3;CAÑERÍA ERW, ASTM A53 GR B, ASME B36.10 M, BE - GE,SCH STD;"4""";0,19;m;;2,99;kg;Contratista;CAÑERÍA;;;;;;;;SIN REVISAR;;0,15;;;
1.460;1;460;EWP-3351-10-PA-220;CWP-3351-10-PA-220;CWA-3351-10;PWP-3351-10-PA-220;"03351-CT-6""-C3-0050-R3";;;C3;CAÑERÍA ERW, ASTM A53 GR B, ASME B36.10 M, BE - GE,SCH STD;"6""";0,76;m;;14,42;kg;Contratista;CAÑERÍA;Valvulas industriales;;12/03/2026;12/03/2026;;;Enzo Santambrogio;DISPONIBLE;;0,76;;;
1.461;1;461;EWP-3351-10-PA-220;CWP-3351-10-PA-220;CWA-3351-10;PWP-3351-10-PA-220;"03351-CT-4""-C3-0015-R3";;;C3;CAÑERÍA ERW, ASTM A53 GR B, ASME B36.10 M, BE - GE,SCH STD;"4""";3,35;m;;53,81;kg;Contratista;CAÑERÍA;;;;;;;;SIN REVISAR;;1,58;;;
1.462;1;462;EWP-3351-10-PA-220;CWP-3351-10-PA-220;CWA-3351-10;PWP-3351-10-PA-220;"03351-CT-6""-C3-0018-R3";;;C3;CAÑERÍA ERW, ASTM A53 GR B, ASME B36.10 M, BE - GE,SCH STD;"6""";1,03;m;;19,44;kg;Contratista;CAÑERÍA;Valvulas industriales;;12/03/2026;12/03/2026;;;Enzo Santambrogio;DISPONIBLE;;1,03;;;
1.463;1;463;EWP-3351-10-PA-220;CWP-3351-10-PA-220;CWA-3351-10;PWP-3351-10-PA-220;"03351-CT-6""-C3-0050-R3";;;C3;CAÑERÍA ERW, ASTM A53 GR B, ASME B36.10 M, BE - GE,SCH STD;"2""";0,1;m;;0,55;kg;Contratista;CAÑERÍA;Valvulas industriales;;12/03/2026;12/03/2026;;;Enzo Santambrogio;DISPONIBLE;;0,1;;;
1.464;1;464;EWP-3351-10-PA-220;CWP-3351-10-PA-220;CWA-3351-10;PWP-3351-10-PA-220;"03351-CT-6""-C3-0018-R3";;;C3;CAÑERÍA ERW, ASTM A53 GR B, ASME B36.10 M, BE - GE,SCH STD;"6""";6;m;;113,82;kg;Contratista;CAÑERÍA;Valvulas industriales;;12/03/2026;12/03/2026;;;Enzo Santambrogio;DISPONIBLE;;6;;;
1.465;1;465;EWP-3351-10-PA-220;CWP-3351-10-PA-220;CWA-3351-10;PWP-3351-10-PA-220;"03351-CT-6""-C3-0018-R3";;;C3;CAÑERÍA ERW, ASTM A53 GR B, ASME B36.10 M, BE - GE,SCH STD;"6""";1,04;m;;19,7;kg;Contratista;CAÑERÍA;Valvulas industriales;;12/03/2026;12/03/2026;;;Enzo Santambrogio;DISPONIBLE;;1,04;;;
1.466;1;466;EWP-3351-10-PA-220;CWP-3351-10-PA-220;CWA-3351-10;PWP-3351-10-PA-220;"03351-CT-6""-C3-0018-R3";;;C3;CAÑERÍA ERW, ASTM A53 GR B, ASME B36.10 M, BE - GE,SCH STD;"6""";4,69;m;;89,04;kg;Contratista;CAÑERÍA;Valvulas industriales;;12/03/2026;12/03/2026;;;Enzo Santambrogio;DISPONIBLE;;4,69;;;
1.467;1;467;EWP-3351-10-PA-220;CWP-3351-10-PA-220;CWA-3351-10;PWP-3351-10-PA-220;"03351-CT-4""-C3-0015-R3";;;C3;CAÑERÍA ERW, ASTM A53 GR B, ASME B36.10 M, BE - GE,SCH STD;"4""";4,88;m;;78,36;kg;Contratista;CAÑERÍA;;;;;;;;SIN REVISAR;;4,86;;;
1.468;1;468;EWP-3351-10-PA-220;CWP-3351-10-PA-220;CWA-3351-10;PWP-3351-10-PA-220;"03351-CT-6""-C3-0021-R3";;;C3;CAÑERÍA ERW, ASTM A53 GR B, ASME B36.10 M, BE - GE,SCH STD;"6""";0,15;m;;2,85;kg;Contratista;CAÑERÍA;Valvulas industriales;;12/03/2026;12/03/2026;;;Enzo Santambrogio;DISPONIBLE;;0,15;;;
1.469;1;469;EWP-3351-10-PA-220;CWP-3351-10-PA-220;CWA-3351-10;PWP-3351-10-PA-220;"03351-CT-6""-C3-0007-R3";;;C3;CAÑERÍA ERW, ASTM A53 GR B, ASME B36.10 M, BE - GE,SCH STD;"2""";0,06;m;;0,32;kg;Contratista;CAÑERÍA;Valvulas industriales;;12/03/2026;12/03/2026;;;Enzo Santambrogio;DISPONIBLE;;0,06;;;
1.470;1;470;EWP-3351-10-PA-220;CWP-3351-10-PA-220;CWA-3351-10;PWP-3351-10-PA-220;"03351-CT-6""-C3-0021-R3";;;C3;CAÑERÍA ERW, ASTM A53 GR B, ASME B36.10 M, BE - GE,SCH STD;"6""";1,58;m;;30,01;kg;Contratista;CAÑERÍA;Valvulas industriales;;12/03/2026;12/03/2026;;;Enzo Santambrogio;DISPONIBLE;;1,58;;;
1.471;1;471;EWP-3351-10-PA-220;CWP-3351-10-PA-220;CWA-3351-10;PWP-3351-10-PA-220;"03351-CT-6""-C3-0018-R3";;;C3;CAÑERÍA ERW, ASTM A53 GR B, ASME B36.10 M, BE - GE,SCH STD;"6""";2,67;m;;50,64;kg;Contratista;CAÑERÍA;Valvulas industriales;;12/03/2026;12/03/2026;;;Enzo Santambrogio;DISPONIBLE;;2,67;;;
1.472;1;472;EWP-3351-10-PA-220;CWP-3351-10-PA-220;CWA-3351-10;PWP-3351-10-PA-220;"03351-CT-6""-C3-0023-R3";;;C3;CAÑERÍA ERW, ASTM A53 GR B, ASME B36.10 M, BE - GE,SCH STD;"2""";0,1;m;;0,55;kg;Contratista;CAÑERÍA;Valvulas industriales;;12/03/2026;12/03/2026;;;Enzo Santambrogio;DISPONIBLE;;0,1;;;
1.473;1;473;EWP-3351-10-PA-220;CWP-3351-10-PA-220;CWA-3351-10;PWP-3351-10-PA-220;"03351-CT-6""-C3-0046-R3";;;C3;CAÑERÍA ERW, ASTM A53 GR B, ASME B36.10 M, BE - GE,SCH STD;"2""";0,1;m;;0,55;kg;Contratista;CAÑERÍA;Valvulas industriales;;12/03/2026;12/03/2026;;;Enzo Santambrogio;DISPONIBLE;;0,1;;;
1.474;1;474;EWP-3351-10-PA-220;CWP-3351-10-PA-220;CWA-3351-10;PWP-3351-10-PA-220;"03351-CT-6""-C3-0018-R3";;;C3;CAÑERÍA ERW, ASTM A53 GR B, ASME B36.10 M, BE - GE,SCH STD;"6""";6;m;;113,82;kg;Contratista;CAÑERÍA;Valvulas industriales;;12/03/2026;12/03/2026;;;Enzo Santambrogio;DISPONIBLE;;6;;;
1.475;1;475;EWP-3351-10-PA-220;CWP-3351-10-PA-220;CWA-3351-10;PWP-3351-10-PA-220;"03351-CT-6""-C3-0021-R3";;;C3;CAÑERÍA ERW, ASTM A53 GR B, ASME B36.10 M, BE - GE,SCH STD;"6""";0,3;m;;5,69;kg;Contratista;CAÑERÍA;Valvulas industriales;;12/03/2026;12/03/2026;;;Enzo Santambrogio;DISPONIBLE;;0,3;;;
1.476;1;476;EWP-3351-10-PA-220;CWP-3351-10-PA-220;CWA-3351-10;PWP-3351-10-PA-220;"03351-CT-6""-C3-0021-R3";;;C3;CAÑERÍA ERW, ASTM A53 GR B, ASME B36.10 M, BE - GE,SCH STD;"6""";4,86;m;;92,12;kg;Contratista;CAÑERÍA;Valvulas industriales;;12/03/2026;12/03/2026;;;Enzo Santambrogio;DISPONIBLE;;4,86;;;
1.477;1;477;EWP-3351-10-PA-220;CWP-3351-10-PA-220;CWA-3351-10;PWP-3351-10-PA-220;"03351-CT-6""-C3-0050-R3";;;C3;CAÑERÍA ERW, ASTM A53 GR B, ASME B36.10 M, BE - GE,SCH STD;"6""";0,25;m;;4,75;kg;Contratista;CAÑERÍA;Valvulas industriales;;12/03/2026;12/03/2026;;;Enzo Santambrogio;DISPONIBLE;;0,25;;;
1.478;1;478;EWP-3351-10-PA-220;CWP-3351-10-PA-220;CWA-3351-10;PWP-3351-10-PA-220;"03351-CT-6""-C3-0018-R3";;;C3;CAÑERÍA ERW, ASTM A53 GR B, ASME B36.10 M, BE - GE,SCH STD;"6""";3,02;m;;57,32;kg;Contratista;CAÑERÍA;Valvulas industriales;;12/03/2026;12/03/2026;;;Enzo Santambrogio;DISPONIBLE;;3,02;;;
1.479;1;479;EWP-3351-10-PA-220;CWP-3351-10-PA-220;CWA-3351-10;PWP-3351-10-PA-220;"03351-CT-6""-C3-0050-R3";;;C3;CAÑERÍA ERW, ASTM A53 GR B, ASME B36.10 M, BE - GE,SCH STD;"6""";4,72;m;;89,46;kg;Contratista;CAÑERÍA;Valvulas industriales;;12/03/2026;12/03/2026;;;Enzo Santambrogio;DISPONIBLE;;4,72;;;
1.480;1;480;EWP-3351-10-PA-220;CWP-3351-10-PA-220;CWA-3351-10;PWP-3351-10-PA-220;"03351-CT-6""-C3-0018-R3";;;C3;CAÑERÍA ERW, ASTM A53 GR B, ASME B36.10 M, BE - GE,SCH STD;"6""";4,51;m;;85,5;kg;Contratista;CAÑERÍA;Valvulas industriales;;12/03/2026;12/03/2026;;;Enzo Santambrogio;DISPONIBLE;;4,51;;;
1.481;1;481;EWP-3351-10-PA-220;CWP-3351-10-PA-220;CWA-3351-10;PWP-3351-10-PA-220;"03351-CT-6""-C3-0018-R3";;;C3;CAÑERÍA ERW, ASTM A53 GR B, ASME B36.10 M, BE - GE,SCH STD;"6""";2,01;m;;38,1;kg;Contratista;CAÑERÍA;Valvulas industriales;;12/03/2026;12/03/2026;;;Enzo Santambrogio;DISPONIBLE;;2,01;;;
1.482;1;482;EWP-3351-10-PA-220;CWP-3351-10-PA-220;CWA-3351-10;PWP-3351-10-PA-220;"03351-CT-4""-C3-0077-R3";;;C3;CAÑERÍA ERW, ASTM A53 GR B, ASME B36.10 M, BE - GE,SCH STD;"4""";0,19;m;;2,99;kg;Contratista;CAÑERÍA;;;;;;;;SIN REVISAR;;0,76;;;
1.483;1;483;EWP-3351-10-PA-220;CWP-3351-10-PA-220;CWA-3351-10;PWP-3351-10-PA-220;"03351-CT-4""-C3-0015-R3";;;C3;CAÑERÍA ERW, ASTM A53 GR B, ASME B36.10 M, BE - GE,SCH STD;"4""";0,5;m;;8,03;kg;Contratista;CAÑERÍA;;;;;;;;SIN REVISAR;;0,13;;;
1.484;1;484;EWP-3351-10-PA-220;CWP-3351-10-PA-220;CWA-3351-10;PWP-3351-10-PA-220;"03351-CT-4""-C3-0015-R3";;;C3;CAÑERÍA ERW, ASTM A53 GR B, ASME B36.10 M, BE - GE,SCH STD;"4""";6;m;;96,34;kg;Contratista;CAÑERÍA;;;;;;;;SIN REVISAR;;0,13;;;
1.485;1;485;EWP-3351-10-PA-220;CWP-3351-10-PA-220;CWA-3351-10;PWP-3351-10-PA-220;"03351-CT-6""-C3-0021-R3";;;C3;CAÑERÍA ERW, ASTM A53 GR B, ASME B36.10 M, BE - GE,SCH STD;"6""";1,58;m;;30,02;kg;Contratista;CAÑERÍA;Valvulas industriales;;12/03/2026;12/03/2026;;;Enzo Santambrogio;DISPONIBLE;;1,58;;;
1.486;1;486;EWP-3351-10-PA-220;CWP-3351-10-PA-220;CWA-3351-10;PWP-3351-10-PA-220;"03351-CT-6""-C3-0021-R3";;;C3;CAÑERÍA ERW, ASTM A53 GR B, ASME B36.10 M, BE - GE,SCH STD;"6""";3,9;m;;73,94;kg;Contratista;CAÑERÍA;Valvulas industriales;;12/03/2026;12/03/2026;;;Enzo Santambrogio;DISPONIBLE;;3,9;;;
1.487;1;487;EWP-3351-10-PA-220;CWP-3351-10-PA-220;CWA-3351-10;PWP-3351-10-PA-220;"03351-CT-6""-C3-0021-R3";;;C3;CAÑERÍA ERW, ASTM A53 GR B, ASME B36.10 M, BE - GE,SCH STD;"6""";0,92;m;;17,43;kg;Contratista;CAÑERÍA;Valvulas industriales;;12/03/2026;12/03/2026;;;Enzo Santambrogio;DISPONIBLE;;0,92;;;
1.488;1;488;EWP-3351-10-PA-220;CWP-3351-10-PA-220;CWA-3351-10;PWP-3351-10-PA-220;"03351-CT-4""-C3-0015-R3";;;C3;CAÑERÍA ERW, ASTM A53 GR B, ASME B36.10 M, BE - GE,SCH STD;"4""";3,51;m;;56,41;kg;Contratista;CAÑERÍA;;;;;;;;SIN REVISAR;;0,56;;;
1.489;1;489;EWP-3351-10-PA-220;CWP-3351-10-PA-220;CWA-3351-10;PWP-3351-10-PA-220;"03351-CT-6""-C3-0018-R3";;;C3;CAÑERÍA ERW, ASTM A53 GR B, ASME B36.10 M, BE - GE,SCH STD;"6""";2,31;m;;43,76;kg;Contratista;CAÑERÍA;Valvulas industriales;;12/03/2026;12/03/2026;;;Enzo Santambrogio;DISPONIBLE;;2,31;;;
1.490;1;490;EWP-3351-10-PA-220;CWP-3351-10-PA-220;CWA-3351-10;PWP-3351-10-PA-220;"03351-CT-6""-C3-0018-R3";;;C3;CAÑERÍA ERW, ASTM A53 GR B, ASME B36.10 M, BE - GE,SCH STD;"6""";6;m;;113,82;kg;Contratista;CAÑERÍA;Valvulas industriales;;12/03/2026;12/03/2026;;;Enzo Santambrogio;DISPONIBLE;;6;;;
1.491;1;491;EWP-3351-10-PA-220;CWP-3351-10-PA-220;CWA-3351-10;PWP-3351-10-PA-220;"03351-CT-4""-C3-0077-R3";;;C3;CAÑERÍA ERW, ASTM A53 GR B, ASME B36.10 M, BE - GE,SCH STD;"4""";0,31;m;;4,98;kg;Contratista;CAÑERÍA;;;;;;;;SIN REVISAR;;0,27;;;
1.492;1;492;EWP-3351-10-PA-220;CWP-3351-10-PA-220;CWA-3351-10;PWP-3351-10-PA-220;"03351-CT-6""-C3-0021-R3";;;C3;CAÑERÍA ERW, ASTM A53 GR B, ASME B36.10 M, BE - GE,SCH STD;"6""";0,35;m;;6,64;kg;Contratista;CAÑERÍA;Valvulas industriales;;12/03/2026;12/03/2026;;;Enzo Santambrogio;DISPONIBLE;;0,35;;;
1.493;1;493;EWP-3351-10-PA-220;CWP-3351-10-PA-220;CWA-3351-10;PWP-3351-10-PA-220;"03351-CT-6""-C3-0030-R3";;;C3;CAÑERÍA ERW, ASTM A53 GR B, ASME B36.10 M, BE - GE,SCH STD;"6""";4,69;m;;89,03;kg;Contratista;CAÑERÍA;Valvulas industriales;;12/03/2026;12/03/2026;;;Enzo Santambrogio;DISPONIBLE;;4,69;;;
1.494;1;494;EWP-3351-10-PA-220;CWP-3351-10-PA-220;CWA-3351-10;PWP-3351-10-PA-220;"03351-CT-6""-C3-0021-R3";;;C3;CAÑERÍA ERW, ASTM A53 GR B, ASME B36.10 M, BE - GE,SCH STD;"6""";1,04;m;;19,73;kg;Contratista;CAÑERÍA;Valvulas industriales;;12/03/2026;12/03/2026;;;Enzo Santambrogio;DISPONIBLE;;1,04;;;
1.495;1;495;EWP-3351-10-PA-220;CWP-3351-10-PA-220;CWA-3351-10;PWP-3351-10-PA-220;"03351-CT-6""-C3-0018-R3";;;C3;CAÑERÍA ERW, ASTM A53 GR B, ASME B36.10 M, BE - GE,SCH STD;"6""";1,23;m;;23,41;kg;Contratista;CAÑERÍA;Valvulas industriales;;12/03/2026;12/03/2026;;;Enzo Santambrogio;DISPONIBLE;;1,23;;;
1.496;1;496;EWP-3351-10-PA-220;CWP-3351-10-PA-220;CWA-3351-10;PWP-3351-10-PA-220;"03351-CT-4""-C3-0017-R3";;;C3;CAÑERÍA ERW, ASTM A53 GR B, ASME B36.10 M, BE - GE,SCH STD;"4""";0,39;m;;6,31;kg;Contratista;CAÑERÍA;;;;;;;;SIN REVISAR;;0,49;;;
1.497;1;497;EWP-3351-10-PA-220;CWP-3351-10-PA-220;CWA-3351-10;PWP-3351-10-PA-220;"03351-CT-4""-C3-0015-R3";;;C3;CAÑERÍA ERW, ASTM A53 GR B, ASME B36.10 M, BE - GE,SCH STD;"4""";0,38;m;;6,08;kg;Contratista;CAÑERÍA;;;;;;;;SIN REVISAR;;0,67;;;
1.498;1;498;EWP-3351-10-PA-220;CWP-3351-10-PA-220;CWA-3351-10;PWP-3351-10-PA-220;"03351-CT-6""-C3-0018-R3";;;C3;CAÑERÍA ERW, ASTM A53 GR B, ASME B36.10 M, BE - GE,SCH STD;"6""";0,76;m;;14,41;kg;Contratista;CAÑERÍA;Valvulas industriales;;12/03/2026;12/03/2026;;;Enzo Santambrogio;DISPONIBLE;;0,76;;;
1.499;1;499;EWP-3351-10-PA-220;CWP-3351-10-PA-220;CWA-3351-10;PWP-3351-10-PA-220;"03351-CT-4""-C3-0015-R3";;;C3;CAÑERÍA ERW, ASTM A53 GR B, ASME B36.10 M, BE - GE,SCH STD;"4""";1;m;;15,99;kg;Contratista;CAÑERÍA;;;;;;;;SIN REVISAR;;0,15;;;
1.500;1;500;EWP-3351-10-PA-220;CWP-3351-10-PA-220;CWA-3351-10;PWP-3351-10-PA-220;"03351-CT-6""-C3-0005-R3";;;C3;CAÑERÍA ERW, ASTM A53 GR B, ASME B36.10 M, BE - GE,SCH STD;"2""";0,13;m;;0,69;kg;Contratista;CAÑERÍA;Valvulas industriales;;12/03/2026;12/03/2026;;;Enzo Santambrogio;DISPONIBLE;;0,13;;;
1.501;1;501;EWP-3351-10-PA-220;CWP-3351-10-PA-220;CWA-3351-10;PWP-3351-10-PA-220;"03351-CT-6""-C3-0006-R3";;;C3;CAÑERÍA ERW, ASTM A53 GR B, ASME B36.10 M, BE - GE,SCH STD;"2""";0,13;m;;0,69;kg;Contratista;CAÑERÍA;Valvulas industriales;;12/03/2026;12/03/2026;;;Enzo Santambrogio;DISPONIBLE;;0,13;;;
1.502;1;502;EWP-3351-10-PA-220;CWP-3351-10-PA-220;CWA-3351-10;PWP-3351-10-PA-220;"03351-CT-6""-C3-0018-R3";;;C3;CAÑERÍA ERW, ASTM A53 GR B, ASME B36.10 M, BE - GE,SCH STD;"6""";5,51;m;;104,46;kg;Contratista;CAÑERÍA;Valvulas industriales;;12/03/2026;12/03/2026;;;Enzo Santambrogio;DISPONIBLE;;5,51;;;
1.503;1;503;EWP-3351-10-PA-220;CWP-3351-10-PA-220;CWA-3351-10;PWP-3351-10-PA-220;"03351-CT-6""-C3-0018-R3";;;C3;CAÑERÍA ERW, ASTM A53 GR B, ASME B36.10 M, BE - GE,SCH STD;"6""";5,21;m;;98,74;kg;Contratista;CAÑERÍA;Valvulas industriales;;12/03/2026;12/03/2026;;;Enzo Santambrogio;DISPONIBLE;;5,21;;;
1.504;1;504;EWP-3351-10-PA-220;CWP-3351-10-PA-220;CWA-3351-10;PWP-3351-10-PA-220;"03351-CT-6""-C3-0018-R3";;;C3;CAÑERÍA ERW, ASTM A53 GR B, ASME B36.10 M, BE - GE,SCH STD;"6""";6;m;;113,82;kg;Contratista;CAÑERÍA;Valvulas industriales;;12/03/2026;12/03/2026;;;Enzo Santambrogio;DISPONIBLE;;6;;;
1.505;1;505;EWP-3351-10-PA-220;CWP-3351-10-PA-220;CWA-3351-10;PWP-3351-10-PA-220;"03351-CT-6""-C3-0018-R3";;;C3;CAÑERÍA ERW, ASTM A53 GR B, ASME B36.10 M, BE - GE,SCH STD;"6""";0,56;m;;10,71;kg;Contratista;CAÑERÍA;Valvulas industriales;;12/03/2026;12/03/2026;;;Enzo Santambrogio;DISPONIBLE;;0,56;;;
1.506;1;506;EWP-3351-10-PA-220;CWP-3351-10-PA-220;CWA-3351-10;PWP-3351-10-PA-220;"03351-CT-6""-C3-0018-R3";;;C3;CAÑERÍA ERW, ASTM A53 GR B, ASME B36.10 M, BE - GE,SCH STD;"6""";0,87;m;;16,45;kg;Contratista;CAÑERÍA;Valvulas industriales;;12/03/2026;12/03/2026;;;Enzo Santambrogio;DISPONIBLE;;0,87;;;
1.507;1;507;EWP-3351-10-PA-220;CWP-3351-10-PA-220;CWA-3351-10;PWP-3351-10-PA-220;"03351-CT-6""-C3-0018-R3";;;C3;CAÑERÍA ERW, ASTM A53 GR B, ASME B36.10 M, BE - GE,SCH STD;"6""";2,33;m;;44,19;kg;Contratista;CAÑERÍA;Valvulas industriales;;12/03/2026;12/03/2026;;;Enzo Santambrogio;DISPONIBLE;;2,33;;;
1.508;1;508;EWP-3351-10-PA-220;CWP-3351-10-PA-220;CWA-3351-10;PWP-3351-10-PA-220;"03351-CT-6""-C3-0030-R3";;;C3;CAÑERÍA ERW, ASTM A53 GR B, ASME B36.10 M, BE - GE,SCH STD;"6""";0,27;m;;5,18;kg;Contratista;CAÑERÍA;Valvulas industriales;;12/03/2026;12/03/2026;;;Enzo Santambrogio;DISPONIBLE;;0,27;;;
1.509;1;509;EWP-3351-10-PA-220;CWP-3351-10-PA-220;CWA-3351-10;PWP-3351-10-PA-220;"03351-CT-6""-C3-0030-R3";;;C3;CAÑERÍA ERW, ASTM A53 GR B, ASME B36.10 M, BE - GE,SCH STD;"2""";0,1;m;;0,55;kg;Contratista;CAÑERÍA;Valvulas industriales;;12/03/2026;12/03/2026;;;Enzo Santambrogio;DISPONIBLE;;0,1;;;
1.510;1;510;EWP-3351-10-PA-220;CWP-3351-10-PA-220;CWA-3351-10;PWP-3351-10-PA-220;"03351-CT-6""-C3-0018-R3";;;C3;CAÑERÍA ERW, ASTM A53 GR B, ASME B36.10 M, BE - GE,SCH STD;"6""";6;m;;113,82;kg;Contratista;CAÑERÍA;Valvulas industriales;;12/03/2026;12/03/2026;;;Enzo Santambrogio;DISPONIBLE;;6;;;
1.511;1;511;EWP-3351-10-PA-220;CWP-3351-10-PA-220;CWA-3351-10;PWP-3351-10-PA-220;"03351-CT-6""-C3-0018-R3";;;C3;CAÑERÍA ERW, ASTM A53 GR B, ASME B36.10 M, BE - GE,SCH STD;"6""";6;m;;113,82;kg;Contratista;CAÑERÍA;Valvulas industriales;;12/03/2026;12/03/2026;;;Enzo Santambrogio;DISPONIBLE;;6;;;
1.512;1;512;EWP-3351-10-PA-220;CWP-3351-10-PA-220;CWA-3351-10;PWP-3351-10-PA-220;"03351-CT-6""-C3-0018-R3";;;C3;CAÑERÍA ERW, ASTM A53 GR B, ASME B36.10 M, BE - GE,SCH STD;"6""";6;m;;113,82;kg;Contratista;CAÑERÍA;Valvulas industriales;;12/03/2026;12/03/2026;;;Enzo Santambrogio;DISPONIBLE;;6;;;
1.513;1;513;EWP-3351-10-PA-220;CWP-3351-10-PA-220;CWA-3351-10;PWP-3351-10-PA-220;"03351-CT-6""-C3-0018-R3";;;C3;CAÑERÍA ERW, ASTM A53 GR B, ASME B36.10 M, BE - GE,SCH STD;"6""";0,49;m;;9,34;kg;Contratista;CAÑERÍA;Valvulas industriales;;12/03/2026;12/03/2026;;;Enzo Santambrogio;DISPONIBLE;;0,49;;;
1.514;1;514;EWP-3351-10-PA-220;CWP-3351-10-PA-220;CWA-3351-10;PWP-3351-10-PA-220;"03351-CT-6""-C3-0018-R3";;;C3;CAÑERÍA ERW, ASTM A53 GR B, ASME B36.10 M, BE - GE,SCH STD;"6""";0,67;m;;12,72;kg;Contratista;CAÑERÍA;Valvulas industriales;;12/03/2026;12/03/2026;;;Enzo Santambrogio;DISPONIBLE;;0,67;;;
1.515;1;515;EWP-3351-10-PA-220;CWP-3351-10-PA-220;CWA-3351-10;PWP-3351-10-PA-220;"03351-CT-6""-C3-0018-R3";;;C3;CAÑERÍA ERW, ASTM A53 GR B, ASME B36.10 M, BE - GE,SCH STD;"6""";0,77;m;;14,52;kg;Contratista;CAÑERÍA;Valvulas industriales;;12/03/2026;12/03/2026;;;Enzo Santambrogio;DISPONIBLE;;0,77;;;
1.516;1;516;EWP-3351-10-PA-220;CWP-3351-10-PA-220;CWA-3351-10;PWP-3351-10-PA-220;"03351-CT-6""-C3-0018-R3";;;C3;CAÑERÍA ERW, ASTM A53 GR B, ASME B36.10 M, BE - GE,SCH STD;"6""";0,15;m;;2,85;kg;Contratista;CAÑERÍA;Valvulas industriales;;12/03/2026;12/03/2026;;;Enzo Santambrogio;DISPONIBLE;;0,15;;;
1.517;1;517;EWP-3351-10-PA-220;CWP-3351-10-PA-220;CWA-3351-10;PWP-3351-10-PA-220;"03351-CT-6""-C3-0018-R3";;;C3;CAÑERÍA ERW, ASTM A53 GR B, ASME B36.10 M, BE - GE,SCH STD;"6""";0,85;m;;16,12;kg;Contratista;CAÑERÍA;Valvulas industriales;;12/03/2026;12/03/2026;;;Enzo Santambrogio;DISPONIBLE;;0,85;;;
1.518;1;518;EWP-3351-10-PA-220;CWP-3351-10-PA-220;CWA-3351-10;PWP-3351-10-PA-220;"03351-CT-6""-C3-0018-R3";;;C3;CAÑERÍA ERW, ASTM A53 GR B, ASME B36.10 M, BE - GE,SCH STD;"6""";5,79;m;;109,85;kg;Contratista;CAÑERÍA;Valvulas industriales;;12/03/2026;12/03/2026;;;Enzo Santambrogio;DISPONIBLE;;5,79;;;
1.519;1;519;EWP-3351-10-PA-220;CWP-3351-10-PA-220;CWA-3351-10;PWP-3351-10-PA-220;"03351-CT-6""-C3-0018-R3";;;C3;CAÑERÍA ERW, ASTM A53 GR B, ASME B36.10 M, BE - GE,SCH STD;"6""";0,03;m;;0,47;kg;Contratista;CAÑERÍA;Valvulas industriales;;12/03/2026;12/03/2026;;;Enzo Santambrogio;DISPONIBLE;;0,03;;;
1.520;1;520;EWP-3351-10-PA-220;CWP-3351-10-PA-220;CWA-3351-10;PWP-3351-10-PA-220;"03351-CT-6""-C3-0018-R3";;;C3;CAÑERÍA ERW, ASTM A53 GR B, ASME B36.10 M, GE, SCHSTD;"6""";6;m;;113,82;kg;Contratista;CAÑERÍA;Valvulas industriales;;12/03/2026;12/03/2026;;;Enzo Santambrogio;DISPONIBLE;;6;;;
1.521;1;521;EWP-3351-10-PA-220;CWP-3351-10-PA-220;CWA-3351-10;PWP-3351-10-PA-220;"03351-CT-6""-C3-0021-R3";;;C3;CAÑERÍA ERW, ASTM A53 GR B, ASME B36.10 M, GE, SCHSTD;"6""";5,05;m;;95,73;kg;Contratista;CAÑERÍA;Valvulas industriales;;12/03/2026;12/03/2026;;;Enzo Santambrogio;DISPONIBLE;;5,05;;;
1.522;1;522;EWP-3351-10-PA-220;CWP-3351-10-PA-220;CWA-3351-10;PWP-3351-10-PA-220;"03351-CT-6""-C3-0018-R3";;;C3;CAÑERÍA ERW, ASTM A53 GR B, ASME B36.10 M, GE, SCHSTD;"6""";3,25;m;;61,69;kg;Contratista;CAÑERÍA;Valvulas industriales;;12/03/2026;12/03/2026;;;Enzo Santambrogio;DISPONIBLE;;3,25;;;
1.523;1;523;EWP-3351-10-PA-220;CWP-3351-10-PA-220;CWA-3351-10;PWP-3351-10-PA-220;"03351-CT-6""-C3-0018-R3";;;C3;CAÑERÍA ERW, ASTM A53 GR B, ASME B36.10 M, GE, SCHSTD;"6""";2,12;m;;40,28;kg;Contratista;CAÑERÍA;Valvulas industriales;;12/03/2026;12/03/2026;;;Enzo Santambrogio;DISPONIBLE;;2,12;;;
1.524;1;524;EWP-3351-10-PA-220;CWP-3351-10-PA-220;CWA-3351-10;PWP-3351-10-PA-220;"03351-CT-6""-C3-0021-R3";;;C3;CAÑERÍA ERW, ASTM A53 GR B, ASME B36.10 M, GE, SCHSTD;"6""";6;m;;113,82;kg;Contratista;CAÑERÍA;Valvulas industriales;;12/03/2026;12/03/2026;;;Enzo Santambrogio;DISPONIBLE;;6;;;
1.525;1;525;EWP-3351-10-PA-220;CWP-3351-10-PA-220;CWA-3351-10;PWP-3351-10-PA-220;"03351-CT-6""-C3-0021-R3";;;C3;CAÑERÍA ERW, ASTM A53 GR B, ASME B36.10 M, GE, SCHSTD;"6""";2,99;m;;56,7;kg;Contratista;CAÑERÍA;Valvulas industriales;;12/03/2026;12/03/2026;;;Enzo Santambrogio;DISPONIBLE;;2,99;;;
1.526;1;526;EWP-3351-10-PA-220;CWP-3351-10-PA-220;CWA-3351-10;PWP-3351-10-PA-220;"03351-CT-6""-C3-0021-R3";;;C3;CAÑERÍA ERW, ASTM A53 GR B, ASME B36.10 M, GE, SCHSTD;"6""";6;m;;113,82;kg;Contratista;CAÑERÍA;Valvulas industriales;;12/03/2026;12/03/2026;;;Enzo Santambrogio;DISPONIBLE;;6;;;
1.527;1;527;EWP-3351-10-PA-220;CWP-3351-10-PA-220;CWA-3351-10;PWP-3351-10-PA-220;"03351-CT-6""-C11-0001-N";;;C11;CAÑERÍA ERW, ASTM A53 GR B, ASME B36.10 M, GE, SCHSTD;"6""";2,38;m;;45,1;kg;Contratista;CAÑERÍA;Valvulas industriales;;12/03/2026;12/03/2026;;;Enzo Santambrogio;DISPONIBLE;;2,38;;;
1.528;1;528;EWP-3351-10-PA-220;CWP-3351-10-PA-220;CWA-3351-10;PWP-3351-10-PA-220;"03351-CT-6""-C3-0021-R3";;;C3;CAÑERÍA ERW, ASTM A53 GR B, ASME B36.10 M, GE, SCHSTD;"6""";6;m;;113,82;kg;Contratista;CAÑERÍA;Valvulas industriales;;12/03/2026;12/03/2026;;;Enzo Santambrogio;DISPONIBLE;;6;;;
1.529;1;529;EWP-3351-10-PA-220;CWP-3351-10-PA-220;CWA-3351-10;PWP-3351-10-PA-220;"03351-CT-6""-C3-0021-R3";;;C3;CAÑERÍA ERW, ASTM A53 GR B, ASME B36.10 M, GE, SCHSTD;"6""";6;m;;113,82;kg;Contratista;CAÑERÍA;Valvulas industriales;;12/03/2026;12/03/2026;;;Enzo Santambrogio;DISPONIBLE;;6;;;
1.530;1;530;EWP-3351-10-PA-220;CWP-3351-10-PA-220;CWA-3351-10;PWP-3351-10-PA-220;"03351-CT-6""-C3-0018-R3";;;C3;CAÑERÍA ERW, ASTM A53 GR B, ASME B36.10 M, GE, SCHSTD;"6""";6;m;;113,82;kg;Contratista;CAÑERÍA;Valvulas industriales;;12/03/2026;12/03/2026;;;Enzo Santambrogio;DISPONIBLE;;6;;;
1.531;1;531;EWP-3351-10-PA-220;CWP-3351-10-PA-220;CWA-3351-10;PWP-3351-10-PA-220;"03351-CT-6""-C3-0018-R3";;;C3;CAÑERÍA ERW, ASTM A53 GR B, ASME B36.10 M, GE, SCHSTD;"6""";6;m;;113,82;kg;Contratista;CAÑERÍA;Valvulas industriales;;12/03/2026;12/03/2026;;;Enzo Santambrogio;DISPONIBLE;;6;;;
1.532;1;532;EWP-3351-10-PA-220;CWP-3351-10-PA-220;CWA-3351-10;PWP-3351-10-PA-220;"03351-CT-6""-C3-0021-R3";;;C3;CAÑERÍA ERW, ASTM A53 GR B, ASME B36.10 M, GE, SCHSTD;"6""";6;m;;113,82;kg;Contratista;CAÑERÍA;Valvulas industriales;;12/03/2026;12/03/2026;;;Enzo Santambrogio;DISPONIBLE;;6;;;
1.533;1;533;EWP-3351-10-PA-220;CWP-3351-10-PA-220;CWA-3351-10;PWP-3351-10-PA-220;"03351-CT-6""-C3-0018-R3";;;C3;CAÑERÍA ERW, ASTM A53 GR B, ASME B36.10 M, GE, SCHSTD;"6""";6;m;;113,82;kg;Contratista;CAÑERÍA;Valvulas industriales;;12/03/2026;12/03/2026;;;Enzo Santambrogio;DISPONIBLE;;6;;;
1.534;1;534;EWP-3351-10-PA-220;CWP-3351-10-PA-220;CWA-3351-10;PWP-3351-10-PA-220;"03351-CT-6""-C3-0018-R3";;;C3;CAÑERÍA ERW, ASTM A53 GR B, ASME B36.10 M, GE, SCHSTD;"6""";5,99;m;;113,7;kg;Contratista;CAÑERÍA;Valvulas industriales;;12/03/2026;12/03/2026;;;Enzo Santambrogio;DISPONIBLE;;5,99;;;
1.535;1;535;EWP-3351-10-PA-220;CWP-3351-10-PA-220;CWA-3351-10;PWP-3351-10-PA-220;"03351-CT-6""-C3-0021-R3";;;C3;CAÑERÍA ERW, ASTM A53 GR B, ASME B36.10 M, GE, SCHSTD;"6""";6;m;;113,82;kg;Contratista;CAÑERÍA;Valvulas industriales;;12/03/2026;12/03/2026;;;Enzo Santambrogio;DISPONIBLE;;6;;;
1.536;1;536;EWP-3351-10-PA-220;CWP-3351-10-PA-220;CWA-3351-10;PWP-3351-10-PA-220;"03351-CT-6""-C3-0021-R3";;;C3;CAÑERÍA ERW, ASTM A53 GR B, ASME B36.10 M, GE, SCHSTD;"6""";6;m;;113,82;kg;Contratista;CAÑERÍA;Valvulas industriales;;12/03/2026;12/03/2026;;;Enzo Santambrogio;DISPONIBLE;;6;;;
1.537;1;537;EWP-3351-10-PA-220;CWP-3351-10-PA-220;CWA-3351-10;PWP-3351-10-PA-220;"03351-CT-6""-C3-0021-R3";;;C3;CAÑERÍA ERW, ASTM A53 GR B, ASME B36.10 M, GE, SCHSTD;"6""";2,12;m;;40,28;kg;Contratista;CAÑERÍA;Valvulas industriales;;12/03/2026;12/03/2026;;;Enzo Santambrogio;DISPONIBLE;;2,12;;;
1.538;1;538;EWP-3351-10-PA-220;CWP-3351-10-PA-220;CWA-3351-10;PWP-3351-10-PA-220;"03351-CT-6""-C3-0021-R3";;;C3;CAÑERÍA ERW, ASTM A53 GR B, ASME B36.10 M, GE, SCHSTD;"6""";6;m;;113,82;kg;Contratista;CAÑERÍA;Valvulas industriales;;12/03/2026;12/03/2026;;;Enzo Santambrogio;DISPONIBLE;;6;;;
1.539;1;539;EWP-3351-10-PA-220;CWP-3351-10-PA-220;CWA-3351-10;PWP-3351-10-PA-220;"03351-CT-6""-C3-0018-R3";;;C3;CAÑERÍA ERW, ASTM A53 GR B, ASME B36.10 M, GE, SCHSTD;"6""";6;m;;113,82;kg;Contratista;CAÑERÍA;Valvulas industriales;;12/03/2026;12/03/2026;;;Enzo Santambrogio;DISPONIBLE;;6;;;
1.540;1;540;EWP-3351-10-PA-220;CWP-3351-10-PA-220;CWA-3351-10;PWP-3351-10-PA-220;"03351-CT-3""-C2-0060-N";;;C2;CAÑERÍA ERW, ASTM A53 GR B, ASME B36.10 M, GE, SCHSTD;"3""";0,6;m;;4,53;kg;Contratista;CAÑERÍA;Valvulas industriales;;12/03/2026;12/03/2026;;;Enzo Santambrogio;DISPONIBLE;;0,6;;;
1.541;1;541;EWP-3351-10-PA-220;CWP-3351-10-PA-220;CWA-3351-10;PWP-3351-10-PA-220;"03351-CT-3""-C2-0086-N";;;C2;CAÑERÍA ERW, ASTM A53 GR B, ASME B36.10 M, GE, SCHSTD;"3""";1,99;m;;15,11;kg;Contratista;CAÑERÍA;Valvulas industriales;;12/03/2026;12/03/2026;;;Enzo Santambrogio;DISPONIBLE;;1,99;;;
1.542;1;542;EWP-3351-10-PA-220;CWP-3351-10-PA-220;CWA-3351-10;PWP-3351-10-PA-220;"03351-CT-3""-C2-0061-N";;;C2;CAÑERÍA ERW, ASTM A53 GR B, ASME B36.10 M, GE, SCHSTD;"3""";0,6;m;;4,52;kg;Contratista;CAÑERÍA;Valvulas industriales;;12/03/2026;12/03/2026;;;Enzo Santambrogio;DISPONIBLE;;0,6;;;
1.543;1;543;EWP-3351-10-PA-220;CWP-3351-10-PA-220;CWA-3351-10;PWP-3351-10-PA-220;"03351-CT-3""-C2-0059-N";;;C2;CAÑERÍA ERW, ASTM A53 GR B, ASME B36.10 M, GE, SCH STD;"3""";0,59;m;;4,5;kg;Contratista;CAÑERÍA;Valvulas industriales;;12/03/2026;12/03/2026;;;Enzo Santambrogio;DISPONIBLE;;0,59;;;
1.544;1;544;EWP-3351-10-PA-220;CWP-3351-10-PA-220;CWA-3351-10;PWP-3351-10-PA-220;"03351-CT-6""-C3-0018-R3";;;C3;CAÑERÍA ERW, ASTM A53 GR B, ASME B36.10 M, GE, SCHSTD;"6""";0,19;m;;3,61;kg;Contratista;CAÑERÍA;Valvulas industriales;;12/03/2026;12/03/2026;;;Enzo Santambrogio;DISPONIBLE;;0,19;;;
1.545;1;545;EWP-3351-10-PA-220;CWP-3351-10-PA-220;CWA-3351-10;PWP-3351-10-PA-220;"03351-PW-6""-C1-0013-N";;;C1;CAÑERÍA ERW, ASTM A53 GR B, ASME B36.10, SCH STD, BE;"6""";0,17;m;;3,31;kg;Contratista;CAÑERÍA;Valvulas industriales;;12/03/2026;12/03/2026;;;Enzo Santambrogio;DISPONIBLE;;0,17;;;
1.546;1;546;EWP-3351-10-PA-220;CWP-3351-10-PA-220;CWA-3351-10;PWP-3351-10-PA-220;"03351-PW-6""-C1-0013-N";;;C1;CAÑERÍA ERW, ASTM A53 GR B, ASME B36.10, SCH STD, BE;"6""";2,93;m;;55,57;kg;Contratista;CAÑERÍA;Valvulas industriales;;12/03/2026;12/03/2026;;;Enzo Santambrogio;DISPONIBLE;;2,93;;;
1.547;1;547;EWP-3351-10-PA-220;CWP-3351-10-PA-220;CWA-3351-10;PWP-3351-10-PA-220;"03351-PW-6""-C1-0013-N";;;C1;CAÑERÍA ERW, ASTM A53 GR B, ASME B36.10, SCH STD, BE;"6""";3,66;m;;69,51;kg;Contratista;CAÑERÍA;Valvulas industriales;;12/03/2026;12/03/2026;;;Enzo Santambrogio;DISPONIBLE;;3,66;;;
1.548;1;548;EWP-3351-10-PA-220;CWP-3351-10-PA-220;CWA-3351-10;PWP-3351-10-PA-220;"03351-PW-4""-C1-0094-N";;;C1;CAÑERÍA ERW, ASTM A53 GR B, ASME B36.10, SCH STD, BE;"4""";0,84;m;;9,12;kg;Contratista;CAÑERÍA;;;;;;;;SIN REVISAR;;2,41;;;
1.549;1;549;EWP-3351-10-PA-220;CWP-3351-10-PA-220;CWA-3351-10;PWP-3351-10-PA-220;"03351-CT-3""-C2-0070-N";;;C2;CAÑERÍA ERW, ASTM A53 GR B, ASME B36.10, SCH STD, BE;"3""";0,16;m;;1,21;kg;Contratista;CAÑERÍA;Valvulas industriales;;12/03/2026;12/03/2026;;;Enzo Santambrogio;DISPONIBLE;;0,16;;;
1.550;1;550;EWP-3351-10-PA-220;CWP-3351-10-PA-220;CWA-3351-10;PWP-3351-10-PA-220;"03351-PW-4""-C1-0016-N";;;C1;CAÑERÍA ERW, ASTM A53 GR B, ASME B36.10, SCH STD, BE;"4""";0,25;m;;2,67;kg;Contratista;CAÑERÍA;;;;;;;;SIN REVISAR;;14,37;;;
1.551;1;551;EWP-3351-10-PA-220;CWP-3351-10-PA-220;CWA-3351-10;PWP-3351-10-PA-220;"03351-CT-3""-C2-0065-N";;;C2;CAÑERÍA ERW, ASTM A53 GR B, ASME B36.10, SCH STD, BE;"3""";2,76;m;;20,89;kg;Contratista;CAÑERÍA;Valvulas industriales;;12/03/2026;12/03/2026;;;Enzo Santambrogio;DISPONIBLE;;2,76;;;
1.552;1;552;EWP-3351-10-PA-220;CWP-3351-10-PA-220;CWA-3351-10;PWP-3351-10-PA-220;"03351-CT-3""-C2-0067-N";;;C2;CAÑERÍA ERW, ASTM A53 GR B, ASME B36.10, SCH STD, BE;"3""";1,97;m;;14,9;kg;Contratista;CAÑERÍA;Valvulas industriales;;12/03/2026;12/03/2026;;;Enzo Santambrogio;DISPONIBLE;;1,97;;;
1.553;1;553;EWP-3351-10-PA-220;CWP-3351-10-PA-220;CWA-3351-10;PWP-3351-10-PA-220;"03351-PW-4""-C1-0016-N";;;C1;CAÑERÍA ERW, ASTM A53 GR B, ASME B36.10, SCH STD, BE;"4""";1,71;m;;18,46;kg;Contratista;CAÑERÍA;;;;;;;;SIN REVISAR;;1,64;;;
1.554;1;554;EWP-3351-10-PA-220;CWP-3351-10-PA-220;CWA-3351-10;PWP-3351-10-PA-220;"03351-PW-4""-C1-0016-N";;;C1;CAÑERÍA ERW, ASTM A53 GR B, ASME B36.10, SCH STD, BE;"4""";0,35;m;;3,78;kg;Contratista;CAÑERÍA;;;;;;;;SIN REVISAR;;1,69;;;
1.555;1;555;EWP-3351-10-PA-220;CWP-3351-10-PA-220;CWA-3351-10;PWP-3351-10-PA-220;"03351-PW-4""-C1-0016-N";;;C1;CAÑERÍA ERW, ASTM A53 GR B, ASME B36.10, SCH STD, BE;"4""";0,34;m;;3,72;kg;Contratista;CAÑERÍA;;;;;;;;SIN REVISAR;;2,92;;;
1.556;1;556;EWP-3351-10-PA-220;CWP-3351-10-PA-220;CWA-3351-10;PWP-3351-10-PA-220;"03351-CT-3""-C2-0069-N";;;C2;CAÑERÍA ERW, ASTM A53 GR B, ASME B36.10, SCH STD, BE;"3""";5,65;m;;42,84;kg;Contratista;CAÑERÍA;Valvulas industriales;;12/03/2026;12/03/2026;;;Enzo Santambrogio;DISPONIBLE;;5,65;;;
1.557;1;557;EWP-3351-10-PA-220;CWP-3351-10-PA-220;CWA-3351-10;PWP-3351-10-PA-220;"03351-PW-4""-C1-0016-N";;;C1;CAÑERÍA ERW, ASTM A53 GR B, ASME B36.10, SCH STD, BE;"4""";0,45;m;;4,87;kg;Contratista;CAÑERÍA;;;;;;;;SIN REVISAR;;5,5;;;
1.558;1;558;EWP-3351-10-PA-220;CWP-3351-10-PA-220;CWA-3351-10;PWP-3351-10-PA-220;"03351-PW-4""-C1-0016-N";;;C1;CAÑERÍA ERW, ASTM A53 GR B, ASME B36.10, SCH STD, BE;"4""";2,58;m;;27,89;kg;Contratista;CAÑERÍA;;;;;;;;SIN REVISAR;;0,38;;;
1.559;1;559;EWP-3351-10-PA-220;CWP-3351-10-PA-220;CWA-3351-10;PWP-3351-10-PA-220;"03351-PW-6""-C1-0013-N";;;C1;CAÑERÍA ERW, ASTM A53 GR B, ASME B36.10, SCH STD, BE;"6""";2,87;m;;54,5;kg;Contratista;CAÑERÍA;Valvulas industriales;;12/03/2026;12/03/2026;;;Enzo Santambrogio;DISPONIBLE;;2,87;;;
1.560;1;560;EWP-3351-10-PA-220;CWP-3351-10-PA-220;CWA-3351-10;PWP-3351-10-PA-220;"03351-CT-3""-C2-0068-N";;;C2;CAÑERÍA ERW, ASTM A53 GR B, ASME B36.10, SCH STD, BE;"3""";0,64;m;;4,86;kg;Contratista;CAÑERÍA;Valvulas industriales;;12/03/2026;12/03/2026;;;Enzo Santambrogio;DISPONIBLE;;0,64;;;
1.561;1;561;EWP-3351-10-PA-220;CWP-3351-10-PA-220;CWA-3351-10;PWP-3351-10-PA-220;"03351-CT-3""-C2-0063-N";;;C2;CAÑERÍA ERW, ASTM A53 GR B, ASME B36.10, SCH STD, BE;"3""";2;m;;15,15;kg;Contratista;CAÑERÍA;Valvulas industriales;;12/03/2026;12/03/2026;;;Enzo Santambrogio;DISPONIBLE;;2;;;
1.562;1;562;EWP-3351-10-PA-220;CWP-3351-10-PA-220;CWA-3351-10;PWP-3351-10-PA-220;"03351-CT-3""-C2-0069-N";;;C2;CAÑERÍA ERW, ASTM A53 GR B, ASME B36.10, SCH STD, BE;"3""";2,87;m;;21,74;kg;Contratista;CAÑERÍA;Valvulas industriales;;12/03/2026;12/03/2026;;;Enzo Santambrogio;DISPONIBLE;;2,87;;;
1.563;1;563;EWP-3351-10-PA-220;CWP-3351-10-PA-220;CWA-3351-10;PWP-3351-10-PA-220;"03351-CT-4""-C2-0004-N";;;C2;CAÑERÍA ERW, ASTM A53 GR B, ASME B36.10, SCH STD, BE;"4""";0,19;m;;2,07;kg;Contratista;CAÑERÍA;;;;;;;;SIN REVISAR;;11,48;;;
1.564;1;564;EWP-3351-10-PA-220;CWP-3351-10-PA-220;CWA-3351-10;PWP-3351-10-PA-220;"03351-CT-4""-C2-0004-N";;;C2;CAÑERÍA ERW, ASTM A53 GR B, ASME B36.10, SCH STD, BE;"4""";0,53;m;;5,73;kg;Contratista;CAÑERÍA;;;;;;;;SIN REVISAR;;2,29;;;
1.565;1;565;EWP-3351-10-PA-220;CWP-3351-10-PA-220;CWA-3351-10;PWP-3351-10-PA-220;"03351-PW-6""-C1-0013-N";;;C1;CAÑERÍA ERW, ASTM A53 GR B, ASME B36.10, SCH STD, BE;"6""";1,98;m;;37,52;kg;Contratista;CAÑERÍA;Valvulas industriales;;12/03/2026;12/03/2026;;;Enzo Santambrogio;DISPONIBLE;;1,98;;;
1.566;1;566;EWP-3351-10-PA-220;CWP-3351-10-PA-220;CWA-3351-10;PWP-3351-10-PA-220;"03351-PW-6""-C1-0013-N";;;C1;CAÑERÍA ERW, ASTM A53 GR B, ASME B36.10, SCH STD, BE;"6""";46,25;m;;877,39;kg;Contratista;CAÑERÍA;Valvulas industriales;;12/03/2026;12/03/2026;;;Enzo Santambrogio;DISPONIBLE;;46,25;;;
1.567;1;567;EWP-3351-10-PA-220;CWP-3351-10-PA-220;CWA-3351-10;PWP-3351-10-PA-220;"03351-PW-6""-C1-0013-N";;;C1;CAÑERÍA ERW, ASTM A53 GR B, ASME B36.10, SCH STD, BE;"6""";8,42;m;;159,82;kg;Contratista;CAÑERÍA;Valvulas industriales;;12/03/2026;12/03/2026;;;Enzo Santambrogio;DISPONIBLE;;8,42;;;
1.568;1;568;EWP-3351-10-PA-220;CWP-3351-10-PA-220;CWA-3351-10;PWP-3351-10-PA-220;"03351-PW-4""-C1-0016-N";;;C1;CAÑERÍA ERW, ASTM A53 GR B, ASME B36.10, SCH STD, BE;"4""";0,34;m;;3,72;kg;Contratista;CAÑERÍA;;;;;;;;SIN REVISAR;;12,77;;;
1.569;1;569;EWP-3351-10-PA-220;CWP-3351-10-PA-220;CWA-3351-10;PWP-3351-10-PA-220;"03351-CT-3""-C2-0072-N";;;C2;CAÑERÍA ERW, ASTM A53 GR B, ASME B36.10, SCH STD, BE;"3""";1,99;m;;15,09;kg;Contratista;CAÑERÍA;Valvulas industriales;;12/03/2026;12/03/2026;;;Enzo Santambrogio;DISPONIBLE;;1,99;;;
1.570;1;570;EWP-3351-10-PA-220;CWP-3351-10-PA-220;CWA-3351-10;PWP-3351-10-PA-220;"03351-PW-4""-C1-0016-N";;;C1;CAÑERÍA ERW, ASTM A53 GR B, ASME B36.10, SCH STD, BE;"4""";0,34;m;;3,72;kg;Contratista;CAÑERÍA;;;;;;;;SIN REVISAR;;12,35;;;
1.571;1;571;EWP-3351-10-PA-220;CWP-3351-10-PA-220;CWA-3351-10;PWP-3351-10-PA-220;"03351-PW-6""-C1-0013-N";;;C1;CAÑERÍA ERW, ASTM A53 GR B, ASME B36.10, SCH STD, BE;"6""";1,27;m;;24,05;kg;Contratista;CAÑERÍA;Valvulas industriales;;12/03/2026;12/03/2026;;;Enzo Santambrogio;DISPONIBLE;;1,27;;;
1.572;1;572;EWP-3351-10-PA-220;CWP-3351-10-PA-220;CWA-3351-10;PWP-3351-10-PA-220;"03351-PW-4""-C1-0016-N";;;C1;CAÑERÍA ERW, ASTM A53 GR B, ASME B36.10, SCH STD, BE;"4""";6,51;m;;70,32;kg;Contratista;CAÑERÍA;;;;;;;;SIN REVISAR;;3,24;;;
1.573;1;573;EWP-3351-10-PA-220;CWP-3351-10-PA-220;CWA-3351-10;PWP-3351-10-PA-220;"03351-PW-6""-C1-0013-N";;;C1;CAÑERÍA ERW, ASTM A53 GR B, ASME B36.10, SCH STD, BE;"6""";2,67;m;;50,58;kg;Contratista;CAÑERÍA;Valvulas industriales;;12/03/2026;12/03/2026;;;Enzo Santambrogio;DISPONIBLE;;2,67;;;
1.574;1;574;EWP-3351-10-PA-220;CWP-3351-10-PA-220;CWA-3351-10;PWP-3351-10-PA-220;"03351-CT-3""-C2-0012-N";"03351-CT-3""-C2-0012-N_HOJA-1";"03351-CT-3""-C2-0012-N_HOJA-1_SP01";C2;CAÑERÍA ERW, ASTM A53 GR B, ASME B36.10, SCH STD, BE;"3""";0,28;m;;2,1;kg;Contratista;CAÑERÍA;Valvulas industriales;;12/03/2026;12/03/2026;;;Enzo Santambrogio;DISPONIBLE;;0,28;;;
1.575;1;575;EWP-3351-10-PA-220;CWP-3351-10-PA-220;CWA-3351-10;PWP-3351-10-PA-220;"03351-CT-3""-C2-0065-N";;;C2;CAÑERÍA ERW, ASTM A53 GR B, ASME B36.10, SCH STD, BE;"3""";4,89;m;;37,03;kg;Contratista;CAÑERÍA;Valvulas industriales;;12/03/2026;12/03/2026;;;Enzo Santambrogio;DISPONIBLE;;4,89;;;
1.576;1;576;EWP-3351-10-PA-220;CWP-3351-10-PA-220;CWA-3351-10;PWP-3351-10-PA-220;"03351-PW-4""-C1-0016-N";;;C1;CAÑERÍA ERW, ASTM A53 GR B, ASME B36.10, SCH STD, BE;"4""";0,15;m;;1,62;kg;Contratista;CAÑERÍA;;;;;;;;SIN REVISAR;;0,6;;;
1.577;1;577;EWP-3351-10-PA-220;CWP-3351-10-PA-220;CWA-3351-10;PWP-3351-10-PA-220;"03351-PW-6""-C1-0013-N";;;C1;CAÑERÍA ERW, ASTM A53 GR B, ASME B36.10, SCH STD, BE;"6""";4,24;m;;80,42;kg;Contratista;CAÑERÍA;Valvulas industriales;;12/03/2026;12/03/2026;;;Enzo Santambrogio;DISPONIBLE;;4,24;;;
1.578;1;578;EWP-3351-10-PA-220;CWP-3351-10-PA-220;CWA-3351-10;PWP-3351-10-PA-220;"03351-PW-4""-C1-0016-N";;;C1;CAÑERÍA ERW, ASTM A53 GR B, ASME B36.10, SCH STD, BE;"4""";1,08;m;;11,65;kg;Contratista;CAÑERÍA;;;;;;;;SIN REVISAR;;1,39;;;
1.579;1;579;EWP-3351-10-PA-220;CWP-3351-10-PA-220;CWA-3351-10;PWP-3351-10-PA-220;"03351-PW-6""-C1-0013-N";;;C1;CAÑERÍA ERW, ASTM A53 GR B, ASME B36.10, SCH STD, BE;"6""";2,41;m;;45,67;kg;Contratista;CAÑERÍA;Valvulas industriales;;12/03/2026;12/03/2026;;;Enzo Santambrogio;DISPONIBLE;;2,41;;;
1.580;1;580;EWP-3351-10-PA-220;CWP-3351-10-PA-220;CWA-3351-10;PWP-3351-10-PA-220;"03351-CT-3""-C2-0062-N";;;C2;CAÑERÍA ERW, ASTM A53 GR B, ASME B36.10, SCH STD, BE;"3""";0,15;m;;1,14;kg;Contratista;CAÑERÍA;Valvulas industriales;;12/03/2026;12/03/2026;;;Enzo Santambrogio;DISPONIBLE;;0,15;;;
1.581;1;581;EWP-3351-10-PA-220;CWP-3351-10-PA-220;CWA-3351-10;PWP-3351-10-PA-220;"03351-PW-6""-C1-0013-N";;;C1;CAÑERÍA ERW, ASTM A53 GR B, ASME B36.10, SCH STD, BE;"6""";14,37;m;;272,57;kg;Contratista;CAÑERÍA;Valvulas industriales;;12/03/2026;12/03/2026;;;Enzo Santambrogio;DISPONIBLE;;14,37;;;
1.582;1;582;EWP-3351-10-PA-220;CWP-3351-10-PA-220;CWA-3351-10;PWP-3351-10-PA-220;"03351-CT-3""-C2-0074-N";;;C2;CAÑERÍA ERW, ASTM A53 GR B, ASME B36.10, SCH STD, BE;"3""";0,36;m;;2,71;kg;Contratista;CAÑERÍA;Valvulas industriales;;12/03/2026;12/03/2026;;;Enzo Santambrogio;DISPONIBLE;;0,36;;;
1.583;1;583;EWP-3351-10-PA-220;CWP-3351-10-PA-220;CWA-3351-10;PWP-3351-10-PA-220;TIE-IN 03351-003;;;-;CAÑERÍA ERW, ASTM A53 GR B, ASME B36.10, SCH STD, BE;"6""";0,49;m;;9,38;kg;Contratista;CAÑERÍA;Valvulas industriales;;12/03/2026;12/03/2026;;;Enzo Santambrogio;DISPONIBLE;;0,49;;;
1.584;1;584;EWP-3351-10-PA-220;CWP-3351-10-PA-220;CWA-3351-10;PWP-3351-10-PA-220;"03351-PW-4""-C1-0094-N";;;C1;CAÑERÍA ERW, ASTM A53 GR B, ASME B36.10, SCH STD, BE;"4""";0,45;m;;4,83;kg;Contratista;CAÑERÍA;;;;;;;;SIN REVISAR;;6;;;
1.585;1;585;EWP-3351-10-PA-220;CWP-3351-10-PA-220;CWA-3351-10;PWP-3351-10-PA-220;"03351-CT-4""-C2-0003-N";;;C2;CAÑERÍA ERW, ASTM A53 GR B, ASME B36.10, SCH STD, BE;"4""";0,45;m;;4,9;kg;Contratista;CAÑERÍA;;;;;;;;SIN REVISAR;;1,7;;;
1.586;1;586;EWP-3351-10-PA-220;CWP-3351-10-PA-220;CWA-3351-10;PWP-3351-10-PA-220;"03351-CT-4""-C2-0003-N";;;C2;CAÑERÍA ERW, ASTM A53 GR B, ASME B36.10, SCH STD, BE;"4""";2,7;m;;29,16;kg;Contratista;CAÑERÍA;;;;;;;;SIN REVISAR;;6;;;
1.587;1;587;EWP-3351-10-PA-220;CWP-3351-10-PA-220;CWA-3351-10;PWP-3351-10-PA-220;"03351-PW-4""-C1-0094-N";;;C1;CAÑERÍA ERW, ASTM A53 GR B, ASME B36.10, SCH STD, BE;"4""";0,35;m;;3,78;kg;Contratista;CAÑERÍA;;;;;;;;SIN REVISAR;;6;;;
1.588;1;588;EWP-3351-10-PA-220;CWP-3351-10-PA-220;CWA-3351-10;PWP-3351-10-PA-220;"03351-PW-6""-C1-0013-N";;;C1;CAÑERÍA ERW, ASTM A53 GR B, ASME B36.10, SCH STD, BE;"6""";1,64;m;;31,2;kg;Contratista;CAÑERÍA;Valvulas industriales;;12/03/2026;12/03/2026;;;Enzo Santambrogio;DISPONIBLE;;1,64;;;
1.589;1;589;EWP-3351-10-PA-220;CWP-3351-10-PA-220;CWA-3351-10;PWP-3351-10-PA-220;"03351-PW-4""-C1-0016-N";;;C1;CAÑERÍA ERW, ASTM A53 GR B, ASME B36.10, SCH STD, BE;"4""";0,73;m;;7,88;kg;Contratista;CAÑERÍA;;;;;;;;SIN REVISAR;;6;;;
1.590;1;590;EWP-3351-10-PA-220;CWP-3351-10-PA-220;CWA-3351-10;PWP-3351-10-PA-220;"03351-PW-4""-C1-0094-N";;;C1;CAÑERÍA ERW, ASTM A53 GR B, ASME B36.10, SCH STD, BE;"4""";0,45;m;;4,83;kg;Contratista;CAÑERÍA;;;;;;;;SIN REVISAR;;6;;;
1.591;1;591;EWP-3351-10-PA-220;CWP-3351-10-PA-220;CWA-3351-10;PWP-3351-10-PA-220;"03351-PW-4""-C1-0094-N";;;C1;CAÑERÍA ERW, ASTM A53 GR B, ASME B36.10, SCH STD, BE;"4""";0,29;m;;3,18;kg;Contratista;CAÑERÍA;;;;;;;;SIN REVISAR;;6;;;
1.592;1;592;EWP-3351-10-PA-220;CWP-3351-10-PA-220;CWA-3351-10;PWP-3351-10-PA-220;"03351-PW-6""-C1-0013-N";;;C1;CAÑERÍA ERW, ASTM A53 GR B, ASME B36.10, SCH STD, BE;"6""";1,69;m;;32,14;kg;Contratista;CAÑERÍA;Valvulas industriales;;12/03/2026;12/03/2026;;;Enzo Santambrogio;DISPONIBLE;;1,69;;;
1.593;1;593;EWP-3351-10-PA-220;CWP-3351-10-PA-220;CWA-3351-10;PWP-3351-10-PA-220;"03351-CT-4""-C2-0003-N";;;C2;CAÑERÍA ERW, ASTM A53 GR B, ASME B36.10, SCH STD, BE;"4""";2,27;m;;24,55;kg;Contratista;CAÑERÍA;;;;;;;;SIN REVISAR;;6;;;
1.594;1;594;EWP-3351-10-PA-220;CWP-3351-10-PA-220;CWA-3351-10;PWP-3351-10-PA-220;"03351-PW-6""-C1-0013-N";;;C1;CAÑERÍA ERW, ASTM A53 GR B, ASME B36.10, SCH STD, BE;"6""";2,92;m;;55,39;kg;Contratista;CAÑERÍA;Valvulas industriales;;12/03/2026;12/03/2026;;;Enzo Santambrogio;DISPONIBLE;;2,92;;;
1.595;1;595;EWP-3351-10-PA-220;CWP-3351-10-PA-220;CWA-3351-10;PWP-3351-10-PA-220;"03351-CT-3""-C2-0074-N";;;C2;CAÑERÍA ERW, ASTM A53 GR B, ASME B36.10, SCH STD, BE;"3""";5,5;m;;41,69;kg;Contratista;CAÑERÍA;Valvulas industriales;;12/03/2026;12/03/2026;;;Enzo Santambrogio;DISPONIBLE;;5,5;;;
1.596;1;596;EWP-3351-10-PA-220;CWP-3351-10-PA-220;CWA-3351-10;PWP-3351-10-PA-220;"03351-CT-3""-C2-0012-N";;;C2;CAÑERÍA ERW, ASTM A53 GR B, ASME B36.10, SCH STD, BE;"3""";5,5;m;;41,69;kg;Contratista;CAÑERÍA;Valvulas industriales;;12/03/2026;12/03/2026;;;Enzo Santambrogio;DISPONIBLE;;5,5;;;
1.597;1;597;EWP-3351-10-PA-220;CWP-3351-10-PA-220;CWA-3351-10;PWP-3351-10-PA-220;"03351-CT-3""-C2-0069-N";;;C2;CAÑERÍA ERW, ASTM A53 GR B, ASME B36.10, SCH STD, BE;"3""";0,38;m;;2,87;kg;Contratista;CAÑERÍA;Valvulas industriales;;12/03/2026;12/03/2026;;;Enzo Santambrogio;DISPONIBLE;;0,38;;;
1.598;1;598;EWP-3351-10-PA-220;CWP-3351-10-PA-220;CWA-3351-10;PWP-3351-10-PA-220;"03351-CT-3""-C2-0066-N";;;C2;CAÑERÍA ERW, ASTM A53 GR B, ASME B36.10, SCH STD, BE;"3""";0,26;m;;1,94;kg;Contratista;CAÑERÍA;Valvulas industriales;;12/03/2026;12/03/2026;;;Enzo Santambrogio;DISPONIBLE;;0,26;;;
1.599;1;599;EWP-3351-10-PA-220;CWP-3351-10-PA-220;CWA-3351-10;PWP-3351-10-PA-220;"03351-PW-6""-C1-0013-N";;;C1;CAÑERÍA ERW, ASTM A53 GR B, ASME B36.10, SCH STD, BE;"6""";0,26;m;;4,86;kg;Contratista;CAÑERÍA;Valvulas industriales;;12/03/2026;12/03/2026;;;Enzo Santambrogio;DISPONIBLE;;0,26;;;
1.600;1;600;EWP-3351-10-PA-220;CWP-3351-10-PA-220;CWA-3351-10;PWP-3351-10-PA-220;"03351-PW-4""-C1-0016-N";;;C1;CAÑERÍA ERW, ASTM A53 GR B, ASME B36.10, SCH STD, BE;"4""";0,35;m;;3,74;kg;Contratista;CAÑERÍA;;;;;;;;SIN REVISAR;;3,64;;;
1.601;1;601;EWP-3351-10-PA-220;CWP-3351-10-PA-220;CWA-3351-10;PWP-3351-10-PA-220;"03351-CT-4""-C2-0004-N";;;C2;CAÑERÍA ERW, ASTM A53 GR B, ASME B36.10, SCH STD, BE;"4""";2,83;m;;30,52;kg;Contratista;CAÑERÍA;;;;;;;;SIN REVISAR;;6;;;
1.602;1;602;EWP-3351-10-PA-220;CWP-3351-10-PA-220;CWA-3351-10;PWP-3351-10-PA-220;"03351-PW-4""-C1-0016-N";;;C1;CAÑERÍA ERW, ASTM A53 GR B, ASME B36.10, SCH STD, BE;"4""";1;m;;10,8;kg;Contratista;CAÑERÍA;;;;;;;;SIN REVISAR;;6;;;
1.603;1;603;EWP-3351-10-PA-220;CWP-3351-10-PA-220;CWA-3351-10;PWP-3351-10-PA-220;"03351-PW-6""-C1-0013-N";;;C1;CAÑERÍA ERW, ASTM A53 GR B, ASME B36.10, SCH STD, BE;"6""";2,8;m;;53,15;kg;Contratista;CAÑERÍA;Valvulas industriales;;12/03/2026;12/03/2026;;;Enzo Santambrogio;DISPONIBLE;;2,8;;;
1.604;1;604;EWP-3351-10-PA-220;CWP-3351-10-PA-220;CWA-3351-10;PWP-3351-10-PA-220;"03351-CT-3""-C2-0071-N";;;C2;CAÑERÍA ERW, ASTM A53 GR B, ASME B36.10, SCH STD, BE;"3""";1,99;m;;15,11;kg;Contratista;CAÑERÍA;Valvulas industriales;;12/03/2026;12/03/2026;;;Enzo Santambrogio;DISPONIBLE;;1,99;;;
1.605;1;605;EWP-3351-10-PA-220;CWP-3351-10-PA-220;CWA-3351-10;PWP-3351-10-PA-220;"03351-PW-6""-C1-0013-N";;;C1;CAÑERÍA ERW, ASTM A53 GR B, ASME B36.10, SCH STD, BE;"6""";11,48;m;;217,82;kg;Contratista;CAÑERÍA;Valvulas industriales;;12/03/2026;12/03/2026;;;Enzo Santambrogio;DISPONIBLE;;11,48;;;
1.606;1;606;EWP-3351-10-PA-220;CWP-3351-10-PA-220;CWA-3351-10;PWP-3351-10-PA-220;"03351-CT-3""-C2-0074-N";;;C2;CAÑERÍA ERW, ASTM A53 GR B, ASME B36.10, SCH STD, BE;"3""";2,29;m;;17,34;kg;Contratista;CAÑERÍA;Valvulas industriales;;12/03/2026;12/03/2026;;;Enzo Santambrogio;DISPONIBLE;;2,29;;;
1.607;1;607;EWP-3351-10-PA-220;CWP-3351-10-PA-220;CWA-3351-10;PWP-3351-10-PA-220;"03351-PW-4""-C1-0094-N";;;C1;CAÑERÍA ERW, ASTM A53 GR B, ASME B36.10, SCH STD, BE;"4""";0,35;m;;3,78;kg;Contratista;CAÑERÍA;;;;;;;;SIN REVISAR;;0,52;;;
1.608;1;608;EWP-3351-10-PA-220;CWP-3351-10-PA-220;CWA-3351-10;PWP-3351-10-PA-220;"03351-PW-6""-C1-0013-N";;;C1;CAÑERÍA ERW, ASTM A53 GR B, ASME B36.10, SCH STD, BE;"6""";4,29;m;;81,47;kg;Contratista;CAÑERÍA;Valvulas industriales;;12/03/2026;12/03/2026;;;Enzo Santambrogio;DISPONIBLE;;4,29;;;
1.609;1;609;EWP-3351-10-PA-220;CWP-3351-10-PA-220;CWA-3351-10;PWP-3351-10-PA-220;"03351-PW-6""-C1-0013-N";;;C1;CAÑERÍA ERW, ASTM A53 GR B, ASME B36.10, SCH STD, BE;"6""";0,4;m;;7,61;kg;Contratista;CAÑERÍA;Valvulas industriales;;12/03/2026;12/03/2026;;;Enzo Santambrogio;DISPONIBLE;;0,4;;;
1.610;1;610;EWP-3351-10-PA-220;CWP-3351-10-PA-220;CWA-3351-10;PWP-3351-10-PA-220;"03351-PW-4""-C1-0016-N";;;C1;CAÑERÍA ERW, ASTM A53 GR B, ASME B36.10, SCH STD, BE;"4""";0,5;m;;5,4;kg;Contratista;CAÑERÍA;;;;;;;;SIN REVISAR;;3,38;;;
1.611;1;611;EWP-3351-10-PA-220;CWP-3351-10-PA-220;CWA-3351-10;PWP-3351-10-PA-220;"03351-CT-3""-C2-0012-N";"03351-CT-3""-C2-0012-N_HOJA-1";"03351-CT-3""-C2-0012-N_HOJA-1_SP01";C2;CAÑERÍA ERW, ASTM A53 GR B, ASME B36.10, SCH STD, BE;"3""";2,29;m;;17,34;kg;Contratista;CAÑERÍA;Valvulas industriales;;12/03/2026;12/03/2026;;;Enzo Santambrogio;DISPONIBLE;;2,29;;;
1.612;1;612;EWP-3351-10-PA-220;CWP-3351-10-PA-220;CWA-3351-10;PWP-3351-10-PA-220;"03351-PW-6""-C1-0013-N";;;C1;CAÑERÍA ERW, ASTM A53 GR B, ASME B36.10, SCH STD, BE;"6""";12,77;m;;242,28;kg;Contratista;CAÑERÍA;Valvulas industriales;;12/03/2026;12/03/2026;;;Enzo Santambrogio;DISPONIBLE;;12,77;;;
1.613;1;613;EWP-3351-10-PA-220;CWP-3351-10-PA-220;CWA-3351-10;PWP-3351-10-PA-220;"03351-PW-4""-C1-0016-N";;;C1;CAÑERÍA ERW, ASTM A53 GR B, ASME B36.10, SCH STD, BE;"4""";0,61;m;;6,6;kg;Contratista;CAÑERÍA;;;;;;;;SIN REVISAR;;0,24;;;
1.614;1;614;EWP-3351-10-PA-220;CWP-3351-10-PA-220;CWA-3351-10;PWP-3351-10-PA-220;"03351-CT-4""-C2-0003-N";;;C2;CAÑERÍA ERW, ASTM A53 GR B, ASME B36.10, SCH STD, BE;"4""";0,19;m;;2,07;kg;Contratista;CAÑERÍA;;;;;;;;SIN REVISAR;;5,9;;;
1.615;1;615;EWP-3351-10-PA-220;CWP-3351-10-PA-220;CWA-3351-10;PWP-3351-10-PA-220;"03351-CT-4""-C2-0004-N";;;C2;CAÑERÍA ERW, ASTM A53 GR B, ASME B36.10, SCH STD, BE;"4""";0,2;m;;2,19;kg;Contratista;CAÑERÍA;;;;;;;;SIN REVISAR;;4,27;;;
1.616;1;616;EWP-3351-10-PA-220;CWP-3351-10-PA-220;CWA-3351-10;PWP-3351-10-PA-220;"03351-CT-4""-C2-0003-N";;;C2;CAÑERÍA ERW, ASTM A53 GR B, ASME B36.10, SCH STD, BE;"4""";0,2;m;;2,15;kg;Contratista;CAÑERÍA;;;;;;;;SIN REVISAR;;0,15;;;
1.617;1;617;EWP-3351-10-PA-220;CWP-3351-10-PA-220;CWA-3351-10;PWP-3351-10-PA-220;"03351-PW-6""-C1-0013-N";;;C1;CAÑERÍA ERW, ASTM A53 GR B, ASME B36.10, SCH STD, BE;"6""";7,13;m;;135,16;kg;Contratista;CAÑERÍA;Valvulas industriales;;12/03/2026;12/03/2026;;;Enzo Santambrogio;DISPONIBLE;;7,13;;;
1.618;1;618;EWP-3351-10-PA-220;CWP-3351-10-PA-220;CWA-3351-10;PWP-3351-10-PA-220;"03351-PW-6""-C1-0013-N";;;C1;CAÑERÍA ERW, ASTM A53 GR B, ASME B36.10, SCH STD, BE;"6""";12,35;m;;234,31;kg;Contratista;CAÑERÍA;Valvulas industriales;;12/03/2026;12/03/2026;;;Enzo Santambrogio;DISPONIBLE;;12,35;;;
1.619;1;619;EWP-3351-10-PA-220;CWP-3351-10-PA-220;CWA-3351-10;PWP-3351-10-PA-220;"03351-PW-6""-C1-0013-N";;;C1;CAÑERÍA ERW, ASTM A53 GR B, ASME B36.10, SCH STD, BE;"6""";5,63;m;;106,76;kg;Contratista;CAÑERÍA;Valvulas industriales;;12/03/2026;12/03/2026;;;Enzo Santambrogio;DISPONIBLE;;5,63;;;
1.620;1;620;EWP-3351-10-PA-220;CWP-3351-10-PA-220;CWA-3351-10;PWP-3351-10-PA-220;"03351-PW-6""-C1-0013-N";;;C1;CAÑERÍA ERW, ASTM A53 GR B, ASME B36.10, SCH STD, BE;"6""";3,24;m;;61,41;kg;Contratista;CAÑERÍA;Valvulas industriales;;12/03/2026;12/03/2026;;;Enzo Santambrogio;DISPONIBLE;;3,24;;;
1.621;1;621;EWP-3351-10-PA-220;CWP-3351-10-PA-220;CWA-3351-10;PWP-3351-10-PA-220;"03351-PW-6""-C1-0013-N";;;C1;CAÑERÍA ERW, ASTM A53 GR B, ASME B36.10, SCH STD, BE;"6""";1,29;m;;24,42;kg;Contratista;CAÑERÍA;Valvulas industriales;;12/03/2026;12/03/2026;;;Enzo Santambrogio;DISPONIBLE;;1,29;;;
1.622;1;622;EWP-3351-10-PA-220;CWP-3351-10-PA-220;CWA-3351-10;PWP-3351-10-PA-220;"03351-PW-6""-C1-0013-N";;;C1;CAÑERÍA ERW, ASTM A53 GR B, ASME B36.10, SCH STD, BE;"6""";11,8;m;;223,93;kg;Contratista;CAÑERÍA;Valvulas industriales;;12/03/2026;12/03/2026;;;Enzo Santambrogio;DISPONIBLE;;11,8;;;
1.623;1;623;EWP-3351-10-PA-220;CWP-3351-10-PA-220;CWA-3351-10;PWP-3351-10-PA-220;"03351-PW-6""-C1-0013-N";;;C1;CAÑERÍA ERW, ASTM A53 GR B, ASME B36.10, SCH STD, BE;"6""";10,9;m;;206,7;kg;Contratista;CAÑERÍA;Valvulas industriales;;12/03/2026;12/03/2026;;;Enzo Santambrogio;DISPONIBLE;;10,9;;;
1.624;1;624;EWP-3351-10-PA-220;CWP-3351-10-PA-220;CWA-3351-10;PWP-3351-10-PA-220;"03351-CT-3""-C2-0064-N";;;C2;CAÑERÍA ERW, ASTM A53 GR B, ASME B36.10, SCH STD, BE;"3""";0,6;m;;4,55;kg;Contratista;CAÑERÍA;Valvulas industriales;;12/03/2026;12/03/2026;;;Enzo Santambrogio;DISPONIBLE;;0,6;;;
1.625;1;625;EWP-3351-10-PA-220;CWP-3351-10-PA-220;CWA-3351-10;PWP-3351-10-PA-220;"03351-CT-3""-C2-0064-N";;;C2;CAÑERÍA ERW, ASTM A53 GR B, ASME B36.10, SCH STD, BE;"3""";1,44;m;;10,93;kg;Contratista;CAÑERÍA;Valvulas industriales;;12/03/2026;12/03/2026;;;Enzo Santambrogio;DISPONIBLE;;1,44;;;
1.626;1;626;EWP-3351-10-PA-220;CWP-3351-10-PA-220;CWA-3351-10;PWP-3351-10-PA-220;"03351-CT-3""-C2-0068-N";;;C2;CAÑERÍA ERW, ASTM A53 GR B, ASME B36.10, SCH STD, BE;"3""";1,39;m;;10,5;kg;Contratista;CAÑERÍA;Valvulas industriales;;12/03/2026;12/03/2026;;;Enzo Santambrogio;DISPONIBLE;;1,39;;;
1.627;1;627;EWP-3351-10-PA-220;CWP-3351-10-PA-220;CWA-3351-10;PWP-3351-10-PA-220;"03351-CT-3""-C2-0068-N";;;C2;CAÑERÍA ERW, ASTM A53 GR B, ASME B36.10, SCH STD, BE;"3""";1,09;m;;8,24;kg;Contratista;CAÑERÍA;Valvulas industriales;;12/03/2026;12/03/2026;;;Enzo Santambrogio;DISPONIBLE;;1,09;;;
1.628;1;628;EWP-3351-10-PA-220;CWP-3351-10-PA-220;CWA-3351-10;PWP-3351-10-PA-220;"03351-CT-3""-C2-0064-N";;;C2;CAÑERÍA ERW, ASTM A53 GR B, ASME B36.10, SCH STD, BE;"3""";1,06;m;;8,06;kg;Contratista;CAÑERÍA;Valvulas industriales;;12/03/2026;12/03/2026;;;Enzo Santambrogio;DISPONIBLE;;1,06;;;
1.629;1;629;EWP-3351-10-PA-220;CWP-3351-10-PA-220;CWA-3351-10;PWP-3351-10-PA-220;"03351-CT-3""-C2-0062-N";;;C2;CAÑERÍA ERW, ASTM A53 GR B, ASME B36.10, SCH STD, BE;"3""";1,42;m;;10,76;kg;Contratista;CAÑERÍA;Valvulas industriales;;12/03/2026;12/03/2026;;;Enzo Santambrogio;DISPONIBLE;;1,42;;;
1.630;1;630;EWP-3351-10-PA-220;CWP-3351-10-PA-220;CWA-3351-10;PWP-3351-10-PA-220;"03351-CT-3""-C2-0070-N";;;C2;CAÑERÍA ERW, ASTM A53 GR B, ASME B36.10, SCH STD, BE;"3""";1,42;m;;10,76;kg;Contratista;CAÑERÍA;Valvulas industriales;;12/03/2026;12/03/2026;;;Enzo Santambrogio;DISPONIBLE;;1,42;;;
1.631;1;631;EWP-3351-10-PA-220;CWP-3351-10-PA-220;CWA-3351-10;PWP-3351-10-PA-220;"03351-CT-3""-C2-0066-N";;;C2;CAÑERÍA ERW, ASTM A53 GR B, ASME B36.10, SCH STD, BE;"3""";1,42;m;;10,76;kg;Contratista;CAÑERÍA;Valvulas industriales;;12/03/2026;12/03/2026;;;Enzo Santambrogio;DISPONIBLE;;1,42;;;
1.632;1;632;EWP-3351-10-PA-220;CWP-3351-10-PA-220;CWA-3351-10;PWP-3351-10-PA-220;"03351-CT-4""-C2-0003-N";;;C2;CAÑERÍA ERW, ASTM A53 GR B, ASME B36.10, SCH STD, BE;"4""";0,6;m;;6,53;kg;Contratista;CAÑERÍA;;;;;;;;SIN REVISAR;;0,34;;;
1.633;1;633;EWP-3351-10-PA-220;CWP-3351-10-PA-220;CWA-3351-10;PWP-3351-10-PA-220;"03351-CT-4""-C2-0004-N";;;C2;CAÑERÍA ERW, ASTM A53 GR B, ASME B36.10, SCH STD, BE;"4""";1,67;m;;18,04;kg;Contratista;CAÑERÍA;;;;;;;;SIN REVISAR;;0,02;;;
1.634;1;634;EWP-3351-10-PA-220;CWP-3351-10-PA-220;CWA-3351-10;PWP-3351-10-PA-220;"03351-CT-4""-C2-0003-N";;;C2;CAÑERÍA ERW, ASTM A53 GR B, ASME B36.10, SCH STD, BE;"4""";3,31;m;;35,74;kg;Contratista;CAÑERÍA;;;;;;;;SIN REVISAR;;0,51;;;
1.635;1;635;EWP-3351-10-PA-220;CWP-3351-10-PA-220;CWA-3351-10;PWP-3351-10-PA-220;"03351-CT-4""-C2-0004-N";;;C2;CAÑERÍA ERW, ASTM A53 GR B, ASME B36.10, SCH STD, BE;"4""";2,4;m;;25,87;kg;Contratista;CAÑERÍA;;;;;;;;SIN REVISAR;;0,13;;;
1.636;1;636;EWP-3351-10-PA-220;CWP-3351-10-PA-220;CWA-3351-10;PWP-3351-10-PA-220;"03351-CT-6""-C11-0001-N";;;C11;CAÑERÍA ERW, ASTM A53 GR B, ASME B36.10, SCH STD, GE;"6""";6;m;;113,82;kg;Contratista;CAÑERÍA;Valvulas industriales;;12/03/2026;12/03/2026;;;Enzo Santambrogio;DISPONIBLE;;6;;;
1.637;1;637;EWP-3351-10-PA-220;CWP-3351-10-PA-220;CWA-3351-10;PWP-3351-10-PA-220;"03351-CT-6""-C11-0001-N";;;C11;CAÑERÍA ERW, ASTM A53 GR B, ASME B36.10, SCH STD, GE;"6""";1,7;m;;32,34;kg;Contratista;CAÑERÍA;Valvulas industriales;;12/03/2026;12/03/2026;;;Enzo Santambrogio;DISPONIBLE;;1,7;;;
1.638;1;638;EWP-3351-10-PA-220;CWP-3351-10-PA-220;CWA-3351-10;PWP-3351-10-PA-220;"03351-CT-6""-C11-0001-N";;;C11;CAÑERÍA ERW, ASTM A53 GR B, ASME B36.10, SCH STD, GE;"6""";6;m;;113,82;kg;Contratista;CAÑERÍA;Valvulas industriales;;12/03/2026;12/03/2026;;;Enzo Santambrogio;DISPONIBLE;;6;;;
1.639;1;639;EWP-3351-10-PA-220;CWP-3351-10-PA-220;CWA-3351-10;PWP-3351-10-PA-220;"03351-CT-6""-C11-0001-N";;;C11;CAÑERÍA ERW, ASTM A53 GR B, ASME B36.10, SCH STD, GE;"6""";6;m;;113,82;kg;Contratista;CAÑERÍA;Valvulas industriales;;12/03/2026;12/03/2026;;;Enzo Santambrogio;DISPONIBLE;;6;;;
1.640;1;640;EWP-3351-10-PA-220;CWP-3351-10-PA-220;CWA-3351-10;PWP-3351-10-PA-220;"03351-CT-6""-C11-0001-N";;;C11;CAÑERÍA ERW, ASTM A53 GR B, ASME B36.10, SCH STD, GE;"6""";6;m;;113,82;kg;Contratista;CAÑERÍA;Valvulas industriales;;12/03/2026;12/03/2026;;;Enzo Santambrogio;DISPONIBLE;;6;;;
1.641;1;641;EWP-3351-10-PA-220;CWP-3351-10-PA-220;CWA-3351-10;PWP-3351-10-PA-220;"03351-CT-6""-C11-0001-N";;;C11;CAÑERÍA ERW, ASTM A53 GR B, ASME B36.10, SCH STD, GE;"6""";6;m;;113,82;kg;Contratista;CAÑERÍA;Valvulas industriales;;12/03/2026;12/03/2026;;;Enzo Santambrogio;DISPONIBLE;;6;;;
1.642;1;642;EWP-3351-10-PA-220;CWP-3351-10-PA-220;CWA-3351-10;PWP-3351-10-PA-220;"03351-CT-6""-C11-0001-N";;;C11;CAÑERÍA ERW, ASTM A53 GR B, ASME B36.10, SCH STD, GE;"6""";6;m;;113,82;kg;Contratista;CAÑERÍA;Valvulas industriales;;12/03/2026;12/03/2026;;;Enzo Santambrogio;DISPONIBLE;;6;;;
1.643;1;643;EWP-3351-10-PA-220;CWP-3351-10-PA-220;CWA-3351-10;PWP-3351-10-PA-220;"03351-CT-6""-C11-0001-N";;;C11;CAÑERÍA ERW, ASTM A53 GR B, ASME B36.10, SCH STD, GE;"6""";6;m;;113,82;kg;Contratista;CAÑERÍA;Valvulas industriales;;12/03/2026;12/03/2026;;;Enzo Santambrogio;DISPONIBLE;;6;;;
1.644;1;644;EWP-3351-10-PA-220;CWP-3351-10-PA-220;CWA-3351-10;PWP-3351-10-PA-220;"03351-CT-6""-C11-0001-N";;;C11;CAÑERÍA ERW, ASTM A53 GR B, ASME B36.10, SCH STD, GE;"6""";5,4;m;;102,49;kg;Contratista;CAÑERÍA;Valvulas industriales;;12/03/2026;12/03/2026;;;Enzo Santambrogio;DISPONIBLE;;5,4;;;
1.645;1;645;EWP-3351-10-PA-220;CWP-3351-10-PA-220;CWA-3351-10;PWP-3351-10-PA-220;"03351-CT-6""-C11-0001-N";;;C11;CAÑERÍA ERW, ASTM A53 GR B, ASME B36.10, SCH STD, GE;"6""";6;m;;113,82;kg;Contratista;CAÑERÍA;Valvulas industriales;;12/03/2026;12/03/2026;;;Enzo Santambrogio;DISPONIBLE;;6;;;
1.646;1;646;EWP-3351-10-PA-220;CWP-3351-10-PA-220;CWA-3351-10;PWP-3351-10-PA-220;"03351-CT-6""-C11-0001-N";;;C11;CAÑERÍA ERW, ASTM A53 GR B, ASME B36.10, SCH STD, GE;"6""";1,94;m;;36,78;kg;Contratista;CAÑERÍA;Valvulas industriales;;12/03/2026;12/03/2026;;;Enzo Santambrogio;DISPONIBLE;;1,94;;;
1.647;1;647;EWP-3351-10-PA-220;CWP-3351-10-PA-220;CWA-3351-10;PWP-3351-10-PA-220;"03351-CT-6""-C11-0001-N";;;C11;CAÑERÍA ERW, ASTM A53 GR B, ASME B36.10, SCH STD, GE;"6""";3,02;m;;57,28;kg;Contratista;CAÑERÍA;Valvulas industriales;;12/03/2026;12/03/2026;;;Enzo Santambrogio;DISPONIBLE;;3,02;;;
1.648;1;648;EWP-3351-10-PA-220;CWP-3351-10-PA-220;CWA-3351-10;PWP-3351-10-PA-220;"03351-CT-6""-C11-0001-N";;;C11;CAÑERÍA ERW, ASTM A53 GR B, ASME B36.10, SCH STD, GE;"6""";0,98;m;;18,56;kg;Contratista;CAÑERÍA;Valvulas industriales;;12/03/2026;12/03/2026;;;Enzo Santambrogio;DISPONIBLE;;0,98;;;
1.649;1;649;EWP-3351-10-PA-220;CWP-3351-10-PA-220;CWA-3351-10;PWP-3351-10-PA-220;"03351-CT-6""-C11-0001-N";;;C11;CAÑERÍA ERW, ASTM A53 GR B, ASME B36.10, SCH STD, GE;"6""";2,85;m;;54,05;kg;Contratista;CAÑERÍA;Valvulas industriales;;12/03/2026;12/03/2026;;;Enzo Santambrogio;DISPONIBLE;;2,85;;;
1.650;1;650;EWP-3351-10-PA-220;CWP-3351-10-PA-220;CWA-3351-10;PWP-3351-10-PA-220;"03351-CT-6""-C11-0001-N";;;C11;CAÑERÍA ERW, ASTM A53 GR B, ASME B36.10, SCH STD, GE;"6""";6;m;;113,82;kg;Contratista;CAÑERÍA;Valvulas industriales;;12/03/2026;12/03/2026;;;Enzo Santambrogio;DISPONIBLE;;6;;;
1.651;1;651;EWP-3351-10-PA-220;CWP-3351-10-PA-220;CWA-3351-10;PWP-3351-10-PA-220;"03351-CT-6""-C11-0001-N";;;C11;CAÑERÍA ERW, ASTM A53 GR B, ASME B36.10, SCH STD, GE;"6""";2,39;m;;45,29;kg;Contratista;CAÑERÍA;Valvulas industriales;;12/03/2026;12/03/2026;;;Enzo Santambrogio;DISPONIBLE;;2,39;;;
1.652;1;652;EWP-3351-10-PA-220;CWP-3351-10-PA-220;CWA-3351-10;PWP-3351-10-PA-220;"03351-CT-6""-C11-0001-N";;;C11;CAÑERÍA ERW, ASTM A53 GR B, ASME B36.10, SCH STD, GE;"6""";3,64;m;;69,11;kg;Contratista;CAÑERÍA;Valvulas industriales;;12/03/2026;12/03/2026;;;Enzo Santambrogio;DISPONIBLE;;3,64;;;
1.653;1;653;EWP-3351-10-PA-220;CWP-3351-10-PA-220;CWA-3351-10;PWP-3351-10-PA-220;"03351-CT-6""-C11-0001-N";;;C11;CAÑERÍA ERW, ASTM A53 GR B, ASME B36.10, SCH STD, GE;"6""";6;m;;113,82;kg;Contratista;CAÑERÍA;Valvulas industriales;;12/03/2026;12/03/2026;;;Enzo Santambrogio;DISPONIBLE;;6;;;
1.654;1;654;EWP-3351-10-PA-220;CWP-3351-10-PA-220;CWA-3351-10;PWP-3351-10-PA-220;"03351-CT-6""-C11-0001-N";;;C11;CAÑERÍA ERW, ASTM A53 GR B, ASME B36.10, SCH STD, GE;"6""";6;m;;113,82;kg;Contratista;CAÑERÍA;Valvulas industriales;;12/03/2026;12/03/2026;;;Enzo Santambrogio;DISPONIBLE;;6;;;
1.655;1;655;EWP-3351-10-PA-220;CWP-3351-10-PA-220;CWA-3351-10;PWP-3351-10-PA-220;"03351-CT-6""-C11-0001-N";;;C11;CAÑERÍA ERW, ASTM A53 GR B, ASME B36.10, SCH STD, GE;"6""";0,67;m;;12,72;kg;Contratista;CAÑERÍA;Valvulas industriales;;12/03/2026;12/03/2026;;;Enzo Santambrogio;DISPONIBLE;;0,67;;;
1.656;1;656;EWP-3351-10-PA-220;CWP-3351-10-PA-220;CWA-3351-10;PWP-3351-10-PA-220;"03351-CT-6""-C11-0001-N";;;C11;CAÑERÍA ERW, ASTM A53 GR B, ASME B36.10, SCH STD, GE;"6""";5,98;m;;113,5;kg;Contratista;CAÑERÍA;Valvulas industriales;;12/03/2026;12/03/2026;;;Enzo Santambrogio;DISPONIBLE;;5,98;;;
1.657;1;657;EWP-3351-10-PA-220;CWP-3351-10-PA-220;CWA-3351-10;PWP-3351-10-PA-220;"03351-CT-6""-C11-0001-N";;;C11;CAÑERÍA ERW, ASTM A53 GR B, ASME B36.10, SCH STD, GE;"6""";5,65;m;;107,17;kg;Contratista;CAÑERÍA;Valvulas industriales;;12/03/2026;12/03/2026;;;Enzo Santambrogio;DISPONIBLE;;5,65;;;
1.658;1;658;EWP-3351-10-PA-220;CWP-3351-10-PA-220;CWA-3351-10;PWP-3351-10-PA-220;"03351-CT-6""-C11-0001-N";;;C11;CAÑERÍA ERW, ASTM A53 GR B, ASME B36.10, SCH STD, GE;"6""";1,45;m;;27,43;kg;Contratista;CAÑERÍA;Valvulas industriales;;12/03/2026;12/03/2026;;;Enzo Santambrogio;DISPONIBLE;;1,45;;;
1.659;1;659;EWP-3351-10-PA-220;CWP-3351-10-PA-220;CWA-3351-10;PWP-3351-10-PA-220;"03351-CT-6""-C11-0001-N";;;C11;CAÑERÍA ERW, ASTM A53 GR B, ASME B36.10, SCH STD, GE;"6""";0,52;m;;9,82;kg;Contratista;CAÑERÍA;Valvulas industriales;;12/03/2026;12/03/2026;;;Enzo Santambrogio;DISPONIBLE;;0,52;;;
1.660;1;660;EWP-3351-10-PA-220;CWP-3351-10-PA-220;CWA-3351-10;PWP-3351-10-PA-220;"03351-CT-6""-C11-0001-N";;;C11;CAÑERÍA ERW, ASTM A53 GR B, ASME B36.10, SCH STD, GE;"6""";0,14;m;;2,68;kg;Contratista;CAÑERÍA;Valvulas industriales;;12/03/2026;12/03/2026;;;Enzo Santambrogio;DISPONIBLE;;0,14;;;
1.661;1;661;EWP-3351-10-PA-220;CWP-3351-10-PA-220;CWA-3351-10;PWP-3351-10-PA-220;"03351-CT-6""-C11-0001-N";;;C11;CAÑERÍA ERW, ASTM A53 GR B, ASME B36.10, SCH STD, GE;"6""";6;m;;113,82;kg;Contratista;CAÑERÍA;Valvulas industriales;;12/03/2026;12/03/2026;;;Enzo Santambrogio;DISPONIBLE;;6;;;
1.662;1;662;EWP-3351-10-PA-220;CWP-3351-10-PA-220;CWA-3351-10;PWP-3351-10-PA-220;"03351-CT-6""-C11-0001-N";;;C11;CAÑERÍA ERW, ASTM A53 GR B, ASME B36.10, SCH STD, GE;"6""";3,38;m;;64,13;kg;Contratista;CAÑERÍA;Valvulas industriales;;12/03/2026;12/03/2026;;;Enzo Santambrogio;DISPONIBLE;;3,38;;;
1.663;1;663;EWP-3351-10-PA-220;CWP-3351-10-PA-220;CWA-3351-10;PWP-3351-10-PA-220;"03351-CT-6""-C11-0001-N";;;C11;CAÑERÍA ERW, ASTM A53 GR B, ASME B36.10, SCH STD, GE;"6""";1,59;m;;30,1;kg;Contratista;CAÑERÍA;Valvulas industriales;;12/03/2026;12/03/2026;;;Enzo Santambrogio;DISPONIBLE;;1,59;;;
1.664;1;664;EWP-3351-10-PA-220;CWP-3351-10-PA-220;CWA-3351-10;PWP-3351-10-PA-220;"03351-CT-6""-C11-0001-N";;;C11;CAÑERÍA ERW, ASTM A53 GR B, ASME B36.10, SCH STD, GE;"6""";1,8;m;;34,23;kg;Contratista;CAÑERÍA;Valvulas industriales;;12/03/2026;12/03/2026;;;Enzo Santambrogio;DISPONIBLE;;1,8;;;
1.665;1;665;EWP-3351-10-PA-220;CWP-3351-10-PA-220;CWA-3351-10;PWP-3351-10-PA-220;"03351-CT-6""-C11-0001-N";;;C11;CAÑERÍA ERW, ASTM A53 GR B, ASME B36.10, SCH STD, GE;"6""";0,24;m;;4,54;kg;Contratista;CAÑERÍA;Valvulas industriales;;12/03/2026;12/03/2026;;;Enzo Santambrogio;DISPONIBLE;;0,24;;;
1.666;1;666;EWP-3351-10-PA-220;CWP-3351-10-PA-220;CWA-3351-10;PWP-3351-10-PA-220;"03351-CT-6""-C11-0001-N";;;C11;CAÑERÍA ERW, ASTM A53 GR B, ASME B36.10, SCH STD, GE;"6""";5,9;m;;111,84;kg;Contratista;CAÑERÍA;Valvulas industriales;;12/03/2026;12/03/2026;;;Enzo Santambrogio;DISPONIBLE;;5,9;;;
1.667;1;667;EWP-3351-10-PA-220;CWP-3351-10-PA-220;CWA-3351-10;PWP-3351-10-PA-220;"03351-CT-6""-C11-0001-N";;;C11;CAÑERÍA ERW, ASTM A53 GR B, ASME B36.10, SCH STD, GE;"6""";4,27;m;;81,03;kg;Contratista;CAÑERÍA;Valvulas industriales;;12/03/2026;12/03/2026;;;Enzo Santambrogio;DISPONIBLE;;4,27;;;
1.668;1;668;EWP-3351-10-PA-220;CWP-3351-10-PA-220;CWA-3351-10;PWP-3351-10-PA-220;"03351-CT-6""-C11-0001-N";;;C11;CAÑERÍA ERW, ASTM A53 GR B, ASME B36.10, SCH STD, GE;"6""";0,15;m;;2,88;kg;Contratista;CAÑERÍA;Valvulas industriales;;12/03/2026;12/03/2026;;;Enzo Santambrogio;DISPONIBLE;;0,15;;;
1.669;1;669;EWP-3351-10-PA-220;CWP-3351-10-PA-220;CWA-3351-10;PWP-3351-10-PA-220;"03351-CT-6""-C11-0001-N";;;C11;CAÑERÍA ERW, ASTM A53 GR B, ASME B36.10, SCH STD, GE;"6""";3,26;m;;61,87;kg;Contratista;CAÑERÍA;Valvulas industriales;;12/03/2026;12/03/2026;;;Enzo Santambrogio;DISPONIBLE;;3,26;;;
1.670;1;670;EWP-3351-10-PA-220;CWP-3351-10-PA-220;CWA-3351-10;PWP-3351-10-PA-220;"03351-CT-6""-C11-0001-N";;;C11;CAÑERÍA ERW, ASTM A53 GR B, ASME B36.10, SCH STD, GE;"6""";1,97;m;;37,31;kg;Contratista;CAÑERÍA;Valvulas industriales;;12/03/2026;12/03/2026;;;Enzo Santambrogio;DISPONIBLE;;1,97;;;
1.671;1;671;EWP-3351-10-PA-220;CWP-3351-10-PA-220;CWA-3351-10;PWP-3351-10-PA-220;"03351-CT-6""-C11-0001-N";;;C11;CAÑERÍA ERW, ASTM A53 GR B, ASME B36.10, SCH STD, GE;"6""";4,22;m;;80,09;kg;Contratista;CAÑERÍA;Valvulas industriales;;12/03/2026;12/03/2026;;;Enzo Santambrogio;DISPONIBLE;;4,22;;;
1.672;1;672;EWP-3351-10-PA-220;CWP-3351-10-PA-220;CWA-3351-10;PWP-3351-10-PA-220;"03351-CT-3""-C2-0065-N";;;C2;CAÑERÍA ERW, ASTM A53 GR B, ASME B36.10, SCH STD, PE;"3""";0,4;m;;3,03;kg;Contratista;CAÑERÍA;Valvulas industriales;;12/03/2026;12/03/2026;;;Enzo Santambrogio;DISPONIBLE;;0,4;;;
1.673;1;673;EWP-3351-10-PA-220;CWP-3351-10-PA-220;CWA-3351-10;PWP-3351-10-PA-220;"03351-CT-4""-C2-0003-N";;;C2;CAÑERÍA ERW, ASTM A53 GR B, ASME B36.10, SCH STD, PE;"4""";1,9;m;;20,54;kg;Contratista;CAÑERÍA;;;;;;;;SIN REVISAR;;0,07;;;
1.674;1;674;EWP-3351-10-PA-220;CWP-3351-10-PA-220;CWA-3351-10;PWP-3351-10-PA-220;"03351-CT-6""-C3-0023-R3";;;C3;CAÑERÍA SMLS, ASTM A106 GR B, ASME B36.10, SCH 80, PE;"2""";0,7;m;;3,52;kg;Contratista;CAÑERÍA;Valvulas industriales;;12/03/2026;12/03/2026;;;Enzo Santambrogio;DISPONIBLE;;0,7;;;
1.675;1;675;EWP-3351-10-PA-220;CWP-3351-10-PA-220;CWA-3351-10;PWP-3351-10-PA-220;"03351-CT-6""-C3-0023-R3";;;C3;CAÑERÍA SMLS, ASTM A106 GR B, ASME B36.10, SCH 80, PE;"2""";0,39;m;;1,96;kg;Contratista;CAÑERÍA;Valvulas industriales;;12/03/2026;12/03/2026;;;Enzo Santambrogio;DISPONIBLE;;0,39;;;
1.676;1;676;EWP-3351-10-PA-220;CWP-3351-10-PA-220;CWA-3351-10;PWP-3351-10-PA-220;"03351-CT-6""-C3-0018-R3";;;C3;CAÑERÍA SMLS, ASTM A106 GR B, ASME B36.10, SCH 80, PE;"2""";0,7;m;;3,52;kg;Contratista;CAÑERÍA;Valvulas industriales;;12/03/2026;12/03/2026;;;Enzo Santambrogio;DISPONIBLE;;0,7;;;
1.677;1;677;EWP-3351-10-PA-220;CWP-3351-10-PA-220;CWA-3351-10;PWP-3351-10-PA-220;"03351-CT-6""-C3-0021-R3";;;C3;CAÑERÍA SMLS, ASTM A106 GR B, ASME B36.10, SCH 80, PE;"2""";0,7;m;;3,52;kg;Contratista;CAÑERÍA;Valvulas industriales;;12/03/2026;12/03/2026;;;Enzo Santambrogio;DISPONIBLE;;0,7;;;
1.678;1;678;EWP-3351-10-PA-220;CWP-3351-10-PA-220;CWA-3351-10;PWP-3351-10-PA-220;"03351-PW-2""-C1-0053-N";;;C1;CAÑERÍA SMLS, ASTM A106 GR B, ASME B36.10, SCH 80, PE;"2""";0,04;m;;0,21;kg;Contratista;CAÑERÍA;Valvulas industriales;;12/03/2026;12/03/2026;;;Enzo Santambrogio;DISPONIBLE;;0,04;;;
1.679;1;679;EWP-3351-10-PA-220;CWP-3351-10-PA-220;CWA-3351-10;PWP-3351-10-PA-220;"03351-PW-2""-C1-0053-N";;;C1;CAÑERÍA SMLS, ASTM A106 GR B, ASME B36.10, SCH 80, PE;"2""";0,4;m;;2,03;kg;Contratista;CAÑERÍA;Valvulas industriales;;12/03/2026;12/03/2026;;;Enzo Santambrogio;DISPONIBLE;;0,4;;;
1.680;1;680;EWP-3351-10-PA-220;CWP-3351-10-PA-220;CWA-3351-10;PWP-3351-10-PA-220;"03351-PW-2""-C1-0026-N";;;C1;CAÑERÍA SMLS, ASTM A106 GR B, ASME B36.10, SCH 80, PE;"2""";0,36;m;;1,8;kg;Contratista;CAÑERÍA;Valvulas industriales;;12/03/2026;12/03/2026;;;Enzo Santambrogio;DISPONIBLE;;0,36;;;
1.681;1;681;EWP-3351-10-PA-220;CWP-3351-10-PA-220;CWA-3351-10;PWP-3351-10-PA-220;"03351-PW-2""-C1-0026-N";;;C1;CAÑERÍA SMLS, ASTM A106 GR B, ASME B36.10, SCH 80, PE;"2""";0,34;m;;1,71;kg;Contratista;CAÑERÍA;Valvulas industriales;;12/03/2026;12/03/2026;;;Enzo Santambrogio;DISPONIBLE;;0,34;;;
1.682;1;682;EWP-3351-10-PA-220;CWP-3351-10-PA-220;CWA-3351-10;PWP-3351-10-PA-220;"03351-CT-6""-C3-0050-R3";;;C3;CAÑERÍA SMLS, ASTM A106 GR B, ASME B36.10, SCH 80, PE;"2""";0,1;m;;0,51;kg;Contratista;CAÑERÍA;Valvulas industriales;;12/03/2026;12/03/2026;;;Enzo Santambrogio;DISPONIBLE;;0,1;;;
1.683;1;683;EWP-3351-10-PA-220;CWP-3351-10-PA-220;CWA-3351-10;PWP-3351-10-PA-220;"03351-CT-6""-C3-0030-R3";;;C3;CAÑERÍA SMLS, ASTM A106 GR B, ASME B36.10, SCH 80, PE;"2""";0,1;m;;0,51;kg;Contratista;CAÑERÍA;Valvulas industriales;;12/03/2026;12/03/2026;;;Enzo Santambrogio;DISPONIBLE;;0,1;;;
1.684;1;684;EWP-3351-10-PA-220;CWP-3351-10-PA-220;CWA-3351-10;PWP-3351-10-PA-220;"03351-PW-2""-C1-0025-N";;;C1;CAÑERÍA SMLS, ASTM A106 GR B, ASME B36.10, SCH 80, PE;"2""";0,33;m;;1,66;kg;Contratista;CAÑERÍA;Valvulas industriales;;12/03/2026;12/03/2026;;;Enzo Santambrogio;DISPONIBLE;;0,33;;;
1.685;1;685;EWP-3351-10-PA-220;CWP-3351-10-PA-220;CWA-3351-10;PWP-3351-10-PA-220;"03351-PW-2""-C1-0048-N";;;C1;CAÑERÍA SMLS, ASTM A106 GR B, ASME B36.10, SCH 80, PE;"2""";0,34;m;;1,69;kg;Contratista;CAÑERÍA;Valvulas industriales;;12/03/2026;12/03/2026;;;Enzo Santambrogio;DISPONIBLE;;0,34;;;
1.686;1;686;EWP-3351-10-PA-220;CWP-3351-10-PA-220;CWA-3351-10;PWP-3351-10-PA-220;"03351-PW-2""-C1-0085-N";;;C1;CAÑERÍA SMLS, ASTM A106 GR B, ASME B36.10, SCH 80, PE;"2""";0,02;m;;0,1;kg;Contratista;CAÑERÍA;Valvulas industriales;;12/03/2026;12/03/2026;;;Enzo Santambrogio;DISPONIBLE;;0,02;;;
1.687;1;687;EWP-3351-10-PA-220;CWP-3351-10-PA-220;CWA-3351-10;PWP-3351-10-PA-220;"03351-PW-2""-C1-0049-N";;;C1;CAÑERÍA SMLS, ASTM A106 GR B, ASME B36.10, SCH 80, PE;"2""";0,51;m;;2,56;kg;Contratista;CAÑERÍA;Valvulas industriales;;12/03/2026;12/03/2026;;;Enzo Santambrogio;DISPONIBLE;;0,51;;;
1.688;1;688;EWP-3351-10-PA-220;CWP-3351-10-PA-220;CWA-3351-10;PWP-3351-10-PA-220;"03351-PW-2""-C1-0026-N";;;C1;CAÑERÍA SMLS, ASTM A106 GR B, ASME B36.10, SCH 80, PE;"2""";0,13;m;;0,64;kg;Contratista;CAÑERÍA;Valvulas industriales;;12/03/2026;12/03/2026;;;Enzo Santambrogio;DISPONIBLE;;0,13;;;
1.689;1;689;EWP-3351-10-PA-220;CWP-3351-10-PA-220;CWA-3351-10;PWP-3351-10-PA-220;"03351-CT-6""-C11-0001-N";;;C11;CAÑERÍA SMLS, ASTM A106 GR B, ASME B36.10, SCH 80, PE;"2""";0,1;m;;0,51;kg;Contratista;CAÑERÍA;Valvulas industriales;;12/03/2026;12/03/2026;;;Enzo Santambrogio;DISPONIBLE;;0,1;;;
1.690;1;690;EWP-3351-10-PA-220;CWP-3351-10-PA-220;CWA-3351-10;PWP-3351-10-PA-220;"03351-PW-2""-C1-0090-N";;;C1;CAÑERÍA SMLS, ASTM A106 GR B, ASME B36.10, SCH 80,TBE;"2""";0,15;m;;0,74;kg;Contratista;CAÑERÍA;Valvulas industriales;;12/03/2026;12/03/2026;;;Enzo Santambrogio;DISPONIBLE;;0,15;;;
1.691;1;691;EWP-3351-10-PA-220;CWP-3351-10-PA-220;CWA-3351-10;PWP-3351-10-PA-220;"03351-GW-1""-C1-0033-N";;;C1;CAÑERÍA SMLS, ASTM A106 GR B, ASME B36.10, SCH 80,TBE;"3/4""";0,07;m;;0,11;kg;Contratista;CAÑERÍA;Valvulas industriales;;12/03/2026;12/03/2026;;;Enzo Santambrogio;DISPONIBLE;;0,07;;;
1.692;1;692;EWP-3351-10-PA-220;CWP-3351-10-PA-220;CWA-3351-10;PWP-3351-10-PA-220;"03351-GW-1""-C1-0043-N";;;C1;CAÑERÍA SMLS, ASTM A106 GR B, ASME B36.10, SCH 80,TBE;"1""";0,27;m;;0,58;kg;Contratista;CAÑERÍA;Valvulas industriales;;12/03/2026;12/03/2026;;;Enzo Santambrogio;DISPONIBLE;;0,27;;;
1.693;1;693;EWP-3351-10-PA-220;CWP-3351-10-PA-220;CWA-3351-10;PWP-3351-10-PA-220;"03351-PW-2""-C1-0056-N";;;C1;CAÑERÍA SMLS, ASTM A106 GR B, ASME B36.10, SCH 80,TBE;"2""";0,13;m;;0,65;kg;Contratista;CAÑERÍA;Valvulas industriales;;12/03/2026;12/03/2026;;;Enzo Santambrogio;DISPONIBLE;;0,13;;;
1.694;1;694;EWP-3351-10-PA-220;CWP-3351-10-PA-220;CWA-3351-10;PWP-3351-10-PA-220;"03351-PW-2""-C1-0039-N";;;C1;CAÑERÍA SMLS, ASTM A106 GR B, ASME B36.10, SCH 80,TBE;"2""";3,1;m;;15,61;kg;Contratista;CAÑERÍA;Valvulas industriales;;12/03/2026;12/03/2026;;;Enzo Santambrogio;DISPONIBLE;;3,1;;;
1.695;1;695;EWP-3351-10-PA-220;CWP-3351-10-PA-220;CWA-3351-10;PWP-3351-10-PA-220;"03351-PW-2""-C1-0093-N";;;C1;CAÑERÍA SMLS, ASTM A106 GR B, ASME B36.10, SCH 80,TBE;"2""";0,3;m;;1,5;kg;Contratista;CAÑERÍA;Valvulas industriales;;12/03/2026;12/03/2026;;;Enzo Santambrogio;DISPONIBLE;;0,3;;;
1.696;1;696;EWP-3351-10-PA-220;CWP-3351-10-PA-220;CWA-3351-10;PWP-3351-10-PA-220;"03351-PW-2""-C1-0025-N";;;C1;CAÑERÍA SMLS, ASTM A106 GR B, ASME B36.10, SCH 80,TBE;"2""";1,9;m;;9,55;kg;Contratista;CAÑERÍA;Valvulas industriales;;12/03/2026;12/03/2026;;;Enzo Santambrogio;DISPONIBLE;;1,9;;;
1.697;1;697;EWP-3351-10-PA-220;CWP-3351-10-PA-220;CWA-3351-10;PWP-3351-10-PA-220;"03351-PW-2""-C1-0054-N";;;C1;CAÑERÍA SMLS, ASTM A106 GR B, ASME B36.10, SCH 80,TBE;"2""";4,88;m;;24,56;kg;Contratista;CAÑERÍA;Valvulas industriales;;12/03/2026;12/03/2026;;;Enzo Santambrogio;DISPONIBLE;;4,88;;;
1.698;1;698;EWP-3351-10-PA-220;CWP-3351-10-PA-220;CWA-3351-10;PWP-3351-10-PA-220;"03351-PW-2""-C1-0088-N";;;C1;CAÑERÍA SMLS, ASTM A106 GR B, ASME B36.10, SCH 80,TBE;"2""";0,19;m;;0,94;kg;Contratista;CAÑERÍA;Valvulas industriales;;12/03/2026;12/03/2026;;;Enzo Santambrogio;DISPONIBLE;;0,19;;;
1.699;1;699;EWP-3351-10-PA-220;CWP-3351-10-PA-220;CWA-3351-10;PWP-3351-10-PA-220;"03351-GW-1""-C1-0031-N";;;C1;CAÑERÍA SMLS, ASTM A106 GR B, ASME B36.10, SCH 80,TBE;"3/4""";2;m;;2,96;kg;Contratista;CAÑERÍA;Valvulas industriales;;12/03/2026;12/03/2026;;;Enzo Santambrogio;DISPONIBLE;;2;;;
1.700;1;700;EWP-3351-10-PA-220;CWP-3351-10-PA-220;CWA-3351-10;PWP-3351-10-PA-220;"03351-GW-1""-C1-0033-N";;;C1;CAÑERÍA SMLS, ASTM A106 GR B, ASME B36.10, SCH 80,TBE;"1""";0,36;m;;0,79;kg;Contratista;CAÑERÍA;Valvulas industriales;;12/03/2026;12/03/2026;;;Enzo Santambrogio;DISPONIBLE;;0,36;;;
1.701;1;701;EWP-3351-10-PA-220;CWP-3351-10-PA-220;CWA-3351-10;PWP-3351-10-PA-220;"03351-GW-1""-C1-0036-N";;;C1;CAÑERÍA SMLS, ASTM A106 GR B, ASME B36.10, SCH 80,TBE;"1""";0,47;m;;1,03;kg;Contratista;CAÑERÍA;Valvulas industriales;;12/03/2026;12/03/2026;;;Enzo Santambrogio;DISPONIBLE;;0,47;;;
1.702;1;702;EWP-3351-10-PA-220;CWP-3351-10-PA-220;CWA-3351-10;PWP-3351-10-PA-220;"03351-PW-2""-C1-0088-N";;;C1;CAÑERÍA SMLS, ASTM A106 GR B, ASME B36.10, SCH 80,TBE;"2""";3,37;m;;16,94;kg;Contratista;CAÑERÍA;Valvulas industriales;;12/03/2026;12/03/2026;;;Enzo Santambrogio;DISPONIBLE;;3,37;;;
1.703;1;703;EWP-3351-10-PA-220;CWP-3351-10-PA-220;CWA-3351-10;PWP-3351-10-PA-220;"03351-GW-1""-C1-0035-N";;;C1;CAÑERÍA SMLS, ASTM A106 GR B, ASME B36.10, SCH 80,TBE;"1""";0,15;m;;0,33;kg;Contratista;CAÑERÍA;Valvulas industriales;;12/03/2026;12/03/2026;;;Enzo Santambrogio;DISPONIBLE;;0,15;;;
1.704;1;704;EWP-3351-10-PA-220;CWP-3351-10-PA-220;CWA-3351-10;PWP-3351-10-PA-220;"03351-PW-2""-C1-0054-N";;;C1;CAÑERÍA SMLS, ASTM A106 GR B, ASME B36.10, SCH 80,TBE;"2""";8,74;m;;43,97;kg;Contratista;CAÑERÍA;Valvulas industriales;;12/03/2026;12/03/2026;;;Enzo Santambrogio;DISPONIBLE;;8,74;;;
1.705;1;705;EWP-3351-10-PA-220;CWP-3351-10-PA-220;CWA-3351-10;PWP-3351-10-PA-220;"03351-GW-2""-C1-0095-N";;;C1;CAÑERÍA SMLS, ASTM A106 GR B, ASME B36.10, SCH 80,TBE;"2""";0,2;m;;1,01;kg;Contratista;CAÑERÍA;Valvulas industriales;;12/03/2026;12/03/2026;;;Enzo Santambrogio;DISPONIBLE;;0,2;;;
1.706;1;706;EWP-3351-10-PA-220;CWP-3351-10-PA-220;CWA-3351-10;PWP-3351-10-PA-220;"03351-GW-1""-C1-0043-N";;;C1;CAÑERÍA SMLS, ASTM A106 GR B, ASME B36.10, SCH 80,TBE;"1""";0,1;m;;0,21;kg;Contratista;CAÑERÍA;Valvulas industriales;;12/03/2026;12/03/2026;;;Enzo Santambrogio;DISPONIBLE;;0,1;;;
1.707;1;707;EWP-3351-10-PA-220;CWP-3351-10-PA-220;CWA-3351-10;PWP-3351-10-PA-220;"03351-GW-1""-C1-0032-N";;;C1;CAÑERÍA SMLS, ASTM A106 GR B, ASME B36.10, SCH 80,TBE;"1""";0,47;m;;1,03;kg;Contratista;CAÑERÍA;Valvulas industriales;;12/03/2026;12/03/2026;;;Enzo Santambrogio;DISPONIBLE;;0,47;;;
1.708;1;708;EWP-3351-10-PA-220;CWP-3351-10-PA-220;CWA-3351-10;PWP-3351-10-PA-220;"03351-GW-1""-C1-0034-N";;;C1;CAÑERÍA SMLS, ASTM A106 GR B, ASME B36.10, SCH 80,TBE;"1""";0,47;m;;1,03;kg;Contratista;CAÑERÍA;Valvulas industriales;;12/03/2026;12/03/2026;;;Enzo Santambrogio;DISPONIBLE;;0,47;;;
1.709;1;709;EWP-3351-10-PA-220;CWP-3351-10-PA-220;CWA-3351-10;PWP-3351-10-PA-220;"03351-PW-2""-C1-0039-N";;;C1;CAÑERÍA SMLS, ASTM A106 GR B, ASME B36.10, SCH 80,TBE;"2""";1,17;m;;5,91;kg;Contratista;CAÑERÍA;Valvulas industriales;;12/03/2026;12/03/2026;;;Enzo Santambrogio;DISPONIBLE;;1,17;;;
1.710;1;710;EWP-3351-10-PA-220;CWP-3351-10-PA-220;CWA-3351-10;PWP-3351-10-PA-220;"03351-GW-1""-C1-0076-N";;;C1;CAÑERÍA SMLS, ASTM A106 GR B, ASME B36.10, SCH 80,TBE;"1""";0,09;m;;0,2;kg;Contratista;CAÑERÍA;Valvulas industriales;;12/03/2026;12/03/2026;;;Enzo Santambrogio;DISPONIBLE;;0,09;;;
1.711;1;711;EWP-3351-10-PA-220;CWP-3351-10-PA-220;CWA-3351-10;PWP-3351-10-PA-220;"03351-GW-1""-C1-0043-N";;;C1;CAÑERÍA SMLS, ASTM A106 GR B, ASME B36.10, SCH 80,TBE;"1""";0,36;m;;0,77;kg;Contratista;CAÑERÍA;Valvulas industriales;;12/03/2026;12/03/2026;;;Enzo Santambrogio;DISPONIBLE;;0,36;;;
1.712;1;712;EWP-3351-10-PA-220;CWP-3351-10-PA-220;CWA-3351-10;PWP-3351-10-PA-220;"03351-GW-1""-C1-0076-N";;;C1;CAÑERÍA SMLS, ASTM A106 GR B, ASME B36.10, SCH 80,TBE;"1""";0,12;m;;0,27;kg;Contratista;CAÑERÍA;Valvulas industriales;;12/03/2026;12/03/2026;;;Enzo Santambrogio;DISPONIBLE;;0,12;;;
1.713;1;713;EWP-3351-10-PA-220;CWP-3351-10-PA-220;CWA-3351-10;PWP-3351-10-PA-220;"03351-GW-1""-C1-0075-N";;;C1;CAÑERÍA SMLS, ASTM A106 GR B, ASME B36.10, SCH 80,TBE;"1""";0,1;m;;0,22;kg;Contratista;CAÑERÍA;Valvulas industriales;;12/03/2026;12/03/2026;;;Enzo Santambrogio;DISPONIBLE;;0,1;;;
1.714;1;714;EWP-3351-10-PA-220;CWP-3351-10-PA-220;CWA-3351-10;PWP-3351-10-PA-220;"03351-PW-2""-C1-0054-N";;;C1;CAÑERÍA SMLS, ASTM A106 GR B, ASME B36.10, SCH 80,TBE;"2""";0,14;m;;0,69;kg;Contratista;CAÑERÍA;Valvulas industriales;;12/03/2026;12/03/2026;;;Enzo Santambrogio;DISPONIBLE;;0,14;;;
1.715;1;715;EWP-3351-10-PA-220;CWP-3351-10-PA-220;CWA-3351-10;PWP-3351-10-PA-220;"03351-PW-2""-C1-0039-N";;;C1;CAÑERÍA SMLS, ASTM A106 GR B, ASME B36.10, SCH 80,TBE;"2""";0,23;m;;1,17;kg;Contratista;CAÑERÍA;Valvulas industriales;;12/03/2026;12/03/2026;;;Enzo Santambrogio;DISPONIBLE;;0,23;;;
1.716;1;716;EWP-3351-10-PA-220;CWP-3351-10-PA-220;CWA-3351-10;PWP-3351-10-PA-220;"03351-GW-1""-C1-0043-N";;;C1;CAÑERÍA SMLS, ASTM A106 GR B, ASME B36.10, SCH 80,TBE;"1""";2,36;m;;5,12;kg;Contratista;CAÑERÍA;Valvulas industriales;;12/03/2026;12/03/2026;;;Enzo Santambrogio;DISPONIBLE;;2,36;;;
1.717;1;717;EWP-3351-10-PA-220;CWP-3351-10-PA-220;CWA-3351-10;PWP-3351-10-PA-220;"03351-GW-1""-C1-0043-N";;;C1;CAÑERÍA SMLS, ASTM A106 GR B, ASME B36.10, SCH 80,TBE;"1""";5,87;m;;12,74;kg;Contratista;CAÑERÍA;Valvulas industriales;;12/03/2026;12/03/2026;;;Enzo Santambrogio;DISPONIBLE;;5,87;;;
1.718;1;718;EWP-3351-10-PA-220;CWP-3351-10-PA-220;CWA-3351-10;PWP-3351-10-PA-220;"03351-PW-2""-C1-0054-N";;;C1;CAÑERÍA SMLS, ASTM A106 GR B, ASME B36.10, SCH 80,TBE;"2""";0,18;m;;0,91;kg;Contratista;CAÑERÍA;Valvulas industriales;;12/03/2026;12/03/2026;;;Enzo Santambrogio;DISPONIBLE;;0,18;;;
1.719;1;719;EWP-3351-10-PA-220;CWP-3351-10-PA-220;CWA-3351-10;PWP-3351-10-PA-220;"03351-PW-2""-C1-0093-N";;;C1;CAÑERÍA SMLS, ASTM A106 GR B, ASME B36.10, SCH 80,TBE;"2""";0,5;m;;2,52;kg;Contratista;CAÑERÍA;Valvulas industriales;;12/03/2026;12/03/2026;;;Enzo Santambrogio;DISPONIBLE;;0,5;;;
1.720;1;720;EWP-3351-10-PA-220;CWP-3351-10-PA-220;CWA-3351-10;PWP-3351-10-PA-220;"03351-GW-1""-C1-0043-N";;;C1;CAÑERÍA SMLS, ASTM A106 GR B, ASME B36.10, SCH 80,TBE;"1""";5,78;m;;12,54;kg;Contratista;CAÑERÍA;Valvulas industriales;;12/03/2026;12/03/2026;;;Enzo Santambrogio;DISPONIBLE;;5,78;;;
1.721;1;721;EWP-3351-10-PA-220;CWP-3351-10-PA-220;CWA-3351-10;PWP-3351-10-PA-220;"03351-GW-1""-C1-0032-N";;;C1;CAÑERÍA SMLS, ASTM A106 GR B, ASME B36.10, SCH 80,TBE;"1""";0,33;m;;0,71;kg;Contratista;CAÑERÍA;Valvulas industriales;;12/03/2026;12/03/2026;;;Enzo Santambrogio;DISPONIBLE;;0,33;;;
1.722;1;722;EWP-3351-10-PA-220;CWP-3351-10-PA-220;CWA-3351-10;PWP-3351-10-PA-220;"03351-GW-1""-C1-0043-N";;;C1;CAÑERÍA SMLS, ASTM A106 GR B, ASME B36.10, SCH 80,TBE;"1""";5,2;m;;11,28;kg;Contratista;CAÑERÍA;Valvulas industriales;;12/03/2026;12/03/2026;;;Enzo Santambrogio;DISPONIBLE;;5,2;;;
1.723;1;723;EWP-3351-10-PA-220;CWP-3351-10-PA-220;CWA-3351-10;PWP-3351-10-PA-220;"03351-PW-2""-C1-0054-N";;;C1;CAÑERÍA SMLS, ASTM A106 GR B, ASME B36.10, SCH 80,TBE;"2""";0,37;m;;1,84;kg;Contratista;CAÑERÍA;Valvulas industriales;;12/03/2026;12/03/2026;;;Enzo Santambrogio;DISPONIBLE;;0,37;;;
1.724;1;724;EWP-3351-10-PA-220;CWP-3351-10-PA-220;CWA-3351-10;PWP-3351-10-PA-220;"03351-PW-2""-C1-0025-N";;;C1;CAÑERÍA SMLS, ASTM A106 GR B, ASME B36.10, SCH 80,TBE;"2""";0,21;m;;1,06;kg;Contratista;CAÑERÍA;Valvulas industriales;;12/03/2026;12/03/2026;;;Enzo Santambrogio;DISPONIBLE;;0,21;;;
1.725;1;725;EWP-3351-10-PA-220;CWP-3351-10-PA-220;CWA-3351-10;PWP-3351-10-PA-220;"03351-GW-1""-C1-0031-N";;;C1;CAÑERÍA SMLS, ASTM A106 GR B, ASME B36.10, SCH 80,TBE;"3/4""";0,09;m;;0,13;kg;Contratista;CAÑERÍA;Valvulas industriales;;12/03/2026;12/03/2026;;;Enzo Santambrogio;DISPONIBLE;;0,09;;;
1.726;1;726;EWP-3351-10-PA-220;CWP-3351-10-PA-220;CWA-3351-10;PWP-3351-10-PA-220;"03351-GW-1""-C1-0035-N";;;C1;CAÑERÍA SMLS, ASTM A106 GR B, ASME B36.10, SCH 80,TBE;"3/4""";0,07;m;;0,11;kg;Contratista;CAÑERÍA;Valvulas industriales;;12/03/2026;12/03/2026;;;Enzo Santambrogio;DISPONIBLE;;0,07;;;
1.727;1;727;EWP-3351-10-PA-220;CWP-3351-10-PA-220;CWA-3351-10;PWP-3351-10-PA-220;"03351-GW-1""-C1-0033-N";;;C1;CAÑERÍA SMLS, ASTM A106 GR B, ASME B36.10, SCH 80,TBE;"3/4""";0,09;m;;0,13;kg;Contratista;CAÑERÍA;Valvulas industriales;;12/03/2026;12/03/2026;;;Enzo Santambrogio;DISPONIBLE;;0,09;;;
1.728;1;728;EWP-3351-10-PA-220;CWP-3351-10-PA-220;CWA-3351-10;PWP-3351-10-PA-220;"03351-PW-2""-C1-0039-N";;;C1;CAÑERÍA SMLS, ASTM A106 GR B, ASME B36.10, SCH 80,TBE;"2""";0,3;m;;1,5;kg;Contratista;CAÑERÍA;Valvulas industriales;;12/03/2026;12/03/2026;;;Enzo Santambrogio;DISPONIBLE;;0,3;;;
1.729;1;729;EWP-3351-10-PA-220;CWP-3351-10-PA-220;CWA-3351-10;PWP-3351-10-PA-220;"03351-PW-2""-C1-0014-N";;;C1;CAÑERÍA SMLS, ASTM A106 GR B, ASME B36.10, SCH 80,TBE;"2""";4,53;m;;22,77;kg;Contratista;CAÑERÍA;Valvulas industriales;;12/03/2026;12/03/2026;;;Enzo Santambrogio;DISPONIBLE;;4,53;;;
1.730;1;730;EWP-3351-10-PA-220;CWP-3351-10-PA-220;CWA-3351-10;PWP-3351-10-PA-220;"03351-PW-2""-C1-0089-N";;;C1;CAÑERÍA SMLS, ASTM A106 GR B, ASME B36.10, SCH 80,TBE;"2""";0,19;m;;0,94;kg;Contratista;CAÑERÍA;Valvulas industriales;;12/03/2026;12/03/2026;;;Enzo Santambrogio;DISPONIBLE;;0,19;;;
1.731;1;731;EWP-3351-10-PA-220;CWP-3351-10-PA-220;CWA-3351-10;PWP-3351-10-PA-220;"03351-GW-1""-C1-0033-N";;;C1;CAÑERÍA SMLS, ASTM A106 GR B, ASME B36.10, SCH 80,TBE;"1""";0,15;m;;0,33;kg;Contratista;CAÑERÍA;Valvulas industriales;;12/03/2026;12/03/2026;;;Enzo Santambrogio;DISPONIBLE;;0,15;;;
1.732;1;732;EWP-3351-10-PA-220;CWP-3351-10-PA-220;CWA-3351-10;PWP-3351-10-PA-220;"03351-GW-1""-C1-0075-N";;;C1;CAÑERÍA SMLS, ASTM A106 GR B, ASME B36.10, SCH 80,TBE;"1""";0,21;m;;0,46;kg;Contratista;CAÑERÍA;Valvulas industriales;;12/03/2026;12/03/2026;;;Enzo Santambrogio;DISPONIBLE;;0,21;;;
1.733;1;733;EWP-3351-10-PA-220;CWP-3351-10-PA-220;CWA-3351-10;PWP-3351-10-PA-220;"03351-PW-2""-C1-0025-N";;;C1;CAÑERÍA SMLS, ASTM A106 GR B, ASME B36.10, SCH 80,TBE;"2""";0,23;m;;1,16;kg;Contratista;CAÑERÍA;Valvulas industriales;;12/03/2026;12/03/2026;;;Enzo Santambrogio;DISPONIBLE;;0,23;;;
1.734;1;734;EWP-3351-10-PA-220;CWP-3351-10-PA-220;CWA-3351-10;PWP-3351-10-PA-220;"03351-GW-1""-C1-0035-N";;;C1;CAÑERÍA SMLS, ASTM A106 GR B, ASME B36.10, SCH 80,TBE;"3/4""";0,09;m;;0,13;kg;Contratista;CAÑERÍA;Valvulas industriales;;12/03/2026;12/03/2026;;;Enzo Santambrogio;DISPONIBLE;;0,09;;;
1.735;1;735;EWP-3351-10-PA-220;CWP-3351-10-PA-220;CWA-3351-10;PWP-3351-10-PA-220;"03351-PW-2""-C1-0054-N";;;C1;CAÑERÍA SMLS, ASTM A106 GR B, ASME B36.10, SCH 80,TBE;"2""";2,89;m;;14,53;kg;Contratista;CAÑERÍA;Valvulas industriales;;12/03/2026;12/03/2026;;;Enzo Santambrogio;DISPONIBLE;;2,89;;;
1.736;1;736;EWP-3351-10-PA-220;CWP-3351-10-PA-220;CWA-3351-10;PWP-3351-10-PA-220;"03351-PW-2""-C1-0054-N";;;C1;CAÑERÍA SMLS, ASTM A106 GR B, ASME B36.10, SCH 80,TBE;"2""";0,19;m;;0,94;kg;Contratista;CAÑERÍA;Valvulas industriales;;12/03/2026;12/03/2026;;;Enzo Santambrogio;DISPONIBLE;;0,19;;;
1.737;1;737;EWP-3351-10-PA-220;CWP-3351-10-PA-220;CWA-3351-10;PWP-3351-10-PA-220;"03351-GW-1""-C1-0036-N";;;C1;CAÑERÍA SMLS, ASTM A106 GR B, ASME B36.10, SCH 80,TBE;"1""";0,47;m;;1,03;kg;Contratista;CAÑERÍA;Valvulas industriales;;12/03/2026;12/03/2026;;;Enzo Santambrogio;DISPONIBLE;;0,47;;;
1.738;1;738;EWP-3351-10-PA-220;CWP-3351-10-PA-220;CWA-3351-10;PWP-3351-10-PA-220;"03351-GW-1""-C1-0033-N";;;C1;CAÑERÍA SMLS, ASTM A106 GR B, ASME B36.10, SCH 80,TBE;"3/4""";0,09;m;;0,13;kg;Contratista;CAÑERÍA;Valvulas industriales;;12/03/2026;12/03/2026;;;Enzo Santambrogio;DISPONIBLE;;0,09;;;
1.739;1;739;EWP-3351-10-PA-220;CWP-3351-10-PA-220;CWA-3351-10;PWP-3351-10-PA-220;"03351-PW-2""-C1-0054-N";;;C1;CAÑERÍA SMLS, ASTM A106 GR B, ASME B36.10, SCH 80,TBE;"2""";0,18;m;;0,88;kg;Contratista;CAÑERÍA;Valvulas industriales;;12/03/2026;12/03/2026;;;Enzo Santambrogio;DISPONIBLE;;0,18;;;
1.740;1;740;EWP-3351-10-PA-220;CWP-3351-10-PA-220;CWA-3351-10;PWP-3351-10-PA-220;"03351-PW-2""-C1-0039-N";;;C1;CAÑERÍA SMLS, ASTM A106 GR B, ASME B36.10, SCH 80,TBE;"2""";0,3;m;;1,51;kg;Contratista;CAÑERÍA;Valvulas industriales;;12/03/2026;12/03/2026;;;Enzo Santambrogio;DISPONIBLE;;0,3;;;
1.741;1;741;EWP-3351-10-PA-220;CWP-3351-10-PA-220;CWA-3351-10;PWP-3351-10-PA-220;"03351-GW-1""-C1-0035-N";;;C1;CAÑERÍA SMLS, ASTM A106 GR B, ASME B36.10, SCH 80,TBE;"1""";1,85;m;;4,01;kg;Contratista;CAÑERÍA;Valvulas industriales;;12/03/2026;12/03/2026;;;Enzo Santambrogio;DISPONIBLE;;1,85;;;
1.742;1;742;EWP-3351-10-PA-220;CWP-3351-10-PA-220;CWA-3351-10;PWP-3351-10-PA-220;"03351-GW-1""-C1-0043-N";;;C1;CAÑERÍA SMLS, ASTM A106 GR B, ASME B36.10, SCH 80,TBE;"1""";4,2;m;;9,12;kg;Contratista;CAÑERÍA;Valvulas industriales;;12/03/2026;12/03/2026;;;Enzo Santambrogio;DISPONIBLE;;4,2;;;
1.743;1;743;EWP-3351-10-PA-220;CWP-3351-10-PA-220;CWA-3351-10;PWP-3351-10-PA-220;"03351-GW-1""-C1-0031-N";;;C1;CAÑERÍA SMLS, ASTM A106 GR B, ASME B36.10, SCH 80,TBE;"3/4""";0,07;m;;0,11;kg;Contratista;CAÑERÍA;Valvulas industriales;;12/03/2026;12/03/2026;;;Enzo Santambrogio;DISPONIBLE;;0,07;;;
1.744;1;744;EWP-3351-10-PA-220;CWP-3351-10-PA-220;CWA-3351-10;PWP-3351-10-PA-220;"03351-GW-2""-C1-0042-N";;;C1;CAÑERÍA SMLS, ASTM A106 GR B, ASME B36.10, SCH 80,TBE;"2""";0,12;m;;0,58;kg;Contratista;CAÑERÍA;Valvulas industriales;;12/03/2026;12/03/2026;;;Enzo Santambrogio;DISPONIBLE;;0,12;;;
1.745;1;745;EWP-3351-10-PA-220;CWP-3351-10-PA-220;CWA-3351-10;PWP-3351-10-PA-220;"03351-GW-1""-C1-0033-N";;;C1;CAÑERÍA SMLS, ASTM A106 GR B, ASME B36.10, SCH 80,TBE;"1""";0,07;m;;0,14;kg;Contratista;CAÑERÍA;Valvulas industriales;;12/03/2026;12/03/2026;;;Enzo Santambrogio;DISPONIBLE;;0,07;;;
1.746;1;746;EWP-3351-10-PA-220;CWP-3351-10-PA-220;CWA-3351-10;PWP-3351-10-PA-220;"03351-GW-1""-C1-0043-N";;;C1;CAÑERÍA SMLS, ASTM A106 GR B, ASME B36.10, SCH 80,TBE;"1""";4,3;m;;9,33;kg;Contratista;CAÑERÍA;Valvulas industriales;;12/03/2026;12/03/2026;;;Enzo Santambrogio;DISPONIBLE;;4,3;;;
1.747;1;747;EWP-3351-10-PA-220;CWP-3351-10-PA-220;CWA-3351-10;PWP-3351-10-PA-220;"03351-PW-2""-C1-0039-N";;;C1;CAÑERÍA SMLS, ASTM A106 GR B, ASME B36.10, SCH 80,TBE;"2""";1,35;m;;6,81;kg;Contratista;CAÑERÍA;Valvulas industriales;;12/03/2026;12/03/2026;;;Enzo Santambrogio;DISPONIBLE;;1,35;;;
1.748;1;748;EWP-3351-10-PA-220;CWP-3351-10-PA-220;CWA-3351-10;PWP-3351-10-PA-220;"03351-GW-1""-C1-0035-N";;;C1;CAÑERÍA SMLS, ASTM A106 GR B, ASME B36.10, SCH 80,TBE;"1""";0,81;m;;1,77;kg;Contratista;CAÑERÍA;Valvulas industriales;;12/03/2026;12/03/2026;;;Enzo Santambrogio;DISPONIBLE;;0,81;;;
1.749;1;749;EWP-3351-10-PA-220;CWP-3351-10-PA-220;CWA-3351-10;PWP-3351-10-PA-220;"03351-PW-2""-C1-0039-N";;;C1;CAÑERÍA SMLS, ASTM A106 GR B, ASME B36.10, SCH 80,TBE;"2""";0,37;m;;1,89;kg;Contratista;CAÑERÍA;Valvulas industriales;;12/03/2026;12/03/2026;;;Enzo Santambrogio;DISPONIBLE;;0,37;;;
1.750;1;750;EWP-3351-10-PA-220;CWP-3351-10-PA-220;CWA-3351-10;PWP-3351-10-PA-220;"03351-PW-2""-C1-0039-N";;;C1;CAÑERÍA SMLS, ASTM A106 GR B, ASME B36.10, SCH 80,TBE;"2""";0,2;m;;1;kg;Contratista;CAÑERÍA;Valvulas industriales;;12/03/2026;12/03/2026;;;Enzo Santambrogio;DISPONIBLE;;0,2;;;
1.751;1;751;EWP-3351-10-PA-220;CWP-3351-10-PA-220;CWA-3351-10;PWP-3351-10-PA-220;"03351-GW-1""-C1-0033-N";;;C1;CAÑERÍA SMLS, ASTM A106 GR B, ASME B36.10, SCH 80,TBE;"3/4""";0,09;m;;0,13;kg;Contratista;CAÑERÍA;Valvulas industriales;;12/03/2026;12/03/2026;;;Enzo Santambrogio;DISPONIBLE;;0,09;;;
1.752;1;752;EWP-3351-10-PA-220;CWP-3351-10-PA-220;CWA-3351-10;PWP-3351-10-PA-220;"03351-PW-2""-C1-0055-N";;;C1;CAÑERÍA SMLS, ASTM A106 GR B, ASME B36.10, SCH 80,TBE;"2""";0,1;m;;0,5;kg;Contratista;CAÑERÍA;Valvulas industriales;;12/03/2026;12/03/2026;;;Enzo Santambrogio;DISPONIBLE;;0,1;;;
1.753;1;753;EWP-3351-10-PA-220;CWP-3351-10-PA-220;CWA-3351-10;PWP-3351-10-PA-220;"03351-PW-2""-C1-0028-N";;;C1;CAÑERÍA SMLS, ASTM A106 GR B, ASME B36.10, SCH 80,TBE;"2""";0,14;m;;0,72;kg;Contratista;CAÑERÍA;Valvulas industriales;;12/03/2026;12/03/2026;;;Enzo Santambrogio;DISPONIBLE;;0,14;;;
1.754;1;754;EWP-3351-10-PA-220;CWP-3351-10-PA-220;CWA-3351-10;PWP-3351-10-PA-220;"03351-GW-1""-C1-0035-N";;;C1;CAÑERÍA SMLS, ASTM A106 GR B, ASME B36.10, SCH 80,TBE;"3/4""";2;m;;2,96;kg;Contratista;CAÑERÍA;Valvulas industriales;;12/03/2026;12/03/2026;;;Enzo Santambrogio;DISPONIBLE;;2;;;
1.755;1;755;EWP-3351-10-PA-220;CWP-3351-10-PA-220;CWA-3351-10;PWP-3351-10-PA-220;"03351-PW-2""-C1-0081-N";;;C1;CAÑERÍA SMLS, ASTM A106 GR B, ASME B36.10, SCH 80,TBE;"2""";0,4;m;;2,01;kg;Contratista;CAÑERÍA;Valvulas industriales;;12/03/2026;12/03/2026;;;Enzo Santambrogio;DISPONIBLE;;0,4;;;
1.756;1;756;EWP-3351-10-PA-220;CWP-3351-10-PA-220;CWA-3351-10;PWP-3351-10-PA-220;"03351-PW-2""-C1-0014-N";;;C1;CAÑERÍA SMLS, ASTM A106 GR B, ASME B36.10, SCH 80,TBE;"2""";0,24;m;;1,2;kg;Contratista;CAÑERÍA;Valvulas industriales;;12/03/2026;12/03/2026;;;Enzo Santambrogio;DISPONIBLE;;0,24;;;
1.757;1;757;EWP-3351-10-PA-220;CWP-3351-10-PA-220;CWA-3351-10;PWP-3351-10-PA-220;"03351-GW-1""-C1-0043-N";;;C1;CAÑERÍA SMLS, ASTM A106 GR B, ASME B36.10, SCH 80,TBE;"1""";0,07;m;;0,16;kg;Contratista;CAÑERÍA;Valvulas industriales;;12/03/2026;12/03/2026;;;Enzo Santambrogio;DISPONIBLE;;0,07;;;
1.758;1;758;EWP-3351-10-PA-220;CWP-3351-10-PA-220;CWA-3351-10;PWP-3351-10-PA-220;"03351-GW-1""-C1-0035-N";;;C1;CAÑERÍA SMLS, ASTM A106 GR B, ASME B36.10, SCH 80,TBE;"3/4""";0,09;m;;0,13;kg;Contratista;CAÑERÍA;Valvulas industriales;;12/03/2026;12/03/2026;;;Enzo Santambrogio;DISPONIBLE;;0,09;;;
1.759;1;759;EWP-3351-10-PA-220;CWP-3351-10-PA-220;CWA-3351-10;PWP-3351-10-PA-220;"03351-GW-1""-C1-0032-N";;;C1;CAÑERÍA SMLS, ASTM A106 GR B, ASME B36.10, SCH 80,TBE;"1""";0,47;m;;1,03;kg;Contratista;CAÑERÍA;Valvulas industriales;;12/03/2026;12/03/2026;;;Enzo Santambrogio;DISPONIBLE;;0,47;;;
1.760;1;760;EWP-3351-10-PA-220;CWP-3351-10-PA-220;CWA-3351-10;PWP-3351-10-PA-220;"03351-PW-2""-C1-0088-N";;;C1;CAÑERÍA SMLS, ASTM A106 GR B, ASME B36.10, SCH 80,TBE;"2""";0,19;m;;0,94;kg;Contratista;CAÑERÍA;Valvulas industriales;;12/03/2026;12/03/2026;;;Enzo Santambrogio;DISPONIBLE;;0,19;;;
1.761;1;761;EWP-3351-10-PA-220;CWP-3351-10-PA-220;CWA-3351-10;PWP-3351-10-PA-220;"03351-GW-1""-C1-0033-N";;;C1;CAÑERÍA SMLS, ASTM A106 GR B, ASME B36.10, SCH 80,TBE;"3/4""";2;m;;2,96;kg;Contratista;CAÑERÍA;Valvulas industriales;;12/03/2026;12/03/2026;;;Enzo Santambrogio;DISPONIBLE;;2;;;
1.762;1;762;EWP-3351-10-PA-220;CWP-3351-10-PA-220;CWA-3351-10;PWP-3351-10-PA-220;"03351-PW-2""-C1-0056-N";;;C1;CAÑERÍA SMLS, ASTM A106 GR B, ASME B36.10, SCH 80,TBE;"2""";13,87;m;;69,78;kg;Contratista;CAÑERÍA;Valvulas industriales;;12/03/2026;12/03/2026;;;Enzo Santambrogio;DISPONIBLE;;13,87;;;
1.763;1;763;EWP-3351-10-PA-220;CWP-3351-10-PA-220;CWA-3351-10;PWP-3351-10-PA-220;"03351-GW-1""-C1-0034-N";;;C1;CAÑERÍA SMLS, ASTM A106 GR B, ASME B36.10, SCH 80,TBE;"1""";0,47;m;;1,03;kg;Contratista;CAÑERÍA;Valvulas industriales;;12/03/2026;12/03/2026;;;Enzo Santambrogio;DISPONIBLE;;0,47;;;
1.764;1;764;EWP-3351-10-PA-220;CWP-3351-10-PA-220;CWA-3351-10;PWP-3351-10-PA-220;"03351-GW-1""-C1-0076-N";;;C1;CAÑERÍA SMLS, ASTM A106 GR B, ASME B36.10, SCH 80,TBE;"1""";0,1;m;;0,21;kg;Contratista;CAÑERÍA;Valvulas industriales;;12/03/2026;12/03/2026;;;Enzo Santambrogio;DISPONIBLE;;0,1;;;
1.765;1;765;EWP-3351-10-PA-220;CWP-3351-10-PA-220;CWA-3351-10;PWP-3351-10-PA-220;"03351-PW-2""-C1-0054-N";;;C1;CAÑERÍA SMLS, ASTM A106 GR B, ASME B36.10, SCH 80,TBE;"2""";0,5;m;;2,53;kg;Contratista;CAÑERÍA;Valvulas industriales;;12/03/2026;12/03/2026;;;Enzo Santambrogio;DISPONIBLE;;0,5;;;
1.766;1;766;EWP-3351-10-PA-220;CWP-3351-10-PA-220;CWA-3351-10;PWP-3351-10-PA-220;"03351-PW-2""-C1-0014-N";;;C1;CAÑERÍA SMLS, ASTM A106 GR B, ASME B36.10, SCH 80,TBE;"2""";0,46;m;;2,31;kg;Contratista;CAÑERÍA;Valvulas industriales;;12/03/2026;12/03/2026;;;Enzo Santambrogio;DISPONIBLE;;0,46;;;
1.767;1;767;EWP-3351-10-PA-220;CWP-3351-10-PA-220;CWA-3351-10;PWP-3351-10-PA-220;"03351-GW-2""-C1-0041-N";;;C1;CAÑERÍA SMLS, ASTM A106 GR B, ASME B36.10, SCH 80,TBE;"2""";0,11;m;;0,57;kg;Contratista;CAÑERÍA;Valvulas industriales;;12/03/2026;12/03/2026;;;Enzo Santambrogio;DISPONIBLE;;0,11;;;
1.768;1;768;EWP-3351-10-PA-220;CWP-3351-10-PA-220;CWA-3351-10;PWP-3351-10-PA-220;"03351-PW-2""-C1-0025-N";;;C1;CAÑERÍA SMLS, ASTM A106 GR B, ASME B36.10, SCH 80,TBE;"2""";7,49;m;;37,69;kg;Contratista;CAÑERÍA;Valvulas industriales;;12/03/2026;12/03/2026;;;Enzo Santambrogio;DISPONIBLE;;7,49;;;
1.769;1;769;EWP-3351-10-PA-220;CWP-3351-10-PA-220;CWA-3351-10;PWP-3351-10-PA-220;"03351-PW-2""-C1-0014-N";;;C1;CAÑERÍA SMLS, ASTM A106 GR B, ASME B36.10, SCH 80,TBE;"2""";0,76;m;;3,8;kg;Contratista;CAÑERÍA;Valvulas industriales;;12/03/2026;12/03/2026;;;Enzo Santambrogio;DISPONIBLE;;0,76;;;
1.770;1;770;EWP-3351-10-PA-220;CWP-3351-10-PA-220;CWA-3351-10;PWP-3351-10-PA-220;"03351-PW-2""-C1-0051-N";;;C1;CAÑERÍA SMLS, ASTM A106 GR B, ASME B36.10, SCH 80,TBE;"2""";0,2;m;;1,01;kg;Contratista;CAÑERÍA;Valvulas industriales;;12/03/2026;12/03/2026;;;Enzo Santambrogio;DISPONIBLE;;0,2;;;
1.771;1;771;EWP-3351-10-PA-220;CWP-3351-10-PA-220;CWA-3351-10;PWP-3351-10-PA-220;"03351-GW-1""-C1-0031-N";;;C1;CAÑERÍA SMLS, ASTM A106 GR B, ASME B36.10, SCH 80,TBE;"1""";0,15;m;;0,33;kg;Contratista;CAÑERÍA;Valvulas industriales;;12/03/2026;12/03/2026;;;Enzo Santambrogio;DISPONIBLE;;0,15;;;
1.772;1;772;EWP-3351-10-PA-220;CWP-3351-10-PA-220;CWA-3351-10;PWP-3351-10-PA-220;"03351-GW-1""-C1-0031-N";;;C1;CAÑERÍA SMLS, ASTM A106 GR B, ASME B36.10, SCH 80,TBE;"3/4""";0,09;m;;0,13;kg;Contratista;CAÑERÍA;Valvulas industriales;;12/03/2026;12/03/2026;;;Enzo Santambrogio;DISPONIBLE;;0,09;;;
1.773;1;773;EWP-3351-10-PA-220;CWP-3351-10-PA-220;CWA-3351-10;PWP-3351-10-PA-220;"03351-GW-1""-C1-0043-N";;;C1;CAÑERÍA SMLS, ASTM A106 GR B, ASME B36.10, SCH 80,TBE;"1""";8,54;m;;18,54;kg;Contratista;CAÑERÍA;Valvulas industriales;;12/03/2026;12/03/2026;;;Enzo Santambrogio;DISPONIBLE;;8,54;;;
1.774;1;774;EWP-3351-10-PA-220;CWP-3351-10-PA-220;CWA-3351-10;PWP-3351-10-PA-220;"03351-GW-1""-C1-0031-N";;;C1;CAÑERÍA SMLS, ASTM A106 GR B, ASME B36.10, SCH 80,TBE;"1""";0,07;m;;0,14;kg;Contratista;CAÑERÍA;Valvulas industriales;;12/03/2026;12/03/2026;;;Enzo Santambrogio;DISPONIBLE;;0,07;;;
1.775;1;775;EWP-3351-10-PA-220;CWP-3351-10-PA-220;CWA-3351-10;PWP-3351-10-PA-220;"03351-PW-2""-C1-0093-N";;;C1;CAÑERÍA SMLS, ASTM A106 GR B, ASME B36.10, SCH 80,TBE;"2""";0,86;m;;4,32;kg;Contratista;CAÑERÍA;Valvulas industriales;;12/03/2026;12/03/2026;;;Enzo Santambrogio;DISPONIBLE;;0,86;;;
1.776;1;776;EWP-3351-10-PA-220;CWP-3351-10-PA-220;CWA-3351-10;PWP-3351-10-PA-220;"03351-PW-2""-C1-0026-N";;;C1;CAÑERÍA SMLS, ASTM A106 GR B, ASME B36.10, SCH 80,TBE;"2""";0,47;m;;2,37;kg;Contratista;CAÑERÍA;Valvulas industriales;;12/03/2026;12/03/2026;;;Enzo Santambrogio;DISPONIBLE;;0,47;;;
1.777;1;777;EWP-3351-10-PA-220;CWP-3351-10-PA-220;CWA-3351-10;PWP-3351-10-PA-220;"03351-GW-1""-C1-0043-N";;;C1;CAÑERÍA SMLS, ASTM A106 GR B, ASME B36.10, SCH 80,TBE;"1""";3,12;m;;6,76;kg;Contratista;CAÑERÍA;Valvulas industriales;;12/03/2026;12/03/2026;;;Enzo Santambrogio;DISPONIBLE;;3,12;;;
1.778;1;778;EWP-3351-10-PA-220;CWP-3351-10-PA-220;CWA-3351-10;PWP-3351-10-PA-220;"03351-PW-2""-C1-0090-N";;;C1;CAÑERÍA SMLS, ASTM A106 GR B, ASME B36.10, SCH 80,TBE;"2""";0,13;m;;0,63;kg;Contratista;CAÑERÍA;Valvulas industriales;;12/03/2026;12/03/2026;;;Enzo Santambrogio;DISPONIBLE;;0,13;;;
1.779;1;779;EWP-3351-10-PA-220;CWP-3351-10-PA-220;CWA-3351-10;PWP-3351-10-PA-220;"03351-GW-1""-C1-0031-N";;;C1;CAÑERÍA SMLS, ASTM A106 GR B, ASME B36.10, SCH 80,TBE;"3/4""";0,09;m;;0,13;kg;Contratista;CAÑERÍA;Valvulas industriales;;12/03/2026;12/03/2026;;;Enzo Santambrogio;DISPONIBLE;;0,09;;;
1.780;1;780;EWP-3351-10-PA-220;CWP-3351-10-PA-220;CWA-3351-10;PWP-3351-10-PA-220;"03351-PW-2""-C1-0093-N";;;C1;CAÑERÍA SMLS, ASTM A106 GR B, ASME B36.10, SCH 80,TBE;"2""";0,5;m;;2,52;kg;Contratista;CAÑERÍA;Valvulas industriales;;12/03/2026;12/03/2026;;;Enzo Santambrogio;DISPONIBLE;;0,5;;;
1.781;1;781;EWP-3351-10-PA-220;CWP-3351-10-PA-220;CWA-3351-10;PWP-3351-10-PA-220;"03351-GW-1""-C1-0043-N";;;C1;CAÑERÍA SMLS, ASTM A106 GR B, ASME B36.10, SCH 80,TBE;"1""";8,44;m;;18,32;kg;Contratista;CAÑERÍA;Valvulas industriales;;12/03/2026;12/03/2026;;;Enzo Santambrogio;DISPONIBLE;;8,44;;;
1.782;1;782;EWP-3351-10-PA-220;CWP-3351-10-PA-220;CWA-3351-10;PWP-3351-10-PA-220;"03351-GW-1""-C1-0043-N";;;C1;CAÑERÍA SMLS, ASTM A106 GR B, ASME B36.10, SCH 80,TBE;"1""";0,87;m;;1,88;kg;Contratista;CAÑERÍA;Valvulas industriales;;12/03/2026;12/03/2026;;;Enzo Santambrogio;DISPONIBLE;;0,87;;;
1.783;1;783;EWP-3351-10-PA-220;CWP-3351-10-PA-220;CWA-3351-10;PWP-3351-10-PA-220;"03351-GW-1""-C1-0035-N";;;C1;CAÑERÍA SMLS, ASTM A106 GR B, ASME B36.10, SCH 80,TBE;"1""";0,07;m;;0,14;kg;Contratista;CAÑERÍA;Valvulas industriales;;12/03/2026;12/03/2026;;;Enzo Santambrogio;DISPONIBLE;;0,07;;;
1.784;1;784;EWP-3351-10-PA-220;CWP-3351-10-PA-220;CWA-3351-10;PWP-3351-10-PA-220;"03351-PW-2""-C1-0039-N";;;C1;CAÑERÍA SMLS, ASTM A106 GR B, ASME B36.10, SCH 80,TBE;"2""";0,28;m;;1,42;kg;Contratista;CAÑERÍA;Valvulas industriales;;12/03/2026;12/03/2026;;;Enzo Santambrogio;DISPONIBLE;;0,28;;;
1.785;1;785;EWP-3351-10-PA-220;CWP-3351-10-PA-220;CWA-3351-10;PWP-3351-10-PA-220;"03351-PW-2""-C1-0025-N";;;C1;CAÑERÍA SMLS, ASTM A106 GR B, ASME B36.10, SCH 80,TBE;"2""";0,13;m;;0,64;kg;Contratista;CAÑERÍA;Valvulas industriales;;12/03/2026;12/03/2026;;;Enzo Santambrogio;DISPONIBLE;;0,13;;;
1.786;1;786;EWP-3351-10-PA-220;CWP-3351-10-PA-220;CWA-3351-10;PWP-3351-10-PA-220;"03351-PW-2""-C1-0090-N";;;C1;CAÑERÍA SMLS, ASTM A106 GR B, ASME B36.10, SCH 80,TBE;"2""";1,33;m;;6,67;kg;Contratista;CAÑERÍA;Valvulas industriales;;12/03/2026;12/03/2026;;;Enzo Santambrogio;DISPONIBLE;;1,33;;;
1.787;1;787;EWP-3351-10-PA-220;CWP-3351-10-PA-220;CWA-3351-10;PWP-3351-10-PA-220;"03351-PW-2""-C1-0054-N";;;C1;CAÑERÍA SMLS, ASTM A106 GR B, ASME B36.10, SCH 80,TBE;"2""";0,15;m;;0,75;kg;Contratista;CAÑERÍA;Valvulas industriales;;12/03/2026;12/03/2026;;;Enzo Santambrogio;DISPONIBLE;;0,15;;;
1.788;1;788;EWP-3351-10-PA-220;CWP-3351-10-PA-220;CWA-3351-10;PWP-3351-10-PA-220;"03351-PW-2""-C1-0039-N";;;C1;CAÑERÍA SMLS, ASTM A106 GR B, ASME B36.10, SCH 80,TBE;"2""";0,38;m;;1,9;kg;Contratista;CAÑERÍA;Valvulas industriales;;12/03/2026;12/03/2026;;;Enzo Santambrogio;DISPONIBLE;;0,38;;;
1.789;1;789;EWP-3351-10-PA-220;CWP-3351-10-PA-220;CWA-3351-10;PWP-3351-10-PA-220;"03351-PW-2""-C1-0014-N";;;C1;CAÑERÍA SMLS, ASTM A106 GR B, ASME B36.10, SCH 80,TBE;"2""";0,89;m;;4,5;kg;Contratista;CAÑERÍA;Valvulas industriales;;12/03/2026;12/03/2026;;;Enzo Santambrogio;DISPONIBLE;;0,89;;;
1.790;1;790;EWP-3351-10-PA-220;CWP-3351-10-PA-220;CWA-3351-10;PWP-3351-10-PA-220;"03351-GW-1""-C1-0043-N";;;C1;CAÑERÍA SMLS, ASTM A106 GR B, ASME B36.10, SCH 80,TBE;"1""";0,41;m;;0,88;kg;Contratista;CAÑERÍA;Valvulas industriales;;12/03/2026;12/03/2026;;;Enzo Santambrogio;DISPONIBLE;;0,41;;;
1.791;1;791;EWP-3351-10-PA-220;CWP-3351-10-PA-220;CWA-3351-10;PWP-3351-10-PA-220;"03351-PW-2""-C1-0039-N";;;C1;CAÑERÍA SMLS, ASTM A106 GR B, ASME B36.10, SCH 80,TBE;"2""";0,96;m;;4,84;kg;Contratista;CAÑERÍA;Valvulas industriales;;12/03/2026;12/03/2026;;;Enzo Santambrogio;DISPONIBLE;;0,96;;;
1.792;1;792;EWP-3351-10-PA-220;CWP-3351-10-PA-220;CWA-3351-10;PWP-3351-10-PA-220;"03351-PW-2""-C1-0055-N";;;C1;CAÑERÍA SMLS, ASTM A106 GR B, ASME B36.10, SCH 80,TBE;"2""";0,26;m;;1,33;kg;Contratista;CAÑERÍA;Valvulas industriales;;12/03/2026;12/03/2026;;;Enzo Santambrogio;DISPONIBLE;;0,26;;;
1.793;1;793;EWP-3351-10-PA-220;CWP-3351-10-PA-220;CWA-3351-10;PWP-3351-10-PA-220;"03351-GW-1""-C1-0075-N";;;C1;CAÑERÍA SMLS, ASTM A106 GR B, ASME B36.10, SCH 80,TBE;"1""";0,12;m;;0,27;kg;Contratista;CAÑERÍA;Valvulas industriales;;12/03/2026;12/03/2026;;;Enzo Santambrogio;DISPONIBLE;;0,12;;;
1.794;1;794;EWP-3351-10-PA-220;CWP-3351-10-PA-220;CWA-3351-10;PWP-3351-10-PA-220;"03351-PW-2""-C1-0089-N";;;C1;CAÑERÍA SMLS, ASTM A106 GR B, ASME B36.10, SCH 80,TBE;"2""";0,19;m;;0,94;kg;Contratista;CAÑERÍA;Valvulas industriales;;12/03/2026;12/03/2026;;;Enzo Santambrogio;DISPONIBLE;;0,19;;;
1.795;1;795;EWP-3351-10-PA-220;CWP-3351-10-PA-220;CWA-3351-10;PWP-3351-10-PA-220;"03351-PW-2""-C1-0088-N";;;C1;CAÑERÍA SMLS, ASTM A106 GR B, ASME B36.10, SCH 80,TBE;"2""";1,33;m;;6,69;kg;Contratista;CAÑERÍA;Valvulas industriales;;12/03/2026;12/03/2026;;;Enzo Santambrogio;DISPONIBLE;;1,33;;;
1.796;1;796;EWP-3351-10-PA-220;CWP-3351-10-PA-220;CWA-3351-10;PWP-3351-10-PA-220;"03351-GW-1""-C1-0033-N";;;C1;CAÑERÍA SMLS, ASTM A106 GR B, ASME B36.10, SCH 80,TBE;"1""";2,77;m;;6;kg;Contratista;CAÑERÍA;Valvulas industriales;;12/03/2026;12/03/2026;;;Enzo Santambrogio;DISPONIBLE;;2,77;;;
1.797;1;797;EWP-3351-10-PA-220;CWP-3351-10-PA-220;CWA-3351-10;PWP-3351-10-PA-220;"03351-GW-1""-C1-0035-N";;;C1;CAÑERÍA SMLS, ASTM A106 GR B, ASME B36.10, SCH 80,TBE;"3/4""";0,09;m;;0,13;kg;Contratista;CAÑERÍA;Valvulas industriales;;12/03/2026;12/03/2026;;;Enzo Santambrogio;DISPONIBLE;;0,09;;;
1.798;1;798;EWP-3351-10-PA-220;CWP-3351-10-PA-220;CWA-3351-10;PWP-3351-10-PA-220;"03351-PW-2""-C1-0039-N";;;C1;CAÑERÍA SMLS, ASTM A106 GR B, ASME B36.10, SCH 80,TBE;"2""";0,42;m;;2,13;kg;Contratista;CAÑERÍA;Valvulas industriales;;12/03/2026;12/03/2026;;;Enzo Santambrogio;DISPONIBLE;;0,42;;;
1.799;1;799;EWP-3351-10-PA-220;CWP-3351-10-PA-220;CWA-3351-10;PWP-3351-10-PA-220;"03351-GW-1""-C1-0043-N";;;C1;CAÑERÍA SMLS, ASTM A106 GR B, ASME B36.10, SCH 80,TBE;"1""";3,43;m;;7,44;kg;Contratista;CAÑERÍA;Valvulas industriales;;12/03/2026;12/03/2026;;;Enzo Santambrogio;DISPONIBLE;;3,43;;;
1.800;1;800;EWP-3351-10-PA-220;CWP-3351-10-PA-220;CWA-3351-10;PWP-3351-10-PA-220;"03351-PW-2""-C1-0051-N";;;C1;CAÑERÍA SMLS, ASTM A106 GR B, ASME B36.10, SCH 80,TBE;"2""";0,14;m;;0,69;kg;Contratista;CAÑERÍA;Valvulas industriales;;12/03/2026;12/03/2026;;;Enzo Santambrogio;DISPONIBLE;;0,14;;;
1.801;1;801;EWP-3351-10-PA-220;CWP-3351-10-PA-220;CWA-3351-10;PWP-3351-10-PA-220;"03351-PW-2""-C1-0051-N";;;C1;CAÑERÍA SMLS, ASTM A106 GR B, ASME B36.10, SCH 80,TBE;"2""";0,09;m;;0,44;kg;Contratista;CAÑERÍA;Valvulas industriales;;12/03/2026;12/03/2026;;;Enzo Santambrogio;DISPONIBLE;;0,09;;;
1.802;1;802;EWP-3351-10-PA-220;CWP-3351-10-PA-220;CWA-3351-10;PWP-3351-10-PA-220;"03351-PW-2""-C1-0025-N";;;C1;CAÑERÍA SMLS, ASTM A106 GR B, ASME B36.10, SCH 80,TBE;"2""";0,09;m;;0,47;kg;Contratista;CAÑERÍA;Valvulas industriales;;12/03/2026;12/03/2026;;;Enzo Santambrogio;DISPONIBLE;;0,09;;;
1.803;1;803;EWP-3351-10-PA-220;CWP-3351-10-PA-220;CWA-3351-10;PWP-3351-10-PA-220;"03351-PW-2""-C1-0025-N";;;C1;CAÑERÍA SMLS, ASTM A106 GR B, ASME B36.10, SCH 80,TBE;"2""";0,8;m;;4,05;kg;Contratista;CAÑERÍA;Valvulas industriales;;12/03/2026;12/03/2026;;;Enzo Santambrogio;DISPONIBLE;;0,8;;;
1.804;1;804;EWP-3351-10-PA-220;CWP-3351-10-PA-220;CWA-3351-10;PWP-3351-10-PA-220;"03351-PW-2""-C1-0025-N";;;C1;CAÑERÍA SMLS, ASTM A106 GR B, ASME B36.10, SCH 80,TBE;"2""";0,17;m;;0,87;kg;Contratista;CAÑERÍA;Valvulas industriales;;12/03/2026;12/03/2026;;;Enzo Santambrogio;DISPONIBLE;;0,17;;;
1.805;1;805;EWP-3351-10-PA-220;CWP-3351-10-PA-220;CWA-3351-10;PWP-3351-10-PA-220;"03351-PW-2""-C1-0025-N";;;C1;CAÑERÍA SMLS, ASTM A106 GR B, ASME B36.10, SCH 80,TBE;"2""";3,58;m;;17,99;kg;Contratista;CAÑERÍA;Valvulas industriales;;12/03/2026;12/03/2026;;;Enzo Santambrogio;DISPONIBLE;;3,58;;;
1.806;1;806;EWP-3351-10-PA-220;CWP-3351-10-PA-220;CWA-3351-10;PWP-3351-10-PA-220;"03351-PW-2""-C1-0025-N";;;C1;CAÑERÍA SMLS, ASTM A106 GR B, ASME B36.10, SCH 80,TBE;"2""";0,52;m;;2,61;kg;Contratista;CAÑERÍA;Valvulas industriales;;12/03/2026;12/03/2026;;;Enzo Santambrogio;DISPONIBLE;;0,52;;;
1.807;1;807;EWP-3351-10-PA-220;CWP-3351-10-PA-220;CWA-3351-10;PWP-3351-10-PA-220;"03351-PW-2""-C1-0025-N";;;C1;CAÑERÍA SMLS, ASTM A106 GR B, ASME B36.10, SCH 80,TBE;"2""";1,6;m;;8,06;kg;Contratista;CAÑERÍA;Valvulas industriales;;12/03/2026;12/03/2026;;;Enzo Santambrogio;DISPONIBLE;;1,6;;;
1.808;1;808;EWP-3351-10-PA-220;CWP-3351-10-PA-220;CWA-3351-10;PWP-3351-10-PA-220;"03351-PW-2""-C1-0025-N";;;C1;CAÑERÍA SMLS, ASTM A106 GR B, ASME B36.10, SCH 80,TBE;"2""";0,09;m;;0,44;kg;Contratista;CAÑERÍA;Valvulas industriales;;12/03/2026;12/03/2026;;;Enzo Santambrogio;DISPONIBLE;;0,09;;;
1.809;1;809;EWP-3351-10-PA-220;CWP-3351-10-PA-220;CWA-3351-10;PWP-3351-10-PA-220;"03351-PW-2""-C1-0025-N";;;C1;CAÑERÍA SMLS, ASTM A106 GR B, ASME B36.10, SCH 80,TBE;"2""";0,41;m;;2,07;kg;Contratista;CAÑERÍA;Valvulas industriales;;12/03/2026;12/03/2026;;;Enzo Santambrogio;DISPONIBLE;;0,41;;;
1.810;1;810;EWP-3351-10-PA-220;CWP-3351-10-PA-220;CWA-3351-10;PWP-3351-10-PA-220;"03351-PW-2""-C1-0028-N";;;C1;CAÑERÍA SMLS, ASTM A106 GR B, ASME B36.10, SCH 80,TBE;"2""";0,25;m;;1,24;kg;Contratista;CAÑERÍA;Valvulas industriales;;12/03/2026;12/03/2026;;;Enzo Santambrogio;DISPONIBLE;;0,25;;;
1.811;1;811;EWP-3351-10-PA-220;CWP-3351-10-PA-220;CWA-3351-10;PWP-3351-10-PA-220;"03351-PW-2""-C1-0028-N";;;C1;CAÑERÍA SMLS, ASTM A106 GR B, ASME B36.10, SCH 80,TBE;"2""";0,21;m;;1,05;kg;Contratista;CAÑERÍA;Valvulas industriales;;12/03/2026;12/03/2026;;;Enzo Santambrogio;DISPONIBLE;;0,21;;;
1.812;1;812;EWP-3351-10-PA-220;CWP-3351-10-PA-220;CWA-3351-10;PWP-3351-10-PA-220;"03351-PW-2""-C1-0028-N";;;C1;CAÑERÍA SMLS, ASTM A106 GR B, ASME B36.10, SCH 80,TBE;"2""";0,1;m;;0,5;kg;Contratista;CAÑERÍA;Valvulas industriales;;12/03/2026;12/03/2026;;;Enzo Santambrogio;DISPONIBLE;;0,1;;;
1.813;1;813;EWP-3351-10-PA-220;CWP-3351-10-PA-220;CWA-3351-10;PWP-3351-10-PA-220;"03351-PW-2""-C1-0028-N";;;C1;CAÑERÍA SMLS, ASTM A106 GR B, ASME B36.10, SCH 80,TBE;"2""";0,61;m;;3,06;kg;Contratista;CAÑERÍA;Valvulas industriales;;12/03/2026;12/03/2026;;;Enzo Santambrogio;DISPONIBLE;;0,61;;;
1.814;1;814;EWP-3351-10-PA-220;CWP-3351-10-PA-220;CWA-3351-10;PWP-3351-10-PA-220;"03351-PW-2""-C1-0055-N";;;C1;CAÑERÍA SMLS, ASTM A106 GR B, ASME B36.10, SCH 80,TBE;"2""";0,15;m;;0,77;kg;Contratista;CAÑERÍA;Valvulas industriales;;12/03/2026;12/03/2026;;;Enzo Santambrogio;DISPONIBLE;;0,15;;;
1.815;1;815;EWP-3351-10-PA-220;CWP-3351-10-PA-220;CWA-3351-10;PWP-3351-10-PA-220;"03351-PW-2""-C1-0055-N";;;C1;CAÑERÍA SMLS, ASTM A106 GR B, ASME B36.10, SCH 80,TBE;"2""";0,14;m;;0,7;kg;Contratista;CAÑERÍA;Valvulas industriales;;12/03/2026;12/03/2026;;;Enzo Santambrogio;DISPONIBLE;;0,14;;;
1.816;1;816;EWP-3351-10-PA-220;CWP-3351-10-PA-220;CWA-3351-10;PWP-3351-10-PA-220;"03351-PW-2""-C1-0090-N";;;C1;CAÑERÍA SMLS, ASTM A106 GR B, ASME B36.10, SCH 80,TBE;"2""";0,41;m;;2,05;kg;Contratista;CAÑERÍA;Valvulas industriales;;12/03/2026;12/03/2026;;;Enzo Santambrogio;DISPONIBLE;;0,41;;;
1.817;1;817;EWP-3351-10-PA-220;CWP-3351-10-PA-220;CWA-3351-10;PWP-3351-10-PA-220;"03351-PW-2""-C1-0038-N";;;C1;CAÑERÍA SMLS, ASTM A106 GR B, ASME B36.10, SCH 80,TBE;"2""";0,18;m;;0,92;kg;Contratista;CAÑERÍA;Valvulas industriales;;12/03/2026;12/03/2026;;;Enzo Santambrogio;DISPONIBLE;;0,18;;;
1.818;1;818;EWP-3351-10-PA-220;CWP-3351-10-PA-220;CWA-3351-10;PWP-3351-10-PA-220;"03351-GW-2""-C1-0078-N";;;C1;CAÑERÍA SMLS, ASTM A106 GR B, ASME B36.10, SCH 80,TBE;"2""";0,25;m;;1,26;kg;Contratista;CAÑERÍA;Valvulas industriales;;12/03/2026;12/03/2026;;;Enzo Santambrogio;DISPONIBLE;;0,25;;;
1.819;1;819;EWP-3351-10-PA-220;CWP-3351-10-PA-220;CWA-3351-10;PWP-3351-10-PA-220;"03351-PW-2""-C1-0038-N";;;C1;CAÑERÍA SMLS, ASTM A106 GR B, ASME B36.10, SCH 80,TBE;"2""";1,4;m;;7,05;kg;Contratista;CAÑERÍA;Valvulas industriales;;12/03/2026;12/03/2026;;;Enzo Santambrogio;DISPONIBLE;;1,4;;;
1.820;1;820;EWP-3351-10-PA-220;CWP-3351-10-PA-220;CWA-3351-10;PWP-3351-10-PA-220;"03351-PW-2""-C1-0038-N";;;C1;CAÑERÍA SMLS, ASTM A106 GR B, ASME B36.10, SCH 80,TBE;"2""";2,06;m;;10,36;kg;Contratista;CAÑERÍA;Valvulas industriales;;12/03/2026;12/03/2026;;;Enzo Santambrogio;DISPONIBLE;;2,06;;;
1.821;1;821;EWP-3351-10-PA-220;CWP-3351-10-PA-220;CWA-3351-10;PWP-3351-10-PA-220;"03351-PW-2""-C1-0038-N";;;C1;CAÑERÍA SMLS, ASTM A106 GR B, ASME B36.10, SCH 80,TBE;"2""";0,55;m;;2,74;kg;Contratista;CAÑERÍA;Valvulas industriales;;12/03/2026;12/03/2026;;;Enzo Santambrogio;DISPONIBLE;;0,55;;;
1.822;1;822;EWP-3351-10-PA-220;CWP-3351-10-PA-220;CWA-3351-10;PWP-3351-10-PA-220;"03351-PW-2""-C1-0025-N";;;C1;CAÑERÍA SMLS, ASTM A106 GR B, ASME B36.10, SCH 80,TBE;"2""";0,41;m;;2,07;kg;Contratista;CAÑERÍA;Valvulas industriales;;12/03/2026;12/03/2026;;;Enzo Santambrogio;DISPONIBLE;;0,41;;;
1.823;1;823;EWP-3351-10-PA-220;CWP-3351-10-PA-220;CWA-3351-10;PWP-3351-10-PA-220;"03351-GW-2""-C1-0078-N";;;C1;CAÑERÍA SMLS, ASTM A106 GR B, ASME B36.10, SCH 80,TBE;"2""";0,15;m;;0,75;kg;Contratista;CAÑERÍA;Valvulas industriales;;12/03/2026;12/03/2026;;;Enzo Santambrogio;DISPONIBLE;;0,15;;;
1.824;1;824;EWP-3351-10-PA-220;CWP-3351-10-PA-220;CWA-3351-10;PWP-3351-10-PA-220;"03351-GW-2""-C1-0078-N";;;C1;CAÑERÍA SMLS, ASTM A106 GR B, ASME B36.10, SCH 80,TBE;"2""";0,15;m;;0,75;kg;Contratista;CAÑERÍA;Valvulas industriales;;12/03/2026;12/03/2026;;;Enzo Santambrogio;DISPONIBLE;;0,15;;;
1.825;1;825;EWP-3351-10-PA-220;CWP-3351-10-PA-220;CWA-3351-10;PWP-3351-10-PA-220;"03351-GW-2""-C1-0042-N";;;C1;CAÑERÍA SMLS, ASTM A106 GR B, ASME B36.10, SCH 80,TBE;"2""";0,18;m;;0,88;kg;Contratista;CAÑERÍA;Valvulas industriales;;12/03/2026;12/03/2026;;;Enzo Santambrogio;DISPONIBLE;;0,18;;;
1.826;1;826;EWP-3351-10-PA-220;CWP-3351-10-PA-220;CWA-3351-10;PWP-3351-10-PA-220;"03351-GW-2""-C1-0041-N";;;C1;CAÑERÍA SMLS, ASTM A106 GR B, ASME B36.10, SCH 80,TBE;"1 1/4""";0,1;m;;0,3;kg;Contratista;CAÑERÍA;Valvulas industriales;;12/03/2026;12/03/2026;;;Enzo Santambrogio;DISPONIBLE;;0,1;;;
1.827;1;827;EWP-3351-10-PA-220;CWP-3351-10-PA-220;CWA-3351-10;PWP-3351-10-PA-220;"03351-GW-1""-C1-0033-N";;;C1;CAÑERÍA SMLS, ASTM A106 GR B, ASME B36.10, SCH 80,TBE;"1""";1,55;m;;3,37;kg;Contratista;CAÑERÍA;Valvulas industriales;;12/03/2026;12/03/2026;;;Enzo Santambrogio;DISPONIBLE;;1,55;;;
1.828;1;828;EWP-3351-10-PA-220;CWP-3351-10-PA-220;CWA-3351-10;PWP-3351-10-PA-220;"03351-GW-1""-C1-0036-N";;;C1;CAÑERÍA SMLS, ASTM A106 GR B, ASME B36.10, SCH 80,TBE;"1""";0,65;m;;1,41;kg;Contratista;CAÑERÍA;Valvulas industriales;;12/03/2026;12/03/2026;;;Enzo Santambrogio;DISPONIBLE;;0,65;;;
1.829;1;829;EWP-3351-10-PA-220;CWP-3351-10-PA-220;CWA-3351-10;PWP-3351-10-PA-220;"03351-GW-1""-C1-0035-N";;;C1;CAÑERÍA SMLS, ASTM A106 GR B, ASME B36.10, SCH 80,TBE;"1""";0,11;m;;0,23;kg;Contratista;CAÑERÍA;Valvulas industriales;;12/03/2026;12/03/2026;;;Enzo Santambrogio;DISPONIBLE;;0,11;;;
1.830;1;830;EWP-3351-10-PA-220;CWP-3351-10-PA-220;CWA-3351-10;PWP-3351-10-PA-220;"03351-GW-1""-C1-0035-N";;;C1;CAÑERÍA SMLS, ASTM A106 GR B, ASME B36.10, SCH 80,TBE;"1""";0,12;m;;0,26;kg;Contratista;CAÑERÍA;Valvulas industriales;;12/03/2026;12/03/2026;;;Enzo Santambrogio;DISPONIBLE;;0,12;;;
1.831;1;831;EWP-3351-10-PA-220;CWP-3351-10-PA-220;CWA-3351-10;PWP-3351-10-PA-220;"03351-GW-1""-C1-0034-N";;;C1;CAÑERÍA SMLS, ASTM A106 GR B, ASME B36.10, SCH 80,TBE;"1""";0,45;m;;0,97;kg;Contratista;CAÑERÍA;Valvulas industriales;;12/03/2026;12/03/2026;;;Enzo Santambrogio;DISPONIBLE;;0,45;;;
1.832;1;832;EWP-3351-10-PA-220;CWP-3351-10-PA-220;CWA-3351-10;PWP-3351-10-PA-220;"03351-GW-2""-C1-0040-N";;;C1;CAÑERÍA SMLS, ASTM A106 GR B, ASME B36.10, SCH 80,TBE;"2""";0,18;m;;0,88;kg;Contratista;CAÑERÍA;Valvulas industriales;;12/03/2026;12/03/2026;;;Enzo Santambrogio;DISPONIBLE;;0,18;;;
1.833;1;833;EWP-3351-10-PA-220;CWP-3351-10-PA-220;CWA-3351-10;PWP-3351-10-PA-220;"03351-GW-1""-C1-0036-N";;;C1;CAÑERÍA SMLS, ASTM A106 GR B, ASME B36.10, SCH 80,TBE;"1""";0,33;m;;0,72;kg;Contratista;CAÑERÍA;Valvulas industriales;;12/03/2026;12/03/2026;;;Enzo Santambrogio;DISPONIBLE;;0,33;;;
1.834;1;834;EWP-3351-10-PA-220;CWP-3351-10-PA-220;CWA-3351-10;PWP-3351-10-PA-220;"03351-GW-1""-C1-0031-N";;;C1;CAÑERÍA SMLS, ASTM A106 GR B, ASME B36.10, SCH 80,TBE;"1""";2,01;m;;4,35;kg;Contratista;CAÑERÍA;Valvulas industriales;;12/03/2026;12/03/2026;;;Enzo Santambrogio;DISPONIBLE;;2,01;;;
1.835;1;835;EWP-3351-10-PA-220;CWP-3351-10-PA-220;CWA-3351-10;PWP-3351-10-PA-220;"03351-GW-2""-C1-0042-N";;;C1;CAÑERÍA SMLS, ASTM A106 GR B, ASME B36.10, SCH 80,TBE;"1 1/4""";0,1;m;;0,3;kg;Contratista;CAÑERÍA;Valvulas industriales;;12/03/2026;12/03/2026;;;Enzo Santambrogio;DISPONIBLE;;0,1;;;
1.836;1;836;EWP-3351-10-PA-220;CWP-3351-10-PA-220;CWA-3351-10;PWP-3351-10-PA-220;"03351-GW-1""-C1-0033-N";;;C1;CAÑERÍA SMLS, ASTM A106 GR B, ASME B36.10, SCH 80,TBE;"1""";0,41;m;;0,88;kg;Contratista;CAÑERÍA;Valvulas industriales;;12/03/2026;12/03/2026;;;Enzo Santambrogio;DISPONIBLE;;0,41;;;
1.837;1;837;EWP-3351-10-PA-220;CWP-3351-10-PA-220;CWA-3351-10;PWP-3351-10-PA-220;"03351-GW-1""-C1-0032-N";;;C1;CAÑERÍA SMLS, ASTM A106 GR B, ASME B36.10, SCH 80,TBE;"1""";0,65;m;;1,41;kg;Contratista;CAÑERÍA;Valvulas industriales;;12/03/2026;12/03/2026;;;Enzo Santambrogio;DISPONIBLE;;0,65;;;
1.838;1;838;EWP-3351-10-PA-220;CWP-3351-10-PA-220;CWA-3351-10;PWP-3351-10-PA-220;"03351-GW-1""-C1-0076-N";;;C1;CAÑERÍA SMLS, ASTM A106 GR B, ASME B36.10, SCH 80,TBE;"1""";0,11;m;;0,25;kg;Contratista;CAÑERÍA;Valvulas industriales;;12/03/2026;12/03/2026;;;Enzo Santambrogio;DISPONIBLE;;0,11;;;
1.839;1;839;EWP-3351-10-PA-220;CWP-3351-10-PA-220;CWA-3351-10;PWP-3351-10-PA-220;"03351-GW-1""-C1-0075-N";;;C1;CAÑERÍA SMLS, ASTM A106 GR B, ASME B36.10, SCH 80,TBE;"1""";0,11;m;;0,25;kg;Contratista;CAÑERÍA;Valvulas industriales;;12/03/2026;12/03/2026;;;Enzo Santambrogio;DISPONIBLE;;0,11;;;
1.840;1;840;EWP-3351-10-PA-220;CWP-3351-10-PA-220;CWA-3351-10;PWP-3351-10-PA-220;"03351-GW-2""-C1-0041-N";;;C1;CAÑERÍA SMLS, ASTM A106 GR B, ASME B36.10, SCH 80,TBE;"2""";0,18;m;;0,88;kg;Contratista;CAÑERÍA;Valvulas industriales;;12/03/2026;12/03/2026;;;Enzo Santambrogio;DISPONIBLE;;0,18;;;
1.841;1;841;EWP-3351-10-PA-220;CWP-3351-10-PA-220;CWA-3351-10;PWP-3351-10-PA-220;"03351-GW-1""-C1-0033-N";;;C1;CAÑERÍA SMLS, ASTM A106 GR B, ASME B36.10, SCH 80,TBE;"1""";0,11;m;;0,23;kg;Contratista;CAÑERÍA;Valvulas industriales;;12/03/2026;12/03/2026;;;Enzo Santambrogio;DISPONIBLE;;0,11;;;
1.842;1;842;EWP-3351-10-PA-220;CWP-3351-10-PA-220;CWA-3351-10;PWP-3351-10-PA-220;"03351-PW-2""-C1-0024-N";;;C1;CAÑERÍA SMLS, ASTM A106 GR B, ASME B36.10, SCH 80,TBE;"2""";0,14;m;;0,7;kg;Contratista;CAÑERÍA;Valvulas industriales;;12/03/2026;12/03/2026;;;Enzo Santambrogio;DISPONIBLE;;0,14;;;
1.843;1;843;EWP-3351-10-PA-220;CWP-3351-10-PA-220;CWA-3351-10;PWP-3351-10-PA-220;"03351-GW-1""-C1-0031-N";;;C1;CAÑERÍA SMLS, ASTM A106 GR B, ASME B36.10, SCH 80,TBE;"3/4""";0,1;m;;0,15;kg;Contratista;CAÑERÍA;Valvulas industriales;;12/03/2026;12/03/2026;;;Enzo Santambrogio;DISPONIBLE;;0,1;;;
1.844;1;844;EWP-3351-10-PA-220;CWP-3351-10-PA-220;CWA-3351-10;PWP-3351-10-PA-220;"03351-GW-1""-C1-0031-N";;;C1;CAÑERÍA SMLS, ASTM A106 GR B, ASME B36.10, SCH 80,TBE;"1""";0,11;m;;0,23;kg;Contratista;CAÑERÍA;Valvulas industriales;;12/03/2026;12/03/2026;;;Enzo Santambrogio;DISPONIBLE;;0,11;;;
1.845;1;845;EWP-3351-10-PA-220;CWP-3351-10-PA-220;CWA-3351-10;PWP-3351-10-PA-220;"03351-GW-1""-C1-0035-N";;;C1;CAÑERÍA SMLS, ASTM A106 GR B, ASME B36.10, SCH 80,TBE;"1""";0,11;m;;0,23;kg;Contratista;CAÑERÍA;Valvulas industriales;;12/03/2026;12/03/2026;;;Enzo Santambrogio;DISPONIBLE;;0,11;;;
1.846;1;846;EWP-3351-10-PA-220;CWP-3351-10-PA-220;CWA-3351-10;PWP-3351-10-PA-220;"03351-GW-1""-C1-0031-N";;;C1;CAÑERÍA SMLS, ASTM A106 GR B, ASME B36.10, SCH 80,TBE;"3/4""";0,1;m;;0,15;kg;Contratista;CAÑERÍA;Valvulas industriales;;12/03/2026;12/03/2026;;;Enzo Santambrogio;DISPONIBLE;;0,1;;;
1.847;1;847;EWP-3351-10-PA-220;CWP-3351-10-PA-220;CWA-3351-10;PWP-3351-10-PA-220;"03351-GW-1""-C1-0031-N";;;C1;CAÑERÍA SMLS, ASTM A106 GR B, ASME B36.10, SCH 80,TBE;"1""";0,11;m;;0,23;kg;Contratista;CAÑERÍA;Valvulas industriales;;12/03/2026;12/03/2026;;;Enzo Santambrogio;DISPONIBLE;;0,11;;;
1.848;1;848;EWP-3351-10-PA-220;CWP-3351-10-PA-220;CWA-3351-10;PWP-3351-10-PA-220;"03351-GW-1""-C1-0033-N";;;C1;CAÑERÍA SMLS, ASTM A106 GR B, ASME B36.10, SCH 80,TBE;"3/4""";0,1;m;;0,15;kg;Contratista;CAÑERÍA;Valvulas industriales;;12/03/2026;12/03/2026;;;Enzo Santambrogio;DISPONIBLE;;0,1;;;
1.849;1;849;EWP-3351-10-PA-220;CWP-3351-10-PA-220;CWA-3351-10;PWP-3351-10-PA-220;"03351-GW-1""-C1-0033-N";;;C1;CAÑERÍA SMLS, ASTM A106 GR B, ASME B36.10, SCH 80,TBE;"3/4""";0,1;m;;0,14;kg;Contratista;CAÑERÍA;Valvulas industriales;;12/03/2026;12/03/2026;;;Enzo Santambrogio;DISPONIBLE;;0,1;;;
1.850;1;850;EWP-3351-10-PA-220;CWP-3351-10-PA-220;CWA-3351-10;PWP-3351-10-PA-220;"03351-GW-1""-C1-0031-N";;;C1;CAÑERÍA SMLS, ASTM A106 GR B, ASME B36.10, SCH 80,TBE;"3/4""";0,1;m;;0,14;kg;Contratista;CAÑERÍA;Valvulas industriales;;12/03/2026;12/03/2026;;;Enzo Santambrogio;DISPONIBLE;;0,1;;;
1.851;1;851;EWP-3351-10-PA-220;CWP-3351-10-PA-220;CWA-3351-10;PWP-3351-10-PA-220;"03351-GW-1""-C1-0035-N";;;C1;CAÑERÍA SMLS, ASTM A106 GR B, ASME B36.10, SCH 80,TBE;"3/4""";0,1;m;;0,14;kg;Contratista;CAÑERÍA;Valvulas industriales;;12/03/2026;12/03/2026;;;Enzo Santambrogio;DISPONIBLE;;0,1;;;
1.852;1;852;EWP-3351-10-PA-220;CWP-3351-10-PA-220;CWA-3351-10;PWP-3351-10-PA-220;"03351-GW-1""-C1-0035-N";;;C1;CAÑERÍA SMLS, ASTM A106 GR B, ASME B36.10, SCH 80,TBE;"3/4""";0,1;m;;0,15;kg;Contratista;CAÑERÍA;Valvulas industriales;;12/03/2026;12/03/2026;;;Enzo Santambrogio;DISPONIBLE;;0,1;;;
1.853;1;853;EWP-3351-10-PA-220;CWP-3351-10-PA-220;CWA-3351-10;PWP-3351-10-PA-220;"03351-GW-1""-C1-0033-N";;;C1;CAÑERÍA SMLS, ASTM A106 GR B, ASME B36.10, SCH 80,TBE;"3/4""";0,1;m;;0,15;kg;Contratista;CAÑERÍA;Valvulas industriales;;12/03/2026;12/03/2026;;;Enzo Santambrogio;DISPONIBLE;;0,1;;;
1.854;1;854;EWP-3351-10-PA-220;CWP-3351-10-PA-220;CWA-3351-10;PWP-3351-10-PA-220;"03351-GW-1""-C1-0035-N";;;C1;CAÑERÍA SMLS, ASTM A106 GR B, ASME B36.10, SCH 80,TBE;"3/4""";0,1;m;;0,15;kg;Contratista;CAÑERÍA;Valvulas industriales;;12/03/2026;12/03/2026;;;Enzo Santambrogio;DISPONIBLE;;0,1;;;
1.855;1;855;EWP-3351-10-PA-220;CWP-3351-10-PA-220;CWA-3351-10;PWP-3351-10-PA-220;"03351-PW-2""-C1-0054-N";;;C1;CAÑERÍA SMLS, ASTM A106 GR B, ASME B36.10, SCH 80,TBE;"2""";0,17;m;;0,84;kg;Contratista;CAÑERÍA;Valvulas industriales;;12/03/2026;12/03/2026;;;Enzo Santambrogio;DISPONIBLE;;0,17;;;
1.856;1;856;EWP-3351-10-PA-220;CWP-3351-10-PA-220;CWA-3351-10;PWP-3351-10-PA-220;"03351-GW-1""-C1-0033-N";;;C1;CAÑERÍA SMLS, ASTM A106 GR B, ASME B36.10, SCH 80,TBE;"1""";0,11;m;;0,23;kg;Contratista;CAÑERÍA;Valvulas industriales;;12/03/2026;12/03/2026;;;Enzo Santambrogio;DISPONIBLE;;0,11;;;
1.857;1;857;EWP-3351-10-PA-220;CWP-3351-10-PA-220;CWA-3351-10;PWP-3351-10-PA-220;"03351-PW-2""-C1-0049-N";;;C1;CAÑERÍA SMLS, ASTM A106 GR B, ASME B36.10, SCH 80,TBE;"2""";0,09;m;;0,44;kg;Contratista;CAÑERÍA;Valvulas industriales;;12/03/2026;12/03/2026;;;Enzo Santambrogio;DISPONIBLE;;0,09;;;
1.858;1;858;EWP-3351-10-PA-220;CWP-3351-10-PA-220;CWA-3351-10;PWP-3351-10-PA-220;"03351-PW-2""-C1-0081-N";;;C1;CAÑERÍA SMLS, ASTM A106 GR B, ASME B36.10, SCH 80,TBE;"2""";0,21;m;;1,08;kg;Contratista;CAÑERÍA;Valvulas industriales;;12/03/2026;12/03/2026;;;Enzo Santambrogio;DISPONIBLE;;0,21;;;
1.859;1;859;EWP-3351-10-PA-220;CWP-3351-10-PA-220;CWA-3351-10;PWP-3351-10-PA-220;"03351-PW-2""-C1-0049-N";;;C1;CAÑERÍA SMLS, ASTM A106 GR B, ASME B36.10, SCH 80,TBE;"2""";0,8;m;;4,03;kg;Contratista;CAÑERÍA;Valvulas industriales;;12/03/2026;12/03/2026;;;Enzo Santambrogio;DISPONIBLE;;0,8;;;
1.860;1;860;EWP-3351-10-PA-220;CWP-3351-10-PA-220;CWA-3351-10;PWP-3351-10-PA-220;"03351-PW-2""-C1-0048-N";;;C1;CAÑERÍA SMLS, ASTM A106 GR B, ASME B36.10, SCH 80,TBE;"2""";0,44;m;;2,19;kg;Contratista;CAÑERÍA;Valvulas industriales;;12/03/2026;12/03/2026;;;Enzo Santambrogio;DISPONIBLE;;0,44;;;
1.861;1;861;EWP-3351-10-PA-220;CWP-3351-10-PA-220;CWA-3351-10;PWP-3351-10-PA-220;"03351-PW-2""-C1-0049-N";;;C1;CAÑERÍA SMLS, ASTM A106 GR B, ASME B36.10, SCH 80,TBE;"2""";0,41;m;;2,04;kg;Contratista;CAÑERÍA;Valvulas industriales;;12/03/2026;12/03/2026;;;Enzo Santambrogio;DISPONIBLE;;0,41;;;
1.862;1;862;EWP-3351-10-PA-220;CWP-3351-10-PA-220;CWA-3351-10;PWP-3351-10-PA-220;"03351-GW-2""-C1-0095-N";;;C1;CAÑERÍA SMLS, ASTM A106 GR B, ASME B36.10, SCH 80,TBE;"3/4""";0,09;m;;0,13;kg;Contratista;CAÑERÍA;Valvulas industriales;;12/03/2026;12/03/2026;;;Enzo Santambrogio;DISPONIBLE;;0,09;;;
1.863;1;863;EWP-3351-10-PA-220;CWP-3351-10-PA-220;CWA-3351-10;PWP-3351-10-PA-220;"03351-PW-2""-C1-0048-N";;;C1;CAÑERÍA SMLS, ASTM A106 GR B, ASME B36.10, SCH 80,TBE;"2""";0,41;m;;2,07;kg;Contratista;CAÑERÍA;Valvulas industriales;;12/03/2026;12/03/2026;;;Enzo Santambrogio;DISPONIBLE;;0,41;;;
1.864;1;864;EWP-3351-10-PA-220;CWP-3351-10-PA-220;CWA-3351-10;PWP-3351-10-PA-220;"03351-PW-2""-C1-0085-N";;;C1;CAÑERÍA SMLS, ASTM A106 GR B, ASME B36.10, SCH 80,TBE;"2""";0,19;m;;0,94;kg;Contratista;CAÑERÍA;Valvulas industriales;;12/03/2026;12/03/2026;;;Enzo Santambrogio;DISPONIBLE;;0,19;;;
1.865;1;865;EWP-3351-10-PA-220;CWP-3351-10-PA-220;CWA-3351-10;PWP-3351-10-PA-220;"03351-PW-2""-C1-0083-N";;;C1;CAÑERÍA SMLS, ASTM A106 GR B, ASME B36.10, SCH 80,TBE;"2""";0,1;m;;0,5;kg;Contratista;CAÑERÍA;Valvulas industriales;;12/03/2026;12/03/2026;;;Enzo Santambrogio;DISPONIBLE;;0,1;;;
1.866;1;866;EWP-3351-10-PA-220;CWP-3351-10-PA-220;CWA-3351-10;PWP-3351-10-PA-220;"03351-PW-2""-C1-0048-N";;;C1;CAÑERÍA SMLS, ASTM A106 GR B, ASME B36.10, SCH 80,TBE;"2""";0,37;m;;1,85;kg;Contratista;CAÑERÍA;Valvulas industriales;;12/03/2026;12/03/2026;;;Enzo Santambrogio;DISPONIBLE;;0,37;;;
1.867;1;867;EWP-3351-10-PA-220;CWP-3351-10-PA-220;CWA-3351-10;PWP-3351-10-PA-220;"03351-PW-2""-C1-0052-N";;;C1;CAÑERÍA SMLS, ASTM A106 GR B, ASME B36.10, SCH 80,TBE;"2""";0,14;m;;0,69;kg;Contratista;CAÑERÍA;Valvulas industriales;;12/03/2026;12/03/2026;;;Enzo Santambrogio;DISPONIBLE;;0,14;;;
1.868;1;868;EWP-3351-10-PA-220;CWP-3351-10-PA-220;CWA-3351-10;PWP-3351-10-PA-220;"03351-GW-2""-C1-0095-N";;;C1;CAÑERÍA SMLS, ASTM A106 GR B, ASME B36.10, SCH 80,TBE;"2""";0,14;m;;0,69;kg;Contratista;CAÑERÍA;Valvulas industriales;;12/03/2026;12/03/2026;;;Enzo Santambrogio;DISPONIBLE;;0,14;;;
1.869;1;869;EWP-3351-10-PA-220;CWP-3351-10-PA-220;CWA-3351-10;PWP-3351-10-PA-220;"03351-PW-2""-C1-0026-N";;;C1;CAÑERÍA SMLS, ASTM A106 GR B, ASME B36.10, SCH 80,TBE;"2""";0,2;m;;1,01;kg;Contratista;CAÑERÍA;Valvulas industriales;;12/03/2026;12/03/2026;;;Enzo Santambrogio;DISPONIBLE;;0,2;;;
1.870;1;870;EWP-3351-10-PA-220;CWP-3351-10-PA-220;CWA-3351-10;PWP-3351-10-PA-220;"03351-PW-2""-C1-0049-N";;;C1;CAÑERÍA SMLS, ASTM A106 GR B, ASME B36.10, SCH 80,TBE;"2""";0,2;m;;1,01;kg;Contratista;CAÑERÍA;Valvulas industriales;;12/03/2026;12/03/2026;;;Enzo Santambrogio;DISPONIBLE;;0,2;;;
1.871;1;871;EWP-3351-10-PA-220;CWP-3351-10-PA-220;CWA-3351-10;PWP-3351-10-PA-220;"03351-PW-2""-C1-0048-N";;;C1;CAÑERÍA SMLS, ASTM A106 GR B, ASME B36.10, SCH 80,TBE;"2""";2,04;m;;10,24;kg;Contratista;CAÑERÍA;Valvulas industriales;;12/03/2026;12/03/2026;;;Enzo Santambrogio;DISPONIBLE;;2,04;;;
1.872;1;872;EWP-3351-10-PA-220;CWP-3351-10-PA-220;CWA-3351-10;PWP-3351-10-PA-220;"03351-PW-2""-C1-0048-N";;;C1;CAÑERÍA SMLS, ASTM A106 GR B, ASME B36.10, SCH 80,TBE;"2""";0,09;m;;0,47;kg;Contratista;CAÑERÍA;Valvulas industriales;;12/03/2026;12/03/2026;;;Enzo Santambrogio;DISPONIBLE;;0,09;;;
1.873;1;873;EWP-3351-10-PA-220;CWP-3351-10-PA-220;CWA-3351-10;PWP-3351-10-PA-220;"03351-PW-2""-C1-0048-N";;;C1;CAÑERÍA SMLS, ASTM A106 GR B, ASME B36.10, SCH 80,TBE;"2""";0,17;m;;0,87;kg;Contratista;CAÑERÍA;Valvulas industriales;;12/03/2026;12/03/2026;;;Enzo Santambrogio;DISPONIBLE;;0,17;;;
1.874;1;874;EWP-3351-10-PA-220;CWP-3351-10-PA-220;CWA-3351-10;PWP-3351-10-PA-220;"03351-PW-2""-C1-0049-N";;;C1;CAÑERÍA SMLS, ASTM A106 GR B, ASME B36.10, SCH 80,TBE;"2""";3,51;m;;17,63;kg;Contratista;CAÑERÍA;Valvulas industriales;;12/03/2026;12/03/2026;;;Enzo Santambrogio;DISPONIBLE;;3,51;;;
1.875;1;875;EWP-3351-10-PA-220;CWP-3351-10-PA-220;CWA-3351-10;PWP-3351-10-PA-220;"03351-GW-2""-C1-0095-N";;;C1;CAÑERÍA SMLS, ASTM A106 GR B, ASME B36.10, SCH 80,TBE;"2""";0,81;m;;4,09;kg;Contratista;CAÑERÍA;Valvulas industriales;;12/03/2026;12/03/2026;;;Enzo Santambrogio;DISPONIBLE;;0,81;;;
1.876;1;876;EWP-3351-10-PA-220;CWP-3351-10-PA-220;CWA-3351-10;PWP-3351-10-PA-220;"03351-GW-2""-C1-0095-N";;;C1;CAÑERÍA SMLS, ASTM A106 GR B, ASME B36.10, SCH 80,TBE;"2""";0,3;m;;1,51;kg;Contratista;CAÑERÍA;Valvulas industriales;;12/03/2026;12/03/2026;;;Enzo Santambrogio;DISPONIBLE;;0,3;;;
1.877;1;877;EWP-3351-10-PA-220;CWP-3351-10-PA-220;CWA-3351-10;PWP-3351-10-PA-220;"03351-PW-2""-C1-0049-N";;;C1;CAÑERÍA SMLS, ASTM A106 GR B, ASME B36.10, SCH 80,TBE;"2""";2,04;m;;10,25;kg;Contratista;CAÑERÍA;Valvulas industriales;;12/03/2026;12/03/2026;;;Enzo Santambrogio;DISPONIBLE;;2,04;;;
1.878;1;878;EWP-3351-10-PA-220;CWP-3351-10-PA-220;CWA-3351-10;PWP-3351-10-PA-220;"03351-PW-2""-C1-0052-N";;;C1;CAÑERÍA SMLS, ASTM A106 GR B, ASME B36.10, SCH 80,TBE;"2""";0,09;m;;0,44;kg;Contratista;CAÑERÍA;Valvulas industriales;;12/03/2026;12/03/2026;;;Enzo Santambrogio;DISPONIBLE;;0,09;;;
1.879;1;879;EWP-3351-10-PA-220;CWP-3351-10-PA-220;CWA-3351-10;PWP-3351-10-PA-220;"03351-GW-2""-C1-0095-N";;;C1;CAÑERÍA SMLS, ASTM A106 GR B, ASME B36.10, SCH 80,TBE;"2""";0,2;m;;1,01;kg;Contratista;CAÑERÍA;Valvulas industriales;;12/03/2026;12/03/2026;;;Enzo Santambrogio;DISPONIBLE;;0,2;;;
1.880;1;880;EWP-3351-10-PA-220;CWP-3351-10-PA-220;CWA-3351-10;PWP-3351-10-PA-220;"03351-PW-2""-C1-0052-N";;;C1;CAÑERÍA SMLS, ASTM A106 GR B, ASME B36.10, SCH 80,TBE;"2""";0,2;m;;1,01;kg;Contratista;CAÑERÍA;Valvulas industriales;;12/03/2026;12/03/2026;;;Enzo Santambrogio;DISPONIBLE;;0,2;;;
1.881;1;881;EWP-3351-10-PA-220;CWP-3351-10-PA-220;CWA-3351-10;PWP-3351-10-PA-220;"03351-GW-2""-C1-0095-N";;;C1;CAÑERÍA SMLS, ASTM A106 GR B, ASME B36.10, SCH 80,TBE;"3/4""";2;m;;2,96;kg;Contratista;CAÑERÍA;Valvulas industriales;;12/03/2026;12/03/2026;;;Enzo Santambrogio;DISPONIBLE;;2;;;
1.882;1;882;EWP-3351-10-PA-220;CWP-3351-10-PA-220;CWA-3351-10;PWP-3351-10-PA-220;"03351-PW-2""-C1-0084-N";;;C1;CAÑERÍA SMLS, ASTM A106 GR B, ASME B36.10, SCH 80,TBE;"2""";0,21;m;;1,07;kg;Contratista;CAÑERÍA;Valvulas industriales;;12/03/2026;12/03/2026;;;Enzo Santambrogio;DISPONIBLE;;0,21;;;
1.883;1;883;EWP-3351-10-PA-220;CWP-3351-10-PA-220;CWA-3351-10;PWP-3351-10-PA-220;"03351-PW-2""-C1-0082-N";;;C1;CAÑERÍA SMLS, ASTM A106 GR B, ASME B36.10, SCH 80,TBE;"2""";0,54;m;;2,73;kg;Contratista;CAÑERÍA;Valvulas industriales;;12/03/2026;12/03/2026;;;Enzo Santambrogio;DISPONIBLE;;0,54;;;
1.884;1;884;EWP-3351-10-PA-220;CWP-3351-10-PA-220;CWA-3351-10;PWP-3351-10-PA-220;"03351-GW-2""-C1-0095-N";;;C1;CAÑERÍA SMLS, ASTM A106 GR B, ASME B36.10, SCH 80,TBE;"2""";1,07;m;;5,4;kg;Contratista;CAÑERÍA;Valvulas industriales;;12/03/2026;12/03/2026;;;Enzo Santambrogio;DISPONIBLE;;1,07;;;
1.885;1;885;EWP-3351-10-PA-220;CWP-3351-10-PA-220;CWA-3351-10;PWP-3351-10-PA-220;"03351-PW-2""-C1-0048-N";;;C1;CAÑERÍA SMLS, ASTM A106 GR B, ASME B36.10, SCH 80,TBE;"2""";5,42;m;;27,25;kg;Contratista;CAÑERÍA;Valvulas industriales;;12/03/2026;12/03/2026;;;Enzo Santambrogio;DISPONIBLE;;5,42;;;
1.886;1;886;EWP-3351-10-PA-220;CWP-3351-10-PA-220;CWA-3351-10;PWP-3351-10-PA-220;"03351-GW-2""-C1-0095-N";;;C1;CAÑERÍA SMLS, ASTM A106 GR B, ASME B36.10, SCH 80,TBE;"2""";0,2;m;;1,01;kg;Contratista;CAÑERÍA;Valvulas industriales;;12/03/2026;12/03/2026;;;Enzo Santambrogio;DISPONIBLE;;0,2;;;
1.887;1;887;EWP-3351-10-PA-220;CWP-3351-10-PA-220;CWA-3351-10;PWP-3351-10-PA-220;"03351-PW-2""-C1-0092-N";;;C1;CAÑERÍA SMLS, ASTM A106 GR B, ASME B36.10, SCH 80,TBE;"2""";2,36;m;;11,86;kg;Contratista;CAÑERÍA;Valvulas industriales;;12/03/2026;12/03/2026;;;Enzo Santambrogio;DISPONIBLE;;2,36;;;
1.888;1;888;EWP-3351-10-PA-220;CWP-3351-10-PA-220;CWA-3351-10;PWP-3351-10-PA-220;"03351-PW-2""-C1-0049-N";;;C1;CAÑERÍA SMLS, ASTM A106 GR B, ASME B36.10, SCH 80,TBE;"2""";0,54;m;;2,71;kg;Contratista;CAÑERÍA;Valvulas industriales;;12/03/2026;12/03/2026;;;Enzo Santambrogio;DISPONIBLE;;0,54;;;
1.889;1;889;EWP-3351-10-PA-220;CWP-3351-10-PA-220;CWA-3351-10;PWP-3351-10-PA-220;"03351-PW-2""-C1-0085-N";;;C1;CAÑERÍA SMLS, ASTM A106 GR B, ASME B36.10, SCH 80,TBE;"2""";0,2;m;;1,01;kg;Contratista;CAÑERÍA;Valvulas industriales;;12/03/2026;12/03/2026;;;Enzo Santambrogio;DISPONIBLE;;0,2;;;
1.890;1;890;EWP-3351-10-PA-220;CWP-3351-10-PA-220;CWA-3351-10;PWP-3351-10-PA-220;"03351-PW-2""-C1-0048-N";;;C1;CAÑERÍA SMLS, ASTM A106 GR B, ASME B36.10, SCH 80,TBE;"2""";1,53;m;;7,67;kg;Contratista;CAÑERÍA;Valvulas industriales;;12/03/2026;12/03/2026;;;Enzo Santambrogio;DISPONIBLE;;1,53;;;
1.891;1;891;EWP-3351-10-PA-220;CWP-3351-10-PA-220;CWA-3351-10;PWP-3351-10-PA-220;"03351-GW-2""-C1-0095-N";;;C1;CAÑERÍA SMLS, ASTM A106 GR B, ASME B36.10, SCH 80,TBE;"2""";0,19;m;;0,97;kg;Contratista;CAÑERÍA;Valvulas industriales;;12/03/2026;12/03/2026;;;Enzo Santambrogio;DISPONIBLE;;0,19;;;
1.892;1;892;EWP-3351-10-PA-220;CWP-3351-10-PA-220;CWA-3351-10;PWP-3351-10-PA-220;"03351-PW-2""-C1-0081-N";;;C1;CAÑERÍA SMLS, ASTM A106 GR B, ASME B36.10, SCH 80,TBE;"2""";0,1;m;;0,5;kg;Contratista;CAÑERÍA;Valvulas industriales;;12/03/2026;12/03/2026;;;Enzo Santambrogio;DISPONIBLE;;0,1;;;
1.893;1;893;EWP-3351-10-PA-220;CWP-3351-10-PA-220;CWA-3351-10;PWP-3351-10-PA-220;"03351-PW-2""-C1-0049-N";;;C1;CAÑERÍA SMLS, ASTM A106 GR B, ASME B36.10, SCH 80,TBE;"2""";0,21;m;;1,06;kg;Contratista;CAÑERÍA;Valvulas industriales;;12/03/2026;12/03/2026;;;Enzo Santambrogio;DISPONIBLE;;0,21;;;
1.894;1;894;EWP-3351-10-PA-220;CWP-3351-10-PA-220;CWA-3351-10;PWP-3351-10-PA-220;"03351-GW-2""-C1-0095-N";;;C1;CAÑERÍA SMLS, ASTM A106 GR B, ASME B36.10, SCH 80,TBE;"2""";0,25;m;;1,26;kg;Contratista;CAÑERÍA;Valvulas industriales;;12/03/2026;12/03/2026;;;Enzo Santambrogio;DISPONIBLE;;0,25;;;
1.895;1;895;EWP-3351-10-PA-220;CWP-3351-10-PA-220;CWA-3351-10;PWP-3351-10-PA-220;"03351-GW-2""-C1-0095-N";;;C1;CAÑERÍA SMLS, ASTM A106 GR B, ASME B36.10, SCH 80,TBE;"2""";0,15;m;;0,75;kg;Contratista;CAÑERÍA;Valvulas industriales;;12/03/2026;12/03/2026;;;Enzo Santambrogio;DISPONIBLE;;0,15;;;
1.896;1;896;EWP-3351-10-PA-220;CWP-3351-10-PA-220;CWA-3351-10;PWP-3351-10-PA-220;"03351-GW-2""-C1-0095-N";;;C1;CAÑERÍA SMLS, ASTM A106 GR B, ASME B36.10, SCH 80,TBE;"2""";0,61;m;;3,09;kg;Contratista;CAÑERÍA;Valvulas industriales;;12/03/2026;12/03/2026;;;Enzo Santambrogio;DISPONIBLE;;0,61;;;
1.897;1;897;EWP-3351-10-PA-220;CWP-3351-10-PA-220;CWA-3351-10;PWP-3351-10-PA-220;"03351-PW-2""-C1-0049-N";;;C1;CAÑERÍA SMLS, ASTM A106 GR B, ASME B36.10, SCH 80,TBE;"2""";1,34;m;;6,76;kg;Contratista;CAÑERÍA;Valvulas industriales;;12/03/2026;12/03/2026;;;Enzo Santambrogio;DISPONIBLE;;1,34;;;
1.898;1;898;EWP-3351-10-PA-220;CWP-3351-10-PA-220;CWA-3351-10;PWP-3351-10-PA-220;"03351-PW-2""-C1-0048-N";;;C1;CAÑERÍA SMLS, ASTM A106 GR B, ASME B36.10, SCH 80,TBE;"2""";0,09;m;;0,44;kg;Contratista;CAÑERÍA;Valvulas industriales;;12/03/2026;12/03/2026;;;Enzo Santambrogio;DISPONIBLE;;0,09;;;
1.899;1;899;EWP-3351-10-PA-220;CWP-3351-10-PA-220;CWA-3351-10;PWP-3351-10-PA-220;"03351-GW-2""-C1-0095-N";;;C1;CAÑERÍA SMLS, ASTM A106 GR B, ASME B36.10, SCH 80,TBE;"2""";0,35;m;;1,76;kg;Contratista;CAÑERÍA;Valvulas industriales;;12/03/2026;12/03/2026;;;Enzo Santambrogio;DISPONIBLE;;0,35;;;
1.900;1;900;EWP-3351-10-PA-220;CWP-3351-10-PA-220;CWA-3351-10;PWP-3351-10-PA-220;"03351-PW-2""-C1-0082-N";;;C1;CAÑERÍA SMLS, ASTM A106 GR B, ASME B36.10, SCH 80,TBE;"2""";0,21;m;;1,07;kg;Contratista;CAÑERÍA;Valvulas industriales;;12/03/2026;12/03/2026;;;Enzo Santambrogio;DISPONIBLE;;0,21;;;
1.901;1;901;EWP-3351-10-PA-220;CWP-3351-10-PA-220;CWA-3351-10;PWP-3351-10-PA-220;"03351-PW-2""-C1-0048-N";;;C1;CAÑERÍA SMLS, ASTM A106 GR B, ASME B36.10, SCH 80,TBE;"2""";0,63;m;;3,16;kg;Contratista;CAÑERÍA;Valvulas industriales;;12/03/2026;12/03/2026;;;Enzo Santambrogio;DISPONIBLE;;0,63;;;
1.902;1;902;EWP-3351-10-PA-220;CWP-3351-10-PA-220;CWA-3351-10;PWP-3351-10-PA-220;"03351-PW-2""-C1-0048-N";;;C1;CAÑERÍA SMLS, ASTM A106 GR B, ASME B36.10, SCH 80,TBE;"2""";0,36;m;;1,79;kg;Contratista;CAÑERÍA;Valvulas industriales;;12/03/2026;12/03/2026;;;Enzo Santambrogio;DISPONIBLE;;0,36;;;
1.903;1;903;EWP-3351-10-PA-220;CWP-3351-10-PA-220;CWA-3351-10;PWP-3351-10-PA-220;"03351-PW-2""-C1-0092-N";;;C1;CAÑERÍA SMLS, ASTM A106 GR B, ASME B36.10, SCH 80,TBE;"2""";0,12;m;;0,58;kg;Contratista;CAÑERÍA;Valvulas industriales;;12/03/2026;12/03/2026;;;Enzo Santambrogio;DISPONIBLE;;0,12;;;
1.904;1;904;EWP-3351-10-PA-220;CWP-3351-10-PA-220;CWA-3351-10;PWP-3351-10-PA-220;"03351-PW-2""-C1-0049-N";;;C1;CAÑERÍA SMLS, ASTM A106 GR B, ASME B36.10, SCH 80,TBE;"2""";0,17;m;;0,87;kg;Contratista;CAÑERÍA;Valvulas industriales;;12/03/2026;12/03/2026;;;Enzo Santambrogio;DISPONIBLE;;0,17;;;
1.905;1;905;EWP-3351-10-PA-220;CWP-3351-10-PA-220;CWA-3351-10;PWP-3351-10-PA-220;"03351-GW-2""-C1-0095-N";;;C1;CAÑERÍA SMLS, ASTM A106 GR B, ASME B36.10, SCH 80,TBE;"2""";1,9;m;;9,56;kg;Contratista;CAÑERÍA;Valvulas industriales;;12/03/2026;12/03/2026;;;Enzo Santambrogio;DISPONIBLE;;1,9;;;
1.906;1;906;EWP-3351-10-PA-220;CWP-3351-10-PA-220;CWA-3351-10;PWP-3351-10-PA-220;"03351-GW-2""-C1-0095-N";;;C1;CAÑERÍA SMLS, ASTM A106 GR B, ASME B36.10, SCH 80,TBE;"3/4""";0,09;m;;0,13;kg;Contratista;CAÑERÍA;Valvulas industriales;;12/03/2026;12/03/2026;;;Enzo Santambrogio;DISPONIBLE;;0,09;;;
1.907;1;907;EWP-3351-10-PA-220;CWP-3351-10-PA-220;CWA-3351-10;PWP-3351-10-PA-220;"03351-GW-1""-C1-0043-N";;;C1;CAÑERÍA SMLS, ASTM A106 GR B, ASME B36.10, SCH 80,TBE;"1""";2,81;m;;6,1;kg;Contratista;CAÑERÍA;Valvulas industriales;;12/03/2026;12/03/2026;;;Enzo Santambrogio;DISPONIBLE;;2,81;;;
1.908;1;908;EWP-3351-10-PA-220;CWP-3351-10-PA-220;CWA-3351-10;PWP-3351-10-PA-220;"03351-PW-2""-C1-0056-N";;;C1;CAÑERÍA SMLS, ASTM A106 GR B, ASME B36.10, SCH 80,TBE;"2""";0,15;m;;0,76;kg;Contratista;CAÑERÍA;Valvulas industriales;;12/03/2026;12/03/2026;;;Enzo Santambrogio;DISPONIBLE;;0,15;;;
1.909;1;909;EWP-3351-10-PA-220;CWP-3351-10-PA-220;CWA-3351-10;PWP-3351-10-PA-220;"03351-PW-2""-C1-0056-N";;;C1;CAÑERÍA SMLS, ASTM A106 GR B, ASME B36.10, SCH 80,TBE;"2""";0,3;m;;1,51;kg;Contratista;CAÑERÍA;Valvulas industriales;;12/03/2026;12/03/2026;;;Enzo Santambrogio;DISPONIBLE;;0,3;;;
1.910;1;910;EWP-3351-10-PA-220;CWP-3351-10-PA-220;CWA-3351-10;PWP-3351-10-PA-220;"03351-PW-2""-C1-0056-N";;;C1;CAÑERÍA SMLS, ASTM A106 GR B, ASME B36.10, SCH 80,TBE;"2""";6,32;m;;31,78;kg;Contratista;CAÑERÍA;Valvulas industriales;;12/03/2026;12/03/2026;;;Enzo Santambrogio;DISPONIBLE;;6,32;;;
1.911;1;911;EWP-3351-10-PA-220;CWP-3351-10-PA-220;CWA-3351-10;PWP-3351-10-PA-220;"03351-PW-2""-C1-0054-N";;;C1;CAÑERÍA SMLS, ASTM A106 GR B, ASME B36.10, SCH 80,TBE;"2""";8,93;m;;44,91;kg;Contratista;CAÑERÍA;Valvulas industriales;;12/03/2026;12/03/2026;;;Enzo Santambrogio;DISPONIBLE;;8,93;;;
1.912;1;912;EWP-3351-10-PA-220;CWP-3351-10-PA-220;CWA-3351-10;PWP-3351-10-PA-220;"03351-PW-2""-C1-0056-N";;;C1;CAÑERÍA SMLS, ASTM A106 GR B, ASME B36.10, SCH 80,TBE;"2""";0,15;m;;0,76;kg;Contratista;CAÑERÍA;Valvulas industriales;;12/03/2026;12/03/2026;;;Enzo Santambrogio;DISPONIBLE;;0,15;;;
1.913;1;913;EWP-3351-10-PA-220;CWP-3351-10-PA-220;CWA-3351-10;PWP-3351-10-PA-220;"03351-PW-2""-C1-0054-N";;;C1;CAÑERÍA SMLS, ASTM A106 GR B, ASME B36.10, SCH 80,TBE;"2""";1,45;m;;7,31;kg;Contratista;CAÑERÍA;Valvulas industriales;;12/03/2026;12/03/2026;;;Enzo Santambrogio;DISPONIBLE;;1,45;;;
1.914;1;914;EWP-3351-10-PA-220;CWP-3351-10-PA-220;CWA-3351-10;PWP-3351-10-PA-220;"03351-PW-2""-C1-0056-N";;;C1;CAÑERÍA SMLS, ASTM A106 GR B, ASME B36.10, SCH 80,TBE;"2""";0,62;m;;3,1;kg;Contratista;CAÑERÍA;Valvulas industriales;;12/03/2026;12/03/2026;;;Enzo Santambrogio;DISPONIBLE;;0,62;;;
1.915;1;915;EWP-3351-10-PA-220;CWP-3351-10-PA-220;CWA-3351-10;PWP-3351-10-PA-220;"03351-PW-2""-C1-0054-N";;;C1;CAÑERÍA SMLS, ASTM A106 GR B, ASME B36.10, SCH 80,TBE;"2""";0,65;m;;3,28;kg;Contratista;CAÑERÍA;Valvulas industriales;;12/03/2026;12/03/2026;;;Enzo Santambrogio;DISPONIBLE;;0,65;;;
1.916;1;916;EWP-3351-10-PA-220;CWP-3351-10-PA-220;CWA-3351-10;PWP-3351-10-PA-220;"03351-PW-2""-C1-0054-N";;;C1;CAÑERÍA SMLS, ASTM A106 GR B, ASME B36.10, SCH 80,TBE;"2""";0,23;m;;1,15;kg;Contratista;CAÑERÍA;Valvulas industriales;;12/03/2026;12/03/2026;;;Enzo Santambrogio;DISPONIBLE;;0,23;;;
1.917;1;917;EWP-3351-10-PA-220;CWP-3351-10-PA-220;CWA-3351-10;PWP-3351-10-PA-220;"03351-PW-2""-C1-0056-N";;;C1;CAÑERÍA SMLS, ASTM A106 GR B, ASME B36.10, SCH 80,TBE;"2""";4,18;m;;21,01;kg;Contratista;CAÑERÍA;Valvulas industriales;;12/03/2026;12/03/2026;;;Enzo Santambrogio;DISPONIBLE;;4,18;;;
1.918;1;918;EWP-3351-10-PA-220;CWP-3351-10-PA-220;CWA-3351-10;PWP-3351-10-PA-220;"03351-PW-2""-C1-0054-N";;;C1;CAÑERÍA SMLS, ASTM A106 GR B, ASME B36.10, SCH 80,TBE;"2""";1,41;m;;7,12;kg;Contratista;CAÑERÍA;Valvulas industriales;;12/03/2026;12/03/2026;;;Enzo Santambrogio;DISPONIBLE;;1,41;;;
1.919;1;919;EWP-3351-10-PA-220;CWP-3351-10-PA-220;CWA-3351-10;PWP-3351-10-PA-220;"03351-PW-2""-C1-0056-N";;;C1;CAÑERÍA SMLS, ASTM A106 GR B, ASME B36.10, SCH 80,TBE;"2""";2,21;m;;11,12;kg;Contratista;CAÑERÍA;Valvulas industriales;;12/03/2026;12/03/2026;;;Enzo Santambrogio;DISPONIBLE;;2,21;;;
1.920;1;920;EWP-3351-10-PA-220;CWP-3351-10-PA-220;CWA-3351-10;PWP-3351-10-PA-220;"03351-PW-2""-C1-0091-N";;;C1;CAÑERÍA SMLS, ASTM A106 GR B, ASME B36.10, SCH 80,TBE;"2""";2,34;m;;11,79;kg;Contratista;CAÑERÍA;Valvulas industriales;;12/03/2026;12/03/2026;;;Enzo Santambrogio;DISPONIBLE;;2,34;;;
1.921;1;921;EWP-3351-10-PA-220;CWP-3351-10-PA-220;CWA-3351-10;PWP-3351-10-PA-220;"03351-PW-2""-C1-0083-N";;;C1;CAÑERÍA SMLS, ASTM A106 GR B, ASME B36.10, SCH 80,TBE;"2""";0,45;m;;2,24;kg;Contratista;CAÑERÍA;Valvulas industriales;;12/03/2026;12/03/2026;;;Enzo Santambrogio;DISPONIBLE;;0,45;;;
1.922;1;922;EWP-3351-10-PA-220;CWP-3351-10-PA-220;CWA-3351-10;PWP-3351-10-PA-220;"03351-PW-2""-C1-0081-N";;;C1;CAÑERÍA SMLS, ASTM A106 GR B, ASME B36.10, SCH 80,TBE;"2""";0,45;m;;2,24;kg;Contratista;CAÑERÍA;Valvulas industriales;;12/03/2026;12/03/2026;;;Enzo Santambrogio;DISPONIBLE;;0,45;;;
1.923;1;923;EWP-3351-10-PA-220;CWP-3351-10-PA-220;CWA-3351-10;PWP-3351-10-PA-220;"03351-PW-2""-C1-0082-N";;;C1;CAÑERÍA SMLS, ASTM A106 GR B, ASME B36.10, SCH 80,TBE;"2""";0,42;m;;2,13;kg;Contratista;CAÑERÍA;Valvulas industriales;;12/03/2026;12/03/2026;;;Enzo Santambrogio;DISPONIBLE;;0,42;;;
1.924;1;924;EWP-3351-10-PA-220;CWP-3351-10-PA-220;CWA-3351-10;PWP-3351-10-PA-220;"03351-PW-2""-C1-0084-N";;;C1;CAÑERÍA SMLS, ASTM A106 GR B, ASME B36.10, SCH 80,TBE;"2""";0,55;m;;2,76;kg;Contratista;CAÑERÍA;Valvulas industriales;;12/03/2026;12/03/2026;;;Enzo Santambrogio;DISPONIBLE;;0,55;;;
1.925;1;925;EWP-3351-10-PA-220;CWP-3351-10-PA-220;CWA-3351-10;PWP-3351-10-PA-220;"03351-PW-2""-C1-0084-N";;;C1;CAÑERÍA SMLS, ASTM A106 GR B, ASME B36.10, SCH 80,TBE;"2""";0,98;m;;4,91;kg;Contratista;CAÑERÍA;Valvulas industriales;;12/03/2026;12/03/2026;;;Enzo Santambrogio;DISPONIBLE;;0,98;;;
1.926;1;926;EWP-3351-10-PA-220;CWP-3351-10-PA-220;CWA-3351-10;PWP-3351-10-PA-220;"03351-GW-1""-C1-0034-N";;;C1;CAÑERÍA SMLS, ASTM A106 GR B, ASME B36.10, SCH 80,TBE;"1""";0,53;m;;1,15;kg;Contratista;CAÑERÍA;Valvulas industriales;;12/03/2026;12/03/2026;;;Enzo Santambrogio;DISPONIBLE;;0,53;;;
1.927;1;927;EWP-3351-10-PA-220;CWP-3351-10-PA-220;CWA-3351-10;PWP-3351-10-PA-220;"03351-PW-2""-C1-0024-N";;;C1;CAÑERÍA SMLS, ASTM A106 GR B, ASME B36.10, SCH 80,TBE;"2""";0,17;m;;0,87;kg;Contratista;CAÑERÍA;Valvulas industriales;;12/03/2026;12/03/2026;;;Enzo Santambrogio;DISPONIBLE;;0,17;;;
1.928;1;928;EWP-3351-10-PA-220;CWP-3351-10-PA-220;CWA-3351-10;PWP-3351-10-PA-220;"03351-GW-1""-C1-0031-N";;;C1;CAÑERÍA SMLS, ASTM A106 GR B, ASME B36.10, SCH 80,TBE;"1""";0,94;m;;2,03;kg;Contratista;CAÑERÍA;Valvulas industriales;;12/03/2026;12/03/2026;;;Enzo Santambrogio;DISPONIBLE;;0,94;;;
1.929;1;929;EWP-3351-10-PA-220;CWP-3351-10-PA-220;CWA-3351-10;PWP-3351-10-PA-220;"03351-PW-2""-C1-0024-N";;;C1;CAÑERÍA SMLS, ASTM A106 GR B, ASME B36.10, SCH 80,TBE;"2""";0,11;m;;0,53;kg;Contratista;CAÑERÍA;Valvulas industriales;;12/03/2026;12/03/2026;;;Enzo Santambrogio;DISPONIBLE;;0,11;;;
1.930;1;930;EWP-3351-10-PA-220;CWP-3351-10-PA-220;CWA-3351-10;PWP-3351-10-PA-220;"03351-PW-2""-C1-0044-N";;;C1;CAÑERÍA SMLS, ASTM A106 GR B, ASME B36.10, SCH 80,TBE;"2""";0,44;m;;2,22;kg;Contratista;CAÑERÍA;Valvulas industriales;;12/03/2026;12/03/2026;;;Enzo Santambrogio;DISPONIBLE;;0,44;;;
1.931;1;931;EWP-3351-10-PA-220;CWP-3351-10-PA-220;CWA-3351-10;PWP-3351-10-PA-220;"03351-GW-1""-C1-0035-N";;;C1;CAÑERÍA SMLS, ASTM A106 GR B, ASME B36.10, SCH 80,TBE;"1""";0,63;m;;1,37;kg;Contratista;CAÑERÍA;Valvulas industriales;;12/03/2026;12/03/2026;;;Enzo Santambrogio;DISPONIBLE;;0,63;;;
1.932;1;932;EWP-3351-10-PA-220;CWP-3351-10-PA-220;CWA-3351-10;PWP-3351-10-PA-220;"03351-PW-2""-C1-0044-N";;;C1;CAÑERÍA SMLS, ASTM A106 GR B, ASME B36.10, SCH 80,TBE;"2""";2,36;m;;11,89;kg;Contratista;CAÑERÍA;Valvulas industriales;;12/03/2026;12/03/2026;;;Enzo Santambrogio;DISPONIBLE;;2,36;;;
1.933;1;933;EWP-3351-10-PA-220;CWP-3351-10-PA-220;CWA-3351-10;PWP-3351-10-PA-220;"03351-PW-2""-C1-0056-N";;;C1;CAÑERÍA SMLS, ASTM A106 GR B, ASME B36.10, SCH 80,TBE;"2""";0,15;m;;0,75;kg;Contratista;CAÑERÍA;Valvulas industriales;;12/03/2026;12/03/2026;;;Enzo Santambrogio;DISPONIBLE;;0,15;;;
1.934;1;934;EWP-3351-10-PA-220;CWP-3351-10-PA-220;CWA-3351-10;PWP-3351-10-PA-220;"03351-PW-2""-C1-0049-N";;;C1;CAÑERÍA SMLS, ASTM A106 GR B, ASME B36.10, SCH 80,TBE;"2""";0,07;m;;0,37;kg;Contratista;CAÑERÍA;Valvulas industriales;;12/03/2026;12/03/2026;;;Enzo Santambrogio;DISPONIBLE;;0,07;;;
1.935;1;935;EWP-3351-10-PA-220;CWP-3351-10-PA-220;CWA-3351-10;PWP-3351-10-PA-220;"03351-PW-2""-C1-0053-N";;;C1;CAÑERÍA SMLS, ASTM A106 GR B, ASME B36.10, SCH 80,TBE;"2""";0,11;m;;0,57;kg;Contratista;CAÑERÍA;Valvulas industriales;;12/03/2026;12/03/2026;;;Enzo Santambrogio;DISPONIBLE;;0,11;;;
1.936;1;936;EWP-3351-10-PA-220;CWP-3351-10-PA-220;CWA-3351-10;PWP-3351-10-PA-220;"03351-PW-2""-C1-0025-N";;;C1;CAÑERÍA SMLS, ASTM A106 GR B, ASME B36.10, SCH 80,TBE;"2""";2,2;m;;11,07;kg;Contratista;CAÑERÍA;Valvulas industriales;;12/03/2026;12/03/2026;;;Enzo Santambrogio;DISPONIBLE;;2,2;;;
1.937;1;937;EWP-3351-10-PA-220;CWP-3351-10-PA-220;CWA-3351-10;PWP-3351-10-PA-220;"03351-PW-2""-C1-0049-N";;;C1;CAÑERÍA SMLS, ASTM A106 GR B, ASME B36.10, SCH 80,TBE;"2""";1,85;m;;9,33;kg;Contratista;CAÑERÍA;Valvulas industriales;;12/03/2026;12/03/2026;;;Enzo Santambrogio;DISPONIBLE;;1,85;;;
1.938;1;938;EWP-3351-10-PA-220;CWP-3351-10-PA-220;CWA-3351-10;PWP-3351-10-PA-220;"03351-PW-2""-C1-0049-N";;;C1;CAÑERÍA SMLS, ASTM A106 GR B, ASME B36.10, SCH 80,TBE;"2""";0,63;m;;3,17;kg;Contratista;CAÑERÍA;Valvulas industriales;;12/03/2026;12/03/2026;;;Enzo Santambrogio;DISPONIBLE;;0,63;;;
1.939;1;939;EWP-3351-10-PA-220;CWP-3351-10-PA-220;CWA-3351-10;PWP-3351-10-PA-220;"03351-PW-2""-C1-0083-N";;;C1;CAÑERÍA SMLS, ASTM A106 GR B, ASME B36.10, SCH 80,TBE;"2""";0,12;m;;0,62;kg;Contratista;CAÑERÍA;Valvulas industriales;;12/03/2026;12/03/2026;;;Enzo Santambrogio;DISPONIBLE;;0,12;;;
1.940;1;940;EWP-3351-10-PA-220;CWP-3351-10-PA-220;CWA-3351-10;PWP-3351-10-PA-220;"03351-PW-2""-C1-0090-N";;;C1;CAÑERÍA SMLS, ASTM A106 GR B, ASME B36.10, SCH 80,TBE;"2""";2,51;m;;12,64;kg;Contratista;CAÑERÍA;Valvulas industriales;;12/03/2026;12/03/2026;;;Enzo Santambrogio;DISPONIBLE;;2,51;;;
1.941;1;941;EWP-3351-10-PA-220;CWP-3351-10-PA-220;CWA-3351-10;PWP-3351-10-PA-220;"03351-PW-2""-C1-0090-N";;;C1;CAÑERÍA SMLS, ASTM A106 GR B, ASME B36.10, SCH 80,TBE;"2""";0,67;m;;3,37;kg;Contratista;CAÑERÍA;Valvulas industriales;;12/03/2026;12/03/2026;;;Enzo Santambrogio;DISPONIBLE;;0,67;;;
1.942;1;942;EWP-3351-10-PA-220;CWP-3351-10-PA-220;CWA-3351-10;PWP-3351-10-PA-220;"03351-PW-2""-C1-0090-N";;;C1;CAÑERÍA SMLS, ASTM A106 GR B, ASME B36.10, SCH 80,TBE;"2""";0,46;m;;2,34;kg;Contratista;CAÑERÍA;Valvulas industriales;;12/03/2026;12/03/2026;;;Enzo Santambrogio;DISPONIBLE;;0,46;;;
1.943;1;943;EWP-3351-10-PA-220;CWP-3351-10-PA-220;CWA-3351-10;PWP-3351-10-PA-220;"03351-PW-2""-C1-0026-N";;;C1;CAÑERÍA SMLS, ASTM A106 GR B, ASME B36.10, SCH 80,TBE;"2""";0,59;m;;2,95;kg;Contratista;CAÑERÍA;Valvulas industriales;;12/03/2026;12/03/2026;;;Enzo Santambrogio;DISPONIBLE;;0,59;;;
1.944;1;944;EWP-3351-10-PA-220;CWP-3351-10-PA-220;CWA-3351-10;PWP-3351-10-PA-220;"03351-PW-2""-C1-0026-N";;;C1;CAÑERÍA SMLS, ASTM A106 GR B, ASME B36.10, SCH 80,TBE;"2""";0,59;m;;2,97;kg;Contratista;CAÑERÍA;Valvulas industriales;;12/03/2026;12/03/2026;;;Enzo Santambrogio;DISPONIBLE;;0,59;;;
1.945;1;945;EWP-3351-10-PA-220;CWP-3351-10-PA-220;CWA-3351-10;PWP-3351-10-PA-220;"03351-PW-2""-C1-0025-N";;;C1;CAÑERÍA SMLS, ASTM A106 GR B, ASME B36.10, SCH 80,TBE;"2""";0,25;m;;1,28;kg;Contratista;CAÑERÍA;Valvulas industriales;;12/03/2026;12/03/2026;;;Enzo Santambrogio;DISPONIBLE;;0,25;;;
1.946;1;946;EWP-3351-10-PA-220;CWP-3351-10-PA-220;CWA-3351-10;PWP-3351-10-PA-220;"03351-PW-2""-C1-0090-N";;;C1;CAÑERÍA SMLS, ASTM A106 GR B, ASME B36.10, SCH 80,TBE;"2""";0,2;m;;1,01;kg;Contratista;CAÑERÍA;Valvulas industriales;;12/03/2026;12/03/2026;;;Enzo Santambrogio;DISPONIBLE;;0,2;;;
1.947;1;947;EWP-3351-10-PA-220;CWP-3351-10-PA-220;CWA-3351-10;PWP-3351-10-PA-220;"03351-PW-2""-C1-0083-N";;;C1;CAÑERÍA SMLS, ASTM A106 GR B, ASME B36.10, SCH 80,TBE;"2""";0,11;m;;0,56;kg;Contratista;CAÑERÍA;Valvulas industriales;;12/03/2026;12/03/2026;;;Enzo Santambrogio;DISPONIBLE;;0,11;;;
1.948;1;948;EWP-3351-10-PA-220;CWP-3351-10-PA-220;CWA-3351-10;PWP-3351-10-PA-220;"03351-PW-2""-C1-0090-N";;;C1;CAÑERÍA SMLS, ASTM A106 GR B, ASME B36.10, SCH 80,TBE;"2""";0,16;m;;0,83;kg;Contratista;CAÑERÍA;Valvulas industriales;;12/03/2026;12/03/2026;;;Enzo Santambrogio;DISPONIBLE;;0,16;;;
1.949;1;949;EWP-3351-10-PA-220;CWP-3351-10-PA-220;CWA-3351-10;PWP-3351-10-PA-220;"03351-PW-2""-C1-0025-N";;;C1;CAÑERÍA SMLS, ASTM A106 GR B, ASME B36.10, SCH 80,TBE;"2""";2,11;m;;10,62;kg;Contratista;CAÑERÍA;Valvulas industriales;;12/03/2026;12/03/2026;;;Enzo Santambrogio;DISPONIBLE;;2,11;;;
1.950;1;950;EWP-3351-10-PA-220;CWP-3351-10-PA-220;CWA-3351-10;PWP-3351-10-PA-220;"03351-PW-2""-C1-0085-N";;;C1;CAÑERÍA SMLS, ASTM A106 GR B, ASME B36.10, SCH 80,TBE;"2""";0,23;m;;1,14;kg;Contratista;CAÑERÍA;Valvulas industriales;;12/03/2026;12/03/2026;;;Enzo Santambrogio;DISPONIBLE;;0,23;;;
1.951;1;951;EWP-3351-10-PA-220;CWP-3351-10-PA-220;CWA-3351-10;PWP-3351-10-PA-220;"03351-PW-2""-C1-0091-N";;;C1;CAÑERÍA SMLS, ASTM A106 GR B, ASME B36.10, SCH 80,TBE;"2""";0,62;m;;3,11;kg;Contratista;CAÑERÍA;Valvulas industriales;;12/03/2026;12/03/2026;;;Enzo Santambrogio;DISPONIBLE;;0,62;;;
1.952;1;952;EWP-3351-10-PA-220;CWP-3351-10-PA-220;CWA-3351-10;PWP-3351-10-PA-220;"03351-PW-2""-C1-0083-N";;;C1;CAÑERÍA SMLS, ASTM A106 GR B, ASME B36.10, SCH 80,TBE;"2""";0,58;m;;2,94;kg;Contratista;CAÑERÍA;Valvulas industriales;;12/03/2026;12/03/2026;;;Enzo Santambrogio;DISPONIBLE;;0,58;;;
1.953;1;953;EWP-3351-10-PA-220;CWP-3351-10-PA-220;CWA-3351-10;PWP-3351-10-PA-220;"03351-PW-2""-C1-0049-N";;;C1;CAÑERÍA SMLS, ASTM A106 GR B, ASME B36.10, SCH 80,TBE;"2""";0,94;m;;4,71;kg;Contratista;CAÑERÍA;Valvulas industriales;;12/03/2026;12/03/2026;;;Enzo Santambrogio;DISPONIBLE;;0,94;;;
1.954;1;954;EWP-3351-10-PA-220;CWP-3351-10-PA-220;CWA-3351-10;PWP-3351-10-PA-220;"03351-PW-2""-C1-0083-N";;;C1;CAÑERÍA SMLS, ASTM A106 GR B, ASME B36.10, SCH 80,TBE;"2""";0,2;m;;1,01;kg;Contratista;CAÑERÍA;Valvulas industriales;;12/03/2026;12/03/2026;;;Enzo Santambrogio;DISPONIBLE;;0,2;;;
1.955;1;955;EWP-3351-10-PA-220;CWP-3351-10-PA-220;CWA-3351-10;PWP-3351-10-PA-220;"03351-PW-2""-C1-0085-N";;;C1;CAÑERÍA SMLS, ASTM A106 GR B, ASME B36.10, SCH 80,TBE;"2""";1,61;m;;8,08;kg;Contratista;CAÑERÍA;Valvulas industriales;;12/03/2026;12/03/2026;;;Enzo Santambrogio;DISPONIBLE;;1,61;;;
1.956;1;956;EWP-3351-10-PA-220;CWP-3351-10-PA-220;CWA-3351-10;PWP-3351-10-PA-220;"03351-CT-6""-C3-0023-R3";;;C3;CAÑERÍA SMLS, ASTM A106 GR B, ASME B36.10, SCH 80,TBE;"2""";0,86;m;;4,33;kg;Contratista;CAÑERÍA;Valvulas industriales;;12/03/2026;12/03/2026;;;Enzo Santambrogio;DISPONIBLE;;0,86;;;
1.957;1;957;EWP-3351-10-PA-220;CWP-3351-10-PA-220;CWA-3351-10;PWP-3351-10-PA-220;"03351-CT-6""-C3-0021-R3";;;C3;CAÑERÍA SMLS, ASTM A106 GR B, ASME B36.10, SCH 80,TBE;"2""";0,8;m;;4,01;kg;Contratista;CAÑERÍA;Valvulas industriales;;12/03/2026;12/03/2026;;;Enzo Santambrogio;DISPONIBLE;;0,8;;;
1.958;1;958;EWP-3351-10-PA-220;CWP-3351-10-PA-220;CWA-3351-10;PWP-3351-10-PA-220;"03351-CT-6""-C3-0018-R3";;;C3;CAÑERÍA SMLS, ASTM A106 GR B, ASME B36.10, SCH 80,TBE;"2""";0,36;m;;1,83;kg;Contratista;CAÑERÍA;Valvulas industriales;;12/03/2026;12/03/2026;;;Enzo Santambrogio;DISPONIBLE;;0,36;;;
1.959;1;959;EWP-3351-10-PA-220;CWP-3351-10-PA-220;CWA-3351-10;PWP-3351-10-PA-220;"03351-GW-2""-C1-0095-N";;;C1;CAÑERÍA SMLS, ASTM A106 GR B, ASME B36.10, SCH 80,TBE;"2""";0,1;m;;0,5;kg;Contratista;CAÑERÍA;Valvulas industriales;;12/03/2026;12/03/2026;;;Enzo Santambrogio;DISPONIBLE;;0,1;;;
1.960;1;960;EWP-3351-10-PA-220;CWP-3351-10-PA-220;CWA-3351-10;PWP-3351-10-PA-220;"03351-CT-6""-C3-0021-R3";;;C3;CAÑERÍA SMLS, ASTM A106 GR B, ASME B36.10, SCH 80,TBE;"2""";0,36;m;;1,83;kg;Contratista;CAÑERÍA;Valvulas industriales;;12/03/2026;12/03/2026;;;Enzo Santambrogio;DISPONIBLE;;0,36;;;
1.961;1;961;EWP-3351-10-PA-220;CWP-3351-10-PA-220;CWA-3351-10;PWP-3351-10-PA-220;"03351-CT-6""-C3-0018-R3";;;C3;CAÑERÍA SMLS, ASTM A106 GR B, ASME B36.10, SCH 80,TBE;"2""";0,8;m;;4;kg;Contratista;CAÑERÍA;Valvulas industriales;;12/03/2026;12/03/2026;;;Enzo Santambrogio;DISPONIBLE;;0,8;;;
1.962;1;962;EWP-3351-10-PA-220;CWP-3351-10-PA-220;CWA-3351-10;PWP-3351-10-PA-220;"03351-GW-1""-C1-0035-N";;;C1;CAÑERÍA SMLS, ASTM A106 GR B, ASME B36.10, SCH 80,TBE;"3/4""";0,05;m;;0,08;kg;Contratista;CAÑERÍA;Valvulas industriales;;12/03/2026;12/03/2026;;;Enzo Santambrogio;DISPONIBLE;;0,05;;;
1.963;1;963;EWP-3351-10-PA-220;CWP-3351-10-PA-220;CWA-3351-10;PWP-3351-10-PA-220;"03351-CT-6""-C3-0021-R3";;;C3;CODO 45, ASTM A105, CLASE 3000, ASME B16.11, SW;"2""";1;un;;2,88;kg;Contratista;CODO;;;;;;;;SIN REVISAR;;1;;;
1.964;1;964;EWP-3351-10-PA-220;CWP-3351-10-PA-220;CWA-3351-10;PWP-3351-10-PA-220;"03351-CT-6""-C3-0018-R3";;;C3;CODO 45, ASTM A105, CLASE 3000, ASME B16.11, SW;"2""";1;un;;2,88;kg;Contratista;CODO;;;;;;;;SIN REVISAR;;1;;;
1.965;1;965;EWP-3351-10-PA-220;CWP-3351-10-PA-220;CWA-3351-10;PWP-3351-10-PA-220;"03351-CT-6""-C3-0023-R3";;;C3;CODO 45, ASTM A105, CLASE 3000, ASME B16.11, SW;"2""";1;un;;2,88;kg;Contratista;CODO;;;;;;;;SIN REVISAR;;1;;;
1.966;1;966;EWP-3351-10-PA-220;CWP-3351-10-PA-220;CWA-3351-10;PWP-3351-10-PA-220;"03351-CT-6""-C3-0021-R3";;;C3;CODO 45, ASTM A105, CLASE 3000, ASME B16.11, SW;"2""";1;un;;2,88;kg;Contratista;CODO;;;;;;;;SIN REVISAR;;1;;;
1.967;1;967;EWP-3351-10-PA-220;CWP-3351-10-PA-220;CWA-3351-10;PWP-3351-10-PA-220;"03351-CT-6""-C3-0018-R3";;;C3;CODO 45, ASTM A105, CLASE 3000, ASME B16.11, SW;"2""";1;un;;2,88;kg;Contratista;CODO;;;;;;;;SIN REVISAR;;1;;;
1.968;1;968;EWP-3351-10-PA-220;CWP-3351-10-PA-220;CWA-3351-10;PWP-3351-10-PA-220;"03351-CT-6""-C3-0023-R3";;;C3;CODO 45, ASTM A105, CLASE 3000, ASME B16.11, SW;"2""";1;un;;2,88;kg;Contratista;CODO;;;;;;;;SIN REVISAR;;1;;;
1.969;1;969;EWP-3351-10-PA-220;CWP-3351-10-PA-220;CWA-3351-10;PWP-3351-10-PA-220;"03351-CT-4""-C2-0004-N";;;C2;CODO 45° LR, ASTM A234 GR WPB, SCH STD, ASME B16.9,BW;"4""";1;un;;4,29;kg;Contratista;CODO;Valvulas industriales;;12/03/2026;12/03/2026;;;Enzo Santambrogio;DISPONIBLE;;1;;;
1.970;1;970;EWP-3351-10-PA-220;CWP-3351-10-PA-220;CWA-3351-10;PWP-3351-10-PA-220;"03351-CT-4""-C2-0003-N";;;C2;CODO 45° LR, ASTM A234 GR WPB, SCH STD, ASME B16.9,BW;"4""";1;un;;4,29;kg;Contratista;CODO;Valvulas industriales;;12/03/2026;12/03/2026;;;Enzo Santambrogio;DISPONIBLE;;1;;;
1.971;1;971;EWP-3351-10-PA-220;CWP-3351-10-PA-220;CWA-3351-10;PWP-3351-10-PA-220;"03351-CT-4""-C2-0004-N";;;C2;CODO 45° LR, ASTM A234 GR WPB, SCH STD, ASME B16.9,BW;"4""";1;un;;4,29;kg;Contratista;CODO;Valvulas industriales;;12/03/2026;12/03/2026;;;Enzo Santambrogio;DISPONIBLE;;1;;;
1.972;1;972;EWP-3351-10-PA-220;CWP-3351-10-PA-220;CWA-3351-10;PWP-3351-10-PA-220;"03351-CT-4""-C2-0003-N";;;C2;CODO 45° LR, ASTM A234 GR WPB, SCH STD, ASME B16.9,BW;"4""";1;un;;4,29;kg;Contratista;CODO;Valvulas industriales;;12/03/2026;12/03/2026;;;Enzo Santambrogio;DISPONIBLE;;1;;;
1.973;1;973;EWP-3351-10-PA-220;CWP-3351-10-PA-220;CWA-3351-10;PWP-3351-10-PA-220;"03351-PW-6""-C1-0013-N";;;C1;CODO 45° RL, ASTM A234 GR WPB, SCH STD, ASME B16.9,BW;"6""";1;un;;11,24;kg;Contratista;CODO;Valvulas industriales;;12/03/2026;12/03/2026;;;Enzo Santambrogio;DISPONIBLE;;1;;;
1.974;1;974;EWP-3351-10-PA-220;CWP-3351-10-PA-220;CWA-3351-10;PWP-3351-10-PA-220;"03351-PW-6""-C1-0013-N";;;C1;CODO 45° RL, ASTM A234 GR WPB, SCH STD, ASME B16.9,BW;"6""";1;un;;11,24;kg;Contratista;CODO;Valvulas industriales;;12/03/2026;12/03/2026;;;Enzo Santambrogio;DISPONIBLE;;1;;;
1.975;1;975;EWP-3351-10-PA-220;CWP-3351-10-PA-220;CWA-3351-10;PWP-3351-10-PA-220;"03351-PW-6""-C1-0013-N";;;C1;CODO 45° RL, ASTM A234 GR WPB, SCH STD, ASME B16.9,BW;"6""";1;un;;11,24;kg;Contratista;CODO;Valvulas industriales;;12/03/2026;12/03/2026;;;Enzo Santambrogio;DISPONIBLE;;1;;;
1.976;1;976;EWP-3351-10-PA-220;CWP-3351-10-PA-220;CWA-3351-10;PWP-3351-10-PA-220;"03351-PW-6""-C1-0013-N";;;C1;CODO 45° RL, ASTM A234 GR WPB, SCH STD, ASME B16.9,BW;"6""";1;un;;11,24;kg;Contratista;CODO;Valvulas industriales;;12/03/2026;12/03/2026;;;Enzo Santambrogio;DISPONIBLE;;1;;;
1.977;1;977;EWP-3351-10-PA-220;CWP-3351-10-PA-220;CWA-3351-10;PWP-3351-10-PA-220;"03351-PW-6""-C1-0013-N";;;C1;CODO 45° RL, ASTM A234 GR WPB, SCH STD, ASME B16.9,BW;"6""";1;un;;11,24;kg;Contratista;CODO;Valvulas industriales;;12/03/2026;12/03/2026;;;Enzo Santambrogio;DISPONIBLE;;1;;;
1.978;1;978;EWP-3351-10-PA-220;CWP-3351-10-PA-220;CWA-3351-10;PWP-3351-10-PA-220;"03351-PW-4""-C1-0016-N";;;C1;CODO 45° RL, ASTM A234 GR WPB, SCH STD, ASME B16.9,BW;"4""";1;un;;4,29;kg;Contratista;CODO;Valvulas industriales;;12/03/2026;12/03/2026;;;Enzo Santambrogio;DISPONIBLE;;1;;;
1.979;1;979;EWP-3351-10-PA-220;CWP-3351-10-PA-220;CWA-3351-10;PWP-3351-10-PA-220;"03351-PW-4""-C1-0016-N";;;C1;CODO 45° RL, ASTM A234 GR WPB, SCH STD, ASME B16.9,BW;"4""";1;un;;4,29;kg;Contratista;CODO;Valvulas industriales;;12/03/2026;12/03/2026;;;Enzo Santambrogio;DISPONIBLE;;1;;;
1.980;1;980;EWP-3351-10-PA-220;CWP-3351-10-PA-220;CWA-3351-10;PWP-3351-10-PA-220;"03351-PW-6""-C1-0013-N";;;C1;CODO 45° RL, ASTM A234 GR WPB, SCH STD, ASME B16.9,BW;"6""";1;un;;11,24;kg;Contratista;CODO;Valvulas industriales;;12/03/2026;12/03/2026;;;Enzo Santambrogio;DISPONIBLE;;1;;;
1.981;1;981;EWP-3351-10-PA-220;CWP-3351-10-PA-220;CWA-3351-10;PWP-3351-10-PA-220;"03351-PW-6""-C1-0013-N";;;C1;CODO 45° RL, ASTM A234 GR WPB, SCH STD, ASME B16.9,BW;"6""";1;un;;11,24;kg;Contratista;CODO;Valvulas industriales;;12/03/2026;12/03/2026;;;Enzo Santambrogio;DISPONIBLE;;1;;;
1.982;1;982;EWP-3351-10-PA-220;CWP-3351-10-PA-220;CWA-3351-10;PWP-3351-10-PA-220;"03351-PW-6""-C1-0013-N";;;C1;CODO 45° RL, ASTM A234 GR WPB, SCH STD, ASME B16.9,BW;"6""";1;un;;11,24;kg;Contratista;CODO;Valvulas industriales;;12/03/2026;12/03/2026;;;Enzo Santambrogio;DISPONIBLE;;1;;;
1.983;1;983;EWP-3351-10-PA-220;CWP-3351-10-PA-220;CWA-3351-10;PWP-3351-10-PA-220;"03351-PW-6""-C1-0013-N";;;C1;CODO 45° RL, ASTM A234 GR WPB, SCH STD, ASME B16.9, BW;"6""";1;un;;11,24;kg;Contratista;CODO;Valvulas industriales;;12/03/2026;12/03/2026;;;Enzo Santambrogio;DISPONIBLE;;1;;;
1.984;1;984;EWP-3351-10-PA-220;CWP-3351-10-PA-220;CWA-3351-10;PWP-3351-10-PA-220;"03351-PW-6""-C1-0013-N";;;C1;CODO 45° RL, ASTM A234 GR WPB, SCH STD, ASME B16.9,BW;"6""";1;un;;11,24;kg;Contratista;CODO;Valvulas industriales;;12/03/2026;12/03/2026;;;Enzo Santambrogio;DISPONIBLE;;1;;;
1.985;1;985;EWP-3351-10-PA-220;CWP-3351-10-PA-220;CWA-3351-10;PWP-3351-10-PA-220;"03351-CT-3""-C2-0064-N";;;C2;CODO 45° RL, ASTM A234 GR WPB, SCH STD, ASME B16.9, BW;"3""";1;un;;2,24;kg;Contratista;CODO;Valvulas industriales;;12/03/2026;12/03/2026;;;Enzo Santambrogio;DISPONIBLE;;1;;;
1.986;1;986;EWP-3351-10-PA-220;CWP-3351-10-PA-220;CWA-3351-10;PWP-3351-10-PA-220;"03351-CT-3""-C2-0064-N";;;C2;CODO 45° RL, ASTM A234 GR WPB, SCH STD, ASME B16.9,BW;"3""";1;un;;2,24;kg;Contratista;CODO;Valvulas industriales;;12/03/2026;12/03/2026;;;Enzo Santambrogio;DISPONIBLE;;1;;;
1.987;1;987;EWP-3351-10-PA-220;CWP-3351-10-PA-220;CWA-3351-10;PWP-3351-10-PA-220;"03351-CT-3""-C2-0068-N";;;C2;CODO 45° RL, ASTM A234 GR WPB, SCH STD, ASME B16.9, BW;"3""";1;un;;2,24;kg;Contratista;CODO;Valvulas industriales;;12/03/2026;12/03/2026;;;Enzo Santambrogio;DISPONIBLE;;1;;;
1.988;1;988;EWP-3351-10-PA-220;CWP-3351-10-PA-220;CWA-3351-10;PWP-3351-10-PA-220;"03351-CT-3""-C2-0068-N";;;C2;CODO 45° RL, ASTM A234 GR WPB, SCH STD, ASME B16.9,BW;"3""";1;un;;2,24;kg;Contratista;CODO;Valvulas industriales;;12/03/2026;12/03/2026;;;Enzo Santambrogio;DISPONIBLE;;1;;;
1.989;1;989;EWP-3351-10-PA-220;CWP-3351-10-PA-220;CWA-3351-10;PWP-3351-10-PA-220;"03351-CT-3""-C2-0066-N";;;C2;CODO 45° RL, ASTM A234 GR WPB, SCH STD, ASME B16.9, BW;"3""";1;un;;2,24;kg;Contratista;CODO;Valvulas industriales;;12/03/2026;12/03/2026;;;Enzo Santambrogio;DISPONIBLE;;1;;;
1.990;1;990;EWP-3351-10-PA-220;CWP-3351-10-PA-220;CWA-3351-10;PWP-3351-10-PA-220;"03351-CT-3""-C2-0062-N";;;C2;CODO 45° RL, ASTM A234 GR WPB, SCH STD, ASME B16.9,BW;"3""";1;un;;2,24;kg;Contratista;CODO;Valvulas industriales;;12/03/2026;12/03/2026;;;Enzo Santambrogio;DISPONIBLE;;1;;;
1.991;1;991;EWP-3351-10-PA-220;CWP-3351-10-PA-220;CWA-3351-10;PWP-3351-10-PA-220;"03351-CT-3""-C2-0070-N";;;C2;CODO 45° RL, ASTM A234 GR WPB, SCH STD, ASME B16.9,BW;"3""";1;un;;2,24;kg;Contratista;CODO;Valvulas industriales;;12/03/2026;12/03/2026;;;Enzo Santambrogio;DISPONIBLE;;1;;;
1.992;1;992;EWP-3351-10-PA-220;CWP-3351-10-PA-220;CWA-3351-10;PWP-3351-10-PA-220;"03351-CT-4""-C2-0003-N";;;C2;CODO 45° RL, ASTM A234 GR WPB, SCH STD, ASME B16.9,BW;"4""";1;un;;4,29;kg;Contratista;CODO;Valvulas industriales;;12/03/2026;12/03/2026;;;Enzo Santambrogio;DISPONIBLE;;1;;;
1.993;1;993;EWP-3351-10-PA-220;CWP-3351-10-PA-220;CWA-3351-10;PWP-3351-10-PA-220;"03351-CT-4""-C2-0004-N";;;C2;CODO 45° RL, ASTM A234 GR WPB, SCH STD, ASME B16.9,BW;"4""";1;un;;4,29;kg;Contratista;CODO;Valvulas industriales;;12/03/2026;12/03/2026;;;Enzo Santambrogio;DISPONIBLE;;1;;;
1.994;1;994;EWP-3351-10-PA-220;CWP-3351-10-PA-220;CWA-3351-10;PWP-3351-10-PA-220;"03351-CT-4""-C2-0003-N";;;C2;CODO 45° RL, ASTM A234 GR WPB, SCH STD, ASME B16.9,BW;"4""";1;un;;4,29;kg;Contratista;CODO;Valvulas industriales;;12/03/2026;12/03/2026;;;Enzo Santambrogio;DISPONIBLE;;1;;;
1.995;1;995;EWP-3351-10-PA-220;CWP-3351-10-PA-220;CWA-3351-10;PWP-3351-10-PA-220;"03351-CT-4""-C2-0004-N";;;C2;CODO 45° RL, ASTM A234 GR WPB, SCH STD, ASME B16.9,BW;"4""";1;un;;4,29;kg;Contratista;CODO;Valvulas industriales;;12/03/2026;12/03/2026;;;Enzo Santambrogio;DISPONIBLE;;1;;;
1.996;1;996;EWP-3351-10-PA-220;CWP-3351-10-PA-220;CWA-3351-10;PWP-3351-10-PA-220;"03351-PW-6""-C1-0013-N";;;C1;CODO 45° RL, ASTM A234 GR WPB, SCH STD, ASME B16.9,BW;"6""";1;un;;11,24;kg;Contratista;CODO;Valvulas industriales;;12/03/2026;12/03/2026;;;Enzo Santambrogio;DISPONIBLE;;1;;;
1.997;1;997;EWP-3351-10-PA-220;CWP-3351-10-PA-220;CWA-3351-10;PWP-3351-10-PA-220;"03351-PW-2""-C1-0025-N";;;C1;CODO 45°, ASTM A197, ASME B16.3 CLASE 150, NPT SEGÚN ASME B1.20.1;"2""";1;un;;2,69;kg;Contratista;CODO;;;;;;;;SIN REVISAR;;0,31;;;
1.998;1;998;EWP-3351-10-PA-220;CWP-3351-10-PA-220;CWA-3351-10;PWP-3351-10-PA-220;"03351-GW-1""-C1-0043-N";;;C1;CODO 45°, ASTM A197, ASME B16.3 CLASE 150, NPT SEGÚN ASME B1.20.1;"1""";1;un;;0,94;kg;Contratista;CODO;;;;;;;;SIN REVISAR;;0,09;;;
1.999;1;999;EWP-3351-10-PA-220;CWP-3351-10-PA-220;CWA-3351-10;PWP-3351-10-PA-220;"03351-GW-1""-C1-0043-N";;;C1;CODO 45°, ASTM A197, ASME B16.3 CLASE 150, NPT SEGÚN ASME B1.20.1;"1""";1;un;;0,94;kg;Contratista;CODO;;;;;;;;SIN REVISAR;;7,04;;;
1.1000;1;1000;EWP-3351-10-PA-220;CWP-3351-10-PA-220;CWA-3351-10;PWP-3351-10-PA-220;"03351-PW-2""-C1-0039-N";;;C1;CODO 45°, ASTM A197, ASME B16.3 CLASE 150, NPT SEGÚN ASME B1.20.1;"2""";1;un;;2,69;kg;Contratista;CODO;;;;;;;;SIN REVISAR;;0,14;;;
1.1001;1;1001;EWP-3351-10-PA-220;CWP-3351-10-PA-220;CWA-3351-10;PWP-3351-10-PA-220;"03351-PW-2""-C1-0025-N";;;C1;CODO 45°, ASTM A197, ASME B16.3 CLASE 150, NPT SEGÚN ASME B1.20.1;"2""";1;un;;2,69;kg;Contratista;CODO;;;;;;;;SIN REVISAR;;1,49;;;
1.1002;1;1002;EWP-3351-10-PA-220;CWP-3351-10-PA-220;CWA-3351-10;PWP-3351-10-PA-220;"03351-PW-2""-C1-0026-N";;;C1;CODO 45°, ASTM A197, ASME B16.3 CLASE 150, NPT SEGÚN ASME B1.20.1;"2""";1;un;;2,69;kg;Contratista;CODO;;;;;;;;SIN REVISAR;;0,18;;;
1.1003;1;1003;EWP-3351-10-PA-220;CWP-3351-10-PA-220;CWA-3351-10;PWP-3351-10-PA-220;"03351-PW-2""-C1-0054-N";;;C1;CODO 45°, ASTM A197, ASME B16.3 CLASE 150, NPT SEGÚN ASME B1.20.1;"2""";1;un;;2,69;kg;Contratista;CODO;;;;;;;;SIN REVISAR;;0,15;;;
1.1004;1;1004;EWP-3351-10-PA-220;CWP-3351-10-PA-220;CWA-3351-10;PWP-3351-10-PA-220;"03351-PW-2""-C1-0039-N";;;C1;CODO 45°, ASTM A197, ASME B16.3 CLASE 150, NPT SEGÚN ASME B1.20.1;"2""";1;un;;2,69;kg;Contratista;CODO;;;;;;;;SIN REVISAR;;0,82;;;
1.1005;1;1005;EWP-3351-10-PA-220;CWP-3351-10-PA-220;CWA-3351-10;PWP-3351-10-PA-220;"03351-GW-1""-C1-0043-N";;;C1;CODO 45°, ASTM A197, ASME B16.3 CLASE 150, NPT SEGÚN ASME B1.20.1;"1""";1;un;;0,94;kg;Contratista;CODO;;;;;;;;SIN REVISAR;;1;;;
1.1006;1;1006;EWP-3351-10-PA-220;CWP-3351-10-PA-220;CWA-3351-10;PWP-3351-10-PA-220;"03351-PW-2""-C1-0026-N";;;C1;CODO 45°, ASTM A197, ASME B16.3 CLASE 150, NPT SEGÚN ASME B1.20.1;"2""";1;un;;2,69;kg;Contratista;CODO;;;;;;;;SIN REVISAR;;6,96;;;
1.1007;1;1007;EWP-3351-10-PA-220;CWP-3351-10-PA-220;CWA-3351-10;PWP-3351-10-PA-220;"03351-GW-1""-C1-0043-N";;;C1;CODO 45°, ASTM A197, ASME B16.3 CLASE 150, NPT SEGÚN ASME B1.20.1;"1""";1;un;;0,94;kg;Contratista;CODO;;;;;;;;SIN REVISAR;;2,62;;;
1.1008;1;1008;EWP-3351-10-PA-220;CWP-3351-10-PA-220;CWA-3351-10;PWP-3351-10-PA-220;"03351-PW-2""-C1-0039-N";;;C1;CODO 45°, ASTM A197, ASME B16.3 CLASE 150, NPT SEGÚN ASME B1.20.1;"2""";1;un;;2,69;kg;Contratista;CODO;;;;;;;;SIN REVISAR;;0,12;;;
1.1009;1;1009;EWP-3351-10-PA-220;CWP-3351-10-PA-220;CWA-3351-10;PWP-3351-10-PA-220;"03351-PW-2""-C1-0039-N";;;C1;CODO 45°, ASTM A197, ASME B16.3 CLASE 150, NPT SEGÚN ASME B1.20.1;"2""";1;un;;2,69;kg;Contratista;CODO;;;;;;;;SIN REVISAR;;1,21;;;
1.1010;1;1010;EWP-3351-10-PA-220;CWP-3351-10-PA-220;CWA-3351-10;PWP-3351-10-PA-220;"03351-PW-2""-C1-0054-N";;;C1;CODO 45°, ASTM A197, ASME B16.3 CLASE 150, NPT SEGÚN ASME B1.20.1;"2""";1;un;;2,69;kg;Contratista;CODO;;;;;;;;SIN REVISAR;;1,41;;;
1.1011;1;1011;EWP-3351-10-PA-220;CWP-3351-10-PA-220;CWA-3351-10;PWP-3351-10-PA-220;"03351-PW-2""-C1-0056-N";;;C1;CODO 45°, ASTM A197, ASME B16.3 CLASE 150, NPT SEGÚN ASME B1.20.1;"2""";1;un;;2,69;kg;Contratista;CODO;;;;;;;;SIN REVISAR;;0,36;;;
1.1012;1;1012;EWP-3351-10-PA-220;CWP-3351-10-PA-220;CWA-3351-10;PWP-3351-10-PA-220;"03351-PW-2""-C1-0026-N";;;C1;CODO 45°, ASTM A197, ASME B16.3 CLASE 150, NPT SEGÚN ASME B1.20.1;"2""";1;un;;2,69;kg;Contratista;CODO;;;;;;;;SIN REVISAR;;9,12;;;
1.1013;1;1013;EWP-3351-10-PA-220;CWP-3351-10-PA-220;CWA-3351-10;PWP-3351-10-PA-220;"03351-PW-2""-C1-0025-N";;;C1;CODO 45°, ASTM A197, ASME B16.3 CLASE 150, NPT SEGÚN ASME B1.20.1;"2""";1;un;;2,69;kg;Contratista;CODO;;;;;;;;SIN REVISAR;;2,42;;;
1.1014;1;1014;EWP-3351-10-PA-220;CWP-3351-10-PA-220;CWA-3351-10;PWP-3351-10-PA-220;"03351-PW-2""-C1-0044-N";;;C1;CODO 45°, ASTM A197, ASME B16.3 CLASE 150, NPT SEGÚN ASME B1.20.1;"2""";1;un;;2,69;kg;Contratista;CODO;;;;;;;;SIN REVISAR;;4,28;;;
1.1015;1;1015;EWP-3351-10-PA-220;CWP-3351-10-PA-220;CWA-3351-10;PWP-3351-10-PA-220;"03351-PW-2""-C1-0044-N";;;C1;CODO 45°, ASTM A197, ASME B16.3 CLASE 150, NPT SEGÚN ASME B1.20.1;"2""";1;un;;2,69;kg;Contratista;CODO;;;;;;;;SIN REVISAR;;3,14;;;
1.1016;1;1016;EWP-3351-10-PA-220;CWP-3351-10-PA-220;CWA-3351-10;PWP-3351-10-PA-220;"03351-PW-2""-C1-0038-N";;;C1;CODO 45°, ASTM A197, ASME B16.3 CLASE 150, NPT SEGÚN ASME B1.20.1;"2""";1;un;;2,69;kg;Contratista;CODO;;;;;;;;SIN REVISAR;;0,1;;;
1.1017;1;1017;EWP-3351-10-PA-220;CWP-3351-10-PA-220;CWA-3351-10;PWP-3351-10-PA-220;"03351-PW-2""-C1-0048-N";;;C1;CODO 45°, ASTM A197, ASME B16.3 CLASE 150, NPT SEGÚN ASME B1.20.1;"2""";1;un;;2,69;kg;Contratista;CODO;;;;;;;;SIN REVISAR;;0,31;;;
1.1018;1;1018;EWP-3351-10-PA-220;CWP-3351-10-PA-220;CWA-3351-10;PWP-3351-10-PA-220;"03351-PW-2""-C1-0090-N";;;C1;CODO 45°, ASTM A197, ASME B16.3 CLASE 150, NPT SEGÚN ASME B1.20.1;"2""";1;un;;2,69;kg;Contratista;CODO;;;;;;;;SIN REVISAR;;0,23;;;
1.1019;1;1019;EWP-3351-10-PA-220;CWP-3351-10-PA-220;CWA-3351-10;PWP-3351-10-PA-220;"03351-PW-2""-C1-0090-N";;;C1;CODO 45°, ASTM A197, ASME B16.3 CLASE 150, NPT SEGÚN ASME B1.20.1;"2""";1;un;;2,69;kg;Contratista;CODO;;;;;;;;SIN REVISAR;;3,16;;;
1.1020;1;1020;EWP-3351-10-PA-220;CWP-3351-10-PA-220;CWA-3351-10;PWP-3351-10-PA-220;"03351-PW-2""-C1-0025-N";;;C1;CODO 45°, ASTM A197, ASME B16.3 CLASE 150, NPT SEGÚN ASME B1.20.1;"2""";1;un;;2,69;kg;Contratista;CODO;;;;;;;;SIN REVISAR;;12,82;;;
1.1021;1;1021;EWP-3351-10-PA-220;CWP-3351-10-PA-220;CWA-3351-10;PWP-3351-10-PA-220;"03351-PW-2""-C1-0083-N";;;C1;CODO 45°, ASTM A197, ASME B16.3 CLASE 150, NPT SEGÚN ASME B1.20.1;"2""";1;un;;2,69;kg;Contratista;CODO;;;;;;;;SIN REVISAR;;6,14;;;
1.1022;1;1022;EWP-3351-10-PA-220;CWP-3351-10-PA-220;CWA-3351-10;PWP-3351-10-PA-220;"03351-PW-2""-C1-0090-N";;;C1;CODO 45°, ASTM A197, ASME B16.3 CLASE 150, NPT SEGÚN ASME B1.20.1;"2""";1;un;;2,69;kg;Contratista;CODO;;;;;;;;SIN REVISAR;;1,82;;;
1.1023;1;1023;EWP-3351-10-PA-220;CWP-3351-10-PA-220;CWA-3351-10;PWP-3351-10-PA-220;"03351-PW-2""-C1-0049-N";;;C1;CODO 45°, ASTM A197, ASME B16.3 CLASE 150, NPT SEGÚN ASME B1.20.1;"2""";1;un;;2,69;kg;Contratista;CODO;;;;;;;;SIN REVISAR;;2,25;;;
1.1024;1;1024;EWP-3351-10-PA-220;CWP-3351-10-PA-220;CWA-3351-10;PWP-3351-10-PA-220;"03351-PW-2""-C1-0090-N";;;C1;CODO 45°, ASTM A197, ASME B16.3 CLASE 150, NPT SEGÚN ASME B1.20.1;"2""";1;un;;2,69;kg;Contratista;CODO;;;;;;;;SIN REVISAR;;2,37;;;
1.1025;1;1025;EWP-3351-10-PA-220;CWP-3351-10-PA-220;CWA-3351-10;PWP-3351-10-PA-220;"03351-PW-2""-C1-0083-N";;;C1;CODO 45°, ASTM A197, ASME B16.3 CLASE 150, NPT SEGÚN ASME B1.20.1;"2""";1;un;;2,69;kg;Contratista;CODO;;;;;;;;SIN REVISAR;;0,17;;;
1.1026;1;1026;EWP-3351-10-PA-220;CWP-3351-10-PA-220;CWA-3351-10;PWP-3351-10-PA-220;"03351-PW-2""-C1-0049-N";;;C1;CODO 45°, ASTM A197, ASME B16.3 CLASE 150, NPT SEGÚN ASME B1.20.1;"2""";1;un;;2,69;kg;Contratista;CODO;;;;;;;;SIN REVISAR;;0,85;;;
1.1027;1;1027;EWP-3351-10-PA-220;CWP-3351-10-PA-220;CWA-3351-10;PWP-3351-10-PA-220;"03351-PW-6""-C1-0013-N";;;C1;CODO 90 RL, ASTM A234 GR WPB, SCH STD, ASME B16.9, BW;"6""";1;un;;24;kg;Contratista;CODO;;;;;;;;SIN REVISAR;;0,91;;;
1.1028;1;1028;EWP-3351-10-PA-220;CWP-3351-10-PA-220;CWA-3351-10;PWP-3351-10-PA-220;"03351-PW-4""-C1-0016-N";;;C1;CODO 90 RL, ASTM A234 GR WPB, SCH STD, ASME B16.9, BW;"4""";1;un;;8,9;kg;Contratista;CODO;;;;;;;;SIN REVISAR;;6,03;;;
1.1029;1;1029;EWP-3351-10-PA-220;CWP-3351-10-PA-220;CWA-3351-10;PWP-3351-10-PA-220;"03351-PW-6""-C1-0013-N";;;C1;CODO 90 RL, ASTM A234 GR WPB, SCH STD, ASME B16.9, BW;"6""";1;un;;24;kg;Contratista;CODO;;;;;;;;SIN REVISAR;;1,86;;;
1.1030;1;1030;EWP-3351-10-PA-220;CWP-3351-10-PA-220;CWA-3351-10;PWP-3351-10-PA-220;"03351-PW-4""-C1-0016-N";;;C1;CODO 90 RL, ASTM A234 GR WPB, SCH STD, ASME B16.9, BW;"4""";1;un;;8,9;kg;Contratista;CODO;;;;;;;;SIN REVISAR;;0,26;;;
1.1031;1;1031;EWP-3351-10-PA-220;CWP-3351-10-PA-220;CWA-3351-10;PWP-3351-10-PA-220;"03351-PW-6""-C1-0013-N";;;C1;CODO 90 RL, ASTM A234 GR WPB, SCH STD, ASME B16.9, BW;"6""";1;un;;24;kg;Contratista;CODO;;;;;;;;SIN REVISAR;;2,43;;;
1.1032;1;1032;EWP-3351-10-PA-220;CWP-3351-10-PA-220;CWA-3351-10;PWP-3351-10-PA-220;"03351-PW-4""-C1-0016-N";;;C1;CODO 90 RL, ASTM A234 GR WPB, SCH STD, ASME B16.9, BW;"4""";1;un;;8,9;kg;Contratista;CODO;;;;;;;;SIN REVISAR;;0,19;;;
1.1033;1;1033;EWP-3351-10-PA-220;CWP-3351-10-PA-220;CWA-3351-10;PWP-3351-10-PA-220;"03351-PW-6""-C1-0013-N";;;C1;CODO 90 RL, ASTM A234 GR WPB, SCH STD, ASME B16.9, BW;"6""";1;un;;24;kg;Contratista;CODO;;;;;;;;SIN REVISAR;;0,1;;;
1.1034;1;1034;EWP-3351-10-PA-220;CWP-3351-10-PA-220;CWA-3351-10;PWP-3351-10-PA-220;"03351-PW-6""-C1-0013-N";;;C1;CODO 90 RL, ASTM A234 GR WPB, SCH STD, ASME B16.9, BW;"6""";1;un;;24;kg;Contratista;CODO;;;;;;;;SIN REVISAR;;0,1;;;
1.1035;1;1035;EWP-3351-10-PA-220;CWP-3351-10-PA-220;CWA-3351-10;PWP-3351-10-PA-220;"03351-PW-4""-C1-0016-N";;;C1;CODO 90 RL, ASTM A234 GR WPB, SCH STD, ASME B16.9, BW;"4""";1;un;;8,9;kg;Contratista;CODO;;;;;;;;SIN REVISAR;;0,08;;;
1.1036;1;1036;EWP-3351-10-PA-220;CWP-3351-10-PA-220;CWA-3351-10;PWP-3351-10-PA-220;"03351-PW-6""-C1-0013-N";;;C1;CODO 90 RL, ASTM A234 GR WPB, SCH STD, ASME B16.9, BW;"6""";1;un;;24;kg;Contratista;CODO;;;;;;;;SIN REVISAR;;0,09;;;
1.1037;1;1037;EWP-3351-10-PA-220;CWP-3351-10-PA-220;CWA-3351-10;PWP-3351-10-PA-220;"03351-PW-6""-C1-0013-N";;;C1;CODO 90 RL, ASTM A234 GR WPB, SCH STD, ASME B16.9, BW;"6""";1;un;;24;kg;Contratista;CODO;;;;;;;;SIN REVISAR;;0,1;;;
1.1038;1;1038;EWP-3351-10-PA-220;CWP-3351-10-PA-220;CWA-3351-10;PWP-3351-10-PA-220;"03351-PW-4""-C1-0094-N";;;C1;CODO 90 RL, ASTM A234 GR WPB, SCH STD, ASME B16.9, BW;"4""";1;un;;8,9;kg;Contratista;CODO;;;;;;;;SIN REVISAR;;0,11;;;
1.1039;1;1039;EWP-3351-10-PA-220;CWP-3351-10-PA-220;CWA-3351-10;PWP-3351-10-PA-220;"03351-PW-6""-C1-0013-N";;;C1;CODO 90 RL, ASTM A234 GR WPB, SCH STD, ASME B16.9, BW;"6""";1;un;;24;kg;Contratista;CODO;;;;;;;;SIN REVISAR;;3,83;;;
1.1040;1;1040;EWP-3351-10-PA-220;CWP-3351-10-PA-220;CWA-3351-10;PWP-3351-10-PA-220;"03351-PW-6""-C1-0013-N";;;C1;CODO 90 RL, ASTM A234 GR WPB, SCH STD, ASME B16.9, BW;"6""";1;un;;24;kg;Contratista;CODO;;;;;;;;SIN REVISAR;;0,11;;;
1.1041;1;1041;EWP-3351-10-PA-220;CWP-3351-10-PA-220;CWA-3351-10;PWP-3351-10-PA-220;"03351-PW-4""-C1-0094-N";;;C1;CODO 90 RL, ASTM A234 GR WPB, SCH STD, ASME B16.9, BW;"4""";1;un;;8,9;kg;Contratista;CODO;;;;;;;;SIN REVISAR;;0,1;;;
1.1042;1;1042;EWP-3351-10-PA-220;CWP-3351-10-PA-220;CWA-3351-10;PWP-3351-10-PA-220;"03351-PW-4""-C1-0016-N";;;C1;CODO 90 RL, ASTM A234 GR WPB, SCH STD, ASME B16.9, BW;"4""";1;un;;8,9;kg;Contratista;CODO;;;;;;;;SIN REVISAR;;3;;;
1.1043;1;1043;EWP-3351-10-PA-220;CWP-3351-10-PA-220;CWA-3351-10;PWP-3351-10-PA-220;"03351-PW-4""-C1-0016-N";;;C1;CODO 90 RL, ASTM A234 GR WPB, SCH STD, ASME B16.9, BW;"4""";1;un;;8,9;kg;Contratista;CODO;;;;;;;;SIN REVISAR;;0,1;;;
1.1044;1;1044;EWP-3351-10-PA-220;CWP-3351-10-PA-220;CWA-3351-10;PWP-3351-10-PA-220;"03351-PW-4""-C1-0016-N";;;C1;CODO 90 RL, ASTM A234 GR WPB, SCH STD, ASME B16.9, BW;"4""";1;un;;8,9;kg;Contratista;CODO;;;;;;;;SIN REVISAR;;0,09;;;
1.1045;1;1045;EWP-3351-10-PA-220;CWP-3351-10-PA-220;CWA-3351-10;PWP-3351-10-PA-220;"03351-PW-6""-C1-0013-N";;;C1;CODO 90 RL, ASTM A234 GR WPB, SCH STD, ASME B16.9, BW;"6""";1;un;;24;kg;Contratista;CODO;;;;;;;;SIN REVISAR;;0,08;;;
1.1046;1;1046;EWP-3351-10-PA-220;CWP-3351-10-PA-220;CWA-3351-10;PWP-3351-10-PA-220;"03351-PW-6""-C1-0013-N";;;C1;CODO 90 RL, ASTM A234 GR WPB, SCH STD, ASME B16.9, BW;"6""";1;un;;24;kg;Contratista;CODO;;;;;;;;SIN REVISAR;;3;;;
1.1047;1;1047;EWP-3351-10-PA-220;CWP-3351-10-PA-220;CWA-3351-10;PWP-3351-10-PA-220;"03351-PW-6""-C1-0013-N";;;C1;CODO 90 RL, ASTM A234 GR WPB, SCH STD, ASME B16.9, BW;"6""";1;un;;24;kg;Contratista;CODO;;;;;;;;SIN REVISAR;;0,07;;;
1.1048;1;1048;EWP-3351-10-PA-220;CWP-3351-10-PA-220;CWA-3351-10;PWP-3351-10-PA-220;"03351-PW-6""-C1-0013-N";;;C1;CODO 90 RL, ASTM A234 GR WPB, SCH STD, ASME B16.9, BW;"6""";1;un;;24;kg;Contratista;CODO;;;;;;;;SIN REVISAR;;0,15;;;
1.1049;1;1049;EWP-3351-10-PA-220;CWP-3351-10-PA-220;CWA-3351-10;PWP-3351-10-PA-220;"03351-PW-6""-C1-0013-N";;;C1;CODO 90 RL, ASTM A234 GR WPB, SCH STD, ASME B16.9, BW;"6""";1;un;;24;kg;Contratista;CODO;;;;;;;;SIN REVISAR;;0,15;;;
1.1050;1;1050;EWP-3351-10-PA-220;CWP-3351-10-PA-220;CWA-3351-10;PWP-3351-10-PA-220;"03351-PW-6""-C1-0013-N";;;C1;CODO 90 RL, ASTM A234 GR WPB, SCH STD, ASME B16.9, BW;"6""";1;un;;24;kg;Contratista;CODO;;;;;;;;SIN REVISAR;;6,44;;;
1.1051;1;1051;EWP-3351-10-PA-220;CWP-3351-10-PA-220;CWA-3351-10;PWP-3351-10-PA-220;"03351-CT-3""-C2-0065-N";;;C2;CODO 90° LR, ASTM A234 GR WPB, SCH STD, ASME B16.9,BW;"3""";1;un;;2,18;kg;Contratista;CODO;;;;;;;;SIN REVISAR;;0,09;;;
1.1052;1;1052;EWP-3351-10-PA-220;CWP-3351-10-PA-220;CWA-3351-10;PWP-3351-10-PA-220;"03351-CT-3""-C2-0074-N";;;C2;CODO 90° LR, ASTM A234 GR WPB, SCH STD, ASME B16.9,BW;"3""";1;un;;2,18;kg;Contratista;CODO;;;;;;;;SIN REVISAR;;14,26;;;
1.1053;1;1053;EWP-3351-10-PA-220;CWP-3351-10-PA-220;CWA-3351-10;PWP-3351-10-PA-220;"03351-CT-4""-C2-0003-N";;;C2;CODO 90° LR, ASTM A234 GR WPB, SCH STD, ASME B16.9,BW;"4""";1;un;;4,04;kg;Contratista;CODO;;;;;;;;SIN REVISAR;;0,2;;;
1.1054;1;1054;EWP-3351-10-PA-220;CWP-3351-10-PA-220;CWA-3351-10;PWP-3351-10-PA-220;"03351-CT-4""-C2-0003-N";;;C2;CODO 90° LR, ASTM A234 GR WPB, SCH STD, ASME B16.9,BW;"4""";1;un;;4,04;kg;Contratista;CODO;;;;;;;;SIN REVISAR;;0,2;;;
1.1055;1;1055;EWP-3351-10-PA-220;CWP-3351-10-PA-220;CWA-3351-10;PWP-3351-10-PA-220;"03351-CT-3""-C2-0069-N";;;C2;CODO 90° LR, ASTM A234 GR WPB, SCH STD, ASME B16.9,BW;"3""";1;un;;2,18;kg;Contratista;CODO;;;;;;;;SIN REVISAR;;2,12;;;
1.1056;1;1056;EWP-3351-10-PA-220;CWP-3351-10-PA-220;CWA-3351-10;PWP-3351-10-PA-220;"03351-CT-3""-C2-0012-N";"03351-CT-3""-C2-0012-N_HOJA-1";"03351-CT-3""-C2-0012-N_HOJA-1_SP01";C2;CODO 90° LR, ASTM A234 GR WPB, SCH STD, ASME B16.9,BW;"3""";1;un;;2,18;kg;Contratista;CODO;;;;;;;;SIN REVISAR;;8,08;;;
1.1057;1;1057;EWP-3351-10-PA-220;CWP-3351-10-PA-220;CWA-3351-10;PWP-3351-10-PA-220;"03351-CT-3""-C2-0066-N";;;C2;CODO 90° LR, ASTM A234 GR WPB, SCH STD, ASME B16.9,BW;"3""";1;un;;2,18;kg;Contratista;CODO;;;;;;;;SIN REVISAR;;0,11;;;
1.1058;1;1058;EWP-3351-10-PA-220;CWP-3351-10-PA-220;CWA-3351-10;PWP-3351-10-PA-220;"03351-CT-3""-C2-0069-N";;;C2;CODO 90° LR, ASTM A234 GR WPB, SCH STD, ASME B16.9,BW;"3""";1;un;;2,18;kg;Contratista;CODO;;;;;;;;SIN REVISAR;;2,77;;;
1.1059;1;1059;EWP-3351-10-PA-220;CWP-3351-10-PA-220;CWA-3351-10;PWP-3351-10-PA-220;"03351-CT-3""-C2-0074-N";;;C2;CODO 90° LR, ASTM A234 GR WPB, SCH STD, ASME B16.9,BW;"3""";1;un;;2,18;kg;Contratista;CODO;;;;;;;;SIN REVISAR;;1,47;;;
1.1060;1;1060;EWP-3351-10-PA-220;CWP-3351-10-PA-220;CWA-3351-10;PWP-3351-10-PA-220;"03351-CT-3""-C2-0012-N";;;C2;CODO 90° LR, ASTM A234 GR WPB, SCH STD, ASME B16.9,BW;"3""";1;un;;2,18;kg;Contratista;CODO;;;;;;;;SIN REVISAR;;0,91;;;
1.1061;1;1061;EWP-3351-10-PA-220;CWP-3351-10-PA-220;CWA-3351-10;PWP-3351-10-PA-220;"03351-CT-3""-C2-0065-N";;;C2;CODO 90° LR, ASTM A234 GR WPB, SCH STD, ASME B16.9,BW;"3""";1;un;;2,18;kg;Contratista;CODO;;;;;;;;SIN REVISAR;;0,25;;;
1.1062;1;1062;EWP-3351-10-PA-220;CWP-3351-10-PA-220;CWA-3351-10;PWP-3351-10-PA-220;"03351-CT-3""-C2-0070-N";;;C2;CODO 90° LR, ASTM A234 GR WPB, SCH STD, ASME B16.9,BW;"3""";1;un;;2,18;kg;Contratista;CODO;;;;;;;;SIN REVISAR;;1,94;;;
1.1063;1;1063;EWP-3351-10-PA-220;CWP-3351-10-PA-220;CWA-3351-10;PWP-3351-10-PA-220;"03351-CT-3""-C2-0062-N";;;C2;CODO 90° LR, ASTM A234 GR WPB, SCH STD, ASME B16.9,BW;"3""";1;un;;2,18;kg;Contratista;CODO;;;;;;;;SIN REVISAR;;0,18;;;
1.1064;1;1064;EWP-3351-10-PA-220;CWP-3351-10-PA-220;CWA-3351-10;PWP-3351-10-PA-220;"03351-PW-2""-C1-0053-N";;;C1;CODO 90°, ASTM A105, CLASE 3000, ASME B16.11, SW;"2""";1;un;;3,56;kg;Contratista;CODO;;;;;;;;SIN REVISAR;;1,5;;;
1.1065;1;1065;EWP-3351-10-PA-220;CWP-3351-10-PA-220;CWA-3351-10;PWP-3351-10-PA-220;"03351-PW-2""-C1-0026-N";;;C1;CODO 90°, ASTM A105, CLASE 3000, ASME B16.11, SW;"2""";1;un;;3,56;kg;Contratista;CODO;;;;;;;;SIN REVISAR;;0,18;;;
1.1066;1;1066;EWP-3351-10-PA-220;CWP-3351-10-PA-220;CWA-3351-10;PWP-3351-10-PA-220;"03351-PW-2""-C1-0026-N";;;C1;CODO 90°, ASTM A105, CLASE 3000, ASME B16.11, SW;"2""";1;un;;3,56;kg;Contratista;CODO;;;;;;;;SIN REVISAR;;11,1;;;
1.1067;1;1067;EWP-3351-10-PA-220;CWP-3351-10-PA-220;CWA-3351-10;PWP-3351-10-PA-220;"03351-GW-1""-C1-0036-N";;;C1;CODO 90°, ASTM A197, ASME B16.3 CLASE 150, NPT SEGÚN ASME B1.20.1;"1""";1;un;;1,13;kg;Contratista;CODO;;;;;;;;SIN REVISAR;;0,76;;;
1.1068;1;1068;EWP-3351-10-PA-220;CWP-3351-10-PA-220;CWA-3351-10;PWP-3351-10-PA-220;"03351-PW-2""-C1-0025-N";;;C1;CODO 90°, ASTM A197, ASME B16.3 CLASE 150, NPT SEGÚN ASME B1.20.1;"2""";1;un;;3,5;kg;Contratista;CODO;;;;;;;;SIN REVISAR;;0,12;;;
1.1069;1;1069;EWP-3351-10-PA-220;CWP-3351-10-PA-220;CWA-3351-10;PWP-3351-10-PA-220;"03351-GW-1""-C1-0043-N";;;C1;CODO 90°, ASTM A197, ASME B16.3 CLASE 150, NPT SEGÚN ASME B1.20.1;"1""";1;un;;1,13;kg;Contratista;CODO;;;;;;;;SIN REVISAR;;0,3;;;
1.1070;1;1070;EWP-3351-10-PA-220;CWP-3351-10-PA-220;CWA-3351-10;PWP-3351-10-PA-220;"03351-GW-1""-C1-0034-N";;;C1;CODO 90°, ASTM A197, ASME B16.3 CLASE 150, NPT SEGÚN ASME B1.20.1;"1""";1;un;;1,13;kg;Contratista;CODO;;;;;;;;SIN REVISAR;;10,86;;;
1.1071;1;1071;EWP-3351-10-PA-220;CWP-3351-10-PA-220;CWA-3351-10;PWP-3351-10-PA-220;"03351-GW-2""-C1-0042-N";;;C1;CODO 90°, ASTM A197, ASME B16.3 CLASE 150, NPT SEGÚN ASME B1.20.1;"2""";1;un;;3,5;kg;Contratista;CODO;;;;;;;;SIN REVISAR;;4,77;;;
1.1072;1;1072;EWP-3351-10-PA-220;CWP-3351-10-PA-220;CWA-3351-10;PWP-3351-10-PA-220;"03351-PW-2""-C1-0039-N";;;C1;CODO 90°, ASTM A197, ASME B16.3 CLASE 150, NPT SEGÚN ASME B1.20.1;"2""";1;un;;3,5;kg;Contratista;CODO;;;;;;;;SIN REVISAR;;2,62;;;
1.1073;1;1073;EWP-3351-10-PA-220;CWP-3351-10-PA-220;CWA-3351-10;PWP-3351-10-PA-220;"03351-PW-2""-C1-0090-N";;;C1;CODO 90°, ASTM A197, ASME B16.3 CLASE 150, NPT SEGÚN ASME B1.20.1;"2""";1;un;;3,5;kg;Contratista;CODO;;;;;;;;SIN REVISAR;;0,99;;;
1.1074;1;1074;EWP-3351-10-PA-220;CWP-3351-10-PA-220;CWA-3351-10;PWP-3351-10-PA-220;"03351-PW-2""-C1-0088-N";;;C1;CODO 90°, ASTM A197, ASME B16.3 CLASE 150, NPT SEGÚN ASME B1.20.1;"2""";1;un;;3,5;kg;Contratista;CODO;;;;;;;;SIN REVISAR;;0,95;;;
1.1075;1;1075;EWP-3351-10-PA-220;CWP-3351-10-PA-220;CWA-3351-10;PWP-3351-10-PA-220;"03351-PW-2""-C1-0088-N";;;C1;CODO 90°, ASTM A197, ASME B16.3 CLASE 150, NPT SEGÚN ASME B1.20.1;"2""";1;un;;3,5;kg;Contratista;CODO;;;;;;;;SIN REVISAR;;8,58;;;
1.1076;1;1076;EWP-3351-10-PA-220;CWP-3351-10-PA-220;CWA-3351-10;PWP-3351-10-PA-220;"03351-PW-2""-C1-0093-N";;;C1;CODO 90°, ASTM A197, ASME B16.3 CLASE 150, NPT SEGÚN ASME B1.20.1;"2""";1;un;;3,5;kg;Contratista;CODO;;;;;;;;SIN REVISAR;;1,14;;;
1.1077;1;1077;EWP-3351-10-PA-220;CWP-3351-10-PA-220;CWA-3351-10;PWP-3351-10-PA-220;"03351-PW-2""-C1-0028-N";;;C1;CODO 90°, ASTM A197, ASME B16.3 CLASE 150, NPT SEGÚN ASME B1.20.1;"2""";1;un;;3,5;kg;Contratista;CODO;;;;;;;;SIN REVISAR;;1,46;;;
1.1078;1;1078;EWP-3351-10-PA-220;CWP-3351-10-PA-220;CWA-3351-10;PWP-3351-10-PA-220;"03351-PW-2""-C1-0054-N";;;C1;CODO 90°, ASTM A197, ASME B16.3 CLASE 150, NPT SEGÚN ASME B1.20.1;"2""";1;un;;3,5;kg;Contratista;CODO;;;;;;;;SIN REVISAR;;1,8;;;
1.1079;1;1079;EWP-3351-10-PA-220;CWP-3351-10-PA-220;CWA-3351-10;PWP-3351-10-PA-220;"03351-PW-2""-C1-0025-N";;;C1;CODO 90°, ASTM A197, ASME B16.3 CLASE 150, NPT SEGÚN ASME B1.20.1;"2""";1;un;;3,5;kg;Contratista;CODO;;;;;;;;SIN REVISAR;;0,28;;;
1.1080;1;1080;EWP-3351-10-PA-220;CWP-3351-10-PA-220;CWA-3351-10;PWP-3351-10-PA-220;"03351-GW-1""-C1-0033-N";;;C1;CODO 90°, ASTM A197, ASME B16.3 CLASE 150, NPT SEGÚN ASME B1.20.1;"1""";1;un;;1,13;kg;Contratista;CODO;;;;;;;;SIN REVISAR;;1,64;;;
1.1081;1;1081;EWP-3351-10-PA-220;CWP-3351-10-PA-220;CWA-3351-10;PWP-3351-10-PA-220;"03351-PW-2""-C1-0056-N";;;C1;CODO 90°, ASTM A197, ASME B16.3 CLASE 150, NPT SEGÚN ASME B1.20.1;"2""";1;un;;3,5;kg;Contratista;CODO;;;;;;;;SIN REVISAR;;4,44;;;
1.1082;1;1082;EWP-3351-10-PA-220;CWP-3351-10-PA-220;CWA-3351-10;PWP-3351-10-PA-220;"03351-GW-1""-C1-0032-N";;;C1;CODO 90°, ASTM A197, ASME B16.3 CLASE 150, NPT SEGÚN ASME B1.20.1;"1""";1;un;;1,13;kg;Contratista;CODO;;;;;;;;SIN REVISAR;;1,44;;;
1.1083;1;1083;EWP-3351-10-PA-220;CWP-3351-10-PA-220;CWA-3351-10;PWP-3351-10-PA-220;"03351-GW-1""-C1-0043-N";;;C1;CODO 90°, ASTM A197, ASME B16.3 CLASE 150, NPT SEGÚN ASME B1.20.1;"1""";1;un;;1,13;kg;Contratista;CODO;;;;;;;;SIN REVISAR;;2,39;;;
1.1084;1;1084;EWP-3351-10-PA-220;CWP-3351-10-PA-220;CWA-3351-10;PWP-3351-10-PA-220;"03351-GW-1""-C1-0043-N";;;C1;CODO 90°, ASTM A197, ASME B16.3 CLASE 150, NPT SEGÚN ASME B1.20.1;"1""";1;un;;1,13;kg;Contratista;CODO;;;;;;;;SIN REVISAR;;0,16;;;
1.1085;1;1085;EWP-3351-10-PA-220;CWP-3351-10-PA-220;CWA-3351-10;PWP-3351-10-PA-220;"03351-PW-2""-C1-0025-N";;;C1;CODO 90°, ASTM A197, ASME B16.3 CLASE 150, NPT SEGÚN ASME B1.20.1;"2""";1;un;;3,5;kg;Contratista;CODO;;;;;;;;SIN REVISAR;;2,07;;;
1.1086;1;1086;EWP-3351-10-PA-220;CWP-3351-10-PA-220;CWA-3351-10;PWP-3351-10-PA-220;"03351-PW-2""-C1-0054-N";;;C1;CODO 90°, ASTM A197, ASME B16.3 CLASE 150, NPT SEGÚN ASME B1.20.1;"2""";1;un;;3,5;kg;Contratista;CODO;;;;;;;;SIN REVISAR;;1,13;;;
1.1087;1;1087;EWP-3351-10-PA-220;CWP-3351-10-PA-220;CWA-3351-10;PWP-3351-10-PA-220;"03351-GW-1""-C1-0043-N";;;C1;CODO 90°, ASTM A197, ASME B16.3 CLASE 150, NPT SEGÚN ASME B1.20.1;"1""";1;un;;1,13;kg;Contratista;CODO;;;;;;;;SIN REVISAR;;0,1;;;
1.1088;1;1088;EWP-3351-10-PA-220;CWP-3351-10-PA-220;CWA-3351-10;PWP-3351-10-PA-220;"03351-GW-2""-C1-0041-N";;;C1;CODO 90°, ASTM A197, ASME B16.3 CLASE 150, NPT SEGÚN ASME B1.20.1;"2""";1;un;;3,5;kg;Contratista;CODO;;;;;;;;SIN REVISAR;;0,45;;;
1.1089;1;1089;EWP-3351-10-PA-220;CWP-3351-10-PA-220;CWA-3351-10;PWP-3351-10-PA-220;"03351-GW-1""-C1-0035-N";;;C1;CODO 90°, ASTM A197, ASME B16.3 CLASE 150, NPT SEGÚN ASME B1.20.1;"1""";1;un;;1,13;kg;Contratista;CODO;;;;;;;;SIN REVISAR;;0,36;;;
1.1090;1;1090;EWP-3351-10-PA-220;CWP-3351-10-PA-220;CWA-3351-10;PWP-3351-10-PA-220;"03351-PW-2""-C1-0025-N";;;C1;CODO 90°, ASTM A197, ASME B16.3 CLASE 150, NPT SEGÚN ASME B1.20.1;"2""";1;un;;3,5;kg;Contratista;CODO;;;;;;;;SIN REVISAR;;0,89;;;
1.1091;1;1091;EWP-3351-10-PA-220;CWP-3351-10-PA-220;CWA-3351-10;PWP-3351-10-PA-220;"03351-GW-1""-C1-0034-N";;;C1;CODO 90°, ASTM A197, ASME B16.3 CLASE 150, NPT SEGÚN ASME B1.20.1;"1""";1;un;;1,13;kg;Contratista;CODO;;;;;;;;SIN REVISAR;;0,71;;;
1.1092;1;1092;EWP-3351-10-PA-220;CWP-3351-10-PA-220;CWA-3351-10;PWP-3351-10-PA-220;"03351-PW-2""-C1-0051-N";;;C1;CODO 90°, ASTM A197, ASME B16.3 CLASE 150, NPT SEGÚN ASME B1.20.1;"2""";1;un;;3,5;kg;Contratista;CODO;;;;;;;;SIN REVISAR;;2,08;;;
1.1093;1;1093;EWP-3351-10-PA-220;CWP-3351-10-PA-220;CWA-3351-10;PWP-3351-10-PA-220;"03351-PW-2""-C1-0055-N";;;C1;CODO 90°, ASTM A197, ASME B16.3 CLASE 150, NPT SEGÚN ASME B1.20.1;"2""";1;un;;3,5;kg;Contratista;CODO;;;;;;;;SIN REVISAR;;0,4;;;
1.1094;1;1094;EWP-3351-10-PA-220;CWP-3351-10-PA-220;CWA-3351-10;PWP-3351-10-PA-220;"03351-PW-2""-C1-0054-N";;;C1;CODO 90°, ASTM A197, ASME B16.3 CLASE 150, NPT SEGÚN ASME B1.20.1;"2""";1;un;;3,5;kg;Contratista;CODO;;;;;;;;SIN REVISAR;;4,1;;;
1.1095;1;1095;EWP-3351-10-PA-220;CWP-3351-10-PA-220;CWA-3351-10;PWP-3351-10-PA-220;"03351-GW-1""-C1-0076-N";;;C1;CODO 90°, ASTM A197, ASME B16.3 CLASE 150, NPT SEGÚN ASME B1.20.1;"1""";1;un;;1,13;kg;Contratista;CODO;;;;;;;;SIN REVISAR;;0,99;;;
1.1096;1;1096;EWP-3351-10-PA-220;CWP-3351-10-PA-220;CWA-3351-10;PWP-3351-10-PA-220;"03351-PW-2""-C1-0090-N";;;C1;CODO 90°, ASTM A197, ASME B16.3 CLASE 150, NPT SEGÚN ASME B1.20.1;"2""";1;un;;3,5;kg;Contratista;CODO;;;;;;;;SIN REVISAR;;0,9;;;
1.1097;1;1097;EWP-3351-10-PA-220;CWP-3351-10-PA-220;CWA-3351-10;PWP-3351-10-PA-220;"03351-GW-1""-C1-0043-N";;;C1;CODO 90°, ASTM A197, ASME B16.3 CLASE 150, NPT SEGÚN ASME B1.20.1;"1""";1;un;;1,13;kg;Contratista;CODO;;;;;;;;SIN REVISAR;;1,07;;;
1.1098;1;1098;EWP-3351-10-PA-220;CWP-3351-10-PA-220;CWA-3351-10;PWP-3351-10-PA-220;"03351-PW-2""-C1-0025-N";;;C1;CODO 90°, ASTM A197, ASME B16.3 CLASE 150, NPT SEGÚN ASME B1.20.1;"2""";1;un;;3,5;kg;Contratista;CODO;;;;;;;;SIN REVISAR;;1,44;;;
1.1099;1;1099;EWP-3351-10-PA-220;CWP-3351-10-PA-220;CWA-3351-10;PWP-3351-10-PA-220;"03351-GW-1""-C1-0035-N";;;C1;CODO 90°, ASTM A197, ASME B16.3 CLASE 150, NPT SEGÚN ASME B1.20.1;"1""";1;un;;1,13;kg;Contratista;CODO;;;;;;;;SIN REVISAR;;1,04;;;
1.1100;1;1100;EWP-3351-10-PA-220;CWP-3351-10-PA-220;CWA-3351-10;PWP-3351-10-PA-220;"03351-GW-1""-C1-0035-N";;;C1;CODO 90°, ASTM A197, ASME B16.3 CLASE 150, NPT SEGÚN ASME B1.20.1;"1""";1;un;;1,13;kg;Contratista;CODO;;;;;;;;SIN REVISAR;;1,05;;;
1.1101;1;1101;EWP-3351-10-PA-220;CWP-3351-10-PA-220;CWA-3351-10;PWP-3351-10-PA-220;"03351-PW-2""-C1-0054-N";;;C1;CODO 90°, ASTM A197, ASME B16.3 CLASE 150, NPT SEGÚN ASME B1.20.1;"2""";1;un;;3,5;kg;Contratista;CODO;;;;;;;;SIN REVISAR;;0,33;;;
1.1102;1;1102;EWP-3351-10-PA-220;CWP-3351-10-PA-220;CWA-3351-10;PWP-3351-10-PA-220;"03351-GW-1""-C1-0075-N";;;C1;CODO 90°, ASTM A197, ASME B16.3 CLASE 150, NPT SEGÚN ASME B1.20.1;"1""";1;un;;1,13;kg;Contratista;CODO;;;;;;;;SIN REVISAR;;11,86;;;
1.1103;1;1103;EWP-3351-10-PA-220;CWP-3351-10-PA-220;CWA-3351-10;PWP-3351-10-PA-220;"03351-GW-1""-C1-0035-N";;;C1;CODO 90°, ASTM A197, ASME B16.3 CLASE 150, NPT SEGÚN ASME B1.20.1;"3/4""";1;un;;0,69;kg;Contratista;CODO;;;;;;;;SIN REVISAR;;2,89;;;
1.1104;1;1104;EWP-3351-10-PA-220;CWP-3351-10-PA-220;CWA-3351-10;PWP-3351-10-PA-220;"03351-PW-2""-C1-0054-N";;;C1;CODO 90°, ASTM A197, ASME B16.3 CLASE 150, NPT SEGÚN ASME B1.20.1;"2""";1;un;;3,5;kg;Contratista;CODO;;;;;;;;SIN REVISAR;;0,2;;;
1.1105;1;1105;EWP-3351-10-PA-220;CWP-3351-10-PA-220;CWA-3351-10;PWP-3351-10-PA-220;"03351-PW-2""-C1-0014-N";;;C1;CODO 90°, ASTM A197, ASME B16.3 CLASE 150, NPT SEGÚN ASME B1.20.1;"2""";1;un;;3,5;kg;Contratista;CODO;;;;;;;;SIN REVISAR;;8,36;;;
1.1106;1;1106;EWP-3351-10-PA-220;CWP-3351-10-PA-220;CWA-3351-10;PWP-3351-10-PA-220;"03351-GW-1""-C1-0043-N";;;C1;CODO 90°, ASTM A197, ASME B16.3 CLASE 150, NPT SEGÚN ASME B1.20.1;"1""";1;un;;1,13;kg;Contratista;CODO;;;;;;;;SIN REVISAR;;1,99;;;
1.1107;1;1107;EWP-3351-10-PA-220;CWP-3351-10-PA-220;CWA-3351-10;PWP-3351-10-PA-220;"03351-PW-2""-C1-0054-N";;;C1;CODO 90°, ASTM A197, ASME B16.3 CLASE 150, NPT SEGÚN ASME B1.20.1;"2""";1;un;;3,5;kg;Contratista;CODO;;;;;;;;SIN REVISAR;;2,43;;;
1.1108;1;1108;EWP-3351-10-PA-220;CWP-3351-10-PA-220;CWA-3351-10;PWP-3351-10-PA-220;"03351-PW-2""-C1-0039-N";;;C1;CODO 90°, ASTM A197, ASME B16.3 CLASE 150, NPT SEGÚN ASME B1.20.1;"2""";1;un;;3,5;kg;Contratista;CODO;;;;;;;;SIN REVISAR;;1,49;;;
1.1109;1;1109;EWP-3351-10-PA-220;CWP-3351-10-PA-220;CWA-3351-10;PWP-3351-10-PA-220;"03351-GW-1""-C1-0033-N";;;C1;CODO 90°, ASTM A197, ASME B16.3 CLASE 150, NPT SEGÚN ASME B1.20.1;"1""";1;un;;1,13;kg;Contratista;CODO;;;;;;;;SIN REVISAR;;1,92;;;
1.1110;1;1110;EWP-3351-10-PA-220;CWP-3351-10-PA-220;CWA-3351-10;PWP-3351-10-PA-220;"03351-GW-1""-C1-0036-N";;;C1;CODO 90°, ASTM A197, ASME B16.3 CLASE 150, NPT SEGÚN ASME B1.20.1;"1""";1;un;;1,13;kg;Contratista;CODO;;;;;;;;SIN REVISAR;;2,44;;;
1.1111;1;1111;EWP-3351-10-PA-220;CWP-3351-10-PA-220;CWA-3351-10;PWP-3351-10-PA-220;"03351-PW-2""-C1-0093-N";;;C1;CODO 90°, ASTM A197, ASME B16.3 CLASE 150, NPT SEGÚN ASME B1.20.1;"2""";1;un;;3,5;kg;Contratista;CODO;;;;;;;;SIN REVISAR;;0,89;;;
1.1112;1;1112;EWP-3351-10-PA-220;CWP-3351-10-PA-220;CWA-3351-10;PWP-3351-10-PA-220;"03351-GW-1""-C1-0033-N";;;C1;CODO 90°, ASTM A197, ASME B16.3 CLASE 150, NPT SEGÚN ASME B1.20.1;"1""";1;un;;1,13;kg;Contratista;CODO;;;;;;;;SIN REVISAR;;0,28;;;
1.1113;1;1113;EWP-3351-10-PA-220;CWP-3351-10-PA-220;CWA-3351-10;PWP-3351-10-PA-220;"03351-PW-2""-C1-0014-N";;;C1;CODO 90°, ASTM A197, ASME B16.3 CLASE 150, NPT SEGÚN ASME B1.20.1;"2""";1;un;;3,5;kg;Contratista;CODO;;;;;;;;SIN REVISAR;;0,69;;;
1.1114;1;1114;EWP-3351-10-PA-220;CWP-3351-10-PA-220;CWA-3351-10;PWP-3351-10-PA-220;"03351-GW-1""-C1-0033-N";;;C1;CODO 90°, ASTM A197, ASME B16.3 CLASE 150, NPT SEGÚN ASME B1.20.1;"3/4""";1;un;;0,69;kg;Contratista;CODO;;;;;;;;SIN REVISAR;;0,24;;;
1.1115;1;1115;EWP-3351-10-PA-220;CWP-3351-10-PA-220;CWA-3351-10;PWP-3351-10-PA-220;"03351-PW-2""-C1-0054-N";;;C1;CODO 90°, ASTM A197, ASME B16.3 CLASE 150, NPT SEGÚN ASME B1.20.1;"2""";1;un;;3,5;kg;Contratista;CODO;;;;;;;;SIN REVISAR;;0,24;;;
1.1116;1;1116;EWP-3351-10-PA-220;CWP-3351-10-PA-220;CWA-3351-10;PWP-3351-10-PA-220;"03351-GW-1""-C1-0031-N";;;C1;CODO 90°, ASTM A197, ASME B16.3 CLASE 150, NPT SEGÚN ASME B1.20.1;"1""";1;un;;1,13;kg;Contratista;CODO;;;;;;;;SIN REVISAR;;1,1;;;
1.1117;1;1117;EWP-3351-10-PA-220;CWP-3351-10-PA-220;CWA-3351-10;PWP-3351-10-PA-220;"03351-PW-2""-C1-0056-N";;;C1;CODO 90°, ASTM A197, ASME B16.3 CLASE 150, NPT SEGÚN ASME B1.20.1;"2""";1;un;;3,5;kg;Contratista;CODO;;;;;;;;SIN REVISAR;;1,99;;;
1.1118;1;1118;EWP-3351-10-PA-220;CWP-3351-10-PA-220;CWA-3351-10;PWP-3351-10-PA-220;"03351-PW-2""-C1-0039-N";;;C1;CODO 90°, ASTM A197, ASME B16.3 CLASE 150, NPT SEGÚN ASME B1.20.1;"2""";1;un;;3,5;kg;Contratista;CODO;;;;;;;;SIN REVISAR;;1,48;;;
1.1119;1;1119;EWP-3351-10-PA-220;CWP-3351-10-PA-220;CWA-3351-10;PWP-3351-10-PA-220;"03351-GW-1""-C1-0043-N";;;C1;CODO 90°, ASTM A197, ASME B16.3 CLASE 150, NPT SEGÚN ASME B1.20.1;"1""";1;un;;1,13;kg;Contratista;CODO;;;;;;;;SIN REVISAR;;3,01;;;
1.1120;1;1120;EWP-3351-10-PA-220;CWP-3351-10-PA-220;CWA-3351-10;PWP-3351-10-PA-220;"03351-GW-1""-C1-0031-N";;;C1;CODO 90°, ASTM A197, ASME B16.3 CLASE 150, NPT SEGÚN ASME B1.20.1;"3/4""";1;un;;0,69;kg;Contratista;CODO;;;;;;;;SIN REVISAR;;2,35;;;
1.1121;1;1121;EWP-3351-10-PA-220;CWP-3351-10-PA-220;CWA-3351-10;PWP-3351-10-PA-220;"03351-GW-1""-C1-0032-N";;;C1;CODO 90°, ASTM A197, ASME B16.3 CLASE 150, NPT SEGÚN ASME B1.20.1;"1""";1;un;;1,13;kg;Contratista;CODO;;;;;;;;SIN REVISAR;;1,43;;;
1.1122;1;1122;EWP-3351-10-PA-220;CWP-3351-10-PA-220;CWA-3351-10;PWP-3351-10-PA-220;"03351-PW-2""-C1-0024-N";;;C1;CODO 90°, ASTM A197, ASME B16.3 CLASE 150, NPT SEGÚN ASME B1.20.1;"2""";1;un;;3,5;kg;Contratista;CODO;;;;;;;;SIN REVISAR;;2,2;;;
1.1123;1;1123;EWP-3351-10-PA-220;CWP-3351-10-PA-220;CWA-3351-10;PWP-3351-10-PA-220;"03351-PW-2""-C1-0039-N";;;C1;CODO 90°, ASTM A197, ASME B16.3 CLASE 150, NPT SEGÚN ASME B1.20.1;"2""";1;un;;3,5;kg;Contratista;CODO;;;;;;;;SIN REVISAR;;0,24;;;
1.1124;1;1124;EWP-3351-10-PA-220;CWP-3351-10-PA-220;CWA-3351-10;PWP-3351-10-PA-220;"03351-PW-2""-C1-0025-N";;;C1;CODO 90°, ASTM A197, ASME B16.3 CLASE 150, NPT SEGÚN ASME B1.20.1;"2""";1;un;;3,5;kg;Contratista;CODO;;;;;;;;SIN REVISAR;;6,48;;;
1.1125;1;1125;EWP-3351-10-PA-220;CWP-3351-10-PA-220;CWA-3351-10;PWP-3351-10-PA-220;"03351-PW-2""-C1-0025-N";;;C1;CODO 90°, ASTM A197, ASME B16.3 CLASE 150, NPT SEGÚN ASME B1.20.1;"2""";1;un;;3,5;kg;Contratista;CODO;;;;;;;;SIN REVISAR;;0,28;;;
1.1126;1;1126;EWP-3351-10-PA-220;CWP-3351-10-PA-220;CWA-3351-10;PWP-3351-10-PA-220;"03351-PW-2""-C1-0025-N";;;C1;CODO 90°, ASTM A197, ASME B16.3 CLASE 150, NPT SEGÚN ASME B1.20.1;"2""";1;un;;3,5;kg;Contratista;CODO;;;;;;;;SIN REVISAR;;0,44;;;
1.1127;1;1127;EWP-3351-10-PA-220;CWP-3351-10-PA-220;CWA-3351-10;PWP-3351-10-PA-220;"03351-PW-2""-C1-0025-N";;;C1;CODO 90°, ASTM A197, ASME B16.3 CLASE 150, NPT SEGÚN ASME B1.20.1;"2""";1;un;;3,5;kg;Contratista;CODO;;;;;;;;SIN REVISAR;;0,08;;;
1.1128;1;1128;EWP-3351-10-PA-220;CWP-3351-10-PA-220;CWA-3351-10;PWP-3351-10-PA-220;"03351-PW-2""-C1-0091-N";;;C1;CODO 90°, ASTM A197, ASME B16.3 CLASE 150, NPT SEGÚN ASME B1.20.1;"2""";1;un;;3,5;kg;Contratista;CODO;;;;;;;;SIN REVISAR;;0,08;;;
1.1129;1;1129;EWP-3351-10-PA-220;CWP-3351-10-PA-220;CWA-3351-10;PWP-3351-10-PA-220;"03351-PW-2""-C1-0091-N";;;C1;CODO 90°, ASTM A197, ASME B16.3 CLASE 150, NPT SEGÚN ASME B1.20.1;"2""";1;un;;3,5;kg;Contratista;CODO;;;;;;;;SIN REVISAR;;0,68;;;
1.1130;1;1130;EWP-3351-10-PA-220;CWP-3351-10-PA-220;CWA-3351-10;PWP-3351-10-PA-220;"03351-PW-2""-C1-0028-N";;;C1;CODO 90°, ASTM A197, ASME B16.3 CLASE 150, NPT SEGÚN ASME B1.20.1;"2""";1;un;;3,5;kg;Contratista;CODO;;;;;;;;SIN REVISAR;;0,1;;;
1.1131;1;1131;EWP-3351-10-PA-220;CWP-3351-10-PA-220;CWA-3351-10;PWP-3351-10-PA-220;"03351-PW-2""-C1-0028-N";;;C1;CODO 90°, ASTM A197, ASME B16.3 CLASE 150, NPT SEGÚN ASME B1.20.1;"2""";1;un;;3,5;kg;Contratista;CODO;;;;;;;;SIN REVISAR;;0,08;;;
1.1132;1;1132;EWP-3351-10-PA-220;CWP-3351-10-PA-220;CWA-3351-10;PWP-3351-10-PA-220;"03351-PW-2""-C1-0044-N";;;C1;CODO 90°, ASTM A197, ASME B16.3 CLASE 150, NPT SEGÚN ASME B1.20.1;"2""";1;un;;3,5;kg;Contratista;CODO;;;;;;;;SIN REVISAR;;0,1;;;
1.1133;1;1133;EWP-3351-10-PA-220;CWP-3351-10-PA-220;CWA-3351-10;PWP-3351-10-PA-220;"03351-GW-2""-C1-0078-N";;;C1;CODO 90°, ASTM A197, ASME B16.3 CLASE 150, NPT SEGÚN ASME B1.20.1;"2""";1;un;;3,5;kg;Contratista;CODO;;;;;;;;SIN REVISAR;;0,3;;;
1.1134;1;1134;EWP-3351-10-PA-220;CWP-3351-10-PA-220;CWA-3351-10;PWP-3351-10-PA-220;"03351-PW-2""-C1-0038-N";;;C1;CODO 90°, ASTM A197, ASME B16.3 CLASE 150, NPT SEGÚN ASME B1.20.1;"2""";1;un;;3,5;kg;Contratista;CODO;;;;;;;;SIN REVISAR;;0,12;;;
1.1135;1;1135;EWP-3351-10-PA-220;CWP-3351-10-PA-220;CWA-3351-10;PWP-3351-10-PA-220;"03351-PW-2""-C1-0038-N";;;C1;CODO 90°, ASTM A197, ASME B16.3 CLASE 150, NPT SEGÚN ASME B1.20.1;"2""";1;un;;3,5;kg;Contratista;CODO;;;;;;;;SIN REVISAR;;0,1;;;
1.1136;1;1136;EWP-3351-10-PA-220;CWP-3351-10-PA-220;CWA-3351-10;PWP-3351-10-PA-220;"03351-PW-2""-C1-0038-N";;;C1;CODO 90°, ASTM A197, ASME B16.3 CLASE 150, NPT SEGÚN ASME B1.20.1;"2""";1;un;;3,5;kg;Contratista;CODO;;;;;;;;SIN REVISAR;;0,1;;;
1.1137;1;1137;EWP-3351-10-PA-220;CWP-3351-10-PA-220;CWA-3351-10;PWP-3351-10-PA-220;"03351-PW-2""-C1-0049-N";;;C1;CODO 90°, ASTM A197, ASME B16.3 CLASE 150, NPT SEGÚN ASME B1.20.1;"2""";1;un;;3,5;kg;Contratista;CODO;;;;;;;;SIN REVISAR;;0,16;;;
1.1138;1;1138;EWP-3351-10-PA-220;CWP-3351-10-PA-220;CWA-3351-10;PWP-3351-10-PA-220;"03351-PW-2""-C1-0049-N";;;C1;CODO 90°, ASTM A197, ASME B16.3 CLASE 150, NPT SEGÚN ASME B1.20.1;"2""";1;un;;3,5;kg;Contratista;CODO;;;;;;;;SIN REVISAR;;0,1;;;
1.1139;1;1139;EWP-3351-10-PA-220;CWP-3351-10-PA-220;CWA-3351-10;PWP-3351-10-PA-220;"03351-PW-2""-C1-0048-N";;;C1;CODO 90°, ASTM A197, ASME B16.3 CLASE 150, NPT SEGÚN ASME B1.20.1;"2""";1;un;;3,5;kg;Contratista;CODO;;;;;;;;SIN REVISAR;;;;;
1.1140;1;1140;EWP-3351-10-PA-220;CWP-3351-10-PA-220;CWA-3351-10;PWP-3351-10-PA-220;"03351-PW-2""-C1-0049-N";;;C1;CODO 90°, ASTM A197, ASME B16.3 CLASE 150, NPT SEGÚN ASME B1.20.1;"2""";1;un;;3,5;kg;Contratista;CODO;;;;;;;;SIN REVISAR;;;;;
1.1141;1;1141;EWP-3351-10-PA-220;CWP-3351-10-PA-220;CWA-3351-10;PWP-3351-10-PA-220;"03351-GW-2""-C1-0095-N";;;C1;CODO 90°, ASTM A197, ASME B16.3 CLASE 150, NPT SEGÚN ASME B1.20.1;"2""";1;un;;3,5;kg;Contratista;CODO;;;;;;;;SIN REVISAR;;;;;
1.1142;1;1142;EWP-3351-10-PA-220;CWP-3351-10-PA-220;CWA-3351-10;PWP-3351-10-PA-220;"03351-PW-2""-C1-0049-N";;;C1;CODO 90°, ASTM A197, ASME B16.3 CLASE 150, NPT SEGÚN ASME B1.20.1;"2""";1;un;;3,5;kg;Contratista;CODO;;;;;;;;SIN REVISAR;;;;;
1.1143;1;1143;EWP-3351-10-PA-220;CWP-3351-10-PA-220;CWA-3351-10;PWP-3351-10-PA-220;"03351-GW-2""-C1-0095-N";;;C1;CODO 90°, ASTM A197, ASME B16.3 CLASE 150, NPT SEGÚN ASME B1.20.1;"2""";1;un;;3,5;kg;Contratista;CODO;;;;;;;;SIN REVISAR;;;;;
1.1144;1;1144;EWP-3351-10-PA-220;CWP-3351-10-PA-220;CWA-3351-10;PWP-3351-10-PA-220;"03351-PW-2""-C1-0084-N";;;C1;CODO 90°, ASTM A197, ASME B16.3 CLASE 150, NPT SEGÚN ASME B1.20.1;"2""";1;un;;3,5;kg;Contratista;CODO;;;;;;;;SIN REVISAR;;;;;
1.1145;1;1145;EWP-3351-10-PA-220;CWP-3351-10-PA-220;CWA-3351-10;PWP-3351-10-PA-220;"03351-PW-2""-C1-0048-N";;;C1;CODO 90°, ASTM A197, ASME B16.3 CLASE 150, NPT SEGÚN ASME B1.20.1;"2""";1;un;;3,5;kg;Contratista;CODO;;;;;;;;SIN REVISAR;;;;;
1.1146;1;1146;EWP-3351-10-PA-220;CWP-3351-10-PA-220;CWA-3351-10;PWP-3351-10-PA-220;"03351-GW-2""-C1-0095-N";;;C1;CODO 90°, ASTM A197, ASME B16.3 CLASE 150, NPT SEGÚN ASME B1.20.1;"1""";1;un;;1,13;kg;Contratista;CODO;;;;;;;;SIN REVISAR;;;;;
1.1147;1;1147;EWP-3351-10-PA-220;CWP-3351-10-PA-220;CWA-3351-10;PWP-3351-10-PA-220;"03351-PW-2""-C1-0092-N";;;C1;CODO 90°, ASTM A197, ASME B16.3 CLASE 150, NPT SEGÚN ASME B1.20.1;"2""";1;un;;3,5;kg;Contratista;CODO;;;;;;;;SIN REVISAR;;;;;
1.1148;1;1148;EWP-3351-10-PA-220;CWP-3351-10-PA-220;CWA-3351-10;PWP-3351-10-PA-220;"03351-GW-2""-C1-0095-N";;;C1;CODO 90°, ASTM A197, ASME B16.3 CLASE 150, NPT SEGÚN ASME B1.20.1;"2""";1;un;;3,5;kg;Contratista;CODO;;;;;;;;SIN REVISAR;;;;;
1.1149;1;1149;EWP-3351-10-PA-220;CWP-3351-10-PA-220;CWA-3351-10;PWP-3351-10-PA-220;"03351-GW-2""-C1-0095-N";;;C1;CODO 90°, ASTM A197, ASME B16.3 CLASE 150, NPT SEGÚN ASME B1.20.1;"2""";1;un;;3,5;kg;Contratista;CODO;;;;;;;;SIN REVISAR;;;;;
1.1150;1;1150;EWP-3351-10-PA-220;CWP-3351-10-PA-220;CWA-3351-10;PWP-3351-10-PA-220;"03351-GW-2""-C1-0095-N";;;C1;CODO 90°, ASTM A197, ASME B16.3 CLASE 150, NPT SEGÚN ASME B1.20.1;"2""";1;un;;3,5;kg;Contratista;CODO;;;;;;;;SIN REVISAR;;;;;
1.1151;1;1151;EWP-3351-10-PA-220;CWP-3351-10-PA-220;CWA-3351-10;PWP-3351-10-PA-220;"03351-PW-2""-C1-0049-N";;;C1;CODO 90°, ASTM A197, ASME B16.3 CLASE 150, NPT SEGÚN ASME B1.20.1;"2""";1;un;;3,5;kg;Contratista;CODO;;;;;;;;SIN REVISAR;;;;;
1.1152;1;1152;EWP-3351-10-PA-220;CWP-3351-10-PA-220;CWA-3351-10;PWP-3351-10-PA-220;"03351-PW-2""-C1-0083-N";;;C1;CODO 90°, ASTM A197, ASME B16.3 CLASE 150, NPT SEGÚN ASME B1.20.1;"2""";1;un;;3,5;kg;Contratista;CODO;;;;;;;;SIN REVISAR;;;;;
1.1153;1;1153;EWP-3351-10-PA-220;CWP-3351-10-PA-220;CWA-3351-10;PWP-3351-10-PA-220;"03351-PW-2""-C1-0049-N";;;C1;CODO 90°, ASTM A197, ASME B16.3 CLASE 150, NPT SEGÚN ASME B1.20.1;"2""";1;un;;3,5;kg;Contratista;CODO;;;;;;;;SIN REVISAR;;;;;
1.1154;1;1154;EWP-3351-10-PA-220;CWP-3351-10-PA-220;CWA-3351-10;PWP-3351-10-PA-220;"03351-GW-2""-C1-0095-N";;;C1;CODO 90°, ASTM A197, ASME B16.3 CLASE 150, NPT SEGÚN ASME B1.20.1;"2""";1;un;;3,5;kg;Contratista;CODO;;;;;;;;SIN REVISAR;;;;;
1.1155;1;1155;EWP-3351-10-PA-220;CWP-3351-10-PA-220;CWA-3351-10;PWP-3351-10-PA-220;"03351-GW-2""-C1-0095-N";;;C1;CODO 90°, ASTM A197, ASME B16.3 CLASE 150, NPT SEGÚN ASME B1.20.1;"3/4""";1;un;;0,69;kg;Contratista;CODO;;;;;;;;SIN REVISAR;;;;;
1.1156;1;1156;EWP-3351-10-PA-220;CWP-3351-10-PA-220;CWA-3351-10;PWP-3351-10-PA-220;"03351-PW-2""-C1-0049-N";;;C1;CODO 90°, ASTM A197, ASME B16.3 CLASE 150, NPT SEGÚN ASME B1.20.1;"2""";1;un;;3,5;kg;Contratista;CODO;;;;;;;;SIN REVISAR;;;;;
1.1157;1;1157;EWP-3351-10-PA-220;CWP-3351-10-PA-220;CWA-3351-10;PWP-3351-10-PA-220;"03351-PW-2""-C1-0092-N";;;C1;CODO 90°, ASTM A197, ASME B16.3 CLASE 150, NPT SEGÚN ASME B1.20.1;"2""";1;un;;3,5;kg;Contratista;CODO;;;;;;;;SIN REVISAR;;;;;
1.1158;1;1158;EWP-3351-10-PA-220;CWP-3351-10-PA-220;CWA-3351-10;PWP-3351-10-PA-220;"03351-GW-2""-C1-0095-N";;;C1;CODO 90°, ASTM A197, ASME B16.3 CLASE 150, NPT SEGÚN ASME B1.20.1;"2""";1;un;;3,5;kg;Contratista;CODO;;;;;;;;SIN REVISAR;;;;;
1.1159;1;1159;EWP-3351-10-PA-220;CWP-3351-10-PA-220;CWA-3351-10;PWP-3351-10-PA-220;"03351-PW-2""-C1-0048-N";;;C1;CODO 90°, ASTM A197, ASME B16.3 CLASE 150, NPT SEGÚN ASME B1.20.1;"2""";1;un;;3,5;kg;Contratista;CODO;;;;;;;;SIN REVISAR;;;;;
1.1160;1;1160;EWP-3351-10-PA-220;CWP-3351-10-PA-220;CWA-3351-10;PWP-3351-10-PA-220;"03351-PW-2""-C1-0085-N";;;C1;CODO 90°, ASTM A197, ASME B16.3 CLASE 150, NPT SEGÚN ASME B1.20.1;"2""";1;un;;3,5;kg;Contratista;CODO;;;;;;;;SIN REVISAR;;;;;
1.1161;1;1161;EWP-3351-10-PA-220;CWP-3351-10-PA-220;CWA-3351-10;PWP-3351-10-PA-220;"03351-PW-2""-C1-0049-N";;;C1;CODO 90°, ASTM A197, ASME B16.3 CLASE 150, NPT SEGÚN ASME B1.20.1;"2""";1;un;;3,5;kg;Contratista;CODO;;;;;;;;SIN REVISAR;;;;;
1.1162;1;1162;EWP-3351-10-PA-220;CWP-3351-10-PA-220;CWA-3351-10;PWP-3351-10-PA-220;"03351-PW-2""-C1-0048-N";;;C1;CODO 90°, ASTM A197, ASME B16.3 CLASE 150, NPT SEGÚN ASME B1.20.1;"2""";1;un;;3,5;kg;Contratista;CODO;;;;;;;;SIN REVISAR;;;;;
1.1163;1;1163;EWP-3351-10-PA-220;CWP-3351-10-PA-220;CWA-3351-10;PWP-3351-10-PA-220;"03351-PW-2""-C1-0048-N";;;C1;CODO 90°, ASTM A197, ASME B16.3 CLASE 150, NPT SEGÚN ASME B1.20.1;"2""";1;un;;3,5;kg;Contratista;CODO;;;;;;;;SIN REVISAR;;;;;
1.1164;1;1164;EWP-3351-10-PA-220;CWP-3351-10-PA-220;CWA-3351-10;PWP-3351-10-PA-220;"03351-PW-2""-C1-0048-N";;;C1;CODO 90°, ASTM A197, ASME B16.3 CLASE 150, NPT SEGÚN ASME B1.20.1;"2""";1;un;;3,5;kg;Contratista;CODO;;;;;;;;SIN REVISAR;;;;;
1.1165;1;1165;EWP-3351-10-PA-220;CWP-3351-10-PA-220;CWA-3351-10;PWP-3351-10-PA-220;"03351-PW-2""-C1-0049-N";;;C1;CODO 90°, ASTM A197, ASME B16.3 CLASE 150, NPT SEGÚN ASME B1.20.1;"2""";1;un;;3,5;kg;Contratista;CODO;;;;;;;;SIN REVISAR;;;;;
1.1166;1;1166;EWP-3351-10-PA-220;CWP-3351-10-PA-220;CWA-3351-10;PWP-3351-10-PA-220;"03351-PW-2""-C1-0081-N";;;C1;CODO 90°, ASTM A197, ASME B16.3 CLASE 150, NPT SEGÚN ASME B1.20.1;"2""";1;un;;3,5;kg;Contratista;CODO;;;;;;;;SIN REVISAR;;;;;
1.1167;1;1167;EWP-3351-10-PA-220;CWP-3351-10-PA-220;CWA-3351-10;PWP-3351-10-PA-220;"03351-PW-2""-C1-0049-N";;;C1;CODO 90°, ASTM A197, ASME B16.3 CLASE 150, NPT SEGÚN ASME B1.20.1;"2""";1;un;;3,5;kg;Contratista;CODO;;;;;;;;SIN REVISAR;;;;;
1.1168;1;1168;EWP-3351-10-PA-220;CWP-3351-10-PA-220;CWA-3351-10;PWP-3351-10-PA-220;"03351-GW-2""-C1-0095-N";;;C1;CODO 90°, ASTM A197, ASME B16.3 CLASE 150, NPT SEGÚN ASME B1.20.1;"2""";1;un;;3,5;kg;Contratista;CODO;;;;;;;;SIN REVISAR;;;;;
1.1169;1;1169;EWP-3351-10-PA-220;CWP-3351-10-PA-220;CWA-3351-10;PWP-3351-10-PA-220;"03351-PW-2""-C1-0085-N";;;C1;CODO 90°, ASTM A197, ASME B16.3 CLASE 150, NPT SEGÚN ASME B1.20.1;"2""";1;un;;3,5;kg;Contratista;CODO;;;;;;;;SIN REVISAR;;;;;
1.1170;1;1170;EWP-3351-10-PA-220;CWP-3351-10-PA-220;CWA-3351-10;PWP-3351-10-PA-220;"03351-PW-2""-C1-0052-N";;;C1;CODO 90°, ASTM A197, ASME B16.3 CLASE 150, NPT SEGÚN ASME B1.20.1;"2""";1;un;;3,5;kg;Contratista;CODO;;;;;;;;SIN REVISAR;;;;;
1.1171;1;1171;EWP-3351-10-PA-220;CWP-3351-10-PA-220;CWA-3351-10;PWP-3351-10-PA-220;"03351-GW-2""-C1-0095-N";;;C1;CODO 90°, ASTM A197, ASME B16.3 CLASE 150, NPT SEGÚN ASME B1.20.1;"2""";1;un;;3,5;kg;Contratista;CODO;;;;;;;;SIN REVISAR;;;;;
1.1172;1;1172;EWP-3351-10-PA-220;CWP-3351-10-PA-220;CWA-3351-10;PWP-3351-10-PA-220;"03351-PW-2""-C1-0082-N";;;C1;CODO 90°, ASTM A197, ASME B16.3 CLASE 150, NPT SEGÚN ASME B1.20.1;"2""";1;un;;3,5;kg;Contratista;CODO;;;;;;;;SIN REVISAR;;;;;
1.1173;1;1173;EWP-3351-10-PA-220;CWP-3351-10-PA-220;CWA-3351-10;PWP-3351-10-PA-220;"03351-GW-2""-C1-0095-N";;;C1;CODO 90°, ASTM A197, ASME B16.3 CLASE 150, NPT SEGÚN ASME B1.20.1;"2""";1;un;;3,5;kg;Contratista;CODO;;;;;;;;SIN REVISAR;;;;;
1.1174;1;1174;EWP-3351-10-PA-220;CWP-3351-10-PA-220;CWA-3351-10;PWP-3351-10-PA-220;"03351-PW-2""-C1-0054-N";;;C1;CODO 90°, ASTM A197, ASME B16.3 CLASE 150, NPT SEGÚN ASME B1.20.1;"2""";1;un;;3,5;kg;Contratista;CODO;;;;;;;;SIN REVISAR;;;;;
1.1175;1;1175;EWP-3351-10-PA-220;CWP-3351-10-PA-220;CWA-3351-10;PWP-3351-10-PA-220;"03351-PW-2""-C1-0056-N";;;C1;CODO 90°, ASTM A197, ASME B16.3 CLASE 150, NPT SEGÚN ASME B1.20.1;"2""";1;un;;3,5;kg;Contratista;CODO;;;;;;;;SIN REVISAR;;;;;
1.1176;1;1176;EWP-3351-10-PA-220;CWP-3351-10-PA-220;CWA-3351-10;PWP-3351-10-PA-220;"03351-PW-2""-C1-0056-N";;;C1;CODO 90°, ASTM A197, ASME B16.3 CLASE 150, NPT SEGÚN ASME B1.20.1;"2""";1;un;;3,5;kg;Contratista;CODO;;;;;;;;SIN REVISAR;;;;;
1.1177;1;1177;EWP-3351-10-PA-220;CWP-3351-10-PA-220;CWA-3351-10;PWP-3351-10-PA-220;"03351-PW-2""-C1-0056-N";;;C1;CODO 90°, ASTM A197, ASME B16.3 CLASE 150, NPT SEGÚN ASME B1.20.1;"2""";1;un;;3,5;kg;Contratista;CODO;;;;;;;;SIN REVISAR;;;;;
1.1178;1;1178;EWP-3351-10-PA-220;CWP-3351-10-PA-220;CWA-3351-10;PWP-3351-10-PA-220;"03351-PW-2""-C1-0056-N";;;C1;CODO 90°, ASTM A197, ASME B16.3 CLASE 150, NPT SEGÚN ASME B1.20.1;"2""";1;un;;3,5;kg;Contratista;CODO;;;;;;;;SIN REVISAR;;;;;
1.1179;1;1179;EWP-3351-10-PA-220;CWP-3351-10-PA-220;CWA-3351-10;PWP-3351-10-PA-220;"03351-PW-2""-C1-0056-N";;;C1;CODO 90°, ASTM A197, ASME B16.3 CLASE 150, NPT SEGÚN ASME B1.20.1;"2""";1;un;;3,5;kg;Contratista;CODO;;;;;;;;SIN REVISAR;;;;;
1.1180;1;1180;EWP-3351-10-PA-220;CWP-3351-10-PA-220;CWA-3351-10;PWP-3351-10-PA-220;"03351-PW-2""-C1-0024-N";;;C1;CODO 90°, ASTM A197, ASME B16.3 CLASE 150, NPT SEGÚN ASME B1.20.1;"2""";1;un;;3,5;kg;Contratista;CODO;;;;;;;;SIN REVISAR;;;;;
1.1181;1;1181;EWP-3351-10-PA-220;CWP-3351-10-PA-220;CWA-3351-10;PWP-3351-10-PA-220;"03351-CT-6""-C3-0021-R3";;;C3;CODO 90°, RL, ASTM A234 WBP, ASME B16.9, GE, SCH. STD;"3""";1;un;;6;kg;Contratista;CODO;;;;;;;;SIN REVISAR;;;;;
1.1182;1;1182;EWP-3351-10-PA-220;CWP-3351-10-PA-220;CWA-3351-10;PWP-3351-10-PA-220;"03351-CT-6""-C3-0023-R3";;;C3;CODO 90°, RL, ASTM A234 WBP, ASME B16.9, GE, SCH. STD;"3""";1;un;;6;kg;Contratista;CODO;;;;;;;;SIN REVISAR;;;;;
1.1183;1;1183;EWP-3351-10-PA-220;CWP-3351-10-PA-220;CWA-3351-10;PWP-3351-10-PA-220;"03351-CT-6""-C3-0018-R3";;;C3;CODO 90°, RL, ASTM A234 WBP, ASME B16.9, GE, SCH. STD;"3""";1;un;;6;kg;Contratista;CODO;;;;;;;;SIN REVISAR;;;;;
1.1184;1;1184;EWP-3351-10-PA-220;CWP-3351-10-PA-220;CWA-3351-10;PWP-3351-10-PA-220;"03351-PW-2""-C1-0090-N";;;C1;CONEXIÓN RÁPIDA PARA MANGUERA, ASTM A105, EXTREMO CON HILO FNPT, CLASE 150;"2""";1;un;;3,13;kg;Contratista;CONEXIÓN RÁPIDA;;;;;;;;SIN REVISAR;;;;;
1.1185;1;1185;EWP-3351-10-PA-220;CWP-3351-10-PA-220;CWA-3351-10;PWP-3351-10-PA-220;"03351-PW-2""-C1-0038-N";;;C1;CONEXIÓN RÁPIDA PARA MANGUERA, ASTM A105, EXTREMO CON HILO FNPT, CLASE 150;"2""";1;un;;3,13;kg;Contratista;CONEXIÓN RÁPIDA;;;;;;;;SIN REVISAR;;;;;
1.1186;1;1186;EWP-3351-10-PA-220;CWP-3351-10-PA-220;CWA-3351-10;PWP-3351-10-PA-220;"03351-PW-2""-C1-0088-N";;;C1;CONEXIÓN RÁPIDA PARA MANGUERA, ASTM A105, EXTREMO CON HILO FNPT, CLASE 150;"2""";1;un;;3,13;kg;Contratista;CONEXIÓN RÁPIDA;;;;;;;;SIN REVISAR;;;;;
1.1187;1;1187;EWP-3351-10-PA-220;CWP-3351-10-PA-220;CWA-3351-10;PWP-3351-10-PA-220;"03351-PW-2""-C1-0092-N";;;C1;CONEXIÓN RÁPIDA PARA MANGUERA, ASTM A105, EXTREMO CON HILO FNPT, CLASE 150;"2""";1;un;;3,13;kg;Contratista;CONEXIÓN RÁPIDA;;;;;;;;SIN REVISAR;;;;;
1.1188;1;1188;EWP-3351-10-PA-220;CWP-3351-10-PA-220;CWA-3351-10;PWP-3351-10-PA-220;"03351-PW-2""-C1-0091-N";;;C1;CONEXIÓN RÁPIDA PARA MANGUERA, ASTM A105, EXTREMO CON HILO FNPT, CLASE 150;"2""";1;un;;3,13;kg;Contratista;CONEXIÓN RÁPIDA;;;;;;;;SIN REVISAR;;;;;
1.1189;1;1189;EWP-3351-10-PA-220;CWP-3351-10-PA-220;CWA-3351-10;PWP-3351-10-PA-220;"03351-PW-2""-C1-0044-N";;;C1;CONEXIÓN RÁPIDA PARA MANGUERA, ASTM A105, EXTREMO CON HILO FNPT, CLASE 150;"2""";1;un;;3,13;kg;Contratista;CONEXIÓN RÁPIDA;;;;;;;;SIN REVISAR;;;;;
1.1190;1;1190;EWP-3351-10-PA-220;CWP-3351-10-PA-220;CWA-3351-10;PWP-3351-10-PA-220;"03351-PW-2""-C1-0089-N";;;C1;CONEXIÓN RÁPIDA PARA MANGUERA, ASTM A105, EXTREMO CON HILO FNPT, CLASE 150;"2""";1;un;;3,13;kg;Contratista;CONEXIÓN RÁPIDA;;;;;;;;SIN REVISAR;;;;;
1.1191;1;1191;EWP-3351-10-PA-220;CWP-3351-10-PA-220;CWA-3351-10;PWP-3351-10-PA-220;"03351-GW-1""-C1-0035-N";;;C1;COPLA , ASTM A105, CLASE 3000, ASME B16.11, NPT;"3/4""";1;un;;0,44;kg;Contratista;COPLA;;;;;;;;SIN REVISAR;;;;;
1.1192;1;1192;EWP-3351-10-PA-220;CWP-3351-10-PA-220;CWA-3351-10;PWP-3351-10-PA-220;"03351-GW-1""-C1-0033-N";;;C1;COPLA , ASTM A105, CLASE 3000, ASME B16.11, NPT;"3/4""";1;un;;0,44;kg;Contratista;COPLA;;;;;;;;SIN REVISAR;;;;;
1.1193;1;1193;EWP-3351-10-PA-220;CWP-3351-10-PA-220;CWA-3351-10;PWP-3351-10-PA-220;"03351-GW-1""-C1-0031-N";;;C1;COPLA , ASTM A105, CLASE 3000, ASME B16.11, NPT;"3/4""";1;un;;0,44;kg;Contratista;COPLA;;;;;;;;SIN REVISAR;;;;;
1.1194;1;1194;EWP-3351-10-PA-220;CWP-3351-10-PA-220;CWA-3351-10;PWP-3351-10-PA-220;"03351-GW-1""-C1-0033-N";;;C1;COPLA , ASTM A105, CLASE 3000, ASME B16.11, NPT;"3/4""";1;un;;0,44;kg;Contratista;COPLA;;;;;;;;SIN REVISAR;;;;;
1.1195;1;1195;EWP-3351-10-PA-220;CWP-3351-10-PA-220;CWA-3351-10;PWP-3351-10-PA-220;"03351-GW-1""-C1-0031-N";;;C1;COPLA , ASTM A105, CLASE 3000, ASME B16.11, NPT;"3/4""";1;un;;0,44;kg;Contratista;COPLA;;;;;;;;SIN REVISAR;;;;;
1.1196;1;1196;EWP-3351-10-PA-220;CWP-3351-10-PA-220;CWA-3351-10;PWP-3351-10-PA-220;"03351-GW-1""-C1-0035-N";;;C1;COPLA , ASTM A105, CLASE 3000, ASME B16.11, NPT;"3/4""";1;un;;0,44;kg;Contratista;COPLA;;;;;;;;SIN REVISAR;;;;;
1.1197;1;1197;EWP-3351-10-PA-220;CWP-3351-10-PA-220;CWA-3351-10;PWP-3351-10-PA-220;"03351-GW-1""-C1-0031-N";;;C1;COPLA , ASTM A105, CLASE 3000, ASME B16.11, NPT;"3/4""";1;un;;0,44;kg;Contratista;COPLA;;;;;;;;SIN REVISAR;;;;;
1.1198;1;1198;EWP-3351-10-PA-220;CWP-3351-10-PA-220;CWA-3351-10;PWP-3351-10-PA-220;"03351-GW-1""-C1-0035-N";;;C1;COPLA , ASTM A105, CLASE 3000, ASME B16.11, NPT;"3/4""";1;un;;0,44;kg;Contratista;COPLA;;;;;;;;SIN REVISAR;;;;;
1.1199;1;1199;EWP-3351-10-PA-220;CWP-3351-10-PA-220;CWA-3351-10;PWP-3351-10-PA-220;"03351-GW-1""-C1-0033-N";;;C1;COPLA , ASTM A105, CLASE 3000, ASME B16.11, NPT;"3/4""";1;un;;0,44;kg;Contratista;COPLA;;;;;;;;SIN REVISAR;;;;;
1.1200;1;1200;EWP-3351-10-PA-220;CWP-3351-10-PA-220;CWA-3351-10;PWP-3351-10-PA-220;"03351-GW-2""-C1-0041-N";;;C1;COPLA DE REDUCCION, ASTM A105, ASME B16.11 NPT, CL 3000;"2""x1 1/4""";1;un;;3,13;kg;Contratista;COPLA;;;;;;;;SIN REVISAR;;;;;
1.1201;1;1201;EWP-3351-10-PA-220;CWP-3351-10-PA-220;CWA-3351-10;PWP-3351-10-PA-220;"03351-GW-2""-C1-0042-N";;;C1;COPLA DE REDUCCION, ASTM A105, ASME B16.11 NPT, CL 3000;"2""x1 1/4""";1;un;;3,13;kg;Contratista;COPLA;;;;;;;;SIN REVISAR;;;;;
1.1202;1;1202;EWP-3351-10-PA-220;CWP-3351-10-PA-220;CWA-3351-10;PWP-3351-10-PA-220;"03351-GW-1""-C1-0033-N";;;C1;COPLA DE REDUCCION, ASTM A105, ASME B16.11 NPT, CL 3000;"1""x3/4""";1;un;;0,63;kg;Contratista;COPLA;;;;;;;;SIN REVISAR;;;;;
1.1203;1;1203;EWP-3351-10-PA-220;CWP-3351-10-PA-220;CWA-3351-10;PWP-3351-10-PA-220;"03351-GW-1""-C1-0031-N";;;C1;COPLA DE REDUCCION, ASTM A105, ASME B16.11 NPT, CL 3000;"1""x3/4""";1;un;;0,63;kg;Contratista;COPLA;;;;;;;;SIN REVISAR;;;;;
1.1204;1;1204;EWP-3351-10-PA-220;CWP-3351-10-PA-220;CWA-3351-10;PWP-3351-10-PA-220;"03351-GW-1""-C1-0035-N";;;C1;COPLA DE REDUCCION, ASTM A105, ASME B16.11 NPT, CL 3000;"1""x3/4""";1;un;;0,63;kg;Contratista;COPLA;;;;;;;;SIN REVISAR;;;;;
1.1205;1;1205;EWP-3351-10-PA-220;CWP-3351-10-PA-220;CWA-3351-10;PWP-3351-10-PA-220;"03351-GW-1""-C1-0033-N";;;C1;COPLA DE REDUCCION, ASTM A105, ASME B16.11 NPT, CL 3000;"1""x3/4""";1;un;;0,63;kg;Contratista;COPLA;;;;;;;;SIN REVISAR;;;;;
1.1206;1;1206;EWP-3351-10-PA-220;CWP-3351-10-PA-220;CWA-3351-10;PWP-3351-10-PA-220;"03351-GW-1""-C1-0035-N";;;C1;COPLA DE REDUCCION, ASTM A105, ASME B16.11 NPT, CL 3000;"1""x3/4""";1;un;;0,63;kg;Contratista;COPLA;;;;;;;;SIN REVISAR;;;;;
1.1207;1;1207;EWP-3351-10-PA-220;CWP-3351-10-PA-220;CWA-3351-10;PWP-3351-10-PA-220;"03351-GW-1""-C1-0031-N";;;C1;COPLA DE REDUCCION, ASTM A105, ASME B16.11 NPT, CL 3000;"1""x3/4""";1;un;;0,63;kg;Contratista;COPLA;;;;;;;;SIN REVISAR;;;;;
1.1208;1;1208;EWP-3351-10-PA-220;CWP-3351-10-PA-220;CWA-3351-10;PWP-3351-10-PA-220;"03351-GW-2""-C1-0095-N";;;C1;COPLA DE REDUCCION, ASTM A105, ASME B16.11 NPT, CL 3000;"2""x1""";1;un;;3,13;kg;Contratista;COPLA;;;;;;;;SIN REVISAR;;;;;
1.1209;1;1209;EWP-3351-10-PA-220;CWP-3351-10-PA-220;CWA-3351-10;PWP-3351-10-PA-220;"03351-GW-2""-C1-0095-N";;;C1;COPLA DE REDUCCION, ASTM A105, ASME B16.11 NPT, CL 3000;"1""x3/4""";1;un;;0,63;kg;Contratista;COPLA;;;;;;;;SIN REVISAR;;;;;
1.1210;1;1210;EWP-3351-10-PA-220;CWP-3351-10-PA-220;CWA-3351-10;PWP-3351-10-PA-220;"03351-GW-2""-C1-0095-N";;;C1;COPLA DE REDUCCION, ASTM A105, ASME B16.11 NPT, CL 3000;"1""x3/4""";1;un;;0,63;kg;Contratista;COPLA;;;;;;;;SIN REVISAR;;;;;
1.1211;1;1211;EWP-3351-10-PA-220;CWP-3351-10-PA-220;CWA-3351-10;PWP-3351-10-PA-220;"03351-GW-2""-C1-0095-N";;;C1;COPLA DE REDUCCION, ASTM A105, ASME B16.11 NPT, CL 3000;"2""x1""";1;un;;3,13;kg;Contratista;COPLA;;;;;;;;SIN REVISAR;;;;;
1.1212;1;1212;EWP-3351-10-PA-220;CWP-3351-10-PA-220;CWA-3351-10;PWP-3351-10-PA-220;"03351-GW-1""-C1-0031-N";;;C1;COPLA DE REDUCCION, ASTM A105, ASME B16.11 NPT, CL 3000;"1""x3/4""";1;un;;0,63;kg;Contratista;COPLA;;;;;;;;SIN REVISAR;;;;;
1.1213;1;1213;EWP-3351-10-PA-220;CWP-3351-10-PA-220;CWA-3351-10;PWP-3351-10-PA-220;"03351-GW-1""-C1-0033-N";;;C1;COPLA DE REDUCCION, ASTM A105, ASME B16.11 NPT, CL 3000;"1""x3/4""";1;un;;0,63;kg;Contratista;COPLA;;;;;;;;SIN REVISAR;;;;;
1.1214;1;1214;EWP-3351-10-PA-220;CWP-3351-10-PA-220;CWA-3351-10;PWP-3351-10-PA-220;"03351-GW-1""-C1-0035-N";;;C1;COPLA DE REDUCCION, ASTM A105, ASME B16.11 NPT, CL 3000;"1""x3/4""";1;un;;0,63;kg;Contratista;COPLA;;;;;;;;SIN REVISAR;;;;;
1.1233;1;1233;EWP-3351-10-PA-220;CWP-3351-10-PA-220;CWA-3351-10;PWP-3351-10-PA-220;03351-RW-250-H1-0009-N;;;H1;CURVA 45°, HDPE PE100 PN6, RADIO MÍNIMO 3D SEGMENTADAS POR TERMOFUSIÓN, FABRICACIÓN SEGÚN ISO 4427-3;"10""";1;un;FALSO;11,1;kg;Contratista;CURVA;;;;;;;;SIN REVISAR;;;;;
1.1216;1;1216;EWP-3351-10-PA-220;CWP-3351-10-PA-220;CWA-3351-10;PWP-3351-10-PA-220;"03351-CT-6""-C3-0021-R3";;;C3;CURVA 30°, RADIO 5D, ASTM A53 GR B, ASME B16.49, GE, SCH STD;"6""";1;un;;19,9;kg;Contratista;CURVA;;;;;;;;SIN REVISAR;;;;;
1.1217;1;1217;EWP-3351-10-PA-220;CWP-3351-10-PA-220;CWA-3351-10;PWP-3351-10-PA-220;"03351-CT-6""-C3-0021-R3";;;C3;CURVA 30°, RADIO 5D, ASTM A53 GR B, ASME B16.49, GE, SCH STD;"6""";1;un;;19,9;kg;Contratista;CURVA;;;;;;;;SIN REVISAR;;;;;
1.1218;1;1218;EWP-3351-10-PA-220;CWP-3351-10-PA-220;CWA-3351-10;PWP-3351-10-PA-220;"03351-CT-4""-C3-0015-R3";;;C3;CURVA 30°, RADIO 5D, ASTM A53 GR B, ASME B16.49, GE, SCH STD;"4""";1;un;;7,5;kg;Contratista;CURVA;;;;;;;;SIN REVISAR;;;;;
1.1219;1;1219;EWP-3351-10-PA-220;CWP-3351-10-PA-220;CWA-3351-10;PWP-3351-10-PA-220;"03351-CT-6""-C3-0018-R3";;;C3;CURVA 30°, RADIO 5D, ASTM A53 GR B, ASME B16.49, GE, SCH STD;"6""";1;un;;19,9;kg;Contratista;CURVA;;;;;;;;SIN REVISAR;;;;;
1.1220;1;1220;EWP-3351-10-PA-220;CWP-3351-10-PA-220;CWA-3351-10;PWP-3351-10-PA-220;"03351-CT-6""-C11-0001-N";;;C11;CURVA 30°, RADIO 5D, ASTM A53 GR B, ASME B16.49, GE, SCH STD;"6""";1;un;;19,9;kg;Contratista;CURVA;;;;;;;;SIN REVISAR;;;;;
1.1221;1;1221;EWP-3351-10-PA-220;CWP-3351-10-PA-220;CWA-3351-10;PWP-3351-10-PA-220;"03351-CT-6""-C3-0018-R3";;;C3;CURVA 30°, RADIO 5D, ASTM A53 GR B, ASME B16.49, GE, SCH STD;"6""";1;un;;19,9;kg;Contratista;CURVA;;;;;;;;SIN REVISAR;;;;;
1.1222;1;1222;EWP-3351-10-PA-220;CWP-3351-10-PA-220;CWA-3351-10;PWP-3351-10-PA-220;03351-CT-200-H2-0002-N;;;H2;CURVA 45°, HDPE PE100 PN10, RADIO MÍNIMO 3D SEGMENTADAS POR TERMOFUSIÓN, FABRICACIÓN SEGÚN ISO 4427-3;"8""";1;un;;7,12;kg;Contratista;CURVA;;;;;;;;SIN REVISAR;;;;;
1.1223;1;1223;EWP-3351-10-PA-220;CWP-3351-10-PA-220;CWA-3351-10;PWP-3351-10-PA-220;03351-CT-200-H2-0002-N;;;H2;CURVA 45°, HDPE PE100 PN10, RADIO MÍNIMO 3D SEGMENTADAS POR TERMOFUSIÓN, FABRICACIÓN SEGÚN ISO 4427-3;"8""";1;un;;7,12;kg;Contratista;CURVA;;;;;;;;SIN REVISAR;;;;;
1.1224;1;1224;EWP-3351-10-PA-220;CWP-3351-10-PA-220;CWA-3351-10;PWP-3351-10-PA-220;03351-CT-200-H2-0002-N;;;H2;CURVA 45°, HDPE PE100 PN10, RADIO MÍNIMO 3D SEGMENTADAS POR TERMOFUSIÓN, FABRICACIÓN SEGÚN ISO 4427-3;"8""";1;un;;7,12;kg;Contratista;CURVA;;;;;;;;SIN REVISAR;;;;;
1.1225;1;1225;EWP-3351-10-PA-220;CWP-3351-10-PA-220;CWA-3351-10;PWP-3351-10-PA-220;03351-CT-200-H2-0002-N;;;H2;CURVA 45°, HDPE PE100 PN10, RADIO MÍNIMO 3D SEGMENTADAS POR TERMOFUSIÓN, FABRICACIÓN SEGÚN ISO 4427-3;"8""";1;un;;7,12;kg;Contratista;CURVA;;;;;;;;SIN REVISAR;;;;;
1.1226;1;1226;EWP-3351-10-PA-220;CWP-3351-10-PA-220;CWA-3351-10;PWP-3351-10-PA-220;03351-CT-200-H2-0002-N;;;H2;CURVA 45°, HDPE PE100 PN10, RADIO MÍNIMO 3D SEGMENTADAS POR TERMOFUSIÓN, FABRICACIÓN SEGÚN ISO 4427-3;"8""";1;un;;7,12;kg;Contratista;CURVA;;;;;;;;SIN REVISAR;;;;;
1.1227;1;1227;EWP-3351-10-PA-220;CWP-3351-10-PA-220;CWA-3351-10;PWP-3351-10-PA-220;03351-CT-200-H2-0002-N;;;H2;CURVA 45°, HDPE PE100 PN10, RADIO MÍNIMO 3D SEGMENTADAS POR TERMOFUSIÓN, FABRICACIÓN SEGÚN ISO 4427-3;"8""";1;un;;7,12;kg;Contratista;CURVA;;;;;;;;SIN REVISAR;;;;;
1.1228;1;1228;EWP-3351-10-PA-220;CWP-3351-10-PA-220;CWA-3351-10;PWP-3351-10-PA-220;03351-CT-200-H2-0002-N;;;H2;CURVA 45°, HDPE PE100 PN10, RADIO MÍNIMO 3D SEGMENTADAS POR TERMOFUSIÓN, FABRICACIÓN SEGÚN ISO 4427-3;"8""";1;un;;7,12;kg;Contratista;CURVA;;;;;;;;SIN REVISAR;;;;;
1.1229;1;1229;EWP-3351-10-PA-220;CWP-3351-10-PA-220;CWA-3351-10;PWP-3351-10-PA-220;03351-CT-200-H2-0002-N;;;H2;CURVA 45°, HDPE PE100 PN10, RADIO MÍNIMO 3D SEGMENTADAS POR TERMOFUSIÓN, FABRICACIÓN SEGÚN ISO 4427-3;"8""";1;un;;7,12;kg;Contratista;CURVA;;;;;;;;SIN REVISAR;;;;;
1.1230;1;1230;EWP-3351-10-PA-220;CWP-3351-10-PA-220;CWA-3351-10;PWP-3351-10-PA-220;03351-CT-200-H2-0002-N;;;H2;CURVA 45°, HDPE PE100 PN10, RADIO MÍNIMO 3D SEGMENTADAS POR TERMOFUSIÓN, FABRICACIÓN SEGÚN ISO 4427-3;"8""";1;un;;7,12;kg;Contratista;CURVA;;;;;;;;SIN REVISAR;;;;;
1.1231;1;1231;EWP-3351-10-PA-220;CWP-3351-10-PA-220;CWA-3351-10;PWP-3351-10-PA-220;03351-CT-200-H2-0045-N;;;H2;CURVA 45°, HDPE PE100 PN6, RADIO MÍNIMO 3D SEGMENTADAS POR TERMOFUSIÓN, FABRICACIÓN SEGÚN ISO 4427-3;"8""";1;un;;7,12;kg;Contratista;CURVA;;;;;;;;SIN REVISAR;;;;;
1.1234;1;1234;EWP-3351-10-PA-220;CWP-3351-10-PA-220;CWA-3351-10;PWP-3351-10-PA-220;03351-RW-250-H1-0009-N;;;H1;CURVA 45°, HDPE PE100 PN6, RADIO MÍNIMO 3D SEGMENTADAS POR TERMOFUSIÓN, FABRICACIÓN SEGÚN ISO 4427-3;"10""";1;un;FALSO;11,1;kg;Contratista;CURVA;;;;;;;;SIN REVISAR;;;;;
1.1360;1;1360;EWP-3351-10-PA-220;CWP-3351-10-PA-220;CWA-3351-10;PWP-3351-10-PA-220;03351-RW-250-H1-0009-N;;;H1;"EMPAQUETADURA ASME B16.21, TIPO FULL FACE, ESPESOR 1/8"", PARA CONEXIÓN SEGÚN AWWA C207CLASE D, MATERIAL PTFE PURO EXPANDIDO";"10""";1;un;FALSO;0,97;kg;Contratista;EMPAQUETADURA;;;;;;;;SIN REVISAR;;;;;
1.1361;1;1361;EWP-3351-10-PA-220;CWP-3351-10-PA-220;CWA-3351-10;PWP-3351-10-PA-220;03351-RW-250-H1-0009-N;;;H1;"EMPAQUETADURA ASME B16.21, TIPO FULL FACE, ESPESOR 1/8"", PARA CONEXIÓN SEGÚN AWWA C207CLASE D, MATERIAL PTFE PURO EXPANDIDO";"10""";1;un;FALSO;0,97;kg;Contratista;EMPAQUETADURA;;;;;;;;SIN REVISAR;;;;;
1.1364;1;1364;EWP-3351-10-PA-220;CWP-3351-10-PA-220;CWA-3351-10;PWP-3351-10-PA-220;03351-RW-250-H1-0009-N;;;H1;"EMPAQUETADURA ASME B16.21, TIPO FULL FACE, ESPESOR 1/8"", PARA CONEXIÓN SEGÚN AWWA C207CLASE D, MATERIAL PTFE PURO EXPANDIDO";"10""";1;un;FALSO;0,97;kg;Contratista;EMPAQUETADURA;;;;;;;;SIN REVISAR;;;;;
1.1365;1;1365;EWP-3351-10-PA-220;CWP-3351-10-PA-220;CWA-3351-10;PWP-3351-10-PA-220;03351-RW-250-H1-0009-N;;;H1;"EMPAQUETADURA ASME B16.21, TIPO FULL FACE, ESPESOR 1/8"", PARA CONEXIÓN SEGÚN AWWA C207CLASE D, MATERIAL PTFE PURO EXPANDIDO";"10""";1;un;FALSO;0,97;kg;Contratista;EMPAQUETADURA;;;;;;;;SIN REVISAR;;;;;
1.1237;1;1237;EWP-3351-10-PA-220;CWP-3351-10-PA-220;CWA-3351-10;PWP-3351-10-PA-220;"03351-CT-6""-C3-0021-R3";;;C3;CURVA 45°, RADIO 3D, ASTM A53 GR B, ASME B16.49, GE, SCH STD;"6""";1;un;;42,4;kg;Contratista;CURVA;;;;;;;;SIN REVISAR;;;;;
1.1238;1;1238;EWP-3351-10-PA-220;CWP-3351-10-PA-220;CWA-3351-10;PWP-3351-10-PA-220;"03351-CT-6""-C2-0047-N";;;C2;CURVA 45°, RADIO 3D, ASTM A53 GR B, ASME B16.49, GE, SCH STD;"6""";1;un;;42,4;kg;Contratista;CURVA;;;;;;;;SIN REVISAR;;;;;
1.1239;1;1239;EWP-3351-10-PA-220;CWP-3351-10-PA-220;CWA-3351-10;PWP-3351-10-PA-220;"03351-CT-6""-C3-0021-R3";;;C3;CURVA 45°, RADIO 3D, ASTM A53 GR B, ASME B16.49, GE, SCH STD;"6""";1;un;;42,4;kg;Contratista;CURVA;;;;;;;;SIN REVISAR;;;;;
1.1240;1;1240;EWP-3351-10-PA-220;CWP-3351-10-PA-220;CWA-3351-10;PWP-3351-10-PA-220;"03351-CT-6""-C3-0021-R3";;;C3;CURVA 45°, RADIO 3D, ASTM A53 GR B, ASME B16.49, GE, SCH STD;"6""";1;un;;42,4;kg;Contratista;CURVA;;;;;;;;SIN REVISAR;;;;;
1.1241;1;1241;EWP-3351-10-PA-220;CWP-3351-10-PA-220;CWA-3351-10;PWP-3351-10-PA-220;"03351-CT-6""-C3-0021-R3";;;C3;CURVA 45°, RADIO 3D, ASTM A53 GR B, ASME B16.49, GE, SCH STD;"6""";1;un;;42,4;kg;Contratista;CURVA;;;;;;;;SIN REVISAR;;;;;
1.1242;1;1242;EWP-3351-10-PA-220;CWP-3351-10-PA-220;CWA-3351-10;PWP-3351-10-PA-220;"03351-CT-6""-C3-0018-R3";;;C3;CURVA 45°, RADIO 3D, ASTM A53 GR B, ASME B16.49, GE, SCH STD;"6""";1;un;;42,4;kg;Contratista;CURVA;;;;;;;;SIN REVISAR;;;;;
1.1243;1;1243;EWP-3351-10-PA-220;CWP-3351-10-PA-220;CWA-3351-10;PWP-3351-10-PA-220;"03351-CT-6""-C3-0018-R3";;;C3;CURVA 45°, RADIO 3D, ASTM A53 GR B, ASME B16.49, GE, SCH STD;"6""";1;un;;42,4;kg;Contratista;CURVA;;;;;;;;SIN REVISAR;;;;;
1.1244;1;1244;EWP-3351-10-PA-220;CWP-3351-10-PA-220;CWA-3351-10;PWP-3351-10-PA-220;"03351-CT-6""-C3-0007-R3";;;C3;CURVA 45°, RADIO 3D, ASTM A53 GR B, ASME B16.49, GE, SCH STD;"6""";1;un;;42,4;kg;Contratista;CURVA;;;;;;;;SIN REVISAR;;;;;
1.1245;1;1245;EWP-3351-10-PA-220;CWP-3351-10-PA-220;CWA-3351-10;PWP-3351-10-PA-220;"03351-CT-6""-C3-0006-R3";;;C3;CURVA 45°, RADIO 3D, ASTM A53 GR B, ASME B16.49, GE, SCH STD;"6""";1;un;;42,4;kg;Contratista;CURVA;;;;;;;;SIN REVISAR;;;;;
1.1246;1;1246;EWP-3351-10-PA-220;CWP-3351-10-PA-220;CWA-3351-10;PWP-3351-10-PA-220;"03351-CT-6""-C3-0005-R3";;;C3;CURVA 45°, RADIO 3D, ASTM A53 GR B, ASME B16.49, GE, SCH STD;"6""";1;un;;42,4;kg;Contratista;CURVA;;;;;;;;SIN REVISAR;;;;;
1.1247;1;1247;EWP-3351-10-PA-220;CWP-3351-10-PA-220;CWA-3351-10;PWP-3351-10-PA-220;"03351-CT-6""-C11-0001-N";;;C11;CURVA 45°, RADIO 3D, ASTM A53 GR B, ASME B16.49, GE, SCH STD;"6""";1;un;;31;kg;Contratista;CURVA;;;;;;;;SIN REVISAR;;;;;
1.1248;1;1248;EWP-3351-10-PA-220;CWP-3351-10-PA-220;CWA-3351-10;PWP-3351-10-PA-220;"03351-CT-6""-C11-0001-N";;;C11;CURVA 45°, RADIO 3D, ASTM A53 GR B, ASME B16.49, GE, SCH STD;"6""";1;un;;31;kg;Contratista;CURVA;;;;;;;;SIN REVISAR;;;;;
1.1249;1;1249;EWP-3351-10-PA-220;CWP-3351-10-PA-220;CWA-3351-10;PWP-3351-10-PA-220;"03351-CT-6""-C11-0001-N";;;C11;CURVA 45°, RADIO 3D, ASTM A53 GR B, ASME B16.49, GE, SCH STD;"6""";1;un;;31;kg;Contratista;CURVA;;;;;;;;SIN REVISAR;;;;;
1.1250;1;1250;EWP-3351-10-PA-220;CWP-3351-10-PA-220;CWA-3351-10;PWP-3351-10-PA-220;"03351-CT-6""-C11-0001-N";;;C11;CURVA 45°, RADIO 3D, ASTM A53 GR B, ASME B16.49, GE, SCH STD;"6""";1;un;;31;kg;Contratista;CURVA;;;;;;;;SIN REVISAR;;;;;
1.1251;1;1251;EWP-3351-10-PA-220;CWP-3351-10-PA-220;CWA-3351-10;PWP-3351-10-PA-220;"03351-CT-6""-C3-0018-R3";;;C3;CURVA 45°, RADIO 3D, ASTM A53 GR B, ASME B16.49, GE, SCH STD;"6""";1;un;;42,4;kg;Contratista;CURVA;;;;;;;;SIN REVISAR;;;;;
1.1252;1;1252;EWP-3351-10-PA-220;CWP-3351-10-PA-220;CWA-3351-10;PWP-3351-10-PA-220;"03351-CT-6""-C3-0018-R3";;;C3;CURVA 45°, RADIO 3D, ASTM A53 GR B, ASME B16.49, GE, SCH STD;"6""";1;un;;42,4;kg;Contratista;CURVA;;;;;;;;SIN REVISAR;;;;;
1.1253;1;1253;EWP-3351-10-PA-220;CWP-3351-10-PA-220;CWA-3351-10;PWP-3351-10-PA-220;"03351-CT-6""-C3-0018-R3";;;C3;CURVA 45°, RADIO 3D, ASTM A53 GR B, ASME B16.49, GE, SCH STD;"6""";1;un;;42,4;kg;Contratista;CURVA;;;;;;;;SIN REVISAR;;;;;
1.1254;1;1254;EWP-3351-10-PA-220;CWP-3351-10-PA-220;CWA-3351-10;PWP-3351-10-PA-220;"03351-CT-6""-C3-0018-R3";;;C3;CURVA 45°, RADIO 5D, ASTM A53 GR B, ASME B16.49, GE, SCH STD;"6""";1;un;;42,4;kg;Contratista;CURVA;;;;;;;;SIN REVISAR;;;;;
1.1255;1;1255;EWP-3351-10-PA-220;CWP-3351-10-PA-220;CWA-3351-10;PWP-3351-10-PA-220;"03351-CT-6""-C3-0021-R3";;;C3;CURVA 45°, RADIO 5D, ASTM A53 GR B, ASME B16.49, GE, SCH STD;"6""";1;un;;42,4;kg;Contratista;CURVA;;;;;;;;SIN REVISAR;;;;;
1.1256;1;1256;EWP-3351-10-PA-220;CWP-3351-10-PA-220;CWA-3351-10;PWP-3351-10-PA-220;"03351-CT-6""-C3-0021-R3";;;C3;CURVA 45°, RADIO 5D, ASTM A53 GR B, ASME B16.49, GE, SCH STD;"6""";1;un;;42,4;kg;Contratista;CURVA;;;;;;;;SIN REVISAR;;;;;
1.1257;1;1257;EWP-3351-10-PA-220;CWP-3351-10-PA-220;CWA-3351-10;PWP-3351-10-PA-220;"03351-CT-6""-C3-0021-R3";;;C3;CURVA 45°, RADIO 5D, ASTM A53 GR B, ASME B16.49, GE, SCH STD;"6""";1;un;;42,4;kg;Contratista;CURVA;;;;;;;;SIN REVISAR;;;;;
1.1258;1;1258;EWP-3351-10-PA-220;CWP-3351-10-PA-220;CWA-3351-10;PWP-3351-10-PA-220;"03351-CT-6""-C3-0021-R3";;;C3;CURVA 45°, RADIO 5D, ASTM A53 GR B, ASME B16.49, GE, SCH STD;"6""";1;un;;42,4;kg;Contratista;CURVA;;;;;;;;SIN REVISAR;;;;;
1.1259;1;1259;EWP-3351-10-PA-220;CWP-3351-10-PA-220;CWA-3351-10;PWP-3351-10-PA-220;"03351-CT-6""-C3-0050-R3";;;C3;CURVA 45°, RADIO 5D, ASTM A53 GR B, ASME B16.49, GE, SCH STD;"6""";1;un;;42,4;kg;Contratista;CURVA;;;;;;;;SIN REVISAR;;;;;
1.1260;1;1260;EWP-3351-10-PA-220;CWP-3351-10-PA-220;CWA-3351-10;PWP-3351-10-PA-220;"03351-CT-6""-C3-0030-R3";;;C3;CURVA 45°, RADIO 5D, ASTM A53 GR B, ASME B16.49, GE, SCH STD;"6""";1;un;;42,4;kg;Contratista;CURVA;;;;;;;;SIN REVISAR;;;;;
1.1261;1;1261;EWP-3351-10-PA-220;CWP-3351-10-PA-220;CWA-3351-10;PWP-3351-10-PA-220;"03351-CT-6""-C3-0018-R3";;;C3;CURVA 45°, RADIO 5D, ASTM A53 GR B, ASME B16.49, GE, SCH STD;"6""";1;un;;42,4;kg;Contratista;CURVA;;;;;;;;SIN REVISAR;;;;;
1.1262;1;1262;EWP-3351-10-PA-220;CWP-3351-10-PA-220;CWA-3351-10;PWP-3351-10-PA-220;"03351-CT-6""-C3-0018-R3";;;C3;CURVA 45°, RADIO 5D, ASTM A53 GR B, ASME B16.49, GE, SCH STD;"6""";1;un;;42,4;kg;Contratista;CURVA;;;;;;;;SIN REVISAR;;;;;
1.1263;1;1263;EWP-3351-10-PA-220;CWP-3351-10-PA-220;CWA-3351-10;PWP-3351-10-PA-220;"03351-CT-6""-C3-0018-R3";;;C3;CURVA 45°, RADIO 5D, ASTM A53 GR B, ASME B16.49, GE, SCH STD;"6""";1;un;;42,4;kg;Contratista;CURVA;;;;;;;;SIN REVISAR;;;;;
1.1264;1;1264;EWP-3351-10-PA-220;CWP-3351-10-PA-220;CWA-3351-10;PWP-3351-10-PA-220;"03351-CT-6""-C3-0018-R3";;;C3;CURVA 45°, RADIO 5D, ASTM A53 GR B, ASME B16.49, GE, SCH STD;"6""";1;un;;42,4;kg;Contratista;CURVA;;;;;;;;SIN REVISAR;;;;;
1.1265;1;1265;EWP-3351-10-PA-220;CWP-3351-10-PA-220;CWA-3351-10;PWP-3351-10-PA-220;"03351-CT-6""-C3-0023-R3";;;C3;CURVA 45°, RADIO 5D, ASTM A53 GR B, ASME B16.49, GE, SCH STD;"6""";1;un;;42,4;kg;Contratista;CURVA;;;;;;;;SIN REVISAR;;;;;
1.1266;1;1266;EWP-3351-10-PA-220;CWP-3351-10-PA-220;CWA-3351-10;PWP-3351-10-PA-220;"03351-CT-6""-C3-0021-R3";;;C3;CURVA 45°, RADIO 5D, ASTM A53 GR B, ASME B16.49, GE, SCH STD;"6""";1;un;;42,4;kg;Contratista;CURVA;;;;;;;;SIN REVISAR;;;;;
1.1267;1;1267;EWP-3351-10-PA-220;CWP-3351-10-PA-220;CWA-3351-10;PWP-3351-10-PA-220;"03351-CT-6""-C11-0001-N";;;C11;CURVA 45°, RADIO 5D, ASTM A53 GR B, ASME B16.49, GE, SCH STD;"6""";1;un;;31;kg;Contratista;CURVA;;;;;;;;SIN REVISAR;;;;;
1.1268;1;1268;EWP-3351-10-PA-220;CWP-3351-10-PA-220;CWA-3351-10;PWP-3351-10-PA-220;"03351-CT-6""-C11-0001-N";;;C11;CURVA 45°, RADIO 5D, ASTM A53 GR B, ASME B16.49, GE, SCH STD;"6""";1;un;;31;kg;Contratista;CURVA;;;;;;;;SIN REVISAR;;;;;
1.1269;1;1269;EWP-3351-10-PA-220;CWP-3351-10-PA-220;CWA-3351-10;PWP-3351-10-PA-220;"03351-CT-6""-C11-0001-N";;;C11;CURVA 45°, RADIO 5D, ASTM A53 GR B, ASME B16.49, GE, SCH STD;"6""";1;un;;31;kg;Contratista;CURVA;;;;;;;;SIN REVISAR;;;;;
1.1270;1;1270;EWP-3351-10-PA-220;CWP-3351-10-PA-220;CWA-3351-10;PWP-3351-10-PA-220;"03351-CT-6""-C11-0001-N";;;C11;CURVA 45°, RADIO 5D, ASTM A53 GR B, ASME B16.49, GE, SCH STD;"6""";1;un;;31;kg;Contratista;CURVA;;;;;;;;SIN REVISAR;;;;;
1.1271;1;1271;EWP-3351-10-PA-220;CWP-3351-10-PA-220;CWA-3351-10;PWP-3351-10-PA-220;"03351-CT-6""-C11-0001-N";;;C11;CURVA 45°, RADIO 5D, ASTM A53 GR B, ASME B16.49, GE, SCH STD;"6""";1;un;;31;kg;Contratista;CURVA;;;;;;;;SIN REVISAR;;;;;
1.1272;1;1272;EWP-3351-10-PA-220;CWP-3351-10-PA-220;CWA-3351-10;PWP-3351-10-PA-220;"03351-CT-6""-C3-0018-R3";;;C3;CURVA 45°, RADIO 5D, ASTM A53 GR B, ASME B16.49, GE, SCH STD;"6""";1;un;;42,4;kg;Contratista;CURVA;;;;;;;;SIN REVISAR;;;;;
1.1273;1;1273;EWP-3351-10-PA-220;CWP-3351-10-PA-220;CWA-3351-10;PWP-3351-10-PA-220;"03351-CT-6""-C3-0021-R3";;;C3;CURVA 60°, RADIO 5D, ASTM A53 GR B, ASME B16.49, GE, SCH STD;"6""";1;un;;31;kg;Contratista;CURVA;;;;;;;;SIN REVISAR;;;;;
1.1274;1;1274;EWP-3351-10-PA-220;CWP-3351-10-PA-220;CWA-3351-10;PWP-3351-10-PA-220;"03351-CT-6""-C3-0018-R3";;;C3;CURVA 60°, RADIO 5D, ASTM A53 GR B, ASME B16.49, GE, SCH STD;"6""";1;un;;31;kg;Contratista;CURVA;;;;;;;;SIN REVISAR;;;;;
1.1275;1;1275;EWP-3351-10-PA-220;CWP-3351-10-PA-220;CWA-3351-10;PWP-3351-10-PA-220;"03351-CT-6""-C3-0046-R3";;;C3;CURVA 60°, RADIO 5D, ASTM A53 GR B, ASME B16.49, GE, SCH STD;"6""";1;un;;31;kg;Contratista;CURVA;;;;;;;;SIN REVISAR;;;;;
1.1276;1;1276;EWP-3351-10-PA-220;CWP-3351-10-PA-220;CWA-3351-10;PWP-3351-10-PA-220;"03351-CT-6""-C11-0001-N";;;C11;CURVA 60°, RADIO 5D, ASTM A53 GR B, ASME B16.49, GE, SCH STD;"6""";1;un;;31;kg;Contratista;CURVA;;;;;;;;SIN REVISAR;;;;;
1.1277;1;1277;EWP-3351-10-PA-220;CWP-3351-10-PA-220;CWA-3351-10;PWP-3351-10-PA-220;"03351-CT-6""-C3-0018-R3";;;C3;CURVA 60°, RADIO 5D, ASTM A53 GR B, ASME B16.49, GE, SCH STD;"6""";1;un;;31;kg;Contratista;CURVA;;;;;;;;SIN REVISAR;;;;;
1.1278;1;1278;EWP-3351-10-PA-220;CWP-3351-10-PA-220;CWA-3351-10;PWP-3351-10-PA-220;03351-CT-200-H2-0002-N;;;H2;CURVA 90°, HDPE PE100 PN10, RADIO MÍNIMO 3D SEGMENTADAS POR TERMOFUSIÓN, FABRICACIÓN SEGÚN ISO 4427-3;"8""";1;un;;7,12;kg;Contratista;CURVA;;;;;;;;SIN REVISAR;;;;;
1.1279;1;1279;EWP-3351-10-PA-220;CWP-3351-10-PA-220;CWA-3351-10;PWP-3351-10-PA-220;03351-CT-200-H2-0002-N;;;H2;CURVA 90°, HDPE PE100 PN10, RADIO MÍNIMO 3D SEGMENTADAS POR TERMOFUSIÓN, FABRICACIÓN SEGÚN ISO 4427-3;"8""";1;un;;7,12;kg;Contratista;CURVA;;;;;;;;SIN REVISAR;;;;;
1.1280;1;1280;EWP-3351-10-PA-220;CWP-3351-10-PA-220;CWA-3351-10;PWP-3351-10-PA-220;03351-CT-200-H2-0002-N;;;H2;CURVA 90°, HDPE PE100 PN10, RADIO MÍNIMO 3D SEGMENTADAS POR TERMOFUSIÓN, FABRICACIÓN SEGÚN ISO 4427-3;"8""";1;un;;7,12;kg;Contratista;CURVA;;;;;;;;SIN REVISAR;;;;;
1.1281;1;1281;EWP-3351-10-PA-220;CWP-3351-10-PA-220;CWA-3351-10;PWP-3351-10-PA-220;03351-CT-200-H2-0002-N;;;H2;CURVA 90°, HDPE PE100 PN10, RADIO MÍNIMO 3D SEGMENTADAS POR TERMOFUSIÓN, FABRICACIÓN SEGÚN ISO 4427-3;"8""";1;un;;7,12;kg;Contratista;CURVA;;;;;;;;SIN REVISAR;;;;;
1.1282;1;1282;EWP-3351-10-PA-220;CWP-3351-10-PA-220;CWA-3351-10;PWP-3351-10-PA-220;03351-CT-200-H2-0002-N;;;H2;CURVA 90°, HDPE PE100 PN10, RADIO MÍNIMO 3D SEGMENTADAS POR TERMOFUSIÓN, FABRICACIÓN SEGÚN ISO 4427-3;"8""";1;un;;7,12;kg;Contratista;CURVA;;;;;;;;SIN REVISAR;;;;;
1.1283;1;1283;EWP-3351-10-PA-220;CWP-3351-10-PA-220;CWA-3351-10;PWP-3351-10-PA-220;03351-CT-200-H2-0002-N;;;H2;CURVA 90°, HDPE PE100 PN10, RADIO MÍNIMO 3D SEGMENTADAS POR TERMOFUSIÓN, FABRICACIÓN SEGÚN ISO 4427-3;"8""";1;un;;7,12;kg;Contratista;CURVA;;;;;;;;SIN REVISAR;;;;;
1.1284;1;1284;EWP-3351-10-PA-220;CWP-3351-10-PA-220;CWA-3351-10;PWP-3351-10-PA-220;03351-CT-200-H2-0002-N;;;H2;CURVA 90°, HDPE PE100 PN10, RADIO MÍNIMO 3D SEGMENTADAS POR TERMOFUSIÓN, FABRICACIÓN SEGÚN ISO 4427-3;"8""";1;un;;7,12;kg;Contratista;CURVA;;;;;;;;SIN REVISAR;;;;;
1.1285;1;1285;EWP-3351-10-PA-220;CWP-3351-10-PA-220;CWA-3351-10;PWP-3351-10-PA-220;03351-CT-200-H2-0002-N;;;H2;CURVA 90°, HDPE PE100 PN10, RADIO MÍNIMO 3D SEGMENTADAS POR TERMOFUSIÓN, FABRICACIÓN SEGÚN ISO 4427-3;"8""";1;un;;7,12;kg;Contratista;CURVA;;;;;;;;SIN REVISAR;;;;;
1.1286;1;1286;EWP-3351-10-PA-220;CWP-3351-10-PA-220;CWA-3351-10;PWP-3351-10-PA-220;03351-CT-200-H2-0002-N;;;H2;CURVA 90°, HDPE PE100 PN10, RADIO MÍNIMO 3D SEGMENTADAS POR TERMOFUSIÓN, FABRICACIÓN SEGÚN ISO 4427-3;"8""";1;un;;7,12;kg;Contratista;CURVA;;;;;;;;SIN REVISAR;;;;;
1.1287;1;1287;EWP-3351-10-PA-220;CWP-3351-10-PA-220;CWA-3351-10;PWP-3351-10-PA-220;03351-CT-200-H2-0002-N;;;H2;CURVA 90°, HDPE PE100 PN10, RADIO MÍNIMO 3D SEGMENTADAS POR TERMOFUSIÓN, FABRICACIÓN SEGÚN ISO 4427-3;"8""";1;un;;7,12;kg;Contratista;CURVA;;;;;;;;SIN REVISAR;;;;;
1.1288;1;1288;EWP-3351-10-PA-220;CWP-3351-10-PA-220;CWA-3351-10;PWP-3351-10-PA-220;03351-CT-200-H2-0002-N;;;H2;CURVA 90°, HDPE PE100 PN10, RADIO MÍNIMO 3D SEGMENTADAS POR TERMOFUSIÓN, FABRICACIÓN SEGÚN ISO 4427-3;"8""";1;un;;7,12;kg;Contratista;CURVA;;;;;;;;SIN REVISAR;;;;;
1.1289;1;1289;EWP-3351-10-PA-220;CWP-3351-10-PA-220;CWA-3351-10;PWP-3351-10-PA-220;03351-CT-200-H2-0002-N;;;H2;CURVA 90°, HDPE PE100 PN10, RADIO MÍNIMO 3D SEGMENTADAS POR TERMOFUSIÓN, FABRICACIÓN SEGÚN ISO 4427-3;"8""";1;un;;7,12;kg;Contratista;CURVA;;;;;;;;SIN REVISAR;;;;;
1.1290;1;1290;EWP-3351-10-PA-220;CWP-3351-10-PA-220;CWA-3351-10;PWP-3351-10-PA-220;03351-CT-200-H2-0002-N;;;H2;CURVA 90°, HDPE PE100 PN10, RADIO MÍNIMO 3D SEGMENTADAS POR TERMOFUSIÓN, FABRICACIÓN SEGÚN ISO 4427-3;"8""";1;un;;7,12;kg;Contratista;CURVA;;;;;;;;SIN REVISAR;;;;;
1.1291;1;1291;EWP-3351-10-PA-220;CWP-3351-10-PA-220;CWA-3351-10;PWP-3351-10-PA-220;03351-CT-200-H2-0002-N;;;H2;CURVA 90°, HDPE PE100 PN10, RADIO MÍNIMO 3D SEGMENTADAS POR TERMOFUSIÓN, FABRICACIÓN SEGÚN ISO 4427-3;"8""";1;un;;7,12;kg;Contratista;CURVA;;;;;;;;SIN REVISAR;;;;;
1.1292;1;1292;EWP-3351-10-PA-220;CWP-3351-10-PA-220;CWA-3351-10;PWP-3351-10-PA-220;03351-CT-200-H2-0002-N;;;H2;CURVA 90°, HDPE PE100 PN10, RADIO MÍNIMO 3D SEGMENTADAS POR TERMOFUSIÓN, FABRICACIÓN SEGÚN ISO 4427-3;"8""";1;un;;7,12;kg;Contratista;CURVA;;;;;;;;SIN REVISAR;;;;;
1.1293;1;1293;EWP-3351-10-PA-220;CWP-3351-10-PA-220;CWA-3351-10;PWP-3351-10-PA-220;03351-CT-200-H2-0002-N;;;H2;CURVA 90°, HDPE PE100 PN10, RADIO MÍNIMO 3D SEGMENTADAS POR TERMOFUSIÓN, FABRICACIÓN SEGÚN ISO 4427-3;"8""";1;un;;7,12;kg;Contratista;CURVA;;;;;;;;SIN REVISAR;;;;;
1.1606;1;1606;EWP-3351-10-PA-220;CWP-3351-10-PA-220;CWA-3351-10;PWP-3351-10-PA-220;03351-RW-250-H1-0009-N;;;H1;FLANGE ADAPTADOR (STUB-END) HDPE PE100 PN6, TFW, SEGÚN ISO 9624;"10""";1;un;FALSO;2,58;kg;Contratista;FLANGE;;;;;;;;SIN REVISAR;;;;;
1.1607;1;1607;EWP-3351-10-PA-220;CWP-3351-10-PA-220;CWA-3351-10;PWP-3351-10-PA-220;03351-RW-250-H1-0009-N;;;H1;FLANGE ADAPTADOR (STUB-END) HDPE PE100 PN6, TFW, SEGÚN ISO 9624;"10""";1;un;FALSO;2,58;kg;Contratista;FLANGE;;;;;;;;SIN REVISAR;;;;;
1.1296;1;1296;EWP-3351-10-PA-220;CWP-3351-10-PA-220;CWA-3351-10;PWP-3351-10-PA-220;03351-CT-400-H1-0058-N;;;H1;CURVA 90°, HDPE PE100 PN6, RADIO MÍNIMO 3D SEGMENTADAS POR TERMOFUSIÓN, FABRICACIÓN SEGÚN ISO 4427-3;"16""";1;un;;28,3;kg;Contratista;CURVA;;;;;;;;SIN REVISAR;;;;;
1.1297;1;1297;EWP-3351-10-PA-220;CWP-3351-10-PA-220;CWA-3351-10;PWP-3351-10-PA-220;03351-CT-400-H1-0057-N;;;H1;CURVA 90°, HDPE PE100 PN6, RADIO MÍNIMO 3D SEGMENTADAS POR TERMOFUSIÓN, FABRICACIÓN SEGÚN ISO 4427-3;"16""";1;un;;28,3;kg;Contratista;CURVA;;;;;;;;SIN REVISAR;;;;;
1.1609;1;1609;EWP-3351-10-PA-220;CWP-3351-10-PA-220;CWA-3351-10;PWP-3351-10-PA-220;03351-RW-250-H1-0009-N;;;H1;FLANGE ADAPTADOR (STUB-END) HDPE PE100 PN6, TFW, SEGÚN ISO 9624;"10""";1;un;FALSO;2,58;kg;Contratista;FLANGE;;;;;;;;SIN REVISAR;;;;;
1.1621;1;1621;EWP-3351-10-PA-220;CWP-3351-10-PA-220;CWA-3351-10;PWP-3351-10-PA-220;03351-RW-250-H1-0009-N;;;H1;FLANGE ADAPTADOR (STUB-END) HDPE PE100 PN6, TFW, SEGÚN ISO 9624;"10""";1;un;FALSO;2,58;kg;Contratista;FLANGE;;;;;;;;SIN REVISAR;;;;;
1.1762;1;1762;EWP-3351-10-PA-220;CWP-3351-10-PA-220;CWA-3351-10;PWP-3351-10-PA-220;03351-RW-250-H1-0009-N;;;H1;FLANGE RESPALDO, ASTM A36, PERFORACIONES AWWA C207 CLASE E, APTO PARA FLANGE ADAPTADOR DE HDPE PE100 PN6;"10""";1;un;FALSO;6,53;kg;Contratista;FLANGE;;;;;;;;SIN REVISAR;;;;;
1.1765;1;1765;EWP-3351-10-PA-220;CWP-3351-10-PA-220;CWA-3351-10;PWP-3351-10-PA-220;03351-RW-250-H1-0009-N;;;H1;FLANGE RESPALDO, ASTM A36, PERFORACIONES AWWA C207 CLASE E, APTO PARA FLANGE ADAPTADOR DE HDPE PE100 PN6;"10""";1;un;FALSO;6,53;kg;Contratista;FLANGE;;;;;;;;SIN REVISAR;;;;;
1.1302;1;1302;EWP-3351-10-PA-220;CWP-3351-10-PA-220;CWA-3351-10;PWP-3351-10-PA-220;"03351-CT-4""-C3-0017-R3";;;C3;CURVA 90°, RADIO 3D, ASTM A53 GR B, ASME B16.49, GE, SCH STD;"4""";1;un;;16,1;kg;Contratista;CURVA;;;;;;;;SIN REVISAR;;;;;
1.1303;1;1303;EWP-3351-10-PA-220;CWP-3351-10-PA-220;CWA-3351-10;PWP-3351-10-PA-220;"03351-CT-6""-C3-0018-R3";;;C3;CURVA 90°, RADIO 3D, ASTM A53 GR B, ASME B16.49, GE, SCH STD;"6""";1;un;;42,4;kg;Contratista;CURVA;;;;;;;;SIN REVISAR;;;;;
1.1304;1;1304;EWP-3351-10-PA-220;CWP-3351-10-PA-220;CWA-3351-10;PWP-3351-10-PA-220;"03351-CT-6""-C3-0018-R3";;;C3;CURVA 90°, RADIO 3D, ASTM A53 GR B, ASME B16.49, GE, SCH STD;"6""";1;un;;42,4;kg;Contratista;CURVA;;;;;;;;SIN REVISAR;;;;;
1.1305;1;1305;EWP-3351-10-PA-220;CWP-3351-10-PA-220;CWA-3351-10;PWP-3351-10-PA-220;"03351-CT-6""-C3-0021-R3";;;C3;CURVA 90°, RADIO 3D, ASTM A53 GR B, ASME B16.49, GE, SCH STD;"6""";1;un;;42,4;kg;Contratista;CURVA;;;;;;;;SIN REVISAR;;;;;
1.1306;1;1306;EWP-3351-10-PA-220;CWP-3351-10-PA-220;CWA-3351-10;PWP-3351-10-PA-220;"03351-CT-4""-C3-0015-R3";;;C3;CURVA 90°, RADIO 3D, ASTM A53 GR B, ASME B16.49, GE, SCH STD;"4""";1;un;;16,1;kg;Contratista;CURVA;;;;;;;;SIN REVISAR;;;;;
1.1307;1;1307;EWP-3351-10-PA-220;CWP-3351-10-PA-220;CWA-3351-10;PWP-3351-10-PA-220;"03351-CT-6""-C3-0021-R3";;;C3;CURVA 90°, RADIO 3D, ASTM A53 GR B, ASME B16.49, GE, SCH STD;"6""";1;un;;42,4;kg;Contratista;CURVA;;;;;;;;SIN REVISAR;;;;;
1.1308;1;1308;EWP-3351-10-PA-220;CWP-3351-10-PA-220;CWA-3351-10;PWP-3351-10-PA-220;"03351-CT-6""-C3-0021-R3";;;C3;CURVA 90°, RADIO 3D, ASTM A53 GR B, ASME B16.49, GE, SCH STD;"6""";1;un;;42,4;kg;Contratista;CURVA;;;;;;;;SIN REVISAR;;;;;
1.1309;1;1309;EWP-3351-10-PA-220;CWP-3351-10-PA-220;CWA-3351-10;PWP-3351-10-PA-220;"03351-CT-6""-C3-0018-R3";;;C3;CURVA 90°, RADIO 3D, ASTM A53 GR B, ASME B16.49, GE, SCH STD;"6""";1;un;;42,4;kg;Contratista;CURVA;;;;;;;;SIN REVISAR;;;;;
1.1310;1;1310;EWP-3351-10-PA-220;CWP-3351-10-PA-220;CWA-3351-10;PWP-3351-10-PA-220;"03351-CT-6""-C3-0021-R3";;;C3;CURVA 90°, RADIO 3D, ASTM A53 GR B, ASME B16.49, GE, SCH STD;"6""";1;un;;42,4;kg;Contratista;CURVA;;;;;;;;SIN REVISAR;;;;;
1.1311;1;1311;EWP-3351-10-PA-220;CWP-3351-10-PA-220;CWA-3351-10;PWP-3351-10-PA-220;"03351-CT-6""-C3-0021-R3";;;C3;CURVA 90°, RADIO 3D, ASTM A53 GR B, ASME B16.49, GE, SCH STD;"6""";1;un;;42,4;kg;Contratista;CURVA;;;;;;;;SIN REVISAR;;;;;
1.1312;1;1312;EWP-3351-10-PA-220;CWP-3351-10-PA-220;CWA-3351-10;PWP-3351-10-PA-220;"03351-CT-4""-C3-0077-R3";;;C3;CURVA 90°, RADIO 3D, ASTM A53 GR B, ASME B16.49, GE, SCH STD;"4""";1;un;;16,1;kg;Contratista;CURVA;;;;;;;;SIN REVISAR;;;;;
1.1313;1;1313;EWP-3351-10-PA-220;CWP-3351-10-PA-220;CWA-3351-10;PWP-3351-10-PA-220;"03351-CT-4""-C3-0077-R3";;;C3;CURVA 90°, RADIO 3D, ASTM A53 GR B, ASME B16.49, GE, SCH STD;"4""";1;un;;16,1;kg;Contratista;CURVA;;;;;;;;SIN REVISAR;;;;;
1.1314;1;1314;EWP-3351-10-PA-220;CWP-3351-10-PA-220;CWA-3351-10;PWP-3351-10-PA-220;"03351-CT-6""-C3-0018-R3";;;C3;CURVA 90°, RADIO 3D, ASTM A53 GR B, ASME B16.49, GE, SCH STD;"6""";1;un;;42,4;kg;Contratista;CURVA;;;;;;;;SIN REVISAR;;;;;
1.1315;1;1315;EWP-3351-10-PA-220;CWP-3351-10-PA-220;CWA-3351-10;PWP-3351-10-PA-220;"03351-CT-6""-C3-0018-R3";;;C3;CURVA 90°, RADIO 3D, ASTM A53 GR B, ASME B16.49, GE, SCH STD;"6""";1;un;;42,4;kg;Contratista;CURVA;;;;;;;;SIN REVISAR;;;;;
1.1316;1;1316;EWP-3351-10-PA-220;CWP-3351-10-PA-220;CWA-3351-10;PWP-3351-10-PA-220;"03351-CT-4""-C3-0017-R3";;;C3;CURVA 90°, RADIO 3D, ASTM A53 GR B, ASME B16.49, GE, SCH STD;"4""";1;un;;16,1;kg;Contratista;CURVA;;;;;;;;SIN REVISAR;;;;;
1.1317;1;1317;EWP-3351-10-PA-220;CWP-3351-10-PA-220;CWA-3351-10;PWP-3351-10-PA-220;"03351-CT-6""-C3-0021-R3";;;C3;CURVA 90°, RADIO 3D, ASTM A53 GR B, ASME B16.49, GE, SCH STD;"6""";1;un;;42,4;kg;Contratista;CURVA;;;;;;;;SIN REVISAR;;;;;
1.1318;1;1318;EWP-3351-10-PA-220;CWP-3351-10-PA-220;CWA-3351-10;PWP-3351-10-PA-220;"03351-CT-6""-C3-0021-R3";;;C3;CURVA 90°, RADIO 3D, ASTM A53 GR B, ASME B16.49, GE, SCH STD;"6""";1;un;;42,4;kg;Contratista;CURVA;;;;;;;;SIN REVISAR;;;;;
1.1319;1;1319;EWP-3351-10-PA-220;CWP-3351-10-PA-220;CWA-3351-10;PWP-3351-10-PA-220;"03351-CT-6""-C3-0018-R3";;;C3;CURVA 90°, RADIO 3D, ASTM A53 GR B, ASME B16.49, GE, SCH STD;"6""";1;un;;42,4;kg;Contratista;CURVA;;;;;;;;SIN REVISAR;;;;;
1.1320;1;1320;EWP-3351-10-PA-220;CWP-3351-10-PA-220;CWA-3351-10;PWP-3351-10-PA-220;"03351-CT-6""-C3-0021-R3";;;C3;CURVA 90°, RADIO 3D, ASTM A53 GR B, ASME B16.49, GE, SCH STD;"6""";1;un;;42,4;kg;Contratista;CURVA;;;;;;;;SIN REVISAR;;;;;
1.1321;1;1321;EWP-3351-10-PA-220;CWP-3351-10-PA-220;CWA-3351-10;PWP-3351-10-PA-220;"03351-CT-6""-C3-0018-R3";;;C3;CURVA 90°, RADIO 3D, ASTM A53 GR B, ASME B16.49, GE, SCH STD;"6""";1;un;;42,4;kg;Contratista;CURVA;;;;;;;;SIN REVISAR;;;;;
1.1322;1;1322;EWP-3351-10-PA-220;CWP-3351-10-PA-220;CWA-3351-10;PWP-3351-10-PA-220;"03351-CT-6""-C3-0021-R3";;;C3;CURVA 90°, RADIO 3D, ASTM A53 GR B, ASME B16.49, GE, SCH STD;"6""";1;un;;42,4;kg;Contratista;CURVA;;;;;;;;SIN REVISAR;;;;;
1.1323;1;1323;EWP-3351-10-PA-220;CWP-3351-10-PA-220;CWA-3351-10;PWP-3351-10-PA-220;"03351-CT-6""-C11-0001-N";;;C11;CURVA 90°, RADIO 3D, ASTM A53 GR B, ASME B16.49, GE, SCH STD;"6""";1;un;;55;kg;Contratista;CURVA;;;;;;;;SIN REVISAR;;;;;
1.1324;1;1324;EWP-3351-10-PA-220;CWP-3351-10-PA-220;CWA-3351-10;PWP-3351-10-PA-220;"03351-CT-6""-C11-0001-N";;;C11;CURVA 90°, RADIO 3D, ASTM A53 GR B, ASME B16.49, GE, SCH STD;"6""";1;un;;55;kg;Contratista;CURVA;;;;;;;;SIN REVISAR;;;;;
1.1325;1;1325;EWP-3351-10-PA-220;CWP-3351-10-PA-220;CWA-3351-10;PWP-3351-10-PA-220;"03351-CT-6""-C11-0001-N";;;C11;CURVA 90°, RADIO 3D, ASTM A53 GR B, ASME B16.49, GE, SCH STD;"6""";1;un;;55;kg;Contratista;CURVA;;;;;;;;SIN REVISAR;;;;;
1.1326;1;1326;EWP-3351-10-PA-220;CWP-3351-10-PA-220;CWA-3351-10;PWP-3351-10-PA-220;"03351-CT-6""-C3-0018-R3";;;C3;CURVA 90°, RADIO 3D, ASTM A53 GR B, ASME B16.49, GE, SCH STD;"6""";1;un;;42,4;kg;Contratista;CURVA;;;;;;;;SIN REVISAR;;;;;
1.1327;1;1327;EWP-3351-10-PA-220;CWP-3351-10-PA-220;CWA-3351-10;PWP-3351-10-PA-220;"03351-CT-6""-C3-0018-R3";;;C3;CURVA 90°, RADIO 3D, ASTM A53 GR B, ASME B16.49, GE, SCH STD;"6""";1;un;;42,4;kg;Contratista;CURVA;;;;;;;;SIN REVISAR;;;;;
1.1328;1;1328;EWP-3351-10-PA-220;CWP-3351-10-PA-220;CWA-3351-10;PWP-3351-10-PA-220;"03351-CT-6""-C3-0021-R3";;;C3;CURVA 90°, RADIO 5D, ASTM A53 GR B, ASME B16.49, GE, SCH STD;"6""";1;un;;42,4;kg;Contratista;CURVA;;;;;;;;SIN REVISAR;;;;;
1.1329;1;1329;EWP-3351-10-PA-220;CWP-3351-10-PA-220;CWA-3351-10;PWP-3351-10-PA-220;"03351-CT-6""-C3-0030-R3";;;C3;CURVA 90°, RADIO 5D, ASTM A53 GR B, ASME B16.49, GE, SCH STD;"6""";1;un;;42,4;kg;Contratista;CURVA;;;;;;;;SIN REVISAR;;;;;
1.1330;1;1330;EWP-3351-10-PA-220;CWP-3351-10-PA-220;CWA-3351-10;PWP-3351-10-PA-220;"03351-CT-6""-C3-0050-R3";;;C3;CURVA 90°, RADIO 5D, ASTM A53 GR B, ASME B16.49, GE, SCH STD;"6""";1;un;;42,4;kg;Contratista;CURVA;;;;;;;;SIN REVISAR;;;;;
1.1331;1;1331;EWP-3351-10-PA-220;CWP-3351-10-PA-220;CWA-3351-10;PWP-3351-10-PA-220;"03351-CT-4""-C3-0015-R3";;;C3;CURVA 90°, RADIO 5D, ASTM A53 GR B, ASME B16.49, GE, SCH STD;"4""";1;un;;16,1;kg;Contratista;CURVA;;;;;;;;SIN REVISAR;;;;;
1.1332;1;1332;EWP-3351-10-PA-220;CWP-3351-10-PA-220;CWA-3351-10;PWP-3351-10-PA-220;"03351-CT-6""-C3-0021-R3";;;C3;CURVA 90°, RADIO 5D, ASTM A53 GR B, ASME B16.49, GE, SCH STD;"6""";1;un;;42,4;kg;Contratista;CURVA;;;;;;;;SIN REVISAR;;;;;
1.1333;1;1333;EWP-3351-10-PA-220;CWP-3351-10-PA-220;CWA-3351-10;PWP-3351-10-PA-220;"03351-CT-6""-C3-0021-R3";;;C3;CURVA 90°, RADIO 5D, ASTM A53 GR B, ASME B16.49, GE, SCH STD;"6""";1;un;;42,4;kg;Contratista;CURVA;;;;;;;;SIN REVISAR;;;;;
1.1334;1;1334;EWP-3351-10-PA-220;CWP-3351-10-PA-220;CWA-3351-10;PWP-3351-10-PA-220;"03351-CT-6""-C3-0030-R3";;;C3;CURVA 90°, RADIO 5D, ASTM A53 GR B, ASME B16.49, GE, SCH STD;"6""";1;un;;42,4;kg;Contratista;CURVA;;;;;;;;SIN REVISAR;;;;;
1.1335;1;1335;EWP-3351-10-PA-220;CWP-3351-10-PA-220;CWA-3351-10;PWP-3351-10-PA-220;"03351-CT-6""-C3-0021-R3";;;C3;CURVA 90°, RADIO 5D, ASTM A53 GR B, ASME B16.49, GE, SCH STD;"6""";1;un;;42,4;kg;Contratista;CURVA;;;;;;;;SIN REVISAR;;;;;
1.1336;1;1336;EWP-3351-10-PA-220;CWP-3351-10-PA-220;CWA-3351-10;PWP-3351-10-PA-220;"03351-CT-6""-C3-0050-R3";;;C3;CURVA 90°, RADIO 5D, ASTM A53 GR B, ASME B16.49, GE, SCH STD;"6""";1;un;;42,4;kg;Contratista;CURVA;;;;;;;;SIN REVISAR;;;;;
1.1337;1;1337;EWP-3351-10-PA-220;CWP-3351-10-PA-220;CWA-3351-10;PWP-3351-10-PA-220;"03351-CT-4""-C3-0015-R3";;;C3;CURVA 90°, RADIO 5D, ASTM A53 GR B, ASME B16.49, GE, SCH STD;"4""";1;un;;16,1;kg;Contratista;CURVA;;;;;;;;SIN REVISAR;;;;;
1.1338;1;1338;EWP-3351-10-PA-220;CWP-3351-10-PA-220;CWA-3351-10;PWP-3351-10-PA-220;"03351-CT-6""-C3-0021-R3";;;C3;CURVA 90°, RADIO 5D, ASTM A53 GR B, ASME B16.49, GE, SCH STD;"6""";1;un;;42,4;kg;Contratista;CURVA;;;;;;;;SIN REVISAR;;;;;
1.1339;1;1339;EWP-3351-10-PA-220;CWP-3351-10-PA-220;CWA-3351-10;PWP-3351-10-PA-220;"03351-CT-6""-C3-0021-R3";;;C3;CURVA 90°, RADIO 5D, ASTM A53 GR B, ASME B16.49, GE, SCH STD;"6""";1;un;;42,4;kg;Contratista;CURVA;;;;;;;;SIN REVISAR;;;;;
1.1340;1;1340;EWP-3351-10-PA-220;CWP-3351-10-PA-220;CWA-3351-10;PWP-3351-10-PA-220;"03351-CT-4""-C3-0015-R3";;;C3;CURVA 90°, RADIO 5D, ASTM A53 GR B, ASME B16.49, GE, SCH STD;"4""";1;un;;16,1;kg;Contratista;CURVA;;;;;;;;SIN REVISAR;;;;;
1.1341;1;1341;EWP-3351-10-PA-220;CWP-3351-10-PA-220;CWA-3351-10;PWP-3351-10-PA-220;"03351-CT-6""-C3-0023-R3";;;C3;CURVA 90°, RADIO 5D, ASTM A53 GR B, ASME B16.49, GE, SCH STD;"6""";1;un;;42,4;kg;Contratista;CURVA;;;;;;;;SIN REVISAR;;;;;
1.1342;1;1342;EWP-3351-10-PA-220;CWP-3351-10-PA-220;CWA-3351-10;PWP-3351-10-PA-220;"03351-CT-6""-C3-0018-R3";;;C3;CURVA 90°, RADIO 5D, ASTM A53 GR B, ASME B16.49, GE, SCH STD;"6""";1;un;;42,4;kg;Contratista;CURVA;;;;;;;;SIN REVISAR;;;;;
1.1343;1;1343;EWP-3351-10-PA-220;CWP-3351-10-PA-220;CWA-3351-10;PWP-3351-10-PA-220;"03351-CT-4""-C3-0015-R3";;;C3;CURVA 90°, RADIO 5D, ASTM A53 GR B, ASME B16.49, GE, SCH STD;"4""";1;un;;16,1;kg;Contratista;CURVA;;;;;;;;SIN REVISAR;;;;;
1.1344;1;1344;EWP-3351-10-PA-220;CWP-3351-10-PA-220;CWA-3351-10;PWP-3351-10-PA-220;"03351-CT-6""-C11-0001-N";;;C11;CURVA 90°, RADIO 5D, ASTM A53 GR B, ASME B16.49, GE, SCH STD;"6""";1;un;;55;kg;Contratista;CURVA;;;;;;;;SIN REVISAR;;;;;
1.1345;1;1345;EWP-3351-10-PA-220;CWP-3351-10-PA-220;CWA-3351-10;PWP-3351-10-PA-220;"03351-CT-6""-C11-0001-N";;;C11;CURVA 90°, RADIO 5D, ASTM A53 GR B, ASME B16.49, GE, SCH STD;"6""";1;un;;55;kg;Contratista;CURVA;;;;;;;;SIN REVISAR;;;;;
1.1346;1;1346;EWP-3351-10-PA-220;CWP-3351-10-PA-220;CWA-3351-10;PWP-3351-10-PA-220;"03351-CT-6""-C11-0001-N";;;C11;CURVA 90°, RADIO 5D, ASTM A53 GR B, ASME B16.49, GE, SCH STD;"6""";1;un;;55;kg;Contratista;CURVA;;;;;;;;SIN REVISAR;;;;;
1.1347;1;1347;EWP-3351-10-PA-220;CWP-3351-10-PA-220;CWA-3351-10;PWP-3351-10-PA-220;"03351-CT-6""-C11-0001-N";;;C11;CURVA 90°, RADIO 5D, ASTM A53 GR B, ASME B16.49, GE, SCH STD;"6""";1;un;;55;kg;Contratista;CURVA;;;;;;;;SIN REVISAR;;;;;
1.1348;1;1348;EWP-3351-10-PA-220;CWP-3351-10-PA-220;CWA-3351-10;PWP-3351-10-PA-220;"03351-CT-6""-C11-0001-N";;;C11;CURVA 90°, RADIO 5D, ASTM A53 GR B, ASME B16.49, GE, SCH STD;"6""";1;un;;55;kg;Contratista;CURVA;;;;;;;;SIN REVISAR;;;;;
1.1349;1;1349;EWP-3351-10-PA-220;CWP-3351-10-PA-220;CWA-3351-10;PWP-3351-10-PA-220;"03351-CT-6""-C11-0001-N";;;C11;CURVA 90°, RADIO 5D, ASTM A53 GR B, ASME B16.49, GE, SCH STD;"6""";1;un;;55;kg;Contratista;CURVA;;;;;;;;SIN REVISAR;;;;;
1.1350;1;1350;EWP-3351-10-PA-220;CWP-3351-10-PA-220;CWA-3351-10;PWP-3351-10-PA-220;"03351-CT-6""-C11-0001-N";;;C11;CURVA 90°, RADIO 5D, ASTM A53 GR B, ASME B16.49, GE, SCH STD;"6""";1;un;;55;kg;Contratista;CURVA;;;;;;;;SIN REVISAR;;;;;
1.1351;1;1351;EWP-3351-10-PA-220;CWP-3351-10-PA-220;CWA-3351-10;PWP-3351-10-PA-220;"03351-CT-6""-C11-0001-N";;;C11;CURVA 90°, RADIO 5D, ASTM A53 GR B, ASME B16.49, GE, SCH STD;"6""";1;un;;55;kg;Contratista;CURVA;;;;;;;;SIN REVISAR;;;;;
1.1352;1;1352;EWP-3351-10-PA-220;CWP-3351-10-PA-220;CWA-3351-10;PWP-3351-10-PA-220;"03351-CT-6""-C3-0018-R3";;;C3;CURVA 90°, RADIO 5D, ASTM A53 GR B, ASME B16.49, GE, SCH STD;"6""";1;un;;42,4;kg;Contratista;CURVA;;;;;;;;SIN REVISAR;;;;;
1.1353;1;1353;EWP-3351-10-PA-220;CWP-3351-10-PA-220;CWA-3351-10;PWP-3351-10-PA-220;"03351-CT-6""-C3-0018-R3";;;C3;CURVA 90°, RADIO 5D, ASTM A53 GR B, ASME B16.49, GE, SCH STD;"6""";1;un;;42,4;kg;Contratista;CURVA;;;;;;;;SIN REVISAR;;;;;
1.1354;1;1354;EWP-3351-10-PA-220;CWP-3351-10-PA-220;CWA-3351-10;PWP-3351-10-PA-220;"03351-CT-6""-C3-0018-R3";;;C3;CURVA 90°, RADIO 5D, ASTM A53 GR B, ASME B16.49, GE, SCH STD;"6""";1;un;;42,4;kg;Contratista;CURVA;;;;;;;;SIN REVISAR;;;;;
1.1355;1;1355;EWP-3351-10-PA-220;CWP-3351-10-PA-220;CWA-3351-10;PWP-3351-10-PA-220;"03351-CT-6""-C3-0018-R3";;;C3;CURVA 90°, RADIO 5D, ASTM A53 GR B, ASME B16.49, GE, SCH STD;"6""";1;un;;42,4;kg;Contratista;CURVA;;;;;;;;SIN REVISAR;;;;;
1.1356;1;1356;EWP-3351-10-PA-220;CWP-3351-10-PA-220;CWA-3351-10;PWP-3351-10-PA-220;"03351-CT-6""-C3-0018-R3";;;C3;CURVA 90°, RADIO 5D, ASTM A53 GR B, ASME B16.49, GE, SCH STD;"6""";1;un;;42,4;kg;Contratista;CURVA;;;;;;;;SIN REVISAR;;;;;
1.1772;1;1772;EWP-3351-10-PA-220;CWP-3351-10-PA-220;CWA-3351-10;PWP-3351-10-PA-220;03351-RW-250-H1-0009-N;;;H1;FLANGE RESPALDO, ASTM A36, PERFORACIONES AWWA C207 CLASE E, APTO PARA FLANGE ADAPTADOR DE HDPE PE100 PN6;"10""";1;un;FALSO;6,53;kg;Contratista;FLANGE;;;;;;;;SIN REVISAR;;;;;
1.1358;1;1358;EWP-3351-10-PA-220;CWP-3351-10-PA-220;CWA-3351-10;PWP-3351-10-PA-220;03351-CT-400-H1-0058-N;;;H1;"EMPAQUETADURA ASME B16.21, TIPO FULL FACE, ESPESOR 1/8"", PARA CONEXIÓN SEGÚN AWWA C207CLASE D, MATERIAL PTFE PURO EXPANDIDO";"16""";1;un;;2,05;kg;Contratista;EMPAQUETADURA;;;;;;;;SIN REVISAR;;;;;
1.1359;1;1359;EWP-3351-10-PA-220;CWP-3351-10-PA-220;CWA-3351-10;PWP-3351-10-PA-220;03351-CT-400-H1-0057-N;;;H1;"EMPAQUETADURA ASME B16.21, TIPO FULL FACE, ESPESOR 1/8"", PARA CONEXIÓN SEGÚN AWWA C207CLASE D, MATERIAL PTFE PURO EXPANDIDO";"16""";1;un;;2,05;kg;Contratista;EMPAQUETADURA;;;;;;;;SIN REVISAR;;;;;
1.1784;1;1784;EWP-3351-10-PA-220;CWP-3351-10-PA-220;CWA-3351-10;PWP-3351-10-PA-220;03351-RW-250-H1-0009-N;;;H1;FLANGE RESPALDO, ASTM A36, PERFORACIONES AWWA C207 CLASE E, APTO PARA FLANGE ADAPTADOR DE HDPE PE100 PN6;"10""";1;un;FALSO;6,53;kg;Contratista;FLANGE;;;;;;;;SIN REVISAR;;;;;
1.2200;1;2200;EWP-3351-10-PA-220;CWP-3351-10-PA-220;CWA-3351-10;PWP-3351-10-PA-220;03351-RW-250-H1-0009-N;;;H1;PERNO MÁQUINA, ASTM A307, CON TUERCA HEXAGONAL ASTM A194 Gr. 2H Y GOLILLA PLANA, SEGÚN ASME B1.1;"7/8""";12;un;FALSO;17,9;kg;Contratista;PERNO;;;;;;;;SIN REVISAR;;;;;
1.2202;1;2202;EWP-3351-10-PA-220;CWP-3351-10-PA-220;CWA-3351-10;PWP-3351-10-PA-220;03351-RW-250-H1-0009-N;;;H1;PERNO MÁQUINA, ASTM A307, CON TUERCA HEXAGONAL ASTM A194 Gr. 2H Y GOLILLA PLANA, SEGÚN ASME B1.1;"7/8""";12;un;FALSO;17,9;kg;Contratista;PERNO;;;;;;;;SIN REVISAR;;;;;
1.2203;1;2203;EWP-3351-10-PA-220;CWP-3351-10-PA-220;CWA-3351-10;PWP-3351-10-PA-220;03351-RW-250-H1-0009-N;;;H1;PERNO MÁQUINA, ASTM A307, CON TUERCA HEXAGONAL ASTM A194 Gr. 2H Y GOLILLA PLANA, SEGÚN ASME B1.1;"7/8""";12;un;FALSO;17,9;kg;Contratista;PERNO;;;;;;;;SIN REVISAR;;;;;
1.2205;1;2205;EWP-3351-10-PA-220;CWP-3351-10-PA-220;CWA-3351-10;PWP-3351-10-PA-220;03351-RW-250-H1-0009-N;;;H1;PERNO MÁQUINA, ASTM A307, CON TUERCA HEXAGONAL ASTM A194 Gr. 2H Y GOLILLA PLANA, SEGÚN ASME B1.1;"7/8""";12;un;FALSO;17,9;kg;Contratista;PERNO;;;;;;;;SIN REVISAR;;;;;
1.2403;1;2403;EWP-3351-10-PA-220;CWP-3351-10-PA-220;CWA-3351-10;PWP-3351-10-PA-220;03351-RW-250-H1-0009-N;;;H1;TUBERÍA HDPE PE100 PN6, ISO 4427-2, EXTREMOS PLANOSPARA TERMOFUSIÓN;"10""";0,36;m;FALSO;4,05;kg;Contratista;TUBERÍA HDPE;;;;;;;;SIN REVISAR;;;;;
1.2420;1;2420;EWP-3351-10-PA-220;CWP-3351-10-PA-220;CWA-3351-10;PWP-3351-10-PA-220;03351-RW-250-H1-0009-N;;;H1;TUBERÍA HDPE PE100 PN6, ISO 4427-2, EXTREMOS PLANOSPARA TERMOFUSIÓN;"10""";0,73;m;FALSO;8,13;kg;Contratista;TUBERÍA HDPE;;;;;;;;SIN REVISAR;;;;;
1.2423;1;2423;EWP-3351-10-PA-220;CWP-3351-10-PA-220;CWA-3351-10;PWP-3351-10-PA-220;03351-RW-250-H1-0009-N;;;H1;TUBERÍA HDPE PE100 PN6, ISO 4427-2, EXTREMOS PLANOSPARA TERMOFUSIÓN;"10""";3,7;m;FALSO;41,07;kg;Contratista;TUBERÍA HDPE;;;;;;;;SIN REVISAR;;;;;
1.2427;1;2427;EWP-3351-10-PA-220;CWP-3351-10-PA-220;CWA-3351-10;PWP-3351-10-PA-220;03351-RW-250-H1-0009-N;;;H1;TUBERÍA HDPE PE100 PN6, ISO 4427-2, EXTREMOS PLANOSPARA TERMOFUSIÓN;"10""";0,37;m;FALSO;4,09;kg;Contratista;TUBERÍA HDPE;;;;;;;;SIN REVISAR;;;;;
1.2583;1;2583;EWP-3351-10-PA-220;CWP-3351-10-PA-220;CWA-3351-10;PWP-3351-10-PA-220;03351-RW-250-H1-0009-N;;;H1;VÁLVULA DE CUCHILLO BIDIRECCIONAL NO PASANTE, CUERPO ACERO CARBONO A216 WCB, EMPAQUETADURA FIBRA SINTÉTICA IMPREGNADA PTFE, COMPUERTA ASTM A316, MSS SP-81, ASME B16.5 CL 150, WAFER, ACCIONAMIENTO MANUAL ENGRANAJE CÓNIC;"10""";1;un;FALSO;108;kg;Contratista;VÁLVULA;;;;;;;;SIN REVISAR;;;;;
1.2595;1;2595;EWP-3351-10-PA-220;CWP-3351-10-PA-220;CWA-3351-10;PWP-3351-10-PA-220;03351-RW-250-H1-0009-N;;;H1;VÁLVULA DE CUCHILLO BIDIRECCIONAL NO PASANTE, CUERPO ACERO CARBONO A216 WCB, EMPAQUETADURA FIBRA SINTÉTICA IMPREGNADA PTFE, COMPUERTA ASTM A316, MSS SP-81, ASME B16.5 CL 150, WAFER, ACCIONAMIENTO NEUMÁTICO PO;"10""";1;un;FALSO;-;kg;Contratista;VÁLVULA;;;;;;;;SIN REVISAR;;;;;
1.1236;1;1236;EWP-3351-10-PA-220;CWP-3351-10-PA-220;CWA-3351-10;PWP-3351-10-PA-220;03351-RW-250-H1-0010-N;;;H1;CURVA 45°, HDPE PE100 PN6, RADIO MÍNIMO 3D SEGMENTADAS POR TERMOFUSIÓN, FABRICACIÓN SEGÚN ISO 4427-3;"10""";1;un;FALSO;11,1;kg;Contratista;CURVA;;;;;;;;SIN REVISAR;;;;;
1.1298;1;1298;EWP-3351-10-PA-220;CWP-3351-10-PA-220;CWA-3351-10;PWP-3351-10-PA-220;03351-RW-250-H1-0010-N;;;H1;CURVA 90°, HDPE PE100 PN6, RADIO MÍNIMO 3D SEGMENTADAS POR TERMOFUSIÓN, FABRICACIÓN SEGÚN ISO 4427-3;"10""";1;un;FALSO;11,1;kg;Contratista;CURVA;;;;;;;;SIN REVISAR;;;;;
1.1299;1;1299;EWP-3351-10-PA-220;CWP-3351-10-PA-220;CWA-3351-10;PWP-3351-10-PA-220;03351-RW-250-H1-0010-N;;;H1;CURVA 90°, HDPE PE100 PN6, RADIO MÍNIMO 3D SEGMENTADAS POR TERMOFUSIÓN, FABRICACIÓN SEGÚN ISO 4427-3;"10""";1;un;FALSO;11,1;kg;Contratista;CURVA;;;;;;;;SIN REVISAR;;;;;
1.1362;1;1362;EWP-3351-10-PA-220;CWP-3351-10-PA-220;CWA-3351-10;PWP-3351-10-PA-220;03351-RW-250-H1-0010-N;;;H1;"EMPAQUETADURA ASME B16.21, TIPO FULL FACE, ESPESOR 1/8"", PARA CONEXIÓN SEGÚN AWWA C207CLASE D, MATERIAL PTFE PURO EXPANDIDO";"10""";1;un;FALSO;0,97;kg;Contratista;EMPAQUETADURA;;;;;;;;SIN REVISAR;;;;;
1.1369;1;1369;EWP-3351-10-PA-220;CWP-3351-10-PA-220;CWA-3351-10;PWP-3351-10-PA-220;03351-RW-250-H1-0010-N;;;H1;"EMPAQUETADURA ASME B16.21, TIPO FULL FACE, ESPESOR 1/8"", PARA CONEXIÓN SEGÚN AWWA C207CLASE D, MATERIAL PTFE PURO EXPANDIDO";"10""";1;un;FALSO;0,97;kg;Contratista;EMPAQUETADURA;;;;;;;;SIN REVISAR;;;;;
1.1370;1;1370;EWP-3351-10-PA-220;CWP-3351-10-PA-220;CWA-3351-10;PWP-3351-10-PA-220;03351-RW-250-H1-0010-N;;;H1;"EMPAQUETADURA ASME B16.21, TIPO FULL FACE, ESPESOR 1/8"", PARA CONEXIÓN SEGÚN AWWA C207CLASE D, MATERIAL PTFE PURO EXPANDIDO";"10""";1;un;FALSO;0,97;kg;Contratista;EMPAQUETADURA;;;;;;;;SIN REVISAR;;;;;
1.1377;1;1377;EWP-3351-10-PA-220;CWP-3351-10-PA-220;CWA-3351-10;PWP-3351-10-PA-220;03351-CT-200-H2-0045-N;;;H2;"EMPAQUETADURA ASME B16.21, TIPO FULL FACE, ESPESOR 1/8"", PARA CONEXIÓN SEGÚN AWWA C207CLASE E, MATERIAL PTFE PURO EXPANDIDO";"8""";1;un;;0,75;kg;Contratista;EMPAQUETADURA;;;;;;;;SIN REVISAR;;;;;
1.1378;1;1378;EWP-3351-10-PA-220;CWP-3351-10-PA-220;CWA-3351-10;PWP-3351-10-PA-220;03351-CT-200-H2-0045-N;;;H2;"EMPAQUETADURA ASME B16.21, TIPO FULL FACE, ESPESOR 1/8"", PARA CONEXIÓN SEGÚN AWWA C207CLASE E, MATERIAL PTFE PURO EXPANDIDO";"8""";1;un;;0,75;kg;Contratista;EMPAQUETADURA;;;;;;;;SIN REVISAR;;;;;
1.1379;1;1379;EWP-3351-10-PA-220;CWP-3351-10-PA-220;CWA-3351-10;PWP-3351-10-PA-220;03351-CT-200-H2-0045-N;;;H2;"EMPAQUETADURA ASME B16.21, TIPO FULL FACE, ESPESOR 1/8"", PARA CONEXIÓN SEGÚN AWWA C207CLASE E, MATERIAL PTFE PURO EXPANDIDO";"8""";1;un;;0,75;kg;Contratista;EMPAQUETADURA;;;;;;;;SIN REVISAR;;;;;
1.1380;1;1380;EWP-3351-10-PA-220;CWP-3351-10-PA-220;CWA-3351-10;PWP-3351-10-PA-220;03351-CT-200-H2-0045-N;;;H2;"EMPAQUETADURA ASME B16.21, TIPO FULL FACE, ESPESOR 1/8"", PARA CONEXIÓN SEGÚN AWWA C207CLASE E, MATERIAL PTFE PURO EXPANDIDO";"8""";1;un;;0,75;kg;Contratista;EMPAQUETADURA;;;;;;;;SIN REVISAR;;;;;
1.1381;1;1381;EWP-3351-10-PA-220;CWP-3351-10-PA-220;CWA-3351-10;PWP-3351-10-PA-220;03351-CT-200-H2-0002-N;;;H2;"EMPAQUETADURA ASME B16.21, TIPO FULL FACE, ESPESOR 1/8"", PARA CONEXIÓN SEGÚN AWWA C207CLASE E, MATERIAL PTFE PURO EXPANDIDO";"8""";1;un;;0,75;kg;Contratista;EMPAQUETADURA;;;;;;;;SIN REVISAR;;;;;
1.1382;1;1382;EWP-3351-10-PA-220;CWP-3351-10-PA-220;CWA-3351-10;PWP-3351-10-PA-220;03351-CT-200-H2-0002-N;;;H2;"EMPAQUETADURA ASME B16.21, TIPO FULL FACE, ESPESOR 1/8"", PARA CONEXIÓN SEGÚN AWWA C207CLASE E, MATERIAL PTFE PURO EXPANDIDO";"8""";1;un;;0,75;kg;Contratista;EMPAQUETADURA;;;;;;;;SIN REVISAR;;;;;
1.1383;1;1383;EWP-3351-10-PA-220;CWP-3351-10-PA-220;CWA-3351-10;PWP-3351-10-PA-220;03351-CT-200-H2-0002-N;;;H2;"EMPAQUETADURA ASME B16.21, TIPO FULL FACE, ESPESOR 1/8"", PARA CONEXIÓN SEGÚN AWWA C207CLASE E, MATERIAL PTFE PURO EXPANDIDO";"8""";1;un;;0,75;kg;Contratista;EMPAQUETADURA;;;;;;;;SIN REVISAR;;;;;
1.1384;1;1384;EWP-3351-10-PA-220;CWP-3351-10-PA-220;CWA-3351-10;PWP-3351-10-PA-220;03351-CT-200-H2-0002-N;;;H2;"EMPAQUETADURA ASME B16.21, TIPO FULL FACE, ESPESOR 1/8"", PARA CONEXIÓN SEGÚN AWWA C207CLASE E, MATERIAL PTFE PURO EXPANDIDO";"8""";1;un;;0,75;kg;Contratista;EMPAQUETADURA;;;;;;;;SIN REVISAR;;;;;
1.1385;1;1385;EWP-3351-10-PA-220;CWP-3351-10-PA-220;CWA-3351-10;PWP-3351-10-PA-220;03351-CT-200-H2-0002-N;;;H2;"EMPAQUETADURA ASME B16.21, TIPO FULL FACE, ESPESOR 1/8"", PARA CONEXIÓN SEGÚN AWWA C207CLASE E, MATERIAL PTFE PURO EXPANDIDO";"8""";1;un;;0,75;kg;Contratista;EMPAQUETADURA;;;;;;;;SIN REVISAR;;;;;
1.1386;1;1386;EWP-3351-10-PA-220;CWP-3351-10-PA-220;CWA-3351-10;PWP-3351-10-PA-220;03351-CT-200-H2-0002-N;;;H2;"EMPAQUETADURA ASME B16.21, TIPO FULL FACE, ESPESOR 1/8"", PARA CONEXIÓN SEGÚN AWWA C207CLASE E, MATERIAL PTFE PURO EXPANDIDO";"8""";1;un;;0,75;kg;Contratista;EMPAQUETADURA;;;;;;;;SIN REVISAR;;;;;
1.1387;1;1387;EWP-3351-10-PA-220;CWP-3351-10-PA-220;CWA-3351-10;PWP-3351-10-PA-220;03351-CT-200-H2-0002-N;;;H2;"EMPAQUETADURA ASME B16.21, TIPO FULL FACE, ESPESOR 1/8"", PARA CONEXIÓN SEGÚN AWWA C207CLASE E, MATERIAL PTFE PURO EXPANDIDO";"8""";1;un;;0,75;kg;Contratista;EMPAQUETADURA;;;;;;;;SIN REVISAR;;;;;
1.1388;1;1388;EWP-3351-10-PA-220;CWP-3351-10-PA-220;CWA-3351-10;PWP-3351-10-PA-220;03351-CT-200-H2-0002-N;;;H2;"EMPAQUETADURA ASME B16.21, TIPO FULL FACE, ESPESOR 1/8"", PARA CONEXIÓN SEGÚN AWWA C207CLASE E, MATERIAL PTFE PURO EXPANDIDO";"8""";1;un;;0,75;kg;Contratista;EMPAQUETADURA;;;;;;;;SIN REVISAR;;;;;
1.1389;1;1389;EWP-3351-10-PA-220;CWP-3351-10-PA-220;CWA-3351-10;PWP-3351-10-PA-220;03351-CT-200-H2-0002-N;;;H2;"EMPAQUETADURA ASME B16.21, TIPO FULL FACE, ESPESOR 1/8"", PARA CONEXIÓN SEGÚN AWWA C207CLASE E, MATERIAL PTFE PURO EXPANDIDO";"8""";1;un;;0,75;kg;Contratista;EMPAQUETADURA;;;;;;;;SIN REVISAR;;;;;
1.1390;1;1390;EWP-3351-10-PA-220;CWP-3351-10-PA-220;CWA-3351-10;PWP-3351-10-PA-220;03351-CT-200-H2-0002-N;;;H2;"EMPAQUETADURA ASME B16.21, TIPO FULL FACE, ESPESOR 1/8"", PARA CONEXIÓN SEGÚN AWWA C207CLASE E, MATERIAL PTFE PURO EXPANDIDO";"8""";1;un;;0,75;kg;Contratista;EMPAQUETADURA;;;;;;;;SIN REVISAR;;;;;
1.1391;1;1391;EWP-3351-10-PA-220;CWP-3351-10-PA-220;CWA-3351-10;PWP-3351-10-PA-220;03351-CT-200-H2-0002-N;;;H2;"EMPAQUETADURA ASME B16.21, TIPO FULL FACE, ESPESOR 1/8"", PARA CONEXIÓN SEGÚN AWWA C207CLASE E, MATERIAL PTFE PURO EXPANDIDO";"8""";1;un;;0,75;kg;Contratista;EMPAQUETADURA;;;;;;;;SIN REVISAR;;;;;
1.1392;1;1392;EWP-3351-10-PA-220;CWP-3351-10-PA-220;CWA-3351-10;PWP-3351-10-PA-220;03351-CT-200-H2-0002-N;;;H2;"EMPAQUETADURA ASME B16.21, TIPO FULL FACE, ESPESOR 1/8"", PARA CONEXIÓN SEGÚN AWWA C207CLASE E, MATERIAL PTFE PURO EXPANDIDO";"8""";1;un;;0,75;kg;Contratista;EMPAQUETADURA;;;;;;;;SIN REVISAR;;;;;
1.1393;1;1393;EWP-3351-10-PA-220;CWP-3351-10-PA-220;CWA-3351-10;PWP-3351-10-PA-220;03351-CT-200-H2-0002-N;;;H2;"EMPAQUETADURA ASME B16.21, TIPO FULL FACE, ESPESOR 1/8"", PARA CONEXIÓN SEGÚN AWWA C207CLASE E, MATERIAL PTFE PURO EXPANDIDO";"8""";1;un;;0,75;kg;Contratista;EMPAQUETADURA;;;;;;;;SIN REVISAR;;;;;
1.1394;1;1394;EWP-3351-10-PA-220;CWP-3351-10-PA-220;CWA-3351-10;PWP-3351-10-PA-220;03351-CT-200-H2-0002-N;;;H2;"EMPAQUETADURA ASME B16.21, TIPO FULL FACE, ESPESOR 1/8"", PARA CONEXIÓN SEGÚN AWWA C207CLASE E, MATERIAL PTFE PURO EXPANDIDO";"8""";1;un;;0,75;kg;Contratista;EMPAQUETADURA;;;;;;;;SIN REVISAR;;;;;
1.1395;1;1395;EWP-3351-10-PA-220;CWP-3351-10-PA-220;CWA-3351-10;PWP-3351-10-PA-220;03351-CT-200-H2-0002-N;;;H2;"EMPAQUETADURA ASME B16.21, TIPO FULL FACE, ESPESOR 1/8"", PARA CONEXIÓN SEGÚN AWWA C207CLASE E, MATERIAL PTFE PURO EXPANDIDO";"8""";1;un;;0,75;kg;Contratista;EMPAQUETADURA;;;;;;;;SIN REVISAR;;;;;
1.1396;1;1396;EWP-3351-10-PA-220;CWP-3351-10-PA-220;CWA-3351-10;PWP-3351-10-PA-220;03351-CT-200-H2-0002-N;;;H2;"EMPAQUETADURA ASME B16.21, TIPO FULL FACE, ESPESOR 1/8"", PARA CONEXIÓN SEGÚN AWWA C207CLASE E, MATERIAL PTFE PURO EXPANDIDO";"8""";1;un;;0,75;kg;Contratista;EMPAQUETADURA;;;;;;;;SIN REVISAR;;;;;
1.1397;1;1397;EWP-3351-10-PA-220;CWP-3351-10-PA-220;CWA-3351-10;PWP-3351-10-PA-220;03351-CT-200-H2-0002-N;;;H2;"EMPAQUETADURA ASME B16.21, TIPO FULL FACE, ESPESOR 1/8"", PARA CONEXIÓN SEGÚN AWWA C207CLASE E, MATERIAL PTFE PURO EXPANDIDO";"8""";1;un;;0,75;kg;Contratista;EMPAQUETADURA;;;;;;;;SIN REVISAR;;;;;
1.1398;1;1398;EWP-3351-10-PA-220;CWP-3351-10-PA-220;CWA-3351-10;PWP-3351-10-PA-220;03351-CT-200-H2-0002-N;;;H2;"EMPAQUETADURA ASME B16.21, TIPO FULL FACE, ESPESOR 1/8"", PARA CONEXIÓN SEGÚN AWWA C207CLASE E, MATERIAL PTFE PURO EXPANDIDO";"8""";1;un;;0,75;kg;Contratista;EMPAQUETADURA;;;;;;;;SIN REVISAR;;;;;
1.1399;1;1399;EWP-3351-10-PA-220;CWP-3351-10-PA-220;CWA-3351-10;PWP-3351-10-PA-220;03351-CT-200-H2-0002-N;;;H2;"EMPAQUETADURA ASME B16.21, TIPO FULL FACE, ESPESOR 1/8"", PARA CONEXIÓN SEGÚN AWWA C207CLASE E, MATERIAL PTFE PURO EXPANDIDO";"8""";1;un;;0,75;kg;Contratista;EMPAQUETADURA;;;;;;;;SIN REVISAR;;;;;
1.1400;1;1400;EWP-3351-10-PA-220;CWP-3351-10-PA-220;CWA-3351-10;PWP-3351-10-PA-220;03351-CT-200-H2-0002-N;;;H2;"EMPAQUETADURA ASME B16.21, TIPO FULL FACE, ESPESOR 1/8"", PARA CONEXIÓN SEGÚN AWWA C207CLASE E, MATERIAL PTFE PURO EXPANDIDO";"8""";1;un;;0,75;kg;Contratista;EMPAQUETADURA;;;;;;;;SIN REVISAR;;;;;
1.1401;1;1401;EWP-3351-10-PA-220;CWP-3351-10-PA-220;CWA-3351-10;PWP-3351-10-PA-220;03351-CT-200-H2-0002-N;;;H2;"EMPAQUETADURA ASME B16.21, TIPO FULL FACE, ESPESOR 1/8"", PARA CONEXIÓN SEGÚN AWWA C207CLASE E, MATERIAL PTFE PURO EXPANDIDO";"8""";1;un;;0,75;kg;Contratista;EMPAQUETADURA;;;;;;;;SIN REVISAR;;;;;
1.1402;1;1402;EWP-3351-10-PA-220;CWP-3351-10-PA-220;CWA-3351-10;PWP-3351-10-PA-220;03351-CT-200-H2-0002-N;;;H2;"EMPAQUETADURA ASME B16.21, TIPO FULL FACE, ESPESOR 1/8"", PARA CONEXIÓN SEGÚN AWWA C207CLASE E, MATERIAL PTFE PURO EXPANDIDO";"8""";1;un;;0,75;kg;Contratista;EMPAQUETADURA;;;;;;;;SIN REVISAR;;;;;
1.1403;1;1403;EWP-3351-10-PA-220;CWP-3351-10-PA-220;CWA-3351-10;PWP-3351-10-PA-220;03351-CT-200-H2-0002-N;;;H2;"EMPAQUETADURA ASME B16.21, TIPO FULL FACE, ESPESOR 1/8"", PARA CONEXIÓN SEGÚN AWWA C207CLASE E, MATERIAL PTFE PURO EXPANDIDO";"8""";1;un;;0,75;kg;Contratista;EMPAQUETADURA;;;;;;;;SIN REVISAR;;;;;
1.1404;1;1404;EWP-3351-10-PA-220;CWP-3351-10-PA-220;CWA-3351-10;PWP-3351-10-PA-220;03351-CT-200-H2-0002-N;;;H2;"EMPAQUETADURA ASME B16.21, TIPO FULL FACE, ESPESOR 1/8"", PARA CONEXIÓN SEGÚN AWWA C207CLASE E, MATERIAL PTFE PURO EXPANDIDO";"8""";1;un;;0,75;kg;Contratista;EMPAQUETADURA;;;;;;;;SIN REVISAR;;;;;
1.1405;1;1405;EWP-3351-10-PA-220;CWP-3351-10-PA-220;CWA-3351-10;PWP-3351-10-PA-220;03351-CT-200-H2-0002-N;;;H2;"EMPAQUETADURA ASME B16.21, TIPO FULL FACE, ESPESOR 1/8"", PARA CONEXIÓN SEGÚN AWWA C207CLASE E, MATERIAL PTFE PURO EXPANDIDO";"8""";1;un;;0,75;kg;Contratista;EMPAQUETADURA;;;;;;;;SIN REVISAR;;;;;
1.1406;1;1406;EWP-3351-10-PA-220;CWP-3351-10-PA-220;CWA-3351-10;PWP-3351-10-PA-220;03351-CT-200-H2-0002-N;;;H2;"EMPAQUETADURA ASME B16.21, TIPO FULL FACE, ESPESOR 1/8"", PARA CONEXIÓN SEGÚN AWWA C207CLASE E, MATERIAL PTFE PURO EXPANDIDO";"8""";1;un;;0,75;kg;Contratista;EMPAQUETADURA;;;;;;;;SIN REVISAR;;;;;
1.1407;1;1407;EWP-3351-10-PA-220;CWP-3351-10-PA-220;CWA-3351-10;PWP-3351-10-PA-220;03351-CT-200-H2-0002-N;;;H2;"EMPAQUETADURA ASME B16.21, TIPO FULL FACE, ESPESOR 1/8"", PARA CONEXIÓN SEGÚN AWWA C207CLASE E, MATERIAL PTFE PURO EXPANDIDO";"8""";1;un;;0,75;kg;Contratista;EMPAQUETADURA;;;;;;;;SIN REVISAR;;;;;
1.1408;1;1408;EWP-3351-10-PA-220;CWP-3351-10-PA-220;CWA-3351-10;PWP-3351-10-PA-220;03351-CT-200-H2-0002-N;;;H2;"EMPAQUETADURA ASME B16.21, TIPO FULL FACE, ESPESOR 1/8"", PARA CONEXIÓN SEGÚN AWWA C207CLASE E, MATERIAL PTFE PURO EXPANDIDO";"8""";1;un;;0,75;kg;Contratista;EMPAQUETADURA;;;;;;;;SIN REVISAR;;;;;
1.1409;1;1409;EWP-3351-10-PA-220;CWP-3351-10-PA-220;CWA-3351-10;PWP-3351-10-PA-220;03351-CT-200-H2-0002-N;;;H2;"EMPAQUETADURA ASME B16.21, TIPO FULL FACE, ESPESOR 1/8"", PARA CONEXIÓN SEGÚN AWWA C207CLASE E, MATERIAL PTFE PURO EXPANDIDO";"8""";1;un;;0,75;kg;Contratista;EMPAQUETADURA;;;;;;;;SIN REVISAR;;;;;
1.1410;1;1410;EWP-3351-10-PA-220;CWP-3351-10-PA-220;CWA-3351-10;PWP-3351-10-PA-220;03351-CT-200-H2-0002-N;;;H2;"EMPAQUETADURA ASME B16.21, TIPO FULL FACE, ESPESOR 1/8"", PARA CONEXIÓN SEGÚN AWWA C207CLASE E, MATERIAL PTFE PURO EXPANDIDO";"8""";1;un;;0,75;kg;Contratista;EMPAQUETADURA;;;;;;;;SIN REVISAR;;;;;
1.1411;1;1411;EWP-3351-10-PA-220;CWP-3351-10-PA-220;CWA-3351-10;PWP-3351-10-PA-220;03351-CT-200-H2-0002-N;;;H2;"EMPAQUETADURA ASME B16.21, TIPO FULL FACE, ESPESOR 1/8"", PARA CONEXIÓN SEGÚN AWWA C207CLASE E, MATERIAL PTFE PURO EXPANDIDO";"8""";1;un;;0,75;kg;Contratista;EMPAQUETADURA;;;;;;;;SIN REVISAR;;;;;
1.1412;1;1412;EWP-3351-10-PA-220;CWP-3351-10-PA-220;CWA-3351-10;PWP-3351-10-PA-220;03351-CT-200-H2-0002-N;;;H2;"EMPAQUETADURA ASME B16.21, TIPO FULL FACE, ESPESOR 1/8"", PARA CONEXIÓN SEGÚN AWWA C207CLASE E, MATERIAL PTFE PURO EXPANDIDO";"8""";1;un;;0,75;kg;Contratista;EMPAQUETADURA;;;;;;;;SIN REVISAR;;;;;
1.1413;1;1413;EWP-3351-10-PA-220;CWP-3351-10-PA-220;CWA-3351-10;PWP-3351-10-PA-220;03351-CT-200-H2-0002-N;;;H2;"EMPAQUETADURA ASME B16.21, TIPO FULL FACE, ESPESOR 1/8"", PARA CONEXIÓN SEGÚN AWWA C207CLASE E, MATERIAL PTFE PURO EXPANDIDO";"8""";1;un;;0,75;kg;Contratista;EMPAQUETADURA;;;;;;;;SIN REVISAR;;;;;
1.1414;1;1414;EWP-3351-10-PA-220;CWP-3351-10-PA-220;CWA-3351-10;PWP-3351-10-PA-220;03351-CT-200-H2-0002-N;;;H2;"EMPAQUETADURA ASME B16.21, TIPO FULL FACE, ESPESOR 1/8"", PARA CONEXIÓN SEGÚN AWWA C207CLASE E, MATERIAL PTFE PURO EXPANDIDO";"8""";1;un;;0,75;kg;Contratista;EMPAQUETADURA;;;;;;;;SIN REVISAR;;;;;
1.1415;1;1415;EWP-3351-10-PA-220;CWP-3351-10-PA-220;CWA-3351-10;PWP-3351-10-PA-220;03351-CT-200-H2-0002-N;;;H2;"EMPAQUETADURA ASME B16.21, TIPO FULL FACE, ESPESOR 1/8"", PARA CONEXIÓN SEGÚN AWWA C207CLASE E, MATERIAL PTFE PURO EXPANDIDO";"8""";1;un;;0,75;kg;Contratista;EMPAQUETADURA;;;;;;;;SIN REVISAR;;;;;
1.1416;1;1416;EWP-3351-10-PA-220;CWP-3351-10-PA-220;CWA-3351-10;PWP-3351-10-PA-220;03351-CT-200-H2-0002-N;;;H2;"EMPAQUETADURA ASME B16.21, TIPO FULL FACE, ESPESOR 1/8"", PARA CONEXIÓN SEGÚN AWWA C207CLASE E, MATERIAL PTFE PURO EXPANDIDO";"8""";1;un;;0,75;kg;Contratista;EMPAQUETADURA;;;;;;;;SIN REVISAR;;;;;
1.1417;1;1417;EWP-3351-10-PA-220;CWP-3351-10-PA-220;CWA-3351-10;PWP-3351-10-PA-220;"03351-CT-10""-C3-0079-R3";"03351-CT-10""-C3-0079-R3_HOJA-1";"03351-CT-10""-C3-0079-R3_HOJA-1_SP01";C3;EMPAQUETADURA, NO METÁLICA, SIN ASBESTOS, MATERIAL FIBRA DE ARAMIDA CON NBR, ASME B16.21 TIPO FLAT RING, e=5mm, PARA CONEXIÓN SEGÚN ASME B16.5CLASE 150 RF;"10""";1;un;;0,16;kg;Contratista;EMPAQUETADURA;;;;;;;;SIN REVISAR;;;;;VERIFICAR CANTIDAD +1
1.1418;1;1418;EWP-3351-10-PA-220;CWP-3351-10-PA-220;CWA-3351-10;PWP-3351-10-PA-220;"03351-CT-4""-C2-0003-N";;;C2;"EMPAQUETADURA, NO METÁLICA, SIN ASBESTOS, MATERIAL FIBRA DE ARAMIDA CON NBR, ASME B16.21 TIPO FLAT RING, ESPESOR 1/16"", PARA CONEXIÓN SEGÚN ASME B16.5 CLASE 150 FF";"4""";1;un;;0,06;kg;Contratista;EMPAQUETADURA;;;;;;;;SIN REVISAR;;;;;
1.1419;1;1419;EWP-3351-10-PA-220;CWP-3351-10-PA-220;CWA-3351-10;PWP-3351-10-PA-220;"03351-PW-2""-C1-0055-N";;;C1;"EMPAQUETADURA, NO METÁLICA, SIN ASBESTOS, MATERIAL FIBRA DE ARAMIDA CON NBR, ASME B16.21 TIPO FLAT RING, ESPESOR 1/16"", PARA CONEXIÓN SEGÚN ASME B16.5 CLASE 150 FF";"2""";1;un;;0,03;kg;Contratista;EMPAQUETADURA;;;;;;;;SIN REVISAR;;;;;
1.1420;1;1420;EWP-3351-10-PA-220;CWP-3351-10-PA-220;CWA-3351-10;PWP-3351-10-PA-220;"03351-PW-2""-C1-0055-N";;;C1;"EMPAQUETADURA, NO METÁLICA, SIN ASBESTOS, MATERIAL FIBRA DE ARAMIDA CON NBR, ASME B16.21 TIPO FLAT RING, ESPESOR 1/16"", PARA CONEXIÓN SEGÚN ASME B16.5 CLASE 150 FF";"2""";1;un;;0,03;kg;Contratista;EMPAQUETADURA;;;;;;;;SIN REVISAR;;;;;
1.1421;1;1421;EWP-3351-10-PA-220;CWP-3351-10-PA-220;CWA-3351-10;PWP-3351-10-PA-220;"03351-PW-2""-C1-0054-N";;;C1;"EMPAQUETADURA, NO METÁLICA, SIN ASBESTOS, MATERIAL FIBRA DE ARAMIDA CON NBR, ASME B16.21 TIPO FLAT RING, ESPESOR 1/16"", PARA CONEXIÓN SEGÚN ASME B16.5 CLASE 150 FF";"2""";1;un;;0,03;kg;Contratista;EMPAQUETADURA;;;;;;;;SIN REVISAR;;;;;
1.1422;1;1422;EWP-3351-10-PA-220;CWP-3351-10-PA-220;CWA-3351-10;PWP-3351-10-PA-220;"03351-GW-1""-C1-0075-N";;;C1;"EMPAQUETADURA, NO METÁLICA, SIN ASBESTOS, MATERIAL FIBRA DE ARAMIDA CON NBR, ASME B16.21 TIPO FLAT RING, ESPESOR 1/16"", PARA CONEXIÓN SEGÚN ASME B16.5 CLASE 150 FF";"1""";1;un;;0,01;kg;Contratista;EMPAQUETADURA;;;;;;;;SIN REVISAR;;;;;
1.1423;1;1423;EWP-3351-10-PA-220;CWP-3351-10-PA-220;CWA-3351-10;PWP-3351-10-PA-220;"03351-PW-6""-C1-0013-N";;;C1;"EMPAQUETADURA, NO METÁLICA, SIN ASBESTOS, MATERIAL FIBRA DE ARAMIDA CON NBR, ASME B16.21 TIPO FLAT RING, ESPESOR 1/16"", PARA CONEXIÓN SEGÚN ASME B16.5 CLASE 150 FF";"6""";1;un;;0,1;kg;Contratista;EMPAQUETADURA;;;;;;;;SIN REVISAR;;;;;
1.1424;1;1424;EWP-3351-10-PA-220;CWP-3351-10-PA-220;CWA-3351-10;PWP-3351-10-PA-220;"03351-PW-2""-C1-0051-N";;;C1;"EMPAQUETADURA, NO METÁLICA, SIN ASBESTOS, MATERIAL FIBRA DE ARAMIDA CON NBR, ASME B16.21 TIPO FLAT RING, ESPESOR 1/16"", PARA CONEXIÓN SEGÚN ASME B16.5 CLASE 150 FF";"2""";1;un;;0,03;kg;Contratista;EMPAQUETADURA;;;;;;;;SIN REVISAR;;;;;
1.1425;1;1425;EWP-3351-10-PA-220;CWP-3351-10-PA-220;CWA-3351-10;PWP-3351-10-PA-220;"03351-GW-1""-C1-0076-N";;;C1;"EMPAQUETADURA, NO METÁLICA, SIN ASBESTOS, MATERIAL FIBRA DE ARAMIDA CON NBR, ASME B16.21 TIPO FLAT RING, ESPESOR 1/16"", PARA CONEXIÓN SEGÚN ASME B16.5 CLASE 150 FF";"1""";1;un;;0,01;kg;Contratista;EMPAQUETADURA;;;;;;;;SIN REVISAR;;;;;
1.1426;1;1426;EWP-3351-10-PA-220;CWP-3351-10-PA-220;CWA-3351-10;PWP-3351-10-PA-220;"03351-PW-2""-C1-0051-N";;;C1;"EMPAQUETADURA, NO METÁLICA, SIN ASBESTOS, MATERIAL FIBRA DE ARAMIDA CON NBR, ASME B16.21 TIPO FLAT RING, ESPESOR 1/16"", PARA CONEXIÓN SEGÚN ASME B16.5 CLASE 150 FF";"2""";1;un;;0,03;kg;Contratista;EMPAQUETADURA;;;;;;;;SIN REVISAR;;;;;
1.1427;1;1427;EWP-3351-10-PA-220;CWP-3351-10-PA-220;CWA-3351-10;PWP-3351-10-PA-220;"03351-CT-4""-C2-0004-N";;;C2;"EMPAQUETADURA, NO METÁLICA, SIN ASBESTOS, MATERIAL FIBRA DE ARAMIDA CON NBR, ASME B16.21 TIPO FLAT RING, ESPESOR 1/16"", PARA CONEXIÓN SEGÚN ASME B16.5 CLASE 150 FF";"4""";1;un;;0,06;kg;Contratista;EMPAQUETADURA;;;;;;;;SIN REVISAR;;;;;
1.1428;1;1428;EWP-3351-10-PA-220;CWP-3351-10-PA-220;CWA-3351-10;PWP-3351-10-PA-220;"03351-GW-2""-C1-0095-N";;;C1;"EMPAQUETADURA, NO METÁLICA, SIN ASBESTOS, MATERIAL FIBRA DE ARAMIDA CON NBR, ASME B16.21 TIPO FLAT RING, ESPESOR 1/16"", PARA CONEXIÓN SEGÚN ASME B16.5 CLASE 150 FF";"2""";1;un;;0,03;kg;Contratista;EMPAQUETADURA;;;;;;;;SIN REVISAR;;;;;
1.1429;1;1429;EWP-3351-10-PA-220;CWP-3351-10-PA-220;CWA-3351-10;PWP-3351-10-PA-220;"03351-CT-6""-C3-0005-R3";;;C3;"EMPAQUETADURA, NO METÁLICA, SIN ASBESTOS, MATERIAL FIBRA DE ARAMIDA CON NBR, ASME B16.21 TIPO FLAT RING, ESPESOR 1/16"", PARA CONEXIÓN SEGÚN ASME B16.5 CLASE 150 FF";"6""";1;un;;0,1;kg;Contratista;EMPAQUETADURA;;;;;;;;SIN REVISAR;;;;;
1.1430;1;1430;EWP-3351-10-PA-220;CWP-3351-10-PA-220;CWA-3351-10;PWP-3351-10-PA-220;"03351-PW-2""-C1-0039-N";;;C1;"EMPAQUETADURA, NO METÁLICA, SIN ASBESTOS, MATERIAL FIBRA DE ARAMIDA CON NBR, ASME B16.21 TIPO FLAT RING, ESPESOR 1/16"", PARA CONEXIÓN SEGÚN ASME B16.5 CLASE 150 FF";"2""";1;un;;0,03;kg;Contratista;EMPAQUETADURA;;;;;;;;SIN REVISAR;;;;;
1.1431;1;1431;EWP-3351-10-PA-220;CWP-3351-10-PA-220;CWA-3351-10;PWP-3351-10-PA-220;"03351-CT-6""-C3-0005-R3";;;C3;"EMPAQUETADURA, NO METÁLICA, SIN ASBESTOS, MATERIAL FIBRA DE ARAMIDA CON NBR, ASME B16.21 TIPO FLAT RING, ESPESOR 1/16"", PARA CONEXIÓN SEGÚN ASME B16.5 CLASE 150 FF";"6""";1;un;;0,1;kg;Contratista;EMPAQUETADURA;;;;;;;;SIN REVISAR;;;;;
1.1432;1;1432;EWP-3351-10-PA-220;CWP-3351-10-PA-220;CWA-3351-10;PWP-3351-10-PA-220;"03351-GW-2""-C1-0040-N";;;C1;"EMPAQUETADURA, NO METÁLICA, SIN ASBESTOS, MATERIAL FIBRA DE ARAMIDA CON NBR, ASME B16.21 TIPO FLAT RING, ESPESOR 1/16"", PARA CONEXIÓN SEGÚN ASME B16.5 CLASE 150 FF";"2""";1;un;;0,03;kg;Contratista;EMPAQUETADURA;;;;;;;;SIN REVISAR;;;;;
1.1433;1;1433;EWP-3351-10-PA-220;CWP-3351-10-PA-220;CWA-3351-10;PWP-3351-10-PA-220;"03351-CT-4""-C3-0015-R3";;;C3;"EMPAQUETADURA, NO METÁLICA, SIN ASBESTOS, MATERIAL FIBRA DE ARAMIDA CON NBR, ASME B16.21 TIPO FLAT RING, ESPESOR 1/16"", PARA CONEXIÓN SEGÚN ASME B16.5 CLASE 150 FF";"4""";1;un;;0,1;kg;Contratista;EMPAQUETADURA;;;;;;;;SIN REVISAR;;;;;
1.1434;1;1434;EWP-3351-10-PA-220;CWP-3351-10-PA-220;CWA-3351-10;PWP-3351-10-PA-220;"03351-PW-2""-C1-0054-N";;;C1;"EMPAQUETADURA, NO METÁLICA, SIN ASBESTOS, MATERIAL FIBRA DE ARAMIDA CON NBR, ASME B16.21 TIPO FLAT RING, ESPESOR 1/16"", PARA CONEXIÓN SEGÚN ASME B16.5 CLASE 150 FF";"2""";1;un;;0,03;kg;Contratista;EMPAQUETADURA;;;;;;;;SIN REVISAR;;;;;
1.1435;1;1435;EWP-3351-10-PA-220;CWP-3351-10-PA-220;CWA-3351-10;PWP-3351-10-PA-220;"03351-PW-6""-C1-0013-N";;;C1;"EMPAQUETADURA, NO METÁLICA, SIN ASBESTOS, MATERIAL FIBRA DE ARAMIDA CON NBR, ASME B16.21 TIPO FLAT RING, ESPESOR 1/16"", PARA CONEXIÓN SEGÚN ASME B16.5 CLASE 150 FF";"6""";1;un;;0,1;kg;Contratista;EMPAQUETADURA;;;;;;;;SIN REVISAR;;;;;
1.1436;1;1436;EWP-3351-10-PA-220;CWP-3351-10-PA-220;CWA-3351-10;PWP-3351-10-PA-220;"03351-PW-2""-C1-0025-N";;;C1;"EMPAQUETADURA, NO METÁLICA, SIN ASBESTOS, MATERIAL FIBRA DE ARAMIDA CON NBR, ASME B16.21 TIPO FLAT RING, ESPESOR 1/16"", PARA CONEXIÓN SEGÚN ASME B16.5 CLASE 150 FF";"2""";1;un;;0,03;kg;Contratista;EMPAQUETADURA;;;;;;;;SIN REVISAR;;;;;
1.1437;1;1437;EWP-3351-10-PA-220;CWP-3351-10-PA-220;CWA-3351-10;PWP-3351-10-PA-220;"03351-PW-2""-C1-0025-N";;;C1;"EMPAQUETADURA, NO METÁLICA, SIN ASBESTOS, MATERIAL FIBRA DE ARAMIDA CON NBR, ASME B16.21 TIPO FLAT RING, ESPESOR 1/16"", PARA CONEXIÓN SEGÚN ASME B16.5 CLASE 150 FF";"2""";1;un;;0,03;kg;Contratista;EMPAQUETADURA;;;;;;;;SIN REVISAR;;;;;
1.1438;1;1438;EWP-3351-10-PA-220;CWP-3351-10-PA-220;CWA-3351-10;PWP-3351-10-PA-220;"03351-PW-2""-C1-0028-N";;;C1;"EMPAQUETADURA, NO METÁLICA, SIN ASBESTOS, MATERIAL FIBRA DE ARAMIDA CON NBR, ASME B16.21 TIPO FLAT RING, ESPESOR 1/16"", PARA CONEXIÓN SEGÚN ASME B16.5 CLASE 150 FF";"2""";1;un;;0,03;kg;Contratista;EMPAQUETADURA;;;;;;;;SIN REVISAR;;;;;
1.1439;1;1439;EWP-3351-10-PA-220;CWP-3351-10-PA-220;CWA-3351-10;PWP-3351-10-PA-220;"03351-PW-2""-C1-0028-N";;;C1;"EMPAQUETADURA, NO METÁLICA, SIN ASBESTOS, MATERIAL FIBRA DE ARAMIDA CON NBR, ASME B16.21 TIPO FLAT RING, ESPESOR 1/16"", PARA CONEXIÓN SEGÚN ASME B16.5 CLASE 150 FF";"2""";1;un;;0,03;kg;Contratista;EMPAQUETADURA;;;;;;;;SIN REVISAR;;;;;
1.1440;1;1440;EWP-3351-10-PA-220;CWP-3351-10-PA-220;CWA-3351-10;PWP-3351-10-PA-220;"03351-PW-2""-C1-0028-N";;;C1;"EMPAQUETADURA, NO METÁLICA, SIN ASBESTOS, MATERIAL FIBRA DE ARAMIDA CON NBR, ASME B16.21 TIPO FLAT RING, ESPESOR 1/16"", PARA CONEXIÓN SEGÚN ASME B16.5 CLASE 150 FF";"2""";1;un;;0,03;kg;Contratista;EMPAQUETADURA;;;;;;;;SIN REVISAR;;;;;
1.1441;1;1441;EWP-3351-10-PA-220;CWP-3351-10-PA-220;CWA-3351-10;PWP-3351-10-PA-220;"03351-PW-6""-C1-0013-N";;;C1;"EMPAQUETADURA, NO METÁLICA, SIN ASBESTOS, MATERIAL FIBRA DE ARAMIDA CON NBR, ASME B16.21 TIPO FLAT RING, ESPESOR 1/16"", PARA CONEXIÓN SEGÚN ASME B16.5 CLASE 150 FF";"6""";1;un;;0,1;kg;Contratista;EMPAQUETADURA;;;;;;;;SIN REVISAR;;;;;
1.1442;1;1442;EWP-3351-10-PA-220;CWP-3351-10-PA-220;CWA-3351-10;PWP-3351-10-PA-220;"03351-PW-6""-C1-0013-N";;;C1;"EMPAQUETADURA, NO METÁLICA, SIN ASBESTOS, MATERIAL FIBRA DE ARAMIDA CON NBR, ASME B16.21 TIPO FLAT RING, ESPESOR 1/16"", PARA CONEXIÓN SEGÚN ASME B16.5 CLASE 150 FF";"6""";1;un;;0,1;kg;Contratista;EMPAQUETADURA;;;;;;;;SIN REVISAR;;;;;
1.1443;1;1443;EWP-3351-10-PA-220;CWP-3351-10-PA-220;CWA-3351-10;PWP-3351-10-PA-220;"03351-GW-2""-C1-0078-N";;;C1;"EMPAQUETADURA, NO METÁLICA, SIN ASBESTOS, MATERIAL FIBRA DE ARAMIDA CON NBR, ASME B16.21 TIPO FLAT RING, ESPESOR 1/16"", PARA CONEXIÓN SEGÚN ASME B16.5 CLASE 150 FF";"2""";1;un;;0,03;kg;Contratista;EMPAQUETADURA;;;;;;;;SIN REVISAR;;;;;
1.1444;1;1444;EWP-3351-10-PA-220;CWP-3351-10-PA-220;CWA-3351-10;PWP-3351-10-PA-220;"03351-CT-4""-C2-0003-N";;;C2;"EMPAQUETADURA, NO METÁLICA, SIN ASBESTOS, MATERIAL FIBRA DE ARAMIDA CON NBR, ASME B16.21 TIPO FLAT RING, ESPESOR 1/16"", PARA CONEXIÓN SEGÚN ASME B16.5 CLASE 150 FF";"4""";1;un;;0,06;kg;Contratista;EMPAQUETADURA;;;;;;;;SIN REVISAR;;;;;
1.1445;1;1445;EWP-3351-10-PA-220;CWP-3351-10-PA-220;CWA-3351-10;PWP-3351-10-PA-220;"03351-CT-4""-C2-0004-N";;;C2;"EMPAQUETADURA, NO METÁLICA, SIN ASBESTOS, MATERIAL FIBRA DE ARAMIDA CON NBR, ASME B16.21 TIPO FLAT RING, ESPESOR 1/16"", PARA CONEXIÓN SEGÚN ASME B16.5 CLASE 150 FF";"4""";1;un;;0,06;kg;Contratista;EMPAQUETADURA;;;;;;;;SIN REVISAR;;;;;
1.1446;1;1446;EWP-3351-10-PA-220;CWP-3351-10-PA-220;CWA-3351-10;PWP-3351-10-PA-220;"03351-CT-4""-C2-0004-N";;;C2;"EMPAQUETADURA, NO METÁLICA, SIN ASBESTOS, MATERIAL FIBRA DE ARAMIDA CON NBR, ASME B16.21 TIPO FLAT RING, ESPESOR 1/16"", PARA CONEXIÓN SEGÚN ASME B16.5 CLASE 150 FF";"4""";1;un;;0,06;kg;Contratista;EMPAQUETADURA;;;;;;;;SIN REVISAR;;;;;
1.1447;1;1447;EWP-3351-10-PA-220;CWP-3351-10-PA-220;CWA-3351-10;PWP-3351-10-PA-220;"03351-CT-4""-C2-0003-N";;;C2;"EMPAQUETADURA, NO METÁLICA, SIN ASBESTOS, MATERIAL FIBRA DE ARAMIDA CON NBR, ASME B16.21 TIPO FLAT RING, ESPESOR 1/16"", PARA CONEXIÓN SEGÚN ASME B16.5 CLASE 150 FF";"4""";1;un;;0,06;kg;Contratista;EMPAQUETADURA;;;;;;;;SIN REVISAR;;;;;
1.1448;1;1448;EWP-3351-10-PA-220;CWP-3351-10-PA-220;CWA-3351-10;PWP-3351-10-PA-220;"03351-GW-2""-C1-0041-N";;;C1;"EMPAQUETADURA, NO METÁLICA, SIN ASBESTOS, MATERIAL FIBRA DE ARAMIDA CON NBR, ASME B16.21 TIPO FLAT RING, ESPESOR 1/16"", PARA CONEXIÓN SEGÚN ASME B16.5 CLASE 150 FF";"1 1/4""";1;un;;0,02;kg;Contratista;EMPAQUETADURA;;;;;;;;SIN REVISAR;;;;;
1.1449;1;1449;EWP-3351-10-PA-220;CWP-3351-10-PA-220;CWA-3351-10;PWP-3351-10-PA-220;"03351-GW-2""-C1-0042-N";;;C1;"EMPAQUETADURA, NO METÁLICA, SIN ASBESTOS, MATERIAL FIBRA DE ARAMIDA CON NBR, ASME B16.21 TIPO FLAT RING, ESPESOR 1/16"", PARA CONEXIÓN SEGÚN ASME B16.5 CLASE 150 FF";"1 1/4""";1;un;;0,02;kg;Contratista;EMPAQUETADURA;;;;;;;;SIN REVISAR;;;;;
1.1450;1;1450;EWP-3351-10-PA-220;CWP-3351-10-PA-220;CWA-3351-10;PWP-3351-10-PA-220;"03351-CT-3""-C2-0064-N";;;C2;"EMPAQUETADURA, NO METÁLICA, SIN ASBESTOS, MATERIAL FIBRA DE ARAMIDA CON NBR, ASME B16.21 TIPO FLAT RING, ESPESOR 1/16"", PARA CONEXIÓN SEGÚN ASME B16.5 CLASE 150 FF";"3""";1;un;;0,04;kg;Contratista;EMPAQUETADURA;;;;;;;;SIN REVISAR;;;;;
1.1451;1;1451;EWP-3351-10-PA-220;CWP-3351-10-PA-220;CWA-3351-10;PWP-3351-10-PA-220;"03351-CT-6""-C3-0018-R3";;;C3;"EMPAQUETADURA, NO METÁLICA, SIN ASBESTOS, MATERIAL FIBRA DE ARAMIDA CON NBR, ASME B16.21 TIPO FLAT RING, ESPESOR 1/16"", PARA CONEXIÓN SEGÚN ASME B16.5 CLASE 150 FF";"6""";1;un;;0,1;kg;Contratista;EMPAQUETADURA;;;;;;;;SIN REVISAR;;;;;
1.1452;1;1452;EWP-3351-10-PA-220;CWP-3351-10-PA-220;CWA-3351-10;PWP-3351-10-PA-220;"03351-CT-6""-C3-0018-R3";;;C3;"EMPAQUETADURA, NO METÁLICA, SIN ASBESTOS, MATERIAL FIBRA DE ARAMIDA CON NBR, ASME B16.21 TIPO FLAT RING, ESPESOR 1/16"", PARA CONEXIÓN SEGÚN ASME B16.5 CLASE 150 FF";"3""";1;un;;0,04;kg;Contratista;EMPAQUETADURA;;;;;;;;SIN REVISAR;;;;;
1.1453;1;1453;EWP-3351-10-PA-220;CWP-3351-10-PA-220;CWA-3351-10;PWP-3351-10-PA-220;"03351-CT-3""-C2-0068-N";;;C2;"EMPAQUETADURA, NO METÁLICA, SIN ASBESTOS, MATERIAL FIBRA DE ARAMIDA CON NBR, ASME B16.21 TIPO FLAT RING, ESPESOR 1/16"", PARA CONEXIÓN SEGÚN ASME B16.5 CLASE 150 FF";"3""";1;un;;0,04;kg;Contratista;EMPAQUETADURA;;;;;;;;SIN REVISAR;;;;;
1.1454;1;1454;EWP-3351-10-PA-220;CWP-3351-10-PA-220;CWA-3351-10;PWP-3351-10-PA-220;"03351-PW-2""-C1-0024-N";;;C1;"EMPAQUETADURA, NO METÁLICA, SIN ASBESTOS, MATERIAL FIBRA DE ARAMIDA CON NBR, ASME B16.21 TIPO FLAT RING, ESPESOR 1/16"", PARA CONEXIÓN SEGÚN ASME B16.5 CLASE 150 FF";"2""";1;un;;0,03;kg;Contratista;EMPAQUETADURA;;;;;;;;SIN REVISAR;;;;;
1.1455;1;1455;EWP-3351-10-PA-220;CWP-3351-10-PA-220;CWA-3351-10;PWP-3351-10-PA-220;"03351-CT-3""-C2-0068-N";;;C2;"EMPAQUETADURA, NO METÁLICA, SIN ASBESTOS, MATERIAL FIBRA DE ARAMIDA CON NBR, ASME B16.21 TIPO FLAT RING, ESPESOR 1/16"", PARA CONEXIÓN SEGÚN ASME B16.5 CLASE 150 FF";"3""";1;un;;0,04;kg;Contratista;EMPAQUETADURA;;;;;;;;SIN REVISAR;;;;;
1.1456;1;1456;EWP-3351-10-PA-220;CWP-3351-10-PA-220;CWA-3351-10;PWP-3351-10-PA-220;"03351-CT-3""-C2-0064-N";;;C2;"EMPAQUETADURA, NO METÁLICA, SIN ASBESTOS, MATERIAL FIBRA DE ARAMIDA CON NBR, ASME B16.21 TIPO FLAT RING, ESPESOR 1/16"", PARA CONEXIÓN SEGÚN ASME B16.5 CLASE 150 FF";"3""";1;un;;0,04;kg;Contratista;EMPAQUETADURA;;;;;;;;SIN REVISAR;;;;;
1.1457;1;1457;EWP-3351-10-PA-220;CWP-3351-10-PA-220;CWA-3351-10;PWP-3351-10-PA-220;"03351-PW-2""-C1-0024-N";;;C1;"EMPAQUETADURA, NO METÁLICA, SIN ASBESTOS, MATERIAL FIBRA DE ARAMIDA CON NBR, ASME B16.21 TIPO FLAT RING, ESPESOR 1/16"", PARA CONEXIÓN SEGÚN ASME B16.5 CLASE 150 FF";"2""";1;un;;0,03;kg;Contratista;EMPAQUETADURA;;;;;;;;SIN REVISAR;;;;;
1.1458;1;1458;EWP-3351-10-PA-220;CWP-3351-10-PA-220;CWA-3351-10;PWP-3351-10-PA-220;"03351-CT-6""-C3-0018-R3";;;C3;"EMPAQUETADURA, NO METÁLICA, SIN ASBESTOS, MATERIAL FIBRA DE ARAMIDA CON NBR, ASME B16.21 TIPO FLAT RING, ESPESOR 1/16"", PARA CONEXIÓN SEGÚN ASME B16.5 CLASE 150 FF";"6""";1;un;;0,1;kg;Contratista;EMPAQUETADURA;;;;;;;;SIN REVISAR;;;;;
1.1459;1;1459;EWP-3351-10-PA-220;CWP-3351-10-PA-220;CWA-3351-10;PWP-3351-10-PA-220;"03351-CT-3""-C2-0063-N";;;C2;"EMPAQUETADURA, NO METÁLICA, SIN ASBESTOS, MATERIAL FIBRA DE ARAMIDA CON NBR, ASME B16.21 TIPO FLAT RING, ESPESOR 1/16"", PARA CONEXIÓN SEGÚN ASME B16.5 CLASE 150 FF";"3""";1;un;;0,04;kg;Contratista;EMPAQUETADURA;;;;;;;;SIN REVISAR;;;;;
1.1460;1;1460;EWP-3351-10-PA-220;CWP-3351-10-PA-220;CWA-3351-10;PWP-3351-10-PA-220;"03351-CT-6""-C3-0018-R3";;;C3;"EMPAQUETADURA, NO METÁLICA, SIN ASBESTOS, MATERIAL FIBRA DE ARAMIDA CON NBR, ASME B16.21 TIPO FLAT RING, ESPESOR 1/16"", PARA CONEXIÓN SEGÚN ASME B16.5 CLASE 150 FF";"6""";1;un;;0,1;kg;Contratista;EMPAQUETADURA;;;;;;;;SIN REVISAR;;;;;
1.1461;1;1461;EWP-3351-10-PA-220;CWP-3351-10-PA-220;CWA-3351-10;PWP-3351-10-PA-220;"03351-CT-6""-C3-0018-R3";;;C3;"EMPAQUETADURA, NO METÁLICA, SIN ASBESTOS, MATERIAL FIBRA DE ARAMIDA CON NBR, ASME B16.21 TIPO FLAT RING, ESPESOR 1/16"", PARA CONEXIÓN SEGÚN ASME B16.5 CLASE 150 FF";"6""";1;un;;0,1;kg;Contratista;EMPAQUETADURA;;;;;;;;SIN REVISAR;;;;;
1.1462;1;1462;EWP-3351-10-PA-220;CWP-3351-10-PA-220;CWA-3351-10;PWP-3351-10-PA-220;"03351-CT-3""-C2-0065-N";;;C2;"EMPAQUETADURA, NO METÁLICA, SIN ASBESTOS, MATERIAL FIBRA DE ARAMIDA CON NBR, ASME B16.21 TIPO FLAT RING, ESPESOR 1/16"", PARA CONEXIÓN SEGÚN ASME B16.5 CLASE 150 FF";"3""";1;un;;0,04;kg;Contratista;EMPAQUETADURA;;;;;;;;SIN REVISAR;;;;;
1.1463;1;1463;EWP-3351-10-PA-220;CWP-3351-10-PA-220;CWA-3351-10;PWP-3351-10-PA-220;"03351-CT-3""-C2-0074-N";;;C2;"EMPAQUETADURA, NO METÁLICA, SIN ASBESTOS, MATERIAL FIBRA DE ARAMIDA CON NBR, ASME B16.21 TIPO FLAT RING, ESPESOR 1/16"", PARA CONEXIÓN SEGÚN ASME B16.5 CLASE 150 FF";"3""";1;un;;0,04;kg;Contratista;EMPAQUETADURA;;;;;;;;SIN REVISAR;;;;;
1.1464;1;1464;EWP-3351-10-PA-220;CWP-3351-10-PA-220;CWA-3351-10;PWP-3351-10-PA-220;"03351-CT-3""-C2-0074-N";;;C2;"EMPAQUETADURA, NO METÁLICA, SIN ASBESTOS, MATERIAL FIBRA DE ARAMIDA CON NBR, ASME B16.21 TIPO FLAT RING, ESPESOR 1/16"", PARA CONEXIÓN SEGÚN ASME B16.5 CLASE 150 FF";"3""";1;un;;0,04;kg;Contratista;EMPAQUETADURA;;;;;;;;SIN REVISAR;;;;;
1.1465;1;1465;EWP-3351-10-PA-220;CWP-3351-10-PA-220;CWA-3351-10;PWP-3351-10-PA-220;"03351-CT-3""-C2-0065-N";;;C2;"EMPAQUETADURA, NO METÁLICA, SIN ASBESTOS, MATERIAL FIBRA DE ARAMIDA CON NBR, ASME B16.21 TIPO FLAT RING, ESPESOR 1/16"", PARA CONEXIÓN SEGÚN ASME B16.5 CLASE 150 FF";"3""";1;un;;0,04;kg;Contratista;EMPAQUETADURA;;;;;;;;SIN REVISAR;;;;;
1.1466;1;1466;EWP-3351-10-PA-220;CWP-3351-10-PA-220;CWA-3351-10;PWP-3351-10-PA-220;"03351-CT-3""-C2-0069-N";;;C2;"EMPAQUETADURA, NO METÁLICA, SIN ASBESTOS, MATERIAL FIBRA DE ARAMIDA CON NBR, ASME B16.21 TIPO FLAT RING, ESPESOR 1/16"", PARA CONEXIÓN SEGÚN ASME B16.5 CLASE 150 FF";"3""";1;un;;0,04;kg;Contratista;EMPAQUETADURA;;;;;;;;SIN REVISAR;;;;;
1.1467;1;1467;EWP-3351-10-PA-220;CWP-3351-10-PA-220;CWA-3351-10;PWP-3351-10-PA-220;"03351-CT-3""-C2-0069-N";;;C2;"EMPAQUETADURA, NO METÁLICA, SIN ASBESTOS, MATERIAL FIBRA DE ARAMIDA CON NBR, ASME B16.21 TIPO FLAT RING, ESPESOR 1/16"", PARA CONEXIÓN SEGÚN ASME B16.5 CLASE 150 FF";"3""";1;un;;0,04;kg;Contratista;EMPAQUETADURA;;;;;;;;SIN REVISAR;;;;;
1.1468;1;1468;EWP-3351-10-PA-220;CWP-3351-10-PA-220;CWA-3351-10;PWP-3351-10-PA-220;"03351-CT-3""-C2-0012-N";"03351-CT-3""-C2-0012-N_HOJA-1";"03351-CT-3""-C2-0012-N_HOJA-1_SP01";C2;"EMPAQUETADURA, NO METÁLICA, SIN ASBESTOS, MATERIAL FIBRA DE ARAMIDA CON NBR, ASME B16.21 TIPO FLAT RING, ESPESOR 1/16"", PARA CONEXIÓN SEGÚN ASME B16.5 CLASE 150 FF";"3""";1;un;;0,04;kg;Contratista;EMPAQUETADURA;;;;;;;;SIN REVISAR;;;;;
1.1469;1;1469;EWP-3351-10-PA-220;CWP-3351-10-PA-220;CWA-3351-10;PWP-3351-10-PA-220;"03351-CT-3""-C2-0012-N";;;C2;"EMPAQUETADURA, NO METÁLICA, SIN ASBESTOS, MATERIAL FIBRA DE ARAMIDA CON NBR, ASME B16.21 TIPO FLAT RING, ESPESOR 1/16"", PARA CONEXIÓN SEGÚN ASME B16.5 CLASE 150 FF";"3""";1;un;;0,04;kg;Contratista;EMPAQUETADURA;;;;;;;;SIN REVISAR;;;;;
1.1470;1;1470;EWP-3351-10-PA-220;CWP-3351-10-PA-220;CWA-3351-10;PWP-3351-10-PA-220;"03351-CT-6""-C3-0050-R3";;;C3;"EMPAQUETADURA, NO METÁLICA, SIN ASBESTOS, MATERIAL FIBRA DE ARAMIDA CON NBR, ASME B16.21 TIPO FLAT RING, ESPESOR 1/16"", PARA CONEXIÓN SEGÚN ASME B16.5 CLASE 150 FF";"6""";1;un;;0,1;kg;Contratista;EMPAQUETADURA;;;;;;;;SIN REVISAR;;;;;
1.1471;1;1471;EWP-3351-10-PA-220;CWP-3351-10-PA-220;CWA-3351-10;PWP-3351-10-PA-220;"03351-CT-6""-C3-0021-R3";;;C3;"EMPAQUETADURA, NO METÁLICA, SIN ASBESTOS, MATERIAL FIBRA DE ARAMIDA CON NBR, ASME B16.21 TIPO FLAT RING, ESPESOR 1/16"", PARA CONEXIÓN SEGÚN ASME B16.5 CLASE 150 FF";"6""";1;un;;0,1;kg;Contratista;EMPAQUETADURA;;;;;;;;SIN REVISAR;;;;;
1.1472;1;1472;EWP-3351-10-PA-220;CWP-3351-10-PA-220;CWA-3351-10;PWP-3351-10-PA-220;"03351-PW-2""-C1-0052-N";;;C1;"EMPAQUETADURA, NO METÁLICA, SIN ASBESTOS, MATERIAL FIBRA DE ARAMIDA CON NBR, ASME B16.21 TIPO FLAT RING, ESPESOR 1/16"", PARA CONEXIÓN SEGÚN ASME B16.5 CLASE 150 FF";"2""";1;un;;0,03;kg;Contratista;EMPAQUETADURA;;;;;;;;SIN REVISAR;;;;;
1.1473;1;1473;EWP-3351-10-PA-220;CWP-3351-10-PA-220;CWA-3351-10;PWP-3351-10-PA-220;"03351-CT-3""-C2-0062-N";;;C2;"EMPAQUETADURA, NO METÁLICA, SIN ASBESTOS, MATERIAL FIBRA DE ARAMIDA CON NBR, ASME B16.21 TIPO FLAT RING, ESPESOR 1/16"", PARA CONEXIÓN SEGÚN ASME B16.5 CLASE 150 FF";"3""";1;un;;0,04;kg;Contratista;EMPAQUETADURA;;;;;;;;SIN REVISAR;;;;;
1.1474;1;1474;EWP-3351-10-PA-220;CWP-3351-10-PA-220;CWA-3351-10;PWP-3351-10-PA-220;"03351-CT-3""-C2-0072-N";;;C2;"EMPAQUETADURA, NO METÁLICA, SIN ASBESTOS, MATERIAL FIBRA DE ARAMIDA CON NBR, ASME B16.21 TIPO FLAT RING, ESPESOR 1/16"", PARA CONEXIÓN SEGÚN ASME B16.5 CLASE 150 FF";"3""";1;un;;0,04;kg;Contratista;EMPAQUETADURA;;;;;;;;SIN REVISAR;;;;;
1.1475;1;1475;EWP-3351-10-PA-220;CWP-3351-10-PA-220;CWA-3351-10;PWP-3351-10-PA-220;"03351-PW-2""-C1-0084-N";;;C1;"EMPAQUETADURA, NO METÁLICA, SIN ASBESTOS, MATERIAL FIBRA DE ARAMIDA CON NBR, ASME B16.21 TIPO FLAT RING, ESPESOR 1/16"", PARA CONEXIÓN SEGÚN ASME B16.5 CLASE 150 FF";"2""";1;un;;0,03;kg;Contratista;EMPAQUETADURA;;;;;;;;SIN REVISAR;;;;;
1.1476;1;1476;EWP-3351-10-PA-220;CWP-3351-10-PA-220;CWA-3351-10;PWP-3351-10-PA-220;"03351-PW-2""-C1-0048-N";;;C1;"EMPAQUETADURA, NO METÁLICA, SIN ASBESTOS, MATERIAL FIBRA DE ARAMIDA CON NBR, ASME B16.21 TIPO FLAT RING, ESPESOR 1/16"", PARA CONEXIÓN SEGÚN ASME B16.5 CLASE 150 FF";"2""";1;un;;0,03;kg;Contratista;EMPAQUETADURA;;;;;;;;SIN REVISAR;;;;;
1.1477;1;1477;EWP-3351-10-PA-220;CWP-3351-10-PA-220;CWA-3351-10;PWP-3351-10-PA-220;"03351-CT-3""-C2-0071-N";;;C2;"EMPAQUETADURA, NO METÁLICA, SIN ASBESTOS, MATERIAL FIBRA DE ARAMIDA CON NBR, ASME B16.21 TIPO FLAT RING, ESPESOR 1/16"", PARA CONEXIÓN SEGÚN ASME B16.5 CLASE 150 FF";"3""";1;un;;0,04;kg;Contratista;EMPAQUETADURA;;;;;;;;SIN REVISAR;;;;;
1.1478;1;1478;EWP-3351-10-PA-220;CWP-3351-10-PA-220;CWA-3351-10;PWP-3351-10-PA-220;"03351-CT-6""-C3-0030-R3";;;C3;"EMPAQUETADURA, NO METÁLICA, SIN ASBESTOS, MATERIAL FIBRA DE ARAMIDA CON NBR, ASME B16.21 TIPO FLAT RING, ESPESOR 1/16"", PARA CONEXIÓN SEGÚN ASME B16.5 CLASE 150 FF";"6""";1;un;;0,1;kg;Contratista;EMPAQUETADURA;;;;;;;;SIN REVISAR;;;;;
1.1479;1;1479;EWP-3351-10-PA-220;CWP-3351-10-PA-220;CWA-3351-10;PWP-3351-10-PA-220;"03351-PW-2""-C1-0082-N";;;C1;"EMPAQUETADURA, NO METÁLICA, SIN ASBESTOS, MATERIAL FIBRA DE ARAMIDA CON NBR, ASME B16.21 TIPO FLAT RING, ESPESOR 1/16"", PARA CONEXIÓN SEGÚN ASME B16.5 CLASE 150 FF";"2""";1;un;;0,03;kg;Contratista;EMPAQUETADURA;;;;;;;;SIN REVISAR;;;;;
1.1480;1;1480;EWP-3351-10-PA-220;CWP-3351-10-PA-220;CWA-3351-10;PWP-3351-10-PA-220;"03351-PW-2""-C1-0081-N";;;C1;"EMPAQUETADURA, NO METÁLICA, SIN ASBESTOS, MATERIAL FIBRA DE ARAMIDA CON NBR, ASME B16.21 TIPO FLAT RING, ESPESOR 1/16"", PARA CONEXIÓN SEGÚN ASME B16.5 CLASE 150 FF";"2""";1;un;;0,03;kg;Contratista;EMPAQUETADURA;;;;;;;;SIN REVISAR;;;;;
1.1481;1;1481;EWP-3351-10-PA-220;CWP-3351-10-PA-220;CWA-3351-10;PWP-3351-10-PA-220;"03351-PW-2""-C1-0081-N";;;C1;"EMPAQUETADURA, NO METÁLICA, SIN ASBESTOS, MATERIAL FIBRA DE ARAMIDA CON NBR, ASME B16.21 TIPO FLAT RING, ESPESOR 1/16"", PARA CONEXIÓN SEGÚN ASME B16.5 CLASE 150 FF";"2""";1;un;;0,03;kg;Contratista;EMPAQUETADURA;;;;;;;;SIN REVISAR;;;;;
1.1482;1;1482;EWP-3351-10-PA-220;CWP-3351-10-PA-220;CWA-3351-10;PWP-3351-10-PA-220;"03351-PW-2""-C1-0085-N";;;C1;"EMPAQUETADURA, NO METÁLICA, SIN ASBESTOS, MATERIAL FIBRA DE ARAMIDA CON NBR, ASME B16.21 TIPO FLAT RING, ESPESOR 1/16"", PARA CONEXIÓN SEGÚN ASME B16.5 CLASE 150 FF";"2""";1;un;;0,03;kg;Contratista;EMPAQUETADURA;;;;;;;;SIN REVISAR;;;;;
1.1483;1;1483;EWP-3351-10-PA-220;CWP-3351-10-PA-220;CWA-3351-10;PWP-3351-10-PA-220;"03351-PW-2""-C1-0049-N";;;C1;"EMPAQUETADURA, NO METÁLICA, SIN ASBESTOS, MATERIAL FIBRA DE ARAMIDA CON NBR, ASME B16.21 TIPO FLAT RING, ESPESOR 1/16"", PARA CONEXIÓN SEGÚN ASME B16.5 CLASE 150 FF";"2""";1;un;;0,03;kg;Contratista;EMPAQUETADURA;;;;;;;;SIN REVISAR;;;;;
1.1484;1;1484;EWP-3351-10-PA-220;CWP-3351-10-PA-220;CWA-3351-10;PWP-3351-10-PA-220;"03351-PW-2""-C1-0026-N";;;C1;"EMPAQUETADURA, NO METÁLICA, SIN ASBESTOS, MATERIAL FIBRA DE ARAMIDA CON NBR, ASME B16.21 TIPO FLAT RING, ESPESOR 1/16"", PARA CONEXIÓN SEGÚN ASME B16.5 CLASE 150 FF";"2""";1;un;;0,03;kg;Contratista;EMPAQUETADURA;;;;;;;;SIN REVISAR;;;;;
1.1485;1;1485;EWP-3351-10-PA-220;CWP-3351-10-PA-220;CWA-3351-10;PWP-3351-10-PA-220;"03351-PW-2""-C1-0085-N";;;C1;"EMPAQUETADURA, NO METÁLICA, SIN ASBESTOS, MATERIAL FIBRA DE ARAMIDA CON NBR, ASME B16.21 TIPO FLAT RING, ESPESOR 1/16"", PARA CONEXIÓN SEGÚN ASME B16.5 CLASE 150 FF";"2""";1;un;;0,03;kg;Contratista;EMPAQUETADURA;;;;;;;;SIN REVISAR;;;;;
1.1486;1;1486;EWP-3351-10-PA-220;CWP-3351-10-PA-220;CWA-3351-10;PWP-3351-10-PA-220;"03351-CT-6""-C3-0030-R3";;;C3;"EMPAQUETADURA, NO METÁLICA, SIN ASBESTOS, MATERIAL FIBRA DE ARAMIDA CON NBR, ASME B16.21 TIPO FLAT RING, ESPESOR 1/16"", PARA CONEXIÓN SEGÚN ASME B16.5 CLASE 150 FF";"6""";1;un;;0,1;kg;Contratista;EMPAQUETADURA;;;;;;;;SIN REVISAR;;;;;
1.1487;1;1487;EWP-3351-10-PA-220;CWP-3351-10-PA-220;CWA-3351-10;PWP-3351-10-PA-220;"03351-CT-3""-C2-0066-N";;;C2;"EMPAQUETADURA, NO METÁLICA, SIN ASBESTOS, MATERIAL FIBRA DE ARAMIDA CON NBR, ASME B16.21 TIPO FLAT RING, ESPESOR 1/16"", PARA CONEXIÓN SEGÚN ASME B16.5 CLASE 150 FF";"3""";1;un;;0,04;kg;Contratista;EMPAQUETADURA;;;;;;;;SIN REVISAR;;;;;
1.1488;1;1488;EWP-3351-10-PA-220;CWP-3351-10-PA-220;CWA-3351-10;PWP-3351-10-PA-220;"03351-CT-6""-C3-0021-R3";;;C3;"EMPAQUETADURA, NO METÁLICA, SIN ASBESTOS, MATERIAL FIBRA DE ARAMIDA CON NBR, ASME B16.21 TIPO FLAT RING, ESPESOR 1/16"", PARA CONEXIÓN SEGÚN ASME B16.5 CLASE 150 FF";"6""";1;un;;0,1;kg;Contratista;EMPAQUETADURA;;;;;;;;SIN REVISAR;;;;;
1.1489;1;1489;EWP-3351-10-PA-220;CWP-3351-10-PA-220;CWA-3351-10;PWP-3351-10-PA-220;"03351-CT-6""-C3-0023-R3";;;C3;"EMPAQUETADURA, NO METÁLICA, SIN ASBESTOS, MATERIAL FIBRA DE ARAMIDA CON NBR, ASME B16.21 TIPO FLAT RING, ESPESOR 1/16"", PARA CONEXIÓN SEGÚN ASME B16.5 CLASE 150 FF";"6""";1;un;;0,1;kg;Contratista;EMPAQUETADURA;;;;;;;;SIN REVISAR;;;;;
1.1490;1;1490;EWP-3351-10-PA-220;CWP-3351-10-PA-220;CWA-3351-10;PWP-3351-10-PA-220;"03351-PW-2""-C1-0084-N";;;C1;"EMPAQUETADURA, NO METÁLICA, SIN ASBESTOS, MATERIAL FIBRA DE ARAMIDA CON NBR, ASME B16.21 TIPO FLAT RING, ESPESOR 1/16"", PARA CONEXIÓN SEGÚN ASME B16.5 CLASE 150 FF";"2""";1;un;;0,03;kg;Contratista;EMPAQUETADURA;;;;;;;;SIN REVISAR;;;;;
1.1491;1;1491;EWP-3351-10-PA-220;CWP-3351-10-PA-220;CWA-3351-10;PWP-3351-10-PA-220;"03351-CT-6""-C3-0006-R3";;;C3;"EMPAQUETADURA, NO METÁLICA, SIN ASBESTOS, MATERIAL FIBRA DE ARAMIDA CON NBR, ASME B16.21 TIPO FLAT RING, ESPESOR 1/16"", PARA CONEXIÓN SEGÚN ASME B16.5 CLASE 150 FF";"6""";1;un;;0,1;kg;Contratista;EMPAQUETADURA;;;;;;;;SIN REVISAR;;;;;
1.1492;1;1492;EWP-3351-10-PA-220;CWP-3351-10-PA-220;CWA-3351-10;PWP-3351-10-PA-220;"03351-PW-2""-C1-0083-N";;;C1;"EMPAQUETADURA, NO METÁLICA, SIN ASBESTOS, MATERIAL FIBRA DE ARAMIDA CON NBR, ASME B16.21 TIPO FLAT RING, ESPESOR 1/16"", PARA CONEXIÓN SEGÚN ASME B16.5 CLASE 150 FF";"2""";1;un;;0,03;kg;Contratista;EMPAQUETADURA;;;;;;;;SIN REVISAR;;;;;
1.1493;1;1493;EWP-3351-10-PA-220;CWP-3351-10-PA-220;CWA-3351-10;PWP-3351-10-PA-220;"03351-PW-2""-C1-0048-N";;;C1;"EMPAQUETADURA, NO METÁLICA, SIN ASBESTOS, MATERIAL FIBRA DE ARAMIDA CON NBR, ASME B16.21 TIPO FLAT RING, ESPESOR 1/16"", PARA CONEXIÓN SEGÚN ASME B16.5 CLASE 150 FF";"2""";1;un;;0,03;kg;Contratista;EMPAQUETADURA;;;;;;;;SIN REVISAR;;;;;
1.1494;1;1494;EWP-3351-10-PA-220;CWP-3351-10-PA-220;CWA-3351-10;PWP-3351-10-PA-220;"03351-CT-3""-C2-0071-N";;;C2;"EMPAQUETADURA, NO METÁLICA, SIN ASBESTOS, MATERIAL FIBRA DE ARAMIDA CON NBR, ASME B16.21 TIPO FLAT RING, ESPESOR 1/16"", PARA CONEXIÓN SEGÚN ASME B16.5 CLASE 150 FF";"3""";1;un;;0,04;kg;Contratista;EMPAQUETADURA;;;;;;;;SIN REVISAR;;;;;
1.1495;1;1495;EWP-3351-10-PA-220;CWP-3351-10-PA-220;CWA-3351-10;PWP-3351-10-PA-220;"03351-CT-6""-C3-0006-R3";;;C3;"EMPAQUETADURA, NO METÁLICA, SIN ASBESTOS, MATERIAL FIBRA DE ARAMIDA CON NBR, ASME B16.21 TIPO FLAT RING, ESPESOR 1/16"", PARA CONEXIÓN SEGÚN ASME B16.5 CLASE 150 FF";"6""";1;un;;0,1;kg;Contratista;EMPAQUETADURA;;;;;;;;SIN REVISAR;;;;;
1.1496;1;1496;EWP-3351-10-PA-220;CWP-3351-10-PA-220;CWA-3351-10;PWP-3351-10-PA-220;"03351-PW-2""-C1-0082-N";;;C1;"EMPAQUETADURA, NO METÁLICA, SIN ASBESTOS, MATERIAL FIBRA DE ARAMIDA CON NBR, ASME B16.21 TIPO FLAT RING, ESPESOR 1/16"", PARA CONEXIÓN SEGÚN ASME B16.5 CLASE 150 FF";"2""";1;un;;0,03;kg;Contratista;EMPAQUETADURA;;;;;;;;SIN REVISAR;;;;;
1.1497;1;1497;EWP-3351-10-PA-220;CWP-3351-10-PA-220;CWA-3351-10;PWP-3351-10-PA-220;"03351-CT-6""-C3-0007-R3";;;C3;"EMPAQUETADURA, NO METÁLICA, SIN ASBESTOS, MATERIAL FIBRA DE ARAMIDA CON NBR, ASME B16.21 TIPO FLAT RING, ESPESOR 1/16"", PARA CONEXIÓN SEGÚN ASME B16.5 CLASE 150 FF";"6""";1;un;;0,1;kg;Contratista;EMPAQUETADURA;;;;;;;;SIN REVISAR;;;;;
1.1498;1;1498;EWP-3351-10-PA-220;CWP-3351-10-PA-220;CWA-3351-10;PWP-3351-10-PA-220;"03351-CT-6""-C3-0021-R3";;;C3;"EMPAQUETADURA, NO METÁLICA, SIN ASBESTOS, MATERIAL FIBRA DE ARAMIDA CON NBR, ASME B16.21 TIPO FLAT RING, ESPESOR 1/16"", PARA CONEXIÓN SEGÚN ASME B16.5 CLASE 150 FF";"6""";1;un;;0,1;kg;Contratista;EMPAQUETADURA;;;;;;;;SIN REVISAR;;;;;
1.1499;1;1499;EWP-3351-10-PA-220;CWP-3351-10-PA-220;CWA-3351-10;PWP-3351-10-PA-220;"03351-CT-3""-C2-0070-N";;;C2;"EMPAQUETADURA, NO METÁLICA, SIN ASBESTOS, MATERIAL FIBRA DE ARAMIDA CON NBR, ASME B16.21 TIPO FLAT RING, ESPESOR 1/16"", PARA CONEXIÓN SEGÚN ASME B16.5 CLASE 150 FF";"3""";1;un;;0,04;kg;Contratista;EMPAQUETADURA;;;;;;;;SIN REVISAR;;;;;
1.1500;1;1500;EWP-3351-10-PA-220;CWP-3351-10-PA-220;CWA-3351-10;PWP-3351-10-PA-220;"03351-CT-6""-C3-0007-R3";;;C3;"EMPAQUETADURA, NO METÁLICA, SIN ASBESTOS, MATERIAL FIBRA DE ARAMIDA CON NBR, ASME B16.21 TIPO FLAT RING, ESPESOR 1/16"", PARA CONEXIÓN SEGÚN ASME B16.5 CLASE 150 FF";"6""";1;un;;0,1;kg;Contratista;EMPAQUETADURA;;;;;;;;SIN REVISAR;;;;;
1.1501;1;1501;EWP-3351-10-PA-220;CWP-3351-10-PA-220;CWA-3351-10;PWP-3351-10-PA-220;"03351-CT-6""-C3-0023-R3";;;C3;"EMPAQUETADURA, NO METÁLICA, SIN ASBESTOS, MATERIAL FIBRA DE ARAMIDA CON NBR, ASME B16.21 TIPO FLAT RING, ESPESOR 1/16"", PARA CONEXIÓN SEGÚN ASME B16.5 CLASE 150 FF";"6""";1;un;;0,1;kg;Contratista;EMPAQUETADURA;;;;;;;;SIN REVISAR;;;;;
1.1502;1;1502;EWP-3351-10-PA-220;CWP-3351-10-PA-220;CWA-3351-10;PWP-3351-10-PA-220;"03351-PW-2""-C1-0049-N";;;C1;"EMPAQUETADURA, NO METÁLICA, SIN ASBESTOS, MATERIAL FIBRA DE ARAMIDA CON NBR, ASME B16.21 TIPO FLAT RING, ESPESOR 1/16"", PARA CONEXIÓN SEGÚN ASME B16.5 CLASE 150 FF";"2""";1;un;;0,03;kg;Contratista;EMPAQUETADURA;;;;;;;;SIN REVISAR;;;;;
1.1503;1;1503;EWP-3351-10-PA-220;CWP-3351-10-PA-220;CWA-3351-10;PWP-3351-10-PA-220;"03351-PW-2""-C1-0052-N";;;C1;"EMPAQUETADURA, NO METÁLICA, SIN ASBESTOS, MATERIAL FIBRA DE ARAMIDA CON NBR, ASME B16.21 TIPO FLAT RING, ESPESOR 1/16"", PARA CONEXIÓN SEGÚN ASME B16.5 CLASE 150 FF";"2""";1;un;;0,03;kg;Contratista;EMPAQUETADURA;;;;;;;;SIN REVISAR;;;;;
1.1504;1;1504;EWP-3351-10-PA-220;CWP-3351-10-PA-220;CWA-3351-10;PWP-3351-10-PA-220;"03351-CT-6""-C3-0021-R3";;;C3;"EMPAQUETADURA, NO METÁLICA, SIN ASBESTOS, MATERIAL FIBRA DE ARAMIDA CON NBR, ASME B16.21 TIPO FLAT RING, ESPESOR 1/16"", PARA CONEXIÓN SEGÚN ASME B16.5 CLASE 150 FF";"6""";1;un;;0,1;kg;Contratista;EMPAQUETADURA;;;;;;;;SIN REVISAR;;;;;
1.1505;1;1505;EWP-3351-10-PA-220;CWP-3351-10-PA-220;CWA-3351-10;PWP-3351-10-PA-220;"03351-PW-2""-C1-0083-N";;;C1;"EMPAQUETADURA, NO METÁLICA, SIN ASBESTOS, MATERIAL FIBRA DE ARAMIDA CON NBR, ASME B16.21 TIPO FLAT RING, ESPESOR 1/16"", PARA CONEXIÓN SEGÚN ASME B16.5 CLASE 150 FF";"2""";1;un;;0,03;kg;Contratista;EMPAQUETADURA;;;;;;;;SIN REVISAR;;;;;
1.1506;1;1506;EWP-3351-10-PA-220;CWP-3351-10-PA-220;CWA-3351-10;PWP-3351-10-PA-220;"03351-PW-2""-C1-0083-N";;;C1;"EMPAQUETADURA, NO METÁLICA, SIN ASBESTOS, MATERIAL FIBRA DE ARAMIDA CON NBR, ASME B16.21 TIPO FLAT RING, ESPESOR 1/16"", PARA CONEXIÓN SEGÚN ASME B16.5 CLASE 150 FF";"2""";1;un;;0,03;kg;Contratista;EMPAQUETADURA;;;;;;;;SIN REVISAR;;;;;
1.1507;1;1507;EWP-3351-10-PA-220;CWP-3351-10-PA-220;CWA-3351-10;PWP-3351-10-PA-220;"03351-PW-2""-C1-0084-N";;;C1;"EMPAQUETADURA, NO METÁLICA, SIN ASBESTOS, MATERIAL FIBRA DE ARAMIDA CON NBR, ASME B16.21 TIPO FLAT RING, ESPESOR 1/16"", PARA CONEXIÓN SEGÚN ASME B16.5 CLASE 150 FF";"2""";1;un;;0,03;kg;Contratista;EMPAQUETADURA;;;;;;;;SIN REVISAR;;;;;
1.1508;1;1508;EWP-3351-10-PA-220;CWP-3351-10-PA-220;CWA-3351-10;PWP-3351-10-PA-220;"03351-CT-6""-C3-0050-R3";;;C3;"EMPAQUETADURA, NO METÁLICA, SIN ASBESTOS, MATERIAL FIBRA DE ARAMIDA CON NBR, ASME B16.21 TIPO FLAT RING, ESPESOR 1/16"", PARA CONEXIÓN SEGÚN ASME B16.5 CLASE 150 FF";"6""";1;un;;0,1;kg;Contratista;EMPAQUETADURA;;;;;;;;SIN REVISAR;;;;;
1.1509;1;1509;EWP-3351-10-PA-220;CWP-3351-10-PA-220;CWA-3351-10;PWP-3351-10-PA-220;"03351-GW-2""-C1-0095-N";;;C1;"EMPAQUETADURA, NO METÁLICA, SIN ASBESTOS, MATERIAL FIBRA DE ARAMIDA CON NBR, ASME B16.21 TIPO FLAT RING, ESPESOR 1/16"", PARA CONEXIÓN SEGÚN ASME B16.5 CLASE 150 FF";"2""";1;un;;0,03;kg;Contratista;EMPAQUETADURA;;;;;;;;SIN REVISAR;;;;;
1.1510;1;1510;EWP-3351-10-PA-220;CWP-3351-10-PA-220;CWA-3351-10;PWP-3351-10-PA-220;"03351-GW-2""-C1-0095-N";;;C1;"EMPAQUETADURA, NO METÁLICA, SIN ASBESTOS, MATERIAL FIBRA DE ARAMIDA CON NBR, ASME B16.21 TIPO FLAT RING, ESPESOR 1/16"", PARA CONEXIÓN SEGÚN ASME B16.5 CLASE 150 FF";"2""";1;un;;0,03;kg;Contratista;EMPAQUETADURA;;;;;;;;SIN REVISAR;;;;;
1.1511;1;1511;EWP-3351-10-PA-220;CWP-3351-10-PA-220;CWA-3351-10;PWP-3351-10-PA-220;"03351-PW-2""-C1-0056-N";;;C1;"EMPAQUETADURA, NO METÁLICA, SIN ASBESTOS, MATERIAL FIBRA DE ARAMIDA CON NBR, ASME B16.21 TIPO FLAT RING, ESPESOR 1/16"", PARA CONEXIÓN SEGÚN ASME B16.5 CLASE 150 FF";"2""";1;un;;0,03;kg;Contratista;EMPAQUETADURA;;;;;;;;SIN REVISAR;;;;;
1.1512;1;1512;EWP-3351-10-PA-220;CWP-3351-10-PA-220;CWA-3351-10;PWP-3351-10-PA-220;"03351-PW-2""-C1-0056-N";;;C1;"EMPAQUETADURA, NO METÁLICA, SIN ASBESTOS, MATERIAL FIBRA DE ARAMIDA CON NBR, ASME B16.21 TIPO FLAT RING, ESPESOR 1/16"", PARA CONEXIÓN SEGÚN ASME B16.5 CLASE 150 FF";"2""";1;un;;0,03;kg;Contratista;EMPAQUETADURA;;;;;;;;SIN REVISAR;;;;;
1.1513;1;1513;EWP-3351-10-PA-220;CWP-3351-10-PA-220;CWA-3351-10;PWP-3351-10-PA-220;"03351-PW-2""-C1-0053-N";;;C1;"EMPAQUETADURA, NO METÁLICA, SIN ASBESTOS, MATERIAL FIBRA DE ARAMIDA CON NBR, ASME B16.21 TIPO FLAT RING, ESPESOR 1/16"", PARA CONEXIÓN SEGÚN ASME B16.5 CLASE 150 FF";"2""";1;un;;0,03;kg;Contratista;EMPAQUETADURA;;;;;;;;SIN REVISAR;;;;;
1.1514;1;1514;EWP-3351-10-PA-220;CWP-3351-10-PA-220;CWA-3351-10;PWP-3351-10-PA-220;"03351-PW-2""-C1-0026-N";;;C1;"EMPAQUETADURA, NO METÁLICA, SIN ASBESTOS, MATERIAL FIBRA DE ARAMIDA CON NBR, ASME B16.21 TIPO FLAT RING, ESPESOR 1/16"", PARA CONEXIÓN SEGÚN ASME B16.5 CLASE 150 FF";"2""";1;un;;0,03;kg;Contratista;EMPAQUETADURA;;;;;;;;SIN REVISAR;;;;;
1.1515;1;1515;EWP-3351-10-PA-220;CWP-3351-10-PA-220;CWA-3351-10;PWP-3351-10-PA-220;"03351-CT-3""-C2-0061-N";;;C2;"EMPAQUETADURA, NO METÁLICA, SIN ASBESTOS, MATERIAL FIBRA DE ARAMIDA CON NBR, ASME B16.21 TIPO FLAT RING, ESPESOR 1/16"", PARA CONEXIÓN SEGÚN ASME B16.5 CLASE 150 FF";"3""";1;un;;0,04;kg;Contratista;EMPAQUETADURA;;;;;;;;SIN REVISAR;;;;;
1.1516;1;1516;EWP-3351-10-PA-220;CWP-3351-10-PA-220;CWA-3351-10;PWP-3351-10-PA-220;"03351-CT-6""-C3-0046-R3";;;C3;"EMPAQUETADURA, NO METÁLICA, SIN ASBESTOS, MATERIAL FIBRA DE ARAMIDA CON NBR, ASME B16.21 TIPO FLAT RING, ESPESOR 1/16"", PARA CONEXIÓN SEGÚN ASME B16.5 CLASE 150 FF";"6""";1;un;;0,1;kg;Contratista;EMPAQUETADURA;;;;;;;;SIN REVISAR;;;;;
1.1517;1;1517;EWP-3351-10-PA-220;CWP-3351-10-PA-220;CWA-3351-10;PWP-3351-10-PA-220;"03351-CT-6""-C3-0006-R3";;;C3;"EMPAQUETADURA, NO METÁLICA, SIN ASBESTOS, MATERIAL FIBRA DE ARAMIDA CON NBR, ASME B16.21 TIPO FLAT RING, ESPESOR 1/16"", PARA CONEXIÓN SEGÚN ASME B16.5 CLASE 150 FF";"6""";1;un;;0,1;kg;Contratista;EMPAQUETADURA;;;;;;;;SIN REVISAR;;;;;
1.1518;1;1518;EWP-3351-10-PA-220;CWP-3351-10-PA-220;CWA-3351-10;PWP-3351-10-PA-220;"03351-CT-6""-C3-0018-R3";;;C3;"EMPAQUETADURA, NO METÁLICA, SIN ASBESTOS, MATERIAL FIBRA DE ARAMIDA CON NBR, ASME B16.21 TIPO FLAT RING, ESPESOR 1/16"", PARA CONEXIÓN SEGÚN ASME B16.5 CLASE 150 FF";"4""";1;un;;0,06;kg;Contratista;EMPAQUETADURA;;;;;;;;SIN REVISAR;;;;;
1.1519;1;1519;EWP-3351-10-PA-220;CWP-3351-10-PA-220;CWA-3351-10;PWP-3351-10-PA-220;"03351-CT-6""-C3-0021-R3";;;C3;"EMPAQUETADURA, NO METÁLICA, SIN ASBESTOS, MATERIAL FIBRA DE ARAMIDA CON NBR, ASME B16.21 TIPO FLAT RING, ESPESOR 1/16"", PARA CONEXIÓN SEGÚN ASME B16.5 CLASE 150 FF";"4""";1;un;;0,06;kg;Contratista;EMPAQUETADURA;;;;;;;;SIN REVISAR;;;;;
1.1520;1;1520;EWP-3351-10-PA-220;CWP-3351-10-PA-220;CWA-3351-10;PWP-3351-10-PA-220;"03351-PW-2""-C1-0051-N";;;C1;"EMPAQUETADURA, NO METÁLICA, SIN ASBESTOS, MATERIAL FIBRA DE ARAMIDA CON NBR, ASME B16.21 TIPO FLAT RING, ESPESOR 1/16"", PARA CONEXIÓN SEGÚN ASME B16.5 CLASE 150 FF";"2""";1;un;;0,03;kg;Contratista;EMPAQUETADURA;;;;;;;;SIN REVISAR;;;;;
1.1521;1;1521;EWP-3351-10-PA-220;CWP-3351-10-PA-220;CWA-3351-10;PWP-3351-10-PA-220;"03351-CT-3""-C2-0060-N";;;C2;"EMPAQUETADURA, NO METÁLICA, SIN ASBESTOS, MATERIAL FIBRA DE ARAMIDA CON NBR, ASME B16.21 TIPO FLAT RING, ESPESOR 1/16"", PARA CONEXIÓN SEGÚN ASME B16.5 CLASE 150 FF";"3""";1;un;;0,04;kg;Contratista;EMPAQUETADURA;;;;;;;;SIN REVISAR;;;;;
1.1522;1;1522;EWP-3351-10-PA-220;CWP-3351-10-PA-220;CWA-3351-10;PWP-3351-10-PA-220;"03351-CT-3""-C2-0061-N";;;C2;"EMPAQUETADURA, NO METÁLICA, SIN ASBESTOS, MATERIAL FIBRA DE ARAMIDA CON NBR, ASME B16.21 TIPO FLAT RING, ESPESOR 1/16"", PARA CONEXIÓN SEGÚN ASME B16.5 CLASE 150 FF";"3""";1;un;;0,04;kg;Contratista;EMPAQUETADURA;;;;;;;;SIN REVISAR;;;;;
1.1523;1;1523;EWP-3351-10-PA-220;CWP-3351-10-PA-220;CWA-3351-10;PWP-3351-10-PA-220;"03351-CT-6""-C3-0046-R3";;;C3;"EMPAQUETADURA, NO METÁLICA, SIN ASBESTOS, MATERIAL FIBRA DE ARAMIDA CON NBR, ASME B16.21 TIPO FLAT RING, ESPESOR 1/16"", PARA CONEXIÓN SEGÚN ASME B16.5 CLASE 150 FF";"6""";1;un;;0,1;kg;Contratista;EMPAQUETADURA;;;;;;;;SIN REVISAR;;;;;
1.1524;1;1524;EWP-3351-10-PA-220;CWP-3351-10-PA-220;CWA-3351-10;PWP-3351-10-PA-220;"03351-CT-3""-C2-0086-N";;;C2;"EMPAQUETADURA, NO METÁLICA, SIN ASBESTOS, MATERIAL FIBRA DE ARAMIDA CON NBR, ASME B16.21 TIPO FLAT RING, ESPESOR 1/16"", PARA CONEXIÓN SEGÚN ASME B16.5 CLASE 150 FF";"3""";1;un;;0,04;kg;Contratista;EMPAQUETADURA;;;;;;;;SIN REVISAR;;;;;
1.1525;1;1525;EWP-3351-10-PA-220;CWP-3351-10-PA-220;CWA-3351-10;PWP-3351-10-PA-220;"03351-CT-6""-C3-0046-R3";;;C3;"EMPAQUETADURA, NO METÁLICA, SIN ASBESTOS, MATERIAL FIBRA DE ARAMIDA CON NBR, ASME B16.21 TIPO FLAT RING, ESPESOR 1/16"", PARA CONEXIÓN SEGÚN ASME B16.5 CLASE 150 FF";"6""";1;un;;0,1;kg;Contratista;EMPAQUETADURA;;;;;;;;SIN REVISAR;;;;;
1.1526;1;1526;EWP-3351-10-PA-220;CWP-3351-10-PA-220;CWA-3351-10;PWP-3351-10-PA-220;"03351-CT-6""-C3-0021-R3";;;C3;"EMPAQUETADURA, NO METÁLICA, SIN ASBESTOS, MATERIAL FIBRA DE ARAMIDA CON NBR, ASME B16.21 TIPO FLAT RING, ESPESOR 1/16"", PARA CONEXIÓN SEGÚN ASME B16.5 CLASE 150 FF";"3""";1;un;;0,04;kg;Contratista;EMPAQUETADURA;;;;;;;;SIN REVISAR;;;;;
1.1527;1;1527;EWP-3351-10-PA-220;CWP-3351-10-PA-220;CWA-3351-10;PWP-3351-10-PA-220;"03351-CT-6""-C3-0046-R3";;;C3;"EMPAQUETADURA, NO METÁLICA, SIN ASBESTOS, MATERIAL FIBRA DE ARAMIDA CON NBR, ASME B16.21 TIPO FLAT RING, ESPESOR 1/16"", PARA CONEXIÓN SEGÚN ASME B16.5 CLASE 150 FF";"2""";1;un;;0,03;kg;Contratista;EMPAQUETADURA;;;;;;;;SIN REVISAR;;;;;
1.1528;1;1528;EWP-3351-10-PA-220;CWP-3351-10-PA-220;CWA-3351-10;PWP-3351-10-PA-220;"03351-CT-6""-C3-0046-R3";;;C3;"EMPAQUETADURA, NO METÁLICA, SIN ASBESTOS, MATERIAL FIBRA DE ARAMIDA CON NBR, ASME B16.21 TIPO FLAT RING, ESPESOR 1/16"", PARA CONEXIÓN SEGÚN ASME B16.5 CLASE 150 FF";"3""";1;un;;0,04;kg;Contratista;EMPAQUETADURA;;;;;;;;SIN REVISAR;;;;;
1.1529;1;1529;EWP-3351-10-PA-220;CWP-3351-10-PA-220;CWA-3351-10;PWP-3351-10-PA-220;"03351-CT-6""-C3-0046-R3";;;C3;"EMPAQUETADURA, NO METÁLICA, SIN ASBESTOS, MATERIAL FIBRA DE ARAMIDA CON NBR, ASME B16.21 TIPO FLAT RING, ESPESOR 1/16"", PARA CONEXIÓN SEGÚN ASME B16.5 CLASE 150 FF";"6""";1;un;;0,1;kg;Contratista;EMPAQUETADURA;;;;;;;;SIN REVISAR;;;;;
1.1530;1;1530;EWP-3351-10-PA-220;CWP-3351-10-PA-220;CWA-3351-10;PWP-3351-10-PA-220;"03351-CT-3""-C2-0060-N";;;C2;"EMPAQUETADURA, NO METÁLICA, SIN ASBESTOS, MATERIAL FIBRA DE ARAMIDA CON NBR, ASME B16.21 TIPO FLAT RING, ESPESOR 1/16"", PARA CONEXIÓN SEGÚN ASME B16.5 CLASE 150 FF";"3""";1;un;;0,04;kg;Contratista;EMPAQUETADURA;;;;;;;;SIN REVISAR;;;;;
1.1531;1;1531;EWP-3351-10-PA-220;CWP-3351-10-PA-220;CWA-3351-10;PWP-3351-10-PA-220;"03351-CT-6""-C3-0005-R3";;;C3;"EMPAQUETADURA, NO METÁLICA, SIN ASBESTOS, MATERIAL FIBRA DE ARAMIDA CON NBR, ASME B16.21 TIPO FLAT RING, ESPESOR 1/16"", PARA CONEXIÓN SEGÚN ASME B16.5 CLASE 150 FF";"6""";1;un;;0,1;kg;Contratista;EMPAQUETADURA;;;;;;;;SIN REVISAR;;;;;
1.1532;1;1532;EWP-3351-10-PA-220;CWP-3351-10-PA-220;CWA-3351-10;PWP-3351-10-PA-220;"03351-CT-6""-C3-0046-R3";;;C3;"EMPAQUETADURA, NO METÁLICA, SIN ASBESTOS, MATERIAL FIBRA DE ARAMIDA CON NBR, ASME B16.21 TIPO FLAT RING, ESPESOR 1/16"", PARA CONEXIÓN SEGÚN ASME B16.5 CLASE 150 FF";"3""";1;un;;0,04;kg;Contratista;EMPAQUETADURA;;;;;;;;SIN REVISAR;;;;;
1.1533;1;1533;EWP-3351-10-PA-220;CWP-3351-10-PA-220;CWA-3351-10;PWP-3351-10-PA-220;"03351-CT-6""-C3-0021-R3";;;C3;"EMPAQUETADURA, NO METÁLICA, SIN ASBESTOS, MATERIAL FIBRA DE ARAMIDA CON NBR, ASME B16.21 TIPO FLAT RING, ESPESOR 1/16"", PARA CONEXIÓN SEGÚN ASME B16.5 CLASE 150 FF";"2""";1;un;;0,03;kg;Contratista;EMPAQUETADURA;;;;;;;;SIN REVISAR;;;;;
1.1534;1;1534;EWP-3351-10-PA-220;CWP-3351-10-PA-220;CWA-3351-10;PWP-3351-10-PA-220;"03351-CT-6""-C3-0006-R3";;;C3;"EMPAQUETADURA, NO METÁLICA, SIN ASBESTOS, MATERIAL FIBRA DE ARAMIDA CON NBR, ASME B16.21 TIPO FLAT RING, ESPESOR 1/16"", PARA CONEXIÓN SEGÚN ASME B16.5 CLASE 150 FF";"12""";1;un;;0,21;kg;Contratista;EMPAQUETADURA;;;;;;;;SIN REVISAR;;;;;
1.1535;1;1535;EWP-3351-10-PA-220;CWP-3351-10-PA-220;CWA-3351-10;PWP-3351-10-PA-220;"03351-CT-6""-C3-0023-R3";;;C3;"EMPAQUETADURA, NO METÁLICA, SIN ASBESTOS, MATERIAL FIBRA DE ARAMIDA CON NBR, ASME B16.21 TIPO FLAT RING, ESPESOR 1/16"", PARA CONEXIÓN SEGÚN ASME B16.5 CLASE 150 FF";"4""";1;un;;0,06;kg;Contratista;EMPAQUETADURA;;;;;;;;SIN REVISAR;;;;;
1.1536;1;1536;EWP-3351-10-PA-220;CWP-3351-10-PA-220;CWA-3351-10;PWP-3351-10-PA-220;"03351-CT-3""-C2-0059-N";;;C2;"EMPAQUETADURA, NO METÁLICA, SIN ASBESTOS, MATERIAL FIBRA DE ARAMIDA CON NBR, ASME B16.21 TIPO FLAT RING, ESPESOR 1/16"", PARA CONEXIÓN SEGÚN ASME B16.5 CLASE 150 FF";"3""";1;un;;0,04;kg;Contratista;EMPAQUETADURA;;;;;;;;SIN REVISAR;;;;;
1.1537;1;1537;EWP-3351-10-PA-220;CWP-3351-10-PA-220;CWA-3351-10;PWP-3351-10-PA-220;"03351-CT-3""-C2-0059-N";;;C2;"EMPAQUETADURA, NO METÁLICA, SIN ASBESTOS, MATERIAL FIBRA DE ARAMIDA CON NBR, ASME B16.21 TIPO FLAT RING, ESPESOR 1/16"", PARA CONEXIÓN SEGÚN ASME B16.5 CLASE 150 FF";"3""";1;un;;0,04;kg;Contratista;EMPAQUETADURA;;;;;;;;SIN REVISAR;;;;;
1.1538;1;1538;EWP-3351-10-PA-220;CWP-3351-10-PA-220;CWA-3351-10;PWP-3351-10-PA-220;"03351-CT-6""-C3-0007-R3";;;C3;"EMPAQUETADURA, NO METÁLICA, SIN ASBESTOS, MATERIAL FIBRA DE ARAMIDA CON NBR, ASME B16.21 TIPO FLAT RING, ESPESOR 1/16"", PARA CONEXIÓN SEGÚN ASME B16.5 CLASE 150 FF";"6""";1;un;;0,1;kg;Contratista;EMPAQUETADURA;;;;;;;;SIN REVISAR;;;;;
1.1539;1;1539;EWP-3351-10-PA-220;CWP-3351-10-PA-220;CWA-3351-10;PWP-3351-10-PA-220;"03351-PW-2""-C1-0039-N";;;C1;"EMPAQUETADURA, NO METÁLICA, SIN ASBESTOS, MATERIAL FIBRA DE ARAMIDA CON NBR, ASME B16.21 TIPO FLAT RING, ESPESOR 1/16"", PARA CONEXIÓN SEGÚN ASME B16.5 CLASE 150 FF";"2""";1;un;;0,03;kg;Contratista;EMPAQUETADURA;;;;;;;;SIN REVISAR;;;;;
1.1540;1;1540;EWP-3351-10-PA-220;CWP-3351-10-PA-220;CWA-3351-10;PWP-3351-10-PA-220;"03351-CT-6""-C3-0021-R3";;;C3;"EMPAQUETADURA, NO METÁLICA, SIN ASBESTOS, MATERIAL FIBRA DE ARAMIDA CON NBR, ASME B16.21 TIPO FLAT RING, ESPESOR 1/16"", PARA CONEXIÓN SEGÚN ASME B16.5 CLASE 150 FF";"3""";1;un;;0,04;kg;Contratista;EMPAQUETADURA;;;;;;;;SIN REVISAR;;;;;
1.1541;1;1541;EWP-3351-10-PA-220;CWP-3351-10-PA-220;CWA-3351-10;PWP-3351-10-PA-220;"03351-CT-6""-C3-0023-R3";;;C3;"EMPAQUETADURA, NO METÁLICA, SIN ASBESTOS, MATERIAL FIBRA DE ARAMIDA CON NBR, ASME B16.21 TIPO FLAT RING, ESPESOR 1/16"", PARA CONEXIÓN SEGÚN ASME B16.5 CLASE 150 FF";"3""";1;un;;0,04;kg;Contratista;EMPAQUETADURA;;;;;;;;SIN REVISAR;;;;;
1.1542;1;1542;EWP-3351-10-PA-220;CWP-3351-10-PA-220;CWA-3351-10;PWP-3351-10-PA-220;"03351-CT-6""-C3-0018-R3";;;C3;"EMPAQUETADURA, NO METÁLICA, SIN ASBESTOS, MATERIAL FIBRA DE ARAMIDA CON NBR, ASME B16.21 TIPO FLAT RING, ESPESOR 1/16"", PARA CONEXIÓN SEGÚN ASME B16.5 CLASE 150 FF";"3""";1;un;;0,04;kg;Contratista;EMPAQUETADURA;;;;;;;;SIN REVISAR;;;;;
1.1543;1;1543;EWP-3351-10-PA-220;CWP-3351-10-PA-220;CWA-3351-10;PWP-3351-10-PA-220;"03351-PW-2""-C1-0039-N";;;C1;"EMPAQUETADURA, NO METÁLICA, SIN ASBESTOS, MATERIAL FIBRA DE ARAMIDA CON NBR, ASME B16.21 TIPO FLAT RING, ESPESOR 1/16"", PARA CONEXIÓN SEGÚN ASME B16.5 CLASE 150 FF";"2""";1;un;;0,03;kg;Contratista;EMPAQUETADURA;;;;;;;;SIN REVISAR;;;;;
1.1544;1;1544;EWP-3351-10-PA-220;CWP-3351-10-PA-220;CWA-3351-10;PWP-3351-10-PA-220;"03351-CT-6""-C3-0006-R3";;;C3;"EMPAQUETADURA, NO METÁLICA, SIN ASBESTOS, MATERIAL FIBRA DE ARAMIDA CON NBR, ASME B16.21 TIPO FLAT RING, ESPESOR 1/16"", PARA CONEXIÓN SEGÚN ASME B16.5 CLASE 150 FF";"12""";1;un;;0,21;kg;Contratista;EMPAQUETADURA;;;;;;;;SIN REVISAR;;;;;
1.1545;1;1545;EWP-3351-10-PA-220;CWP-3351-10-PA-220;CWA-3351-10;PWP-3351-10-PA-220;"03351-CT-6""-C3-0007-R3";;;C3;"EMPAQUETADURA, NO METÁLICA, SIN ASBESTOS, MATERIAL FIBRA DE ARAMIDA CON NBR, ASME B16.21 TIPO FLAT RING, ESPESOR 1/16"", PARA CONEXIÓN SEGÚN ASME B16.5 CLASE 150 FF";"12""";1;un;;0,21;kg;Contratista;EMPAQUETADURA;;;;;;;;SIN REVISAR;;;;;
1.1546;1;1546;EWP-3351-10-PA-220;CWP-3351-10-PA-220;CWA-3351-10;PWP-3351-10-PA-220;"03351-CT-6""-C3-0005-R3";;;C3;"EMPAQUETADURA, NO METÁLICA, SIN ASBESTOS, MATERIAL FIBRA DE ARAMIDA CON NBR, ASME B16.21 TIPO FLAT RING, ESPESOR 1/16"", PARA CONEXIÓN SEGÚN ASME B16.5 CLASE 150 FF";"12""";1;un;;0,21;kg;Contratista;EMPAQUETADURA;;;;;;;;SIN REVISAR;;;;;
1.1547;1;1547;EWP-3351-10-PA-220;CWP-3351-10-PA-220;CWA-3351-10;PWP-3351-10-PA-220;"03351-CT-6""-C3-0005-R3";;;C3;"EMPAQUETADURA, NO METÁLICA, SIN ASBESTOS, MATERIAL FIBRA DE ARAMIDA CON NBR, ASME B16.21 TIPO FLAT RING, ESPESOR 1/16"", PARA CONEXIÓN SEGÚN ASME B16.5 CLASE 150 FF";"12""";1;un;;0,21;kg;Contratista;EMPAQUETADURA;;;;;;;;SIN REVISAR;;;;;
1.1548;1;1548;EWP-3351-10-PA-220;CWP-3351-10-PA-220;CWA-3351-10;PWP-3351-10-PA-220;"03351-CT-6""-C3-0007-R3";;;C3;"EMPAQUETADURA, NO METÁLICA, SIN ASBESTOS, MATERIAL FIBRA DE ARAMIDA CON NBR, ASME B16.21 TIPO FLAT RING, ESPESOR 1/16"", PARA CONEXIÓN SEGÚN ASME B16.5 CLASE 150 FF";"12""";1;un;;0,21;kg;Contratista;EMPAQUETADURA;;;;;;;;SIN REVISAR;;;;;
1.1549;1;1549;EWP-3351-10-PA-220;CWP-3351-10-PA-220;CWA-3351-10;PWP-3351-10-PA-220;"03351-CT-6""-C2-0047-N";;;C2;"EMPAQUETADURA, NO METÁLICA, SIN ASBESTOS, MATERIAL FIBRA DE ARAMIDA CON NBR, ASME B16.21 TIPO FLAT RING, ESPESOR 1/16"", PARA CONEXIÓN SEGÚN ASME B16.5 CLASE 150 FF";"12""";1;un;;0,21;kg;Contratista;EMPAQUETADURA;;;;;;;;SIN REVISAR;;;;;
1.1550;1;1550;EWP-3351-10-PA-220;CWP-3351-10-PA-220;CWA-3351-10;PWP-3351-10-PA-220;"03351-CT-6""-C2-0047-N";;;C2;"EMPAQUETADURA, NO METÁLICA, SIN ASBESTOS, MATERIAL FIBRA DE ARAMIDA CON NBR, ASME B16.21 TIPO FLAT RING, ESPESOR 1/16"", PARA CONEXIÓN SEGÚN ASME B16.5 CLASE 150 FF";"12""";1;un;;0,21;kg;Contratista;EMPAQUETADURA;;;;;;;;SIN REVISAR;;;;;
1.1551;1;1551;EWP-3351-10-PA-220;CWP-3351-10-PA-220;CWA-3351-10;PWP-3351-10-PA-220;"03351-CT-6""-C3-0021-R3";;;C3;"EMPAQUETADURA, NO METÁLICA, SIN ASBESTOS, MATERIAL FIBRA DE ARAMIDA CON NBR, ASME B16.21 TIPO FLAT RING, ESPESOR 1/16"", PARA CONEXIÓN SEGÚN ASME B16.5 CLASE 150 RF";"6""";1;un;;0,11;kg;Contratista;EMPAQUETADURA;;;;;;;;SIN REVISAR;;;;;
1.1552;1;1552;EWP-3351-10-PA-220;CWP-3351-10-PA-220;CWA-3351-10;PWP-3351-10-PA-220;"03351-CT-6""-C3-0018-R3";;;C3;"EMPAQUETADURA, NO METÁLICA, SIN ASBESTOS, MATERIAL FIBRA DE ARAMIDA CON NBR, ASME B16.21 TIPO FLAT RING, ESPESOR 1/16"", PARA CONEXIÓN SEGÚN ASME B16.5 CLASE 150 RF";"6""";1;un;;0,11;kg;Contratista;EMPAQUETADURA;;;;;;;;SIN REVISAR;;;;;
1.1553;1;1553;EWP-3351-10-PA-220;CWP-3351-10-PA-220;CWA-3351-10;PWP-3351-10-PA-220;"03351-CT-4""-C3-0017-R3";;;C3;"EMPAQUETADURA, NO METÁLICA, SIN ASBESTOS, MATERIAL FIBRA DE ARAMIDA CON NBR, ASME B16.21 TIPO FLAT RING, ESPESOR 1/16"", PARA CONEXIÓN SEGÚN ASME B16.5 CLASE 150 RF";"4""";1;un;;0,09;kg;Contratista;EMPAQUETADURA;;;;;;;;SIN REVISAR;;;;;
1.1554;1;1554;EWP-3351-10-PA-220;CWP-3351-10-PA-220;CWA-3351-10;PWP-3351-10-PA-220;"03351-CT-6""-C3-0018-R3";;;C3;"EMPAQUETADURA, NO METÁLICA, SIN ASBESTOS, MATERIAL FIBRA DE ARAMIDA CON NBR, ASME B16.21 TIPO FLAT RING, ESPESOR 1/16"", PARA CONEXIÓN SEGÚN ASME B16.5 CLASE 150 RF";"6""";1;un;;0,11;kg;Contratista;EMPAQUETADURA;;;;;;;;SIN REVISAR;;;;;
1.1555;1;1555;EWP-3351-10-PA-220;CWP-3351-10-PA-220;CWA-3351-10;PWP-3351-10-PA-220;"03351-CT-6""-C3-0021-R3";;;C3;"EMPAQUETADURA, NO METÁLICA, SIN ASBESTOS, MATERIAL FIBRA DE ARAMIDA CON NBR, ASME B16.21 TIPO FLAT RING, ESPESOR 1/16"", PARA CONEXIÓN SEGÚN ASME B16.5 CLASE 150 RF";"6""";1;un;;0,11;kg;Contratista;EMPAQUETADURA;;;;;;;;SIN REVISAR;;;;;
1.1556;1;1556;EWP-3351-10-PA-220;CWP-3351-10-PA-220;CWA-3351-10;PWP-3351-10-PA-220;"03351-CT-4""-C3-0077-R3";;;C3;"EMPAQUETADURA, NO METÁLICA, SIN ASBESTOS, MATERIAL FIBRA DE ARAMIDA CON NBR, ASME B16.21 TIPO FLAT RING, ESPESOR 1/16"", PARA CONEXIÓN SEGÚN ASME B16.5 CLASE 150 RF";"4""";1;un;;0,09;kg;Contratista;EMPAQUETADURA;;;;;;;;SIN REVISAR;;;;;
1.1557;1;1557;EWP-3351-10-PA-220;CWP-3351-10-PA-220;CWA-3351-10;PWP-3351-10-PA-220;"03351-CT-6""-C3-0023-R3";;;C3;"EMPAQUETADURA, NO METÁLICA, SIN ASBESTOS, MATERIAL FIBRA DE ARAMIDA CON NBR, ASME B16.21 TIPO FLAT RING, ESPESOR 1/16"", PARA CONEXIÓN SEGÚN ASME B16.5 CLASE 150 RF";"2""";1;un;;0,04;kg;Contratista;EMPAQUETADURA;;;;;;;;SIN REVISAR;;;;;
1.1558;1;1558;EWP-3351-10-PA-220;CWP-3351-10-PA-220;CWA-3351-10;PWP-3351-10-PA-220;"03351-CT-6""-C3-0021-R3";;;C3;"EMPAQUETADURA, NO METÁLICA, SIN ASBESTOS, MATERIAL FIBRA DE ARAMIDA CON NBR, ASME B16.21 TIPO FLAT RING, ESPESOR 1/16"", PARA CONEXIÓN SEGÚN ASME B16.5 CLASE 150 RF";"2""";1;un;;0,04;kg;Contratista;EMPAQUETADURA;;;;;;;;SIN REVISAR;;;;;
1.1559;1;1559;EWP-3351-10-PA-220;CWP-3351-10-PA-220;CWA-3351-10;PWP-3351-10-PA-220;"03351-CT-6""-C3-0018-R3";;;C3;"EMPAQUETADURA, NO METÁLICA, SIN ASBESTOS, MATERIAL FIBRA DE ARAMIDA CON NBR, ASME B16.21 TIPO FLAT RING, ESPESOR 1/16"", PARA CONEXIÓN SEGÚN ASME B16.5 CLASE 150 RF";"2""";1;un;;0,04;kg;Contratista;EMPAQUETADURA;;;;;;;;SIN REVISAR;;;;;
1.1560;1;1560;EWP-3351-10-PA-220;CWP-3351-10-PA-220;CWA-3351-10;PWP-3351-10-PA-220;"03351-CT-6""-C3-0023-R3";;;C3;"EMPAQUETADURA, NO METÁLICA, SIN ASBESTOS, MATERIAL FIBRA DE ARAMIDA CON NBR, ASME B16.21 TIPO FLAT RING, ESPESOR 1/16"", PARA CONEXIÓN SEGÚN ASME B16.5 CLASE 150 RF";"3""";1;un;;0,03;kg;Contratista;EMPAQUETADURA;;;;;;;;SIN REVISAR;;;;;
1.1561;1;1561;EWP-3351-10-PA-220;CWP-3351-10-PA-220;CWA-3351-10;PWP-3351-10-PA-220;"03351-CT-6""-C3-0021-R3";;;C3;"EMPAQUETADURA, NO METÁLICA, SIN ASBESTOS, MATERIAL FIBRA DE ARAMIDA CON NBR, ASME B16.21 TIPO FLAT RING, ESPESOR 1/16"", PARA CONEXIÓN SEGÚN ASME B16.5 CLASE 150 RF";"3""";1;un;;0,03;kg;Contratista;EMPAQUETADURA;;;;;;;;SIN REVISAR;;;;;
1.1562;1;1562;EWP-3351-10-PA-220;CWP-3351-10-PA-220;CWA-3351-10;PWP-3351-10-PA-220;"03351-CT-6""-C3-0023-R3";;;C3;"EMPAQUETADURA, NO METÁLICA, SIN ASBESTOS, MATERIAL FIBRA DE ARAMIDA CON NBR, ASME B16.21 TIPO FLAT RING, ESPESOR 1/16"", PARA CONEXIÓN SEGÚN ASME B16.5 CLASE 150 RF";"3""";1;un;;0,03;kg;Contratista;EMPAQUETADURA;;;;;;;;SIN REVISAR;;;;;
1.1563;1;1563;EWP-3351-10-PA-220;CWP-3351-10-PA-220;CWA-3351-10;PWP-3351-10-PA-220;"03351-CT-6""-C3-0021-R3";;;C3;"EMPAQUETADURA, NO METÁLICA, SIN ASBESTOS, MATERIAL FIBRA DE ARAMIDA CON NBR, ASME B16.21 TIPO FLAT RING, ESPESOR 1/16"", PARA CONEXIÓN SEGÚN ASME B16.5 CLASE 150 RF";"3""";1;un;;0,03;kg;Contratista;EMPAQUETADURA;;;;;;;;SIN REVISAR;;;;;
1.1564;1;1564;EWP-3351-10-PA-220;CWP-3351-10-PA-220;CWA-3351-10;PWP-3351-10-PA-220;"03351-CT-6""-C3-0018-R3";;;C3;"EMPAQUETADURA, NO METÁLICA, SIN ASBESTOS, MATERIAL FIBRA DE ARAMIDA CON NBR, ASME B16.21 TIPO FLAT RING, ESPESOR 1/16"", PARA CONEXIÓN SEGÚN ASME B16.5 CLASE 150 RF";"3""";1;un;;0,03;kg;Contratista;EMPAQUETADURA;;;;;;;;SIN REVISAR;;;;;
1.1565;1;1565;EWP-3351-10-PA-220;CWP-3351-10-PA-220;CWA-3351-10;PWP-3351-10-PA-220;"03351-CT-6""-C3-0018-R3";;;C3;"EMPAQUETADURA, NO METÁLICA, SIN ASBESTOS, MATERIAL FIBRA DE ARAMIDA CON NBR, ASME B16.21 TIPO FLAT RING, ESPESOR 1/16"", PARA CONEXIÓN SEGÚN ASME B16.5 CLASE 150 RF";"3""";1;un;;0,03;kg;Contratista;EMPAQUETADURA;;;;;;;;SIN REVISAR;;;;;
1.1566;1;1566;EWP-3351-10-PA-220;CWP-3351-10-PA-220;CWA-3351-10;PWP-3351-10-PA-220;"03351-CT-6""-C3-0021-R3";;;C3;"EMPAQUETADURA, SIN ASBESTOS, MATERIAL FIBRA DE ARAMIDA CON NBR, ASME B16.21 TIPO FLAT RING, ESPESOR 1/16"", PARA CONEXIÓN SEGÚN ASME B16.5 CLASE 150 RF";"2""";1;un;;0,03;kg;Contratista;EMPAQUETADURA;;;;;;;;SIN REVISAR;;;;;
1.1567;1;1567;EWP-3351-10-PA-220;CWP-3351-10-PA-220;CWA-3351-10;PWP-3351-10-PA-220;"03351-GW-1""-C1-0034-N";;;C1;"EMPAQUETADURA, SIN ASBESTOS, MATERIAL FIBRA DE ARAMIDA CON NBR, ASME B16.21 TIPO FLAT RING, ESPESOR 1/16"", PARA CONEXIÓN SEGÚN ASME B16.5 CLASE 150 RF";"1""";1;un;;0,01;kg;Contratista;EMPAQUETADURA;;;;;;;;SIN REVISAR;;;;;
1.1568;1;1568;EWP-3351-10-PA-220;CWP-3351-10-PA-220;CWA-3351-10;PWP-3351-10-PA-220;"03351-PW-4""-C1-0016-N";;;C1;"EMPAQUETADURA, SIN ASBESTOS, MATERIAL FIBRA DE ARAMIDA CON NBR, ASME B16.21 TIPO FLAT RING, ESPESOR 1/16"", PARA CONEXIÓN SEGÚN ASME B16.5 CLASE 150 RF";"4""";1;un;;0,06;kg;Contratista;EMPAQUETADURA;;;;;;;;SIN REVISAR;;;;;
1.1569;1;1569;EWP-3351-10-PA-220;CWP-3351-10-PA-220;CWA-3351-10;PWP-3351-10-PA-220;"03351-PW-6""-C1-0013-N";;;C1;"EMPAQUETADURA, SIN ASBESTOS, MATERIAL FIBRA DE ARAMIDA CON NBR, ASME B16.21 TIPO FLAT RING, ESPESOR 1/16"", PARA CONEXIÓN SEGÚN ASME B16.5 CLASE 150 RF";"6""";1;un;;0,1;kg;Contratista;EMPAQUETADURA;;;;;;;;SIN REVISAR;;;;;
1.1570;1;1570;EWP-3351-10-PA-220;CWP-3351-10-PA-220;CWA-3351-10;PWP-3351-10-PA-220;"03351-GW-1""-C1-0036-N";;;C1;"EMPAQUETADURA, SIN ASBESTOS, MATERIAL FIBRA DE ARAMIDA CON NBR, ASME B16.21 TIPO FLAT RING, ESPESOR 1/16"", PARA CONEXIÓN SEGÚN ASME B16.5 CLASE 150 RF";"1""";1;un;;0,01;kg;Contratista;EMPAQUETADURA;;;;;;;;SIN REVISAR;;;;;
1.1571;1;1571;EWP-3351-10-PA-220;CWP-3351-10-PA-220;CWA-3351-10;PWP-3351-10-PA-220;"03351-PW-4""-C1-0094-N";;;C1;"EMPAQUETADURA, SIN ASBESTOS, MATERIAL FIBRA DE ARAMIDA CON NBR, ASME B16.21 TIPO FLAT RING, ESPESOR 1/16"", PARA CONEXIÓN SEGÚN ASME B16.5 CLASE 150 RF";"4""";1;un;;0,06;kg;Contratista;EMPAQUETADURA;;;;;;;;SIN REVISAR;;;;;
1.1572;1;1572;EWP-3351-10-PA-220;CWP-3351-10-PA-220;CWA-3351-10;PWP-3351-10-PA-220;"03351-PW-2""-C1-0055-N";;;C1;"EMPAQUETADURA, SIN ASBESTOS, MATERIAL FIBRA DE ARAMIDA CON NBR, ASME B16.21 TIPO FLAT RING, ESPESOR 1/16"", PARA CONEXIÓN SEGÚN ASME B16.5 CLASE 150 RF";"2""";1;un;;0,03;kg;Contratista;EMPAQUETADURA;;;;;;;;SIN REVISAR;;;;;
1.1573;1;1573;EWP-3351-10-PA-220;CWP-3351-10-PA-220;CWA-3351-10;PWP-3351-10-PA-220;"03351-GW-1""-C1-0036-N";;;C1;"EMPAQUETADURA, SIN ASBESTOS, MATERIAL FIBRA DE ARAMIDA CON NBR, ASME B16.21 TIPO FLAT RING, ESPESOR 1/16"", PARA CONEXIÓN SEGÚN ASME B16.5 CLASE 150 RF";"1""";1;un;;0,01;kg;Contratista;EMPAQUETADURA;;;;;;;;SIN REVISAR;;;;;
1.1574;1;1574;EWP-3351-10-PA-220;CWP-3351-10-PA-220;CWA-3351-10;PWP-3351-10-PA-220;"03351-PW-6""-C1-0013-N";;;C1;"EMPAQUETADURA, SIN ASBESTOS, MATERIAL FIBRA DE ARAMIDA CON NBR, ASME B16.21 TIPO FLAT RING, ESPESOR 1/16"", PARA CONEXIÓN SEGÚN ASME B16.5 CLASE 150 RF";"6""";1;un;;0,1;kg;Contratista;EMPAQUETADURA;;;;;;;;SIN REVISAR;;;;;
1.1575;1;1575;EWP-3351-10-PA-220;CWP-3351-10-PA-220;CWA-3351-10;PWP-3351-10-PA-220;"03351-PW-2""-C1-0082-N";;;C1;"EMPAQUETADURA, SIN ASBESTOS, MATERIAL FIBRA DE ARAMIDA CON NBR, ASME B16.21 TIPO FLAT RING, ESPESOR 1/16"", PARA CONEXIÓN SEGÚN ASME B16.5 CLASE 150 RF";"2""";1;un;;0,03;kg;Contratista;EMPAQUETADURA;;;;;;;;SIN REVISAR;;;;;
1.1576;1;1576;EWP-3351-10-PA-220;CWP-3351-10-PA-220;CWA-3351-10;PWP-3351-10-PA-220;"03351-PW-4""-C1-0094-N";;;C1;"EMPAQUETADURA, SIN ASBESTOS, MATERIAL FIBRA DE ARAMIDA CON NBR, ASME B16.21 TIPO FLAT RING, ESPESOR 1/16"", PARA CONEXIÓN SEGÚN ASME B16.5 CLASE 150 RF";"4""";1;un;;0,06;kg;Contratista;EMPAQUETADURA;;;;;;;;SIN REVISAR;;;;;
1.1577;1;1577;EWP-3351-10-PA-220;CWP-3351-10-PA-220;CWA-3351-10;PWP-3351-10-PA-220;"03351-PW-2""-C1-0081-N";;;C1;"EMPAQUETADURA, SIN ASBESTOS, MATERIAL FIBRA DE ARAMIDA CON NBR, ASME B16.21 TIPO FLAT RING, ESPESOR 1/16"", PARA CONEXIÓN SEGÚN ASME B16.5 CLASE 150 RF";"2""";1;un;;0,03;kg;Contratista;EMPAQUETADURA;;;;;;;;SIN REVISAR;;;;;
1.1578;1;1578;EWP-3351-10-PA-220;CWP-3351-10-PA-220;CWA-3351-10;PWP-3351-10-PA-220;"03351-CT-6""-C3-0023-R3";;;C3;"EMPAQUETADURA, SIN ASBESTOS, MATERIAL FIBRA DE ARAMIDA CON NBR, ASME B16.21 TIPO FLAT RING, ESPESOR 1/16"", PARA CONEXIÓN SEGÚN ASME B16.5 CLASE 150 RF";"2""";1;un;;0,03;kg;Contratista;EMPAQUETADURA;;;;;;;;SIN REVISAR;;;;;
1.1579;1;1579;EWP-3351-10-PA-220;CWP-3351-10-PA-220;CWA-3351-10;PWP-3351-10-PA-220;"03351-PW-4""-C1-0016-N";;;C1;"EMPAQUETADURA, SIN ASBESTOS, MATERIAL FIBRA DE ARAMIDA CON NBR, ASME B16.21 TIPO FLAT RING, ESPESOR 1/16"", PARA CONEXIÓN SEGÚN ASME B16.5 CLASE 150 RF";"4""";1;un;;0,06;kg;Contratista;EMPAQUETADURA;;;;;;;;SIN REVISAR;;;;;
1.1580;1;1580;EWP-3351-10-PA-220;CWP-3351-10-PA-220;CWA-3351-10;PWP-3351-10-PA-220;"03351-PW-6""-C1-0013-N";;;C1;"EMPAQUETADURA, SIN ASBESTOS, MATERIAL FIBRA DE ARAMIDA CON NBR, ASME B16.21 TIPO FLAT RING, ESPESOR 1/16"", PARA CONEXIÓN SEGÚN ASME B16.5 CLASE 150 RF";"6""";1;un;;0,1;kg;Contratista;EMPAQUETADURA;;;;;;;;SIN REVISAR;;;;;
1.1581;1;1581;EWP-3351-10-PA-220;CWP-3351-10-PA-220;CWA-3351-10;PWP-3351-10-PA-220;"03351-GW-1""-C1-0034-N";;;C1;"EMPAQUETADURA, SIN ASBESTOS, MATERIAL FIBRA DE ARAMIDA CON NBR, ASME B16.21 TIPO FLAT RING, ESPESOR 1/16"", PARA CONEXIÓN SEGÚN ASME B16.5 CLASE 150 RF";"1""";1;un;;0,01;kg;Contratista;EMPAQUETADURA;;;;;;;;SIN REVISAR;;;;;
1.1582;1;1582;EWP-3351-10-PA-220;CWP-3351-10-PA-220;CWA-3351-10;PWP-3351-10-PA-220;"03351-CT-6""-C3-0018-R3";;;C3;"EMPAQUETADURA, SIN ASBESTOS, MATERIAL FIBRA DE ARAMIDA CON NBR, ASME B16.21 TIPO FLAT RING, ESPESOR 1/16"", PARA CONEXIÓN SEGÚN ASME B16.5 CLASE 150 RF";"2""";1;un;;0,03;kg;Contratista;EMPAQUETADURA;;;;;;;;SIN REVISAR;;;;;
1.1583;1;1583;EWP-3351-10-PA-220;CWP-3351-10-PA-220;CWA-3351-10;PWP-3351-10-PA-220;"03351-PW-2""-C1-0024-N";;;C1;"EMPAQUETADURA, SIN ASBESTOS, MATERIAL FIBRA DE ARAMIDA CON NBR, ASME B16.21 TIPO FLAT RING, ESPESOR 1/16"", PARA CONEXIÓN SEGÚN ASME B16.5 CLASE 150 RF";"2""";1;un;;0,03;kg;Contratista;EMPAQUETADURA;;;;;;;;SIN REVISAR;;;;;
1.1584;1;1584;EWP-3351-10-PA-220;CWP-3351-10-PA-220;CWA-3351-10;PWP-3351-10-PA-220;"03351-GW-1""-C1-0032-N";;;C1;"EMPAQUETADURA, SIN ASBESTOS, MATERIAL FIBRA DE ARAMIDA CON NBR, ASME B16.21 TIPO FLAT RING, ESPESOR 1/16"", PARA CONEXIÓN SEGÚN ASME B16.5 CLASE 150 RF";"1""";1;un;;0,01;kg;Contratista;EMPAQUETADURA;;;;;;;;SIN REVISAR;;;;;
1.1585;1;1585;EWP-3351-10-PA-220;CWP-3351-10-PA-220;CWA-3351-10;PWP-3351-10-PA-220;"03351-PW-2""-C1-0054-N";;;C1;"EMPAQUETADURA, SIN ASBESTOS, MATERIAL FIBRA DE ARAMIDA CON NBR, ASME B16.21 TIPO FLAT RING, ESPESOR 1/16"", PARA CONEXIÓN SEGÚN ASME B16.5 CLASE 150 RF";"2""";1;un;;0,03;kg;Contratista;EMPAQUETADURA;;;;;;;;SIN REVISAR;;;;;
1.1586;1;1586;EWP-3351-10-PA-220;CWP-3351-10-PA-220;CWA-3351-10;PWP-3351-10-PA-220;"03351-GW-1""-C1-0032-N";;;C1;"EMPAQUETADURA, SIN ASBESTOS, MATERIAL FIBRA DE ARAMIDA CON NBR, ASME B16.21 TIPO FLAT RING, ESPESOR 1/16"", PARA CONEXIÓN SEGÚN ASME B16.5 CLASE 150 RF";"1""";1;un;;0,01;kg;Contratista;EMPAQUETADURA;;;;;;;;SIN REVISAR;;;;;
1.1587;1;1587;EWP-3351-10-PA-220;CWP-3351-10-PA-220;CWA-3351-10;PWP-3351-10-PA-220;"03351-PW-4""-C1-0016-N";;;C1;"EMPAQUETADURA, SIN ASBESTOS, MATERIAL FIBRA DE ARAMIDA CON NBR, ASME B16.21 TIPO FLAT RING, ESPESOR 1/16"", PARA CONEXIÓN SEGÚN ASME B16.5 CLASE 150 RF";"4""";1;un;;0,06;kg;Contratista;EMPAQUETADURA;;;;;;;;SIN REVISAR;;;;;
1.1588;1;1588;EWP-3351-10-PA-220;CWP-3351-10-PA-220;CWA-3351-10;PWP-3351-10-PA-220;"03351-PW-4""-C1-0016-N";;;C1;"EMPAQUETADURA, SIN ASBESTOS, MATERIAL FIBRA DE ARAMIDA CON NBR, ASME B16.21 TIPO FLAT RING, ESPESOR 1/16"", PARA CONEXIÓN SEGÚN ASME B16.5 CLASE 150 RF";"4""";1;un;;0,06;kg;Contratista;EMPAQUETADURA;;;;;;;;SIN REVISAR;;;;;
1.1589;1;1589;EWP-3351-10-PA-220;CWP-3351-10-PA-220;CWA-3351-10;PWP-3351-10-PA-220;"03351-PW-4""-C1-0094-N";;;C1;"EMPAQUETADURA, SIN ASBESTOS, MATERIAL FIBRA DE ARAMIDA CON NBR, ASME B16.21 TIPO FLAT RING, ESPESOR 1/16"", PARA CONEXIÓN SEGÚN ASME B16.5 CLASE 150 RF";"4""";1;un;;0,06;kg;Contratista;EMPAQUETADURA;;;;;;;;SIN REVISAR;;;;;
1.1590;1;1590;EWP-3351-10-PA-220;CWP-3351-10-PA-220;CWA-3351-10;PWP-3351-10-PA-220;"03351-PW-4""-C1-0094-N";;;C1;"EMPAQUETADURA, SIN ASBESTOS, MATERIAL FIBRA DE ARAMIDA CON NBR, ASME B16.21 TIPO FLAT RING, ESPESOR 1/16"", PARA CONEXIÓN SEGÚN ASME B16.5 CLASE 150 RF";"4""";1;un;;0,06;kg;Contratista;EMPAQUETADURA;;;;;;;;SIN REVISAR;;;;;
1.1591;1;1591;EWP-3351-10-PA-220;CWP-3351-10-PA-220;CWA-3351-10;PWP-3351-10-PA-220;"03351-PW-4""-C1-0016-N";;;C1;"EMPAQUETADURA, SIN ASBESTOS, MATERIAL FIBRA DE ARAMIDA CON NBR, ASME B16.21 TIPO FLAT RING, ESPESOR 1/16"", PARA CONEXIÓN SEGÚN ASME B16.5 CLASE 150 RF";"4""";1;un;;0,06;kg;Contratista;EMPAQUETADURA;;;;;;;;SIN REVISAR;;;;;
1.1592;1;1592;EWP-3351-10-PA-220;CWP-3351-10-PA-220;CWA-3351-10;PWP-3351-10-PA-220;"03351-PW-4""-C1-0094-N";;;C1;"EMPAQUETADURA, SIN ASBESTOS, MATERIAL FIBRA DE ARAMIDA CON NBR, ASME B16.21 TIPO FLAT RING, ESPESOR 1/16"", PARA CONEXIÓN SEGÚN ASME B16.5 CLASE 150 RF";"4""";1;un;;0,06;kg;Contratista;EMPAQUETADURA;;;;;;;;SIN REVISAR;;;;;
1.1593;1;1593;EWP-3351-10-PA-220;CWP-3351-10-PA-220;CWA-3351-10;PWP-3351-10-PA-220;"03351-PW-4""-C1-0016-N";;;C1;"EMPAQUETADURA, SIN ASBESTOS, MATERIAL FIBRA DE ARAMIDA CON NBR, ASME B16.21 TIPO FLAT RING, ESPESOR 1/16"", PARA CONEXIÓN SEGÚN ASME B16.5 CLASE 150 RF";"4""";1;un;;0,06;kg;Contratista;EMPAQUETADURA;;;;;;;;SIN REVISAR;;;;;
1.1594;1;1594;EWP-3351-10-PA-220;CWP-3351-10-PA-220;CWA-3351-10;PWP-3351-10-PA-220;"03351-PW-4""-C1-0094-N";;;C1;"EMPAQUETADURA, SIN ASBESTOS, MATERIAL FIBRA DE ARAMIDA CON NBR, ASME B16.21 TIPO FLAT RING, ESPESOR 1/16"", PARA CONEXIÓN SEGÚN ASME B16.5 CLASE 150 RF";"4""";1;un;;0,06;kg;Contratista;EMPAQUETADURA;;;;;;;;SIN REVISAR;;;;;
1.1595;1;1595;EWP-3351-10-PA-220;CWP-3351-10-PA-220;CWA-3351-10;PWP-3351-10-PA-220;"03351-PW-4""-C1-0016-N";;;C1;"EMPAQUETADURA, SIN ASBESTOS, MATERIAL FIBRA DE ARAMIDA CON NBR, ASME B16.21 TIPO FLAT RING, ESPESOR 1/16"", PARA CONEXIÓN SEGÚN ASME B16.5 CLASE 150 RF";"4""";1;un;;0,06;kg;Contratista;EMPAQUETADURA;;;;;;;;SIN REVISAR;;;;;
1.1596;1;1596;EWP-3351-10-PA-220;CWP-3351-10-PA-220;CWA-3351-10;PWP-3351-10-PA-220;"03351-PW-4""-C1-0016-N";;;C1;"EMPAQUETADURA, SIN ASBESTOS, MATERIAL FIBRA DE ARAMIDA CON NBR, ASME B16.21 TIPO FLAT RING, ESPESOR 1/16"", PARA CONEXIÓN SEGÚN ASME B16.5 CLASE 150 RF";"4""";1;un;;0,06;kg;Contratista;EMPAQUETADURA;;;;;;;;SIN REVISAR;;;;;
1.1597;1;1597;EWP-3351-10-PA-220;CWP-3351-10-PA-220;CWA-3351-10;PWP-3351-10-PA-220;"03351-CT-6""-C3-0021-R3";;;C3;"EMPAQUETADURA, SIN ASBESTOS, MATERIAL FIBRA DE ARAMIDA CON NBR, ASME B16.21 TIPO FLAT RING, ESPESOR 1/16"", PARA CONEXIÓN SEGÚN ASME B16.5 CLASE 150 RF";"3""";1;un;;0,04;kg;Contratista;EMPAQUETADURA;;;;;;;;SIN REVISAR;;;;;
1.1598;1;1598;EWP-3351-10-PA-220;CWP-3351-10-PA-220;CWA-3351-10;PWP-3351-10-PA-220;"03351-CT-6""-C3-0023-R3";;;C3;"EMPAQUETADURA, SIN ASBESTOS, MATERIAL FIBRA DE ARAMIDA CON NBR, ASME B16.21 TIPO FLAT RING, ESPESOR 1/16"", PARA CONEXIÓN SEGÚN ASME B16.5 CLASE 150 RF";"2""";1;un;;0,03;kg;Contratista;EMPAQUETADURA;;;;;;;;SIN REVISAR;;;;;
1.1599;1;1599;EWP-3351-10-PA-220;CWP-3351-10-PA-220;CWA-3351-10;PWP-3351-10-PA-220;"03351-CT-6""-C3-0021-R3";;;C3;"EMPAQUETADURA, SIN ASBESTOS, MATERIAL FIBRA DE ARAMIDA CON NBR, ASME B16.21 TIPO FLAT RING, ESPESOR 1/16"", PARA CONEXIÓN SEGÚN ASME B16.5 CLASE 150 RF";"2""";1;un;;0,03;kg;Contratista;EMPAQUETADURA;;;;;;;;SIN REVISAR;;;;;
1.1600;1;1600;EWP-3351-10-PA-220;CWP-3351-10-PA-220;CWA-3351-10;PWP-3351-10-PA-220;"03351-GW-2""-C1-0095-N";;;C1;"EMPAQUETADURA, SIN ASBESTOS, MATERIAL FIBRA DE ARAMIDA CON NBR, ASME B16.21 TIPO FLAT RING, ESPESOR 1/16"", PARA CONEXIÓN SEGÚN ASME B16.5 CLASE 150 RF";"2""";1;un;;0,03;kg;Contratista;EMPAQUETADURA;;;;;;;;SIN REVISAR;;;;;
1.1601;1;1601;EWP-3351-10-PA-220;CWP-3351-10-PA-220;CWA-3351-10;PWP-3351-10-PA-220;"03351-CT-6""-C3-0018-R3";;;C3;"EMPAQUETADURA, SIN ASBESTOS, MATERIAL FIBRA DE ARAMIDA CON NBR, ASME B16.21 TIPO FLAT RING, ESPESOR 1/16"", PARA CONEXIÓN SEGÚN ASME B16.5 CLASE 150 RF";"2""";1;un;;0,03;kg;Contratista;EMPAQUETADURA;;;;;;;;SIN REVISAR;;;;;
1.1602;1;1602;EWP-3351-10-PA-220;CWP-3351-10-PA-220;CWA-3351-10;PWP-3351-10-PA-220;"03351-PW-2""-C1-0093-N";;;C1;FILTRO MAGNÉTICO, ASME B16.11, CL 150, CONEXIÓN NPT;"2""";1;un;;58;kg;Contratista;FILTRO;;;;;;;;SIN REVISAR;;;;;
1.1603;1;1603;EWP-3351-10-PA-220;CWP-3351-10-PA-220;CWA-3351-10;PWP-3351-10-PA-220;"03351-PW-2""-C1-0039-N";;;C1;FILTRO MAGNÉTICO, ASME B16.11, CL 150, CONEXIÓN NPT;"2""";1;un;;58;kg;Contratista;FILTRO;;;;;;;;SIN REVISAR;;;;;
1.1604;1;1604;EWP-3351-10-PA-220;CWP-3351-10-PA-220;CWA-3351-10;PWP-3351-10-PA-220;"03351-PW-4""-C1-0016-N";;;C1;FILTRO Y, ASME B16.1, CL 150, CONEXIÓN CON FLANGE ANSI B16.5;"4""";1;un;;63;kg;Contratista;FILTRO;;;;;;;;SIN REVISAR;;;;;
1.1605;1;1605;EWP-3351-10-PA-220;CWP-3351-10-PA-220;CWA-3351-10;PWP-3351-10-PA-220;"03351-PW-4""-C1-0094-N";;;C1;FILTRO Y, ASME B16.1, CL 150, CONEXIÓN CON FLANGE ANSI B16.5;"4""";1;un;;63;kg;Contratista;FILTRO;;;;;;;;SIN REVISAR;;;;;
1.1371;1;1371;EWP-3351-10-PA-220;CWP-3351-10-PA-220;CWA-3351-10;PWP-3351-10-PA-220;03351-RW-250-H1-0010-N;;;H1;"EMPAQUETADURA ASME B16.21, TIPO FULL FACE, ESPESOR 1/8"", PARA CONEXIÓN SEGÚN AWWA C207CLASE D, MATERIAL PTFE PURO EXPANDIDO";"10""";1;un;FALSO;0,97;kg;Contratista;EMPAQUETADURA;;;;;;;;SIN REVISAR;;;;;
1.1611;1;1611;EWP-3351-10-PA-220;CWP-3351-10-PA-220;CWA-3351-10;PWP-3351-10-PA-220;03351-RW-250-H1-0010-N;;;H1;FLANGE ADAPTADOR (STUB-END) HDPE PE100 PN6, TFW, SEGÚN ISO 9624;"10""";1;un;FALSO;2,58;kg;Contratista;FLANGE;;;;;;;;SIN REVISAR;;;;;
1.1608;1;1608;EWP-3351-10-PA-220;CWP-3351-10-PA-220;CWA-3351-10;PWP-3351-10-PA-220;03351-CT-200-H2-0002-N;;;H2;FLANGE ADAPTADOR (STUB-END) HDPE PE100 PN6, TFW, SEGÚN ISO 9624;"8""";1;un;;1,56;kg;Contratista;FLANGE;;;;;;;;SIN REVISAR;;;;;
1.1615;1;1615;EWP-3351-10-PA-220;CWP-3351-10-PA-220;CWA-3351-10;PWP-3351-10-PA-220;03351-RW-250-H1-0010-N;;;H1;FLANGE ADAPTADOR (STUB-END) HDPE PE100 PN6, TFW, SEGÚN ISO 9624;"10""";1;un;FALSO;2,58;kg;Contratista;FLANGE;;;;;;;;SIN REVISAR;;;;;
1.1610;1;1610;EWP-3351-10-PA-220;CWP-3351-10-PA-220;CWA-3351-10;PWP-3351-10-PA-220;03351-CT-200-H2-0045-N;;;H2;FLANGE ADAPTADOR (STUB-END) HDPE PE100 PN6, TFW, SEGÚN ISO 9624;"2""";1;un;;0,11;kg;Contratista;FLANGE;;;;;;;;SIN REVISAR;;;;;
1.1622;1;1622;EWP-3351-10-PA-220;CWP-3351-10-PA-220;CWA-3351-10;PWP-3351-10-PA-220;03351-RW-250-H1-0010-N;;;H1;FLANGE ADAPTADOR (STUB-END) HDPE PE100 PN6, TFW, SEGÚN ISO 9624;"10""";1;un;FALSO;2,58;kg;Contratista;FLANGE;;;;;;;;SIN REVISAR;;;;;
1.1633;1;1633;EWP-3351-10-PA-220;CWP-3351-10-PA-220;CWA-3351-10;PWP-3351-10-PA-220;03351-RW-250-H1-0010-N;;;H1;FLANGE ADAPTADOR (STUB-END) HDPE PE100 PN6, TFW, SEGÚN ISO 9624;"10""";1;un;FALSO;2,58;kg;Contratista;FLANGE;;;;;;;;SIN REVISAR;;;;;
1.1759;1;1759;EWP-3351-10-PA-220;CWP-3351-10-PA-220;CWA-3351-10;PWP-3351-10-PA-220;03351-RW-250-H1-0010-N;;;H1;FLANGE RESPALDO, ASTM A36, PERFORACIONES AWWA C207 CLASE E, APTO PARA FLANGE ADAPTADOR DE HDPE PE100 PN6;"10""";1;un;FALSO;6,53;kg;Contratista;FLANGE;;;;;;;;SIN REVISAR;;;;;
1.1614;1;1614;EWP-3351-10-PA-220;CWP-3351-10-PA-220;CWA-3351-10;PWP-3351-10-PA-220;03351-CT-200-H2-0045-N;;;H2;FLANGE ADAPTADOR (STUB-END) HDPE PE100 PN6, TFW, SEGÚN ISO 9624;"8""";1;un;;1,56;kg;Contratista;FLANGE;;;;;;;;SIN REVISAR;;;;;
1.1764;1;1764;EWP-3351-10-PA-220;CWP-3351-10-PA-220;CWA-3351-10;PWP-3351-10-PA-220;03351-RW-250-H1-0010-N;;;H1;FLANGE RESPALDO, ASTM A36, PERFORACIONES AWWA C207 CLASE E, APTO PARA FLANGE ADAPTADOR DE HDPE PE100 PN6;"10""";1;un;FALSO;6,53;kg;Contratista;FLANGE;;;;;;;;SIN REVISAR;;;;;
1.1616;1;1616;EWP-3351-10-PA-220;CWP-3351-10-PA-220;CWA-3351-10;PWP-3351-10-PA-220;03351-CT-400-H1-0057-N;;;H1;FLANGE ADAPTADOR (STUB-END) HDPE PE100 PN6, TFW, SEGÚN ISO 9624;"16""";1;un;;6,6;kg;Contratista;FLANGE;;;;;;;;SIN REVISAR;;;;;
1.1617;1;1617;EWP-3351-10-PA-220;CWP-3351-10-PA-220;CWA-3351-10;PWP-3351-10-PA-220;03351-CT-200-H2-0002-N;;;H2;FLANGE ADAPTADOR (STUB-END) HDPE PE100 PN6, TFW, SEGÚN ISO 9624;"8""";1;un;;1,56;kg;Contratista;FLANGE;;;;;;;;SIN REVISAR;;;;;
1.1618;1;1618;EWP-3351-10-PA-220;CWP-3351-10-PA-220;CWA-3351-10;PWP-3351-10-PA-220;03351-CT-200-H2-0002-N;;;H2;FLANGE ADAPTADOR (STUB-END) HDPE PE100 PN6, TFW, SEGÚN ISO 9624;"2""";1;un;;0,11;kg;Contratista;FLANGE;;;;;;;;SIN REVISAR;;;;;
1.1619;1;1619;EWP-3351-10-PA-220;CWP-3351-10-PA-220;CWA-3351-10;PWP-3351-10-PA-220;03351-CT-200-H2-0045-N;;;H2;FLANGE ADAPTADOR (STUB-END) HDPE PE100 PN6, TFW, SEGÚN ISO 9624;"8""";1;un;;1,56;kg;Contratista;FLANGE;;;;;;;;SIN REVISAR;;;;;
1.1620;1;1620;EWP-3351-10-PA-220;CWP-3351-10-PA-220;CWA-3351-10;PWP-3351-10-PA-220;03351-CT-200-H2-0002-N;;;H2;FLANGE ADAPTADOR (STUB-END) HDPE PE100 PN6, TFW, SEGÚN ISO 9624;"8""";1;un;;1,56;kg;Contratista;FLANGE;;;;;;;;SIN REVISAR;;;;;
1.1773;1;1773;EWP-3351-10-PA-220;CWP-3351-10-PA-220;CWA-3351-10;PWP-3351-10-PA-220;03351-RW-250-H1-0010-N;;;H1;FLANGE RESPALDO, ASTM A36, PERFORACIONES AWWA C207 CLASE E, APTO PARA FLANGE ADAPTADOR DE HDPE PE100 PN6;"10""";1;un;FALSO;6,53;kg;Contratista;FLANGE;;;;;;;;SIN REVISAR;;;;;
1.1778;1;1778;EWP-3351-10-PA-220;CWP-3351-10-PA-220;CWA-3351-10;PWP-3351-10-PA-220;03351-RW-250-H1-0010-N;;;H1;FLANGE RESPALDO, ASTM A36, PERFORACIONES AWWA C207 CLASE E, APTO PARA FLANGE ADAPTADOR DE HDPE PE100 PN6;"10""";1;un;FALSO;6,53;kg;Contratista;FLANGE;;;;;;;;SIN REVISAR;;;;;
1.1623;1;1623;EWP-3351-10-PA-220;CWP-3351-10-PA-220;CWA-3351-10;PWP-3351-10-PA-220;03351-CT-200-H2-0002-N;;;H2;FLANGE ADAPTADOR (STUB-END) HDPE PE100 PN6, TFW, SEGÚN ISO 9624;"8""";1;un;;1,56;kg;Contratista;FLANGE;;;;;;;;SIN REVISAR;;;;;
1.2199;1;2199;EWP-3351-10-PA-220;CWP-3351-10-PA-220;CWA-3351-10;PWP-3351-10-PA-220;03351-RW-250-H1-0010-N;;;H1;PERNO MÁQUINA, ASTM A307, CON TUERCA HEXAGONAL ASTM A194 Gr. 2H Y GOLILLA PLANA, SEGÚN ASME B1.1;"7/8""";12;un;FALSO;17,9;kg;Contratista;PERNO;;;;;;;;SIN REVISAR;;;;;
1.2204;1;2204;EWP-3351-10-PA-220;CWP-3351-10-PA-220;CWA-3351-10;PWP-3351-10-PA-220;03351-RW-250-H1-0010-N;;;H1;PERNO MÁQUINA, ASTM A307, CON TUERCA HEXAGONAL ASTM A194 Gr. 2H Y GOLILLA PLANA, SEGÚN ASME B1.1;"7/8""";12;un;FALSO;17,9;kg;Contratista;PERNO;;;;;;;;SIN REVISAR;;;;;
1.2209;1;2209;EWP-3351-10-PA-220;CWP-3351-10-PA-220;CWA-3351-10;PWP-3351-10-PA-220;03351-RW-250-H1-0010-N;;;H1;PERNO MÁQUINA, ASTM A307, CON TUERCA HEXAGONAL ASTM A194 Gr. 2H Y GOLILLA PLANA, SEGÚN ASME B1.1;"7/8""";12;un;FALSO;17,9;kg;Contratista;PERNO;;;;;;;;SIN REVISAR;;;;;
1.1627;1;1627;EWP-3351-10-PA-220;CWP-3351-10-PA-220;CWA-3351-10;PWP-3351-10-PA-220;03351-CT-400-H1-0058-N;;;H1;FLANGE ADAPTADOR (STUB-END) HDPE PE100 PN6, TFW, SEGÚN ISO 9624;"16""";1;un;;6,6;kg;Contratista;FLANGE;;;;;;;;SIN REVISAR;;;;;
1.1628;1;1628;EWP-3351-10-PA-220;CWP-3351-10-PA-220;CWA-3351-10;PWP-3351-10-PA-220;03351-CT-400-H1-0057-N;;;H1;FLANGE ADAPTADOR (STUB-END) HDPE PE100 PN6, TFW, SEGÚN ISO 9624;"16""";1;un;;6,6;kg;Contratista;FLANGE;;;;;;;;SIN REVISAR;;;;;
1.1629;1;1629;EWP-3351-10-PA-220;CWP-3351-10-PA-220;CWA-3351-10;PWP-3351-10-PA-220;03351-CT-200-H2-0045-N;;;H2;FLANGE ADAPTADOR (STUB-END) HDPE PE100 PN6, TFW, SEGÚN ISO 9624;"8""";1;un;;1,56;kg;Contratista;FLANGE;;;;;;;;SIN REVISAR;;;;;
1.1630;1;1630;EWP-3351-10-PA-220;CWP-3351-10-PA-220;CWA-3351-10;PWP-3351-10-PA-220;03351-CT-200-H2-0045-N;;;H2;FLANGE ADAPTADOR (STUB-END) HDPE PE100 PN6, TFW, SEGÚN ISO 9624;"8""";1;un;;1,56;kg;Contratista;FLANGE;;;;;;;;SIN REVISAR;;;;;
1.1631;1;1631;EWP-3351-10-PA-220;CWP-3351-10-PA-220;CWA-3351-10;PWP-3351-10-PA-220;03351-CT-200-H2-0002-N;;;H2;FLANGE ADAPTADOR (STUB-END) HDPE PE100 PN6, TFW, SEGÚN ISO 9624;"3""";1;un;;0,28;kg;Contratista;FLANGE;;;;;;;;SIN REVISAR;;;;;
1.1632;1;1632;EWP-3351-10-PA-220;CWP-3351-10-PA-220;CWA-3351-10;PWP-3351-10-PA-220;03351-CT-400-H1-0058-N;;;H1;FLANGE ADAPTADOR (STUB-END) HDPE PE100 PN6, TFW, SEGÚN ISO 9624;"16""";1;un;;6,6;kg;Contratista;FLANGE;;;;;;;;SIN REVISAR;;;;;
1.2210;1;2210;EWP-3351-10-PA-220;CWP-3351-10-PA-220;CWA-3351-10;PWP-3351-10-PA-220;03351-RW-250-H1-0010-N;;;H1;PERNO MÁQUINA, ASTM A307, CON TUERCA HEXAGONAL ASTM A194 Gr. 2H Y GOLILLA PLANA, SEGÚN ASME B1.1;"7/8""";12;un;FALSO;17,9;kg;Contratista;PERNO;;;;;;;;SIN REVISAR;;;;;
1.2404;1;2404;EWP-3351-10-PA-220;CWP-3351-10-PA-220;CWA-3351-10;PWP-3351-10-PA-220;03351-RW-250-H1-0010-N;;;H1;TUBERÍA HDPE PE100 PN6, ISO 4427-2, EXTREMOS PLANOSPARA TERMOFUSIÓN;"10""";0,75;m;FALSO;8,33;kg;Contratista;TUBERÍA HDPE;;;;;;;;SIN REVISAR;;;;;
1.1635;1;1635;EWP-3351-10-PA-220;CWP-3351-10-PA-220;CWA-3351-10;PWP-3351-10-PA-220;03351-CT-200-H2-0002-N;;;H2;FLANGE ADAPTADOR (STUB-END) HDPE PE100 PN6, TFW, SEGÚN ISO 9624;"8""";1;un;;1,56;kg;Contratista;FLANGE;;;;;;;;SIN REVISAR;;;;;
1.1636;1;1636;EWP-3351-10-PA-220;CWP-3351-10-PA-220;CWA-3351-10;PWP-3351-10-PA-220;03351-CT-200-H2-0002-N;;;H2;FLANGE ADAPTADOR (STUB-END) HDPE PE100 PN6, TFW, SEGÚN ISO 9624;"8""";1;un;;1,56;kg;Contratista;FLANGE;;;;;;;;SIN REVISAR;;;;;
1.1637;1;1637;EWP-3351-10-PA-220;CWP-3351-10-PA-220;CWA-3351-10;PWP-3351-10-PA-220;03351-CT-200-H2-0002-N;;;H2;FLANGE ADAPTADOR (STUB-END) HDPE PE100 PN6, TFW, SEGÚN ISO 9624;"8""";1;un;;1,56;kg;Contratista;FLANGE;;;;;;;;SIN REVISAR;;;;;
1.1638;1;1638;EWP-3351-10-PA-220;CWP-3351-10-PA-220;CWA-3351-10;PWP-3351-10-PA-220;03351-CT-200-H2-0002-N;;;H2;FLANGE ADAPTADOR (STUB-END) HDPE PE100 PN6, TFW, SEGÚN ISO 9624;"8""";1;un;;1,56;kg;Contratista;FLANGE;;;;;;;;SIN REVISAR;;;;;
1.1639;1;1639;EWP-3351-10-PA-220;CWP-3351-10-PA-220;CWA-3351-10;PWP-3351-10-PA-220;03351-CT-200-H2-0002-N;;;H2;FLANGE ADAPTADOR (STUB-END) HDPE PE100 PN6, TFW, SEGÚN ISO 9624;"8""";1;un;;1,56;kg;Contratista;FLANGE;;;;;;;;SIN REVISAR;;;;;
1.1640;1;1640;EWP-3351-10-PA-220;CWP-3351-10-PA-220;CWA-3351-10;PWP-3351-10-PA-220;03351-CT-200-H2-0002-N;;;H2;FLANGE ADAPTADOR (STUB-END) HDPE PE100 PN6, TFW, SEGÚN ISO 9624;"8""";1;un;;1,56;kg;Contratista;FLANGE;;;;;;;;SIN REVISAR;;;;;
1.1641;1;1641;EWP-3351-10-PA-220;CWP-3351-10-PA-220;CWA-3351-10;PWP-3351-10-PA-220;03351-CT-200-H2-0002-N;;;H2;FLANGE ADAPTADOR (STUB-END) HDPE PE100 PN6, TFW, SEGÚN ISO 9624;"8""";1;un;;1,56;kg;Contratista;FLANGE;;;;;;;;SIN REVISAR;;;;;
1.1642;1;1642;EWP-3351-10-PA-220;CWP-3351-10-PA-220;CWA-3351-10;PWP-3351-10-PA-220;03351-CT-200-H2-0002-N;;;H2;FLANGE ADAPTADOR (STUB-END) HDPE PE100 PN6, TFW, SEGÚN ISO 9624;"8""";1;un;;1,56;kg;Contratista;FLANGE;;;;;;;;SIN REVISAR;;;;;
1.1643;1;1643;EWP-3351-10-PA-220;CWP-3351-10-PA-220;CWA-3351-10;PWP-3351-10-PA-220;03351-CT-200-H2-0002-N;;;H2;FLANGE ADAPTADOR (STUB-END) HDPE PE100 PN6, TFW, SEGÚN ISO 9624;"8""";1;un;;1,56;kg;Contratista;FLANGE;;;;;;;;SIN REVISAR;;;;;
1.1644;1;1644;EWP-3351-10-PA-220;CWP-3351-10-PA-220;CWA-3351-10;PWP-3351-10-PA-220;03351-CT-200-H2-0002-N;;;H2;FLANGE ADAPTADOR (STUB-END) HDPE PE100 PN6, TFW, SEGÚN ISO 9624;"8""";1;un;;1,56;kg;Contratista;FLANGE;;;;;;;;SIN REVISAR;;;;;
1.1645;1;1645;EWP-3351-10-PA-220;CWP-3351-10-PA-220;CWA-3351-10;PWP-3351-10-PA-220;03351-CT-200-H2-0002-N;;;H2;FLANGE ADAPTADOR (STUB-END) HDPE PE100 PN6, TFW, SEGÚN ISO 9624;"8""";1;un;;1,56;kg;Contratista;FLANGE;;;;;;;;SIN REVISAR;;;;;
1.1646;1;1646;EWP-3351-10-PA-220;CWP-3351-10-PA-220;CWA-3351-10;PWP-3351-10-PA-220;03351-CT-200-H2-0002-N;;;H2;FLANGE ADAPTADOR (STUB-END) HDPE PE100 PN6, TFW, SEGÚN ISO 9624;"8""";1;un;;1,56;kg;Contratista;FLANGE;;;;;;;;SIN REVISAR;;;;;
1.1647;1;1647;EWP-3351-10-PA-220;CWP-3351-10-PA-220;CWA-3351-10;PWP-3351-10-PA-220;03351-CT-200-H2-0002-N;;;H2;FLANGE ADAPTADOR (STUB-END) HDPE PE100 PN6, TFW, SEGÚN ISO 9624;"8""";1;un;;1,56;kg;Contratista;FLANGE;;;;;;;;SIN REVISAR;;;;;
1.1648;1;1648;EWP-3351-10-PA-220;CWP-3351-10-PA-220;CWA-3351-10;PWP-3351-10-PA-220;03351-CT-200-H2-0002-N;;;H2;FLANGE ADAPTADOR (STUB-END) HDPE PE100 PN6, TFW, SEGÚN ISO 9624;"8""";1;un;;1,56;kg;Contratista;FLANGE;;;;;;;;SIN REVISAR;;;;;
1.1649;1;1649;EWP-3351-10-PA-220;CWP-3351-10-PA-220;CWA-3351-10;PWP-3351-10-PA-220;03351-CT-200-H2-0002-N;;;H2;FLANGE ADAPTADOR (STUB-END) HDPE PE100 PN6, TFW, SEGÚN ISO 9624;"8""";1;un;;1,56;kg;Contratista;FLANGE;;;;;;;;SIN REVISAR;;;;;
1.1650;1;1650;EWP-3351-10-PA-220;CWP-3351-10-PA-220;CWA-3351-10;PWP-3351-10-PA-220;03351-CT-200-H2-0002-N;;;H2;FLANGE ADAPTADOR (STUB-END) HDPE PE100 PN6, TFW, SEGÚN ISO 9624;"8""";1;un;;1,56;kg;Contratista;FLANGE;;;;;;;;SIN REVISAR;;;;;
1.1651;1;1651;EWP-3351-10-PA-220;CWP-3351-10-PA-220;CWA-3351-10;PWP-3351-10-PA-220;03351-CT-200-H2-0002-N;;;H2;FLANGE ADAPTADOR (STUB-END) HDPE PE100 PN6, TFW, SEGÚN ISO 9624;"8""";1;un;;1,56;kg;Contratista;FLANGE;;;;;;;;SIN REVISAR;;;;;
1.1652;1;1652;EWP-3351-10-PA-220;CWP-3351-10-PA-220;CWA-3351-10;PWP-3351-10-PA-220;03351-CT-200-H2-0002-N;;;H2;FLANGE ADAPTADOR (STUB-END) HDPE PE100 PN6, TFW, SEGÚN ISO 9624;"8""";1;un;;1,56;kg;Contratista;FLANGE;;;;;;;;SIN REVISAR;;;;;
1.1653;1;1653;EWP-3351-10-PA-220;CWP-3351-10-PA-220;CWA-3351-10;PWP-3351-10-PA-220;03351-CT-200-H2-0002-N;;;H2;FLANGE ADAPTADOR (STUB-END) HDPE PE100 PN6, TFW, SEGÚN ISO 9624;"8""";1;un;;1,56;kg;Contratista;FLANGE;;;;;;;;SIN REVISAR;;;;;
1.1654;1;1654;EWP-3351-10-PA-220;CWP-3351-10-PA-220;CWA-3351-10;PWP-3351-10-PA-220;03351-CT-200-H2-0002-N;;;H2;FLANGE ADAPTADOR (STUB-END) HDPE PE100 PN6, TFW, SEGÚN ISO 9624;"8""";1;un;;1,56;kg;Contratista;FLANGE;;;;;;;;SIN REVISAR;;;;;
1.1655;1;1655;EWP-3351-10-PA-220;CWP-3351-10-PA-220;CWA-3351-10;PWP-3351-10-PA-220;03351-CT-200-H2-0002-N;;;H2;FLANGE ADAPTADOR (STUB-END) HDPE PE100 PN6, TFW, SEGÚN ISO 9624;"8""";1;un;;1,56;kg;Contratista;FLANGE;;;;;;;;SIN REVISAR;;;;;
1.1656;1;1656;EWP-3351-10-PA-220;CWP-3351-10-PA-220;CWA-3351-10;PWP-3351-10-PA-220;03351-CT-200-H2-0002-N;;;H2;FLANGE ADAPTADOR (STUB-END) HDPE PE100 PN6, TFW, SEGÚN ISO 9624;"8""";1;un;;1,56;kg;Contratista;FLANGE;;;;;;;;SIN REVISAR;;;;;
1.2419;1;2419;EWP-3351-10-PA-220;CWP-3351-10-PA-220;CWA-3351-10;PWP-3351-10-PA-220;03351-RW-250-H1-0010-N;;;H1;TUBERÍA HDPE PE100 PN6, ISO 4427-2, EXTREMOS PLANOSPARA TERMOFUSIÓN;"10""";0,36;m;FALSO;4,05;kg;Contratista;TUBERÍA HDPE;;;;;;;;SIN REVISAR;;;;;
1.1658;1;1658;EWP-3351-10-PA-220;CWP-3351-10-PA-220;CWA-3351-10;PWP-3351-10-PA-220;03351-CT-200-H2-0002-N;;;H2;FLANGE ADAPTADOR (STUB-END) HDPE PE100 PN6, TFW, SEGÚN ISO 9624;"8""";1;un;;1,56;kg;Contratista;FLANGE;;;;;;;;SIN REVISAR;;;;;
1.1659;1;1659;EWP-3351-10-PA-220;CWP-3351-10-PA-220;CWA-3351-10;PWP-3351-10-PA-220;03351-CT-200-H2-0002-N;;;H2;FLANGE ADAPTADOR (STUB-END) HDPE PE100 PN6, TFW, SEGÚN ISO 9624;"8""";1;un;;1,56;kg;Contratista;FLANGE;;;;;;;;SIN REVISAR;;;;;
1.1660;1;1660;EWP-3351-10-PA-220;CWP-3351-10-PA-220;CWA-3351-10;PWP-3351-10-PA-220;03351-CT-200-H2-0002-N;;;H2;FLANGE ADAPTADOR (STUB-END) HDPE PE100 PN6, TFW, SEGÚN ISO 9624;"8""";1;un;;1,56;kg;Contratista;FLANGE;;;;;;;;SIN REVISAR;;;;;
1.1661;1;1661;EWP-3351-10-PA-220;CWP-3351-10-PA-220;CWA-3351-10;PWP-3351-10-PA-220;03351-CT-200-H2-0002-N;;;H2;FLANGE ADAPTADOR (STUB-END) HDPE PE100 PN6, TFW, SEGÚN ISO 9624;"8""";1;un;;1,56;kg;Contratista;FLANGE;;;;;;;;SIN REVISAR;;;;;
1.2421;1;2421;EWP-3351-10-PA-220;CWP-3351-10-PA-220;CWA-3351-10;PWP-3351-10-PA-220;03351-RW-250-H1-0010-N;;;H1;TUBERÍA HDPE PE100 PN6, ISO 4427-2, EXTREMOS PLANOSPARA TERMOFUSIÓN;"10""";1,44;m;FALSO;15,99;kg;Contratista;TUBERÍA HDPE;;;;;;;;SIN REVISAR;;;;;
1.1663;1;1663;EWP-3351-10-PA-220;CWP-3351-10-PA-220;CWA-3351-10;PWP-3351-10-PA-220;03351-CT-200-H2-0002-N;;;H2;FLANGE ADAPTADOR (STUB-END) HDPE PE100 PN6, TFW, SEGÚN ISO 9624;"8""";1;un;;1,56;kg;Contratista;FLANGE;;;;;;;;SIN REVISAR;;;;;
1.1664;1;1664;EWP-3351-10-PA-220;CWP-3351-10-PA-220;CWA-3351-10;PWP-3351-10-PA-220;03351-CT-200-H2-0002-N;;;H2;FLANGE ADAPTADOR (STUB-END) HDPE PE100 PN6, TFW, SEGÚN ISO 9624;"8""";1;un;;1,56;kg;Contratista;FLANGE;;;;;;;;SIN REVISAR;;;;;
1.1665;1;1665;EWP-3351-10-PA-220;CWP-3351-10-PA-220;CWA-3351-10;PWP-3351-10-PA-220;03351-CT-200-H2-0002-N;;;H2;FLANGE ADAPTADOR (STUB-END) HDPE PE100 PN6, TFW, SEGÚN ISO 9624;"8""";1;un;;1,56;kg;Contratista;FLANGE;;;;;;;;SIN REVISAR;;;;;
1.1666;1;1666;EWP-3351-10-PA-220;CWP-3351-10-PA-220;CWA-3351-10;PWP-3351-10-PA-220;03351-CT-200-H2-0002-N;;;H2;FLANGE ADAPTADOR (STUB-END) HDPE PE100 PN6, TFW, SEGÚN ISO 9624;"8""";1;un;;1,56;kg;Contratista;FLANGE;;;;;;;;SIN REVISAR;;;;;
1.1667;1;1667;EWP-3351-10-PA-220;CWP-3351-10-PA-220;CWA-3351-10;PWP-3351-10-PA-220;03351-CT-200-H2-0002-N;;;H2;FLANGE ADAPTADOR (STUB-END) HDPE PE100 PN6, TFW, SEGÚN ISO 9624;"8""";1;un;;1,56;kg;Contratista;FLANGE;;;;;;;;SIN REVISAR;;;;;
1.1668;1;1668;EWP-3351-10-PA-220;CWP-3351-10-PA-220;CWA-3351-10;PWP-3351-10-PA-220;03351-CT-200-H2-0002-N;;;H2;FLANGE ADAPTADOR (STUB-END) HDPE PE100 PN6, TFW, SEGÚN ISO 9624;"8""";1;un;;1,56;kg;Contratista;FLANGE;;;;;;;;SIN REVISAR;;;;;
1.1669;1;1669;EWP-3351-10-PA-220;CWP-3351-10-PA-220;CWA-3351-10;PWP-3351-10-PA-220;03351-CT-200-H2-0002-N;;;H2;FLANGE ADAPTADOR (STUB-END) HDPE PE100 PN6, TFW, SEGÚN ISO 9624;"8""";1;un;;1,56;kg;Contratista;FLANGE;;;;;;;;SIN REVISAR;;;;;
1.1670;1;1670;EWP-3351-10-PA-220;CWP-3351-10-PA-220;CWA-3351-10;PWP-3351-10-PA-220;03351-CT-200-H2-0002-N;;;H2;FLANGE ADAPTADOR (STUB-END) HDPE PE100 PN6, TFW, SEGÚN ISO 9624;"8""";1;un;;1,56;kg;Contratista;FLANGE;;;;;;;;SIN REVISAR;;;;;
1.1671;1;1671;EWP-3351-10-PA-220;CWP-3351-10-PA-220;CWA-3351-10;PWP-3351-10-PA-220;03351-CT-200-H2-0002-N;;;H2;FLANGE ADAPTADOR (STUB-END) HDPE PE100 PN6, TFW, SEGÚN ISO 9624;"8""";1;un;;1,56;kg;Contratista;FLANGE;;;;;;;;SIN REVISAR;;;;;
1.1672;1;1672;EWP-3351-10-PA-220;CWP-3351-10-PA-220;CWA-3351-10;PWP-3351-10-PA-220;03351-CT-200-H2-0002-N;;;H2;FLANGE ADAPTADOR (STUB-END) HDPE PE100 PN6, TFW, SEGÚN ISO 9624;"8""";1;un;;1,56;kg;Contratista;FLANGE;;;;;;;;SIN REVISAR;;;;;
1.1673;1;1673;EWP-3351-10-PA-220;CWP-3351-10-PA-220;CWA-3351-10;PWP-3351-10-PA-220;03351-CT-200-H2-0002-N;;;H2;FLANGE ADAPTADOR (STUB-END) HDPE PE100 PN6, TFW, SEGÚN ISO 9624;"8""";1;un;;1,56;kg;Contratista;FLANGE;;;;;;;;SIN REVISAR;;;;;
1.2422;1;2422;EWP-3351-10-PA-220;CWP-3351-10-PA-220;CWA-3351-10;PWP-3351-10-PA-220;03351-RW-250-H1-0010-N;;;H1;TUBERÍA HDPE PE100 PN6, ISO 4427-2, EXTREMOS PLANOSPARA TERMOFUSIÓN;"10""";0,97;m;FALSO;10,8;kg;Contratista;TUBERÍA HDPE;;;;;;;;SIN REVISAR;;;;;
1.1675;1;1675;EWP-3351-10-PA-220;CWP-3351-10-PA-220;CWA-3351-10;PWP-3351-10-PA-220;03351-CT-200-H2-0002-N;;;H2;FLANGE ADAPTADOR (STUB-END) HDPE PE100 PN6, TFW, SEGÚN ISO 9624;"8""";1;un;;1,56;kg;Contratista;FLANGE;;;;;;;;SIN REVISAR;;;;;
1.1676;1;1676;EWP-3351-10-PA-220;CWP-3351-10-PA-220;CWA-3351-10;PWP-3351-10-PA-220;03351-CT-200-H2-0002-N;;;H2;FLANGE ADAPTADOR (STUB-END) HDPE PE100 PN6, TFW, SEGÚN ISO 9624;"8""";1;un;;1,56;kg;Contratista;FLANGE;;;;;;;;SIN REVISAR;;;;;
1.1677;1;1677;EWP-3351-10-PA-220;CWP-3351-10-PA-220;CWA-3351-10;PWP-3351-10-PA-220;03351-CT-200-H2-0002-N;;;H2;FLANGE ADAPTADOR (STUB-END) HDPE PE100 PN6, TFW, SEGÚN ISO 9624;"8""";1;un;;1,56;kg;Contratista;FLANGE;;;;;;;;SIN REVISAR;;;;;
1.1678;1;1678;EWP-3351-10-PA-220;CWP-3351-10-PA-220;CWA-3351-10;PWP-3351-10-PA-220;03351-CT-200-H2-0002-N;;;H2;FLANGE ADAPTADOR (STUB-END) HDPE PE100 PN6, TFW, SEGÚN ISO 9624;"8""";1;un;;1,56;kg;Contratista;FLANGE;;;;;;;;SIN REVISAR;;;;;
1.1679;1;1679;EWP-3351-10-PA-220;CWP-3351-10-PA-220;CWA-3351-10;PWP-3351-10-PA-220;03351-CT-200-H2-0002-N;;;H2;FLANGE ADAPTADOR (STUB-END) HDPE PE100 PN6, TFW, SEGÚN ISO 9624;"8""";1;un;;1,56;kg;Contratista;FLANGE;;;;;;;;SIN REVISAR;;;;;
1.2424;1;2424;EWP-3351-10-PA-220;CWP-3351-10-PA-220;CWA-3351-10;PWP-3351-10-PA-220;03351-RW-250-H1-0010-N;;;H1;TUBERÍA HDPE PE100 PN6, ISO 4427-2, EXTREMOS PLANOSPARA TERMOFUSIÓN;"10""";0,13;m;FALSO;1,44;kg;Contratista;TUBERÍA HDPE;;;;;;;;SIN REVISAR;;;;;
1.1681;1;1681;EWP-3351-10-PA-220;CWP-3351-10-PA-220;CWA-3351-10;PWP-3351-10-PA-220;03351-CT-200-H2-0002-N;;;H2;FLANGE ADAPTADOR (STUB-END) HDPE PE100 PN6, TFW, SEGÚN ISO 9624;"8""";1;un;;1,56;kg;Contratista;FLANGE;;;;;;;;SIN REVISAR;;;;;
1.1682;1;1682;EWP-3351-10-PA-220;CWP-3351-10-PA-220;CWA-3351-10;PWP-3351-10-PA-220;03351-CT-200-H2-0002-N;;;H2;FLANGE ADAPTADOR (STUB-END) HDPE PE100 PN6, TFW, SEGÚN ISO 9624;"8""";1;un;;1,56;kg;Contratista;FLANGE;;;;;;;;SIN REVISAR;;;;;
1.2584;1;2584;EWP-3351-10-PA-220;CWP-3351-10-PA-220;CWA-3351-10;PWP-3351-10-PA-220;03351-RW-250-H1-0010-N;;;H1;VÁLVULA DE CUCHILLO BIDIRECCIONAL NO PASANTE, CUERPO ACERO CARBONO A216 WCB, EMPAQUETADURA FIBRA SINTÉTICA IMPREGNADA PTFE, COMPUERTA ASTM A316, MSS SP-81, ASME B16.5 CL 150, WAFER, ACCIONAMIENTO MANUAL ENGRANAJE CÓNIC;"10""";1;un;FALSO;108;kg;Contratista;VÁLVULA;;;;;;;;SIN REVISAR;;;;;
1.1684;1;1684;EWP-3351-10-PA-220;CWP-3351-10-PA-220;CWA-3351-10;PWP-3351-10-PA-220;03351-CT-200-H2-0002-N;;;H2;FLANGE ADAPTADOR (STUB-END) HDPE PE100 PN6, TFW, SEGÚN ISO 9624;"8""";1;un;;1,56;kg;Contratista;FLANGE;;;;;;;;SIN REVISAR;;;;;
1.1685;1;1685;EWP-3351-10-PA-220;CWP-3351-10-PA-220;CWA-3351-10;PWP-3351-10-PA-220;03351-CT-200-H2-0002-N;;;H2;FLANGE ADAPTADOR (STUB-END) HDPE PE100 PN6, TFW, SEGÚN ISO 9624;"8""";1;un;;1,56;kg;Contratista;FLANGE;;;;;;;;SIN REVISAR;;;;;
1.1686;1;1686;EWP-3351-10-PA-220;CWP-3351-10-PA-220;CWA-3351-10;PWP-3351-10-PA-220;03351-CT-200-H2-0002-N;;;H2;FLANGE ADAPTADOR (STUB-END) HDPE PE100 PN6, TFW, SEGÚN ISO 9624;"8""";1;un;;1,56;kg;Contratista;FLANGE;;;;;;;;SIN REVISAR;;;;;
1.2593;1;2593;EWP-3351-10-PA-220;CWP-3351-10-PA-220;CWA-3351-10;PWP-3351-10-PA-220;03351-RW-250-H1-0010-N;;;H1;VÁLVULA DE CUCHILLO BIDIRECCIONAL NO PASANTE, CUERPO ACERO CARBONO A216 WCB, EMPAQUETADURA FIBRA SINTÉTICA IMPREGNADA PTFE, COMPUERTA ASTM A316, MSS SP-81, ASME B16.5 CL 150, WAFER, ACCIONAMIENTO NEUMÁTICO PO;"10""";1;un;FALSO;-;kg;Contratista;VÁLVULA;;;;;;;;SIN REVISAR;;;;;
1.1688;1;1688;EWP-3351-10-PA-220;CWP-3351-10-PA-220;CWA-3351-10;PWP-3351-10-PA-220;03351-CT-200-H2-0002-N;;;H2;FLANGE ADAPTADOR (STUB-END) HDPE PE100 PN6, TFW, SEGÚN ISO 9624;"8""";1;un;;1,56;kg;Contratista;FLANGE;;;;;;;;SIN REVISAR;;;;;
1.1689;1;1689;EWP-3351-10-PA-220;CWP-3351-10-PA-220;CWA-3351-10;PWP-3351-10-PA-220;03351-CT-200-H2-0002-N;;;H2;FLANGE ADAPTADOR (STUB-END) HDPE PE100 PN6, TFW, SEGÚN ISO 9624;"8""";1;un;;1,56;kg;Contratista;FLANGE;;;;;;;;SIN REVISAR;;;;;
1.1690;1;1690;EWP-3351-10-PA-220;CWP-3351-10-PA-220;CWA-3351-10;PWP-3351-10-PA-220;03351-CT-200-H2-0002-N;;;H2;FLANGE ADAPTADOR (STUB-END) HDPE PE100 PN6, TFW, SEGÚN ISO 9624;"8""";1;un;;1,56;kg;Contratista;FLANGE;;;;;;;;SIN REVISAR;;;;;
1.1691;1;1691;EWP-3351-10-PA-220;CWP-3351-10-PA-220;CWA-3351-10;PWP-3351-10-PA-220;03351-CT-200-H2-0002-N;;;H2;FLANGE ADAPTADOR (STUB-END) HDPE PE100 PN6, TFW, SEGÚN ISO 9624;"8""";1;un;;1,56;kg;Contratista;FLANGE;;;;;;;;SIN REVISAR;;;;;
1.1692;1;1692;EWP-3351-10-PA-220;CWP-3351-10-PA-220;CWA-3351-10;PWP-3351-10-PA-220;03351-CT-200-H2-0002-N;;;H2;FLANGE ADAPTADOR (STUB-END) HDPE PE100 PN6, TFW, SEGÚN ISO 9624;"8""";1;un;;1,56;kg;Contratista;FLANGE;;;;;;;;SIN REVISAR;;;;;
1.1693;1;1693;EWP-3351-10-PA-220;CWP-3351-10-PA-220;CWA-3351-10;PWP-3351-10-PA-220;03351-CT-200-H2-0002-N;;;H2;FLANGE ADAPTADOR (STUB-END) HDPE PE100 PN6, TFW, SEGÚN ISO 9624;"8""";1;un;;1,56;kg;Contratista;FLANGE;;;;;;;;SIN REVISAR;;;;;
1.1694;1;1694;EWP-3351-10-PA-220;CWP-3351-10-PA-220;CWA-3351-10;PWP-3351-10-PA-220;03351-CT-200-H2-0002-N;;;H2;FLANGE ADAPTADOR (STUB-END) HDPE PE100 PN6, TFW, SEGÚN ISO 9624;"8""";1;un;;1,56;kg;Contratista;FLANGE;;;;;;;;SIN REVISAR;;;;;
1.1695;1;1695;EWP-3351-10-PA-220;CWP-3351-10-PA-220;CWA-3351-10;PWP-3351-10-PA-220;03351-CT-200-H2-0002-N;;;H2;FLANGE ADAPTADOR (STUB-END) HDPE PE100 PN6, TFW, SEGÚN ISO 9624;"8""";1;un;;1,56;kg;Contratista;FLANGE;;;;;;;;SIN REVISAR;;;;;
1.1696;1;1696;EWP-3351-10-PA-220;CWP-3351-10-PA-220;CWA-3351-10;PWP-3351-10-PA-220;03351-CT-200-H2-0002-N;;;H2;FLANGE ADAPTADOR (STUB-END) HDPE PE100 PN6, TFW, SEGÚN ISO 9624;"8""";1;un;;1,56;kg;Contratista;FLANGE;;;;;;;;SIN REVISAR;;;;;
1.1697;1;1697;EWP-3351-10-PA-220;CWP-3351-10-PA-220;CWA-3351-10;PWP-3351-10-PA-220;03351-CT-200-H2-0002-N;;;H2;FLANGE ADAPTADOR (STUB-END) HDPE PE100 PN6, TFW, SEGÚN ISO 9624;"8""";1;un;;1,56;kg;Contratista;FLANGE;;;;;;;;SIN REVISAR;;;;;
1.1698;1;1698;EWP-3351-10-PA-220;CWP-3351-10-PA-220;CWA-3351-10;PWP-3351-10-PA-220;03351-CT-200-H2-0002-N;;;H2;FLANGE ADAPTADOR (STUB-END) HDPE PE100 PN6, TFW, SEGÚN ISO 9624;"8""";1;un;;1,56;kg;Contratista;FLANGE;;;;;;;;SIN REVISAR;;;;;
1.1699;1;1699;EWP-3351-10-PA-220;CWP-3351-10-PA-220;CWA-3351-10;PWP-3351-10-PA-220;03351-CT-200-H2-0002-N;;;H2;FLANGE ADAPTADOR (STUB-END) HDPE PE100 PN6, TFW, SEGÚN ISO 9624;"8""";1;un;;1,56;kg;Contratista;FLANGE;;;;;;;;SIN REVISAR;;;;;
1.1700;1;1700;EWP-3351-10-PA-220;CWP-3351-10-PA-220;CWA-3351-10;PWP-3351-10-PA-220;03351-CT-200-H2-0002-N;;;H2;FLANGE ADAPTADOR (STUB-END) HDPE PE100 PN6, TFW, SEGÚN ISO 9624;"8""";1;un;;1,56;kg;Contratista;FLANGE;;;;;;;;SIN REVISAR;;;;;
1.1701;1;1701;EWP-3351-10-PA-220;CWP-3351-10-PA-220;CWA-3351-10;PWP-3351-10-PA-220;03351-CT-200-H2-0002-N;;;H2;FLANGE ADAPTADOR (STUB-END) HDPE PE100 PN6, TFW, SEGÚN ISO 9624;"8""";1;un;;1,56;kg;Contratista;FLANGE;;;;;;;;SIN REVISAR;;;;;
1.1702;1;1702;EWP-3351-10-PA-220;CWP-3351-10-PA-220;CWA-3351-10;PWP-3351-10-PA-220;03351-CT-200-H2-0002-N;;;H2;FLANGE ADAPTADOR (STUB-END) HDPE PE100 PN6, TFW, SEGÚN ISO 9624;"8""";1;un;;1,56;kg;Contratista;FLANGE;;;;;;;;SIN REVISAR;;;;;
1.1232;1;1232;EWP-3351-10-PA-220;CWP-3351-10-PA-220;CWA-3351-10;PWP-3351-10-PA-220;03351-RW-250-H1-0011-N;;;H1;CURVA 45°, HDPE PE100 PN6, RADIO MÍNIMO 3D SEGMENTADAS POR TERMOFUSIÓN, FABRICACIÓN SEGÚN ISO 4427-3;"10""";1;un;FALSO;11,1;kg;Contratista;CURVA;;;;;;;;SIN REVISAR;;;;;
1.1704;1;1704;EWP-3351-10-PA-220;CWP-3351-10-PA-220;CWA-3351-10;PWP-3351-10-PA-220;03351-CT-200-H2-0002-N;;;H2;FLANGE ADAPTADOR (STUB-END) HDPE PE100 PN6, TFW, SEGÚN ISO 9624;"8""";1;un;;1,56;kg;Contratista;FLANGE;;;;;;;;SIN REVISAR;;;;;
1.1705;1;1705;EWP-3351-10-PA-220;CWP-3351-10-PA-220;CWA-3351-10;PWP-3351-10-PA-220;"03351-CT-6""-C3-0021-R3";;;C3;FLANGE ADAPTADOR N°741, ASTM A536, ASME B16.5, CLASE 150, GE.;"3""";1;un;;5,3;kg;Contratista;FLANGE;;;;;;;;SIN REVISAR;;;;;
1.1706;1;1706;EWP-3351-10-PA-220;CWP-3351-10-PA-220;CWA-3351-10;PWP-3351-10-PA-220;"03351-CT-6""-C3-0005-R3";;;C3;FLANGE ADAPTADOR N°741, ASTM A536, ASME B16.5, CLASE 150, GE.;"6""";1;un;;9,9;kg;Contratista;FLANGE;;;;;;;;SIN REVISAR;;;;;
1.1707;1;1707;EWP-3351-10-PA-220;CWP-3351-10-PA-220;CWA-3351-10;PWP-3351-10-PA-220;"03351-CT-6""-C3-0050-R3";;;C3;FLANGE ADAPTADOR N°741, ASTM A536, ASME B16.5, CLASE 150, GE.;"6""";1;un;;9,9;kg;Contratista;FLANGE;;;;;;;;SIN REVISAR;;;;;
1.1708;1;1708;EWP-3351-10-PA-220;CWP-3351-10-PA-220;CWA-3351-10;PWP-3351-10-PA-220;"03351-CT-6""-C3-0023-R3";;;C3;FLANGE ADAPTADOR N°741, ASTM A536, ASME B16.5, CLASE 150, GE.;"3""";1;un;;5,3;kg;Contratista;FLANGE;;;;;;;;SIN REVISAR;;;;;
1.1709;1;1709;EWP-3351-10-PA-220;CWP-3351-10-PA-220;CWA-3351-10;PWP-3351-10-PA-220;"03351-CT-6""-C3-0018-R3";;;C3;FLANGE ADAPTADOR N°741, ASTM A536, ASME B16.5, CLASE 150, GE.;"6""";1;un;;9,9;kg;Contratista;FLANGE;;;;;;;;SIN REVISAR;;;;;
1.1710;1;1710;EWP-3351-10-PA-220;CWP-3351-10-PA-220;CWA-3351-10;PWP-3351-10-PA-220;"03351-CT-6""-C3-0030-R3";;;C3;FLANGE ADAPTADOR N°741, ASTM A536, ASME B16.5, CLASE 150, GE.;"6""";1;un;;9,9;kg;Contratista;FLANGE;;;;;;;;SIN REVISAR;;;;;
1.1711;1;1711;EWP-3351-10-PA-220;CWP-3351-10-PA-220;CWA-3351-10;PWP-3351-10-PA-220;"03351-CT-6""-C3-0023-R3";;;C3;FLANGE ADAPTADOR N°741, ASTM A536, ASME B16.5, CLASE 150, GE.;"6""";1;un;;9,9;kg;Contratista;FLANGE;;;;;;;;SIN REVISAR;;;;;
1.1712;1;1712;EWP-3351-10-PA-220;CWP-3351-10-PA-220;CWA-3351-10;PWP-3351-10-PA-220;"03351-CT-6""-C3-0050-R3";;;C3;FLANGE ADAPTADOR N°741, ASTM A536, ASME B16.5, CLASE 150, GE.;"6""";1;un;;9,9;kg;Contratista;FLANGE;;;;;;;;SIN REVISAR;;;;;
1.1713;1;1713;EWP-3351-10-PA-220;CWP-3351-10-PA-220;CWA-3351-10;PWP-3351-10-PA-220;"03351-CT-6""-C3-0021-R3";;;C3;FLANGE ADAPTADOR N°741, ASTM A536, ASME B16.5, CLASE 150, GE.;"6""";1;un;;9,9;kg;Contratista;FLANGE;;;;;;;;SIN REVISAR;;;;;
1.1714;1;1714;EWP-3351-10-PA-220;CWP-3351-10-PA-220;CWA-3351-10;PWP-3351-10-PA-220;"03351-CT-6""-C3-0018-R3";;;C3;FLANGE ADAPTADOR N°741, ASTM A536, ASME B16.5, CLASE 150, GE.;"6""";1;un;;9,9;kg;Contratista;FLANGE;;;;;;;;SIN REVISAR;;;;;
1.1715;1;1715;EWP-3351-10-PA-220;CWP-3351-10-PA-220;CWA-3351-10;PWP-3351-10-PA-220;"03351-CT-6""-C3-0018-R3";;;C3;FLANGE ADAPTADOR N°741, ASTM A536, ASME B16.5, CLASE 150, GE.;"6""";1;un;;9,9;kg;Contratista;FLANGE;;;;;;;;SIN REVISAR;;;;;
1.1716;1;1716;EWP-3351-10-PA-220;CWP-3351-10-PA-220;CWA-3351-10;PWP-3351-10-PA-220;"03351-CT-6""-C3-0030-R3";;;C3;FLANGE ADAPTADOR N°741, ASTM A536, ASME B16.5, CLASE 150, GE.;"6""";1;un;;9,9;kg;Contratista;FLANGE;;;;;;;;SIN REVISAR;;;;;
1.1717;1;1717;EWP-3351-10-PA-220;CWP-3351-10-PA-220;CWA-3351-10;PWP-3351-10-PA-220;"03351-CT-6""-C3-0021-R3";;;C3;FLANGE ADAPTADOR N°741, ASTM A536, ASME B16.5, CLASE 150, GE.;"6""";1;un;;9,9;kg;Contratista;FLANGE;;;;;;;;SIN REVISAR;;;;;
1.1718;1;1718;EWP-3351-10-PA-220;CWP-3351-10-PA-220;CWA-3351-10;PWP-3351-10-PA-220;"03351-CT-6""-C3-0018-R3";;;C3;FLANGE ADAPTADOR N°741, ASTM A536, ASME B16.5, CLASE 150, GE.;"6""";1;un;;9,9;kg;Contratista;FLANGE;;;;;;;;SIN REVISAR;;;;;
1.1719;1;1719;EWP-3351-10-PA-220;CWP-3351-10-PA-220;CWA-3351-10;PWP-3351-10-PA-220;"03351-CT-6""-C3-0021-R3";;;C3;FLANGE ADAPTADOR N°741, ASTM A536, ASME B16.5, CLASE 150, GE.;"6""";1;un;;9,9;kg;Contratista;FLANGE;;;;;;;;SIN REVISAR;;;;;
1.1720;1;1720;EWP-3351-10-PA-220;CWP-3351-10-PA-220;CWA-3351-10;PWP-3351-10-PA-220;"03351-CT-6""-C3-0018-R3";;;C3;FLANGE ADAPTADOR N°741, ASTM A536, ASME B16.5, CLASE 150, GE.;"3""";1;un;;5,3;kg;Contratista;FLANGE;;;;;;;;SIN REVISAR;;;;;
1.1721;1;1721;EWP-3351-10-PA-220;CWP-3351-10-PA-220;CWA-3351-10;PWP-3351-10-PA-220;"03351-CT-6""-C3-0023-R3";;;C3;FLANGE ADAPTADOR N°741, ASTM A536, ASME B16.5, CLASE 150, GE.;"6""";1;un;;9,9;kg;Contratista;FLANGE;;;;;;;;SIN REVISAR;;;;;
1.1722;1;1722;EWP-3351-10-PA-220;CWP-3351-10-PA-220;CWA-3351-10;PWP-3351-10-PA-220;"03351-CT-6""-C3-0005-R3";;;C3;FLANGE ADAPTADOR N°741, ASTM A536, ASME B16.5, CLASE 150, GE.;"6""";1;un;;9,9;kg;Contratista;FLANGE;;;;;;;;SIN REVISAR;;;;;
1.1723;1;1723;EWP-3351-10-PA-220;CWP-3351-10-PA-220;CWA-3351-10;PWP-3351-10-PA-220;"03351-CT-6""-C3-0007-R3";;;C3;FLANGE ADAPTADOR N°741, ASTM A536, ASME B16.5, CLASE 150, GE.;"6""";1;un;;9,9;kg;Contratista;FLANGE;;;;;;;;SIN REVISAR;;;;;
1.1724;1;1724;EWP-3351-10-PA-220;CWP-3351-10-PA-220;CWA-3351-10;PWP-3351-10-PA-220;"03351-CT-6""-C3-0007-R3";;;C3;FLANGE ADAPTADOR N°741, ASTM A536, ASME B16.5, CLASE 150, GE.;"6""";1;un;;9,9;kg;Contratista;FLANGE;;;;;;;;SIN REVISAR;;;;;
1.1725;1;1725;EWP-3351-10-PA-220;CWP-3351-10-PA-220;CWA-3351-10;PWP-3351-10-PA-220;"03351-CT-6""-C3-0006-R3";;;C3;FLANGE ADAPTADOR N°741, ASTM A536, ASME B16.5, CLASE 150, GE.;"6""";1;un;;9,9;kg;Contratista;FLANGE;;;;;;;;SIN REVISAR;;;;;
1.1726;1;1726;EWP-3351-10-PA-220;CWP-3351-10-PA-220;CWA-3351-10;PWP-3351-10-PA-220;"03351-CT-6""-C3-0006-R3";;;C3;FLANGE ADAPTADOR N°741, ASTM A536, ASME B16.5, CLASE 150, GE.;"6""";1;un;;9,9;kg;Contratista;FLANGE;;;;;;;;SIN REVISAR;;;;;
1.1727;1;1727;EWP-3351-10-PA-220;CWP-3351-10-PA-220;CWA-3351-10;PWP-3351-10-PA-220;"03351-CT-6""-C3-0021-R3";;;C3;FLANGE ADAPTADOR N°741, ASTM A536, ASME B16.5, CLASE 150, GE.;"6""";1;un;;9,9;kg;Contratista;FLANGE;;;;;;;;SIN REVISAR;;;;;
1.1728;1;1728;EWP-3351-10-PA-220;CWP-3351-10-PA-220;CWA-3351-10;PWP-3351-10-PA-220;"03351-CT-6""-C3-0046-R3";;;C3;FLANGE ADAPTADOR N°741, ASTM A536, ASME B16.5, CLASE 150, GE.;"6""";1;un;;9,9;kg;Contratista;FLANGE;;;;;;;;SIN REVISAR;;;;;
1.1729;1;1729;EWP-3351-10-PA-220;CWP-3351-10-PA-220;CWA-3351-10;PWP-3351-10-PA-220;"03351-CT-6""-C3-0046-R3";;;C3;FLANGE ADAPTADOR N°741, ASTM A536, ASME B16.5, CLASE 150, GE.;"6""";1;un;;9,9;kg;Contratista;FLANGE;;;;;;;;SIN REVISAR;;;;;
1.1730;1;1730;EWP-3351-10-PA-220;CWP-3351-10-PA-220;CWA-3351-10;PWP-3351-10-PA-220;"03351-CT-6""-C3-0046-R3";;;C3;FLANGE ADAPTADOR N°741, ASTM A536, ASME B16.5, CLASE 150, GE.;"6""";1;un;;9,9;kg;Contratista;FLANGE;;;;;;;;SIN REVISAR;;;;;
1.1731;1;1731;EWP-3351-10-PA-220;CWP-3351-10-PA-220;CWA-3351-10;PWP-3351-10-PA-220;"03351-CT-6""-C3-0046-R3";;;C3;FLANGE ADAPTADOR N°741, ASTM A536, ASME B16.5, CLASE 150, GE.;"6""";1;un;;9,9;kg;Contratista;FLANGE;;;;;;;;SIN REVISAR;;;;;
1.1732;1;1732;EWP-3351-10-PA-220;CWP-3351-10-PA-220;CWA-3351-10;PWP-3351-10-PA-220;"03351-CT-6""-C3-0023-R3";;;C3;FLANGE ADAPTADOR N°741, ASTM A536, ASME B16.5, CLASE 150, GE.;"3""";1;un;;5,3;kg;Contratista;FLANGE;;;;;;;;SIN REVISAR;;;;;
1.1733;1;1733;EWP-3351-10-PA-220;CWP-3351-10-PA-220;CWA-3351-10;PWP-3351-10-PA-220;"03351-CT-6""-C3-0018-R3";;;C3;FLANGE ADAPTADOR N°741, ASTM A536, ASME B16.5, CLASE 150, GE.;"3""";1;un;;5,3;kg;Contratista;FLANGE;;;;;;;;SIN REVISAR;;;;;
1.1734;1;1734;EWP-3351-10-PA-220;CWP-3351-10-PA-220;CWA-3351-10;PWP-3351-10-PA-220;"03351-CT-6""-C3-0021-R3";;;C3;FLANGE ADAPTADOR N°741, ASTM A536, ASME B16.5, CLASE 150, GE.;"3""";1;un;;5,3;kg;Contratista;FLANGE;;;;;;;;SIN REVISAR;;;;;
1.1735;1;1735;EWP-3351-10-PA-220;CWP-3351-10-PA-220;CWA-3351-10;PWP-3351-10-PA-220;"03351-CT-6""-C3-0005-R3";;;C3;FLANGE ADAPTADOR, ASTM A536, ASME B16.5, CLASE 150, GE;"3""";1;un;;5,31;kg;Contratista;FLANGE;;;;;;;;SIN REVISAR;;;;;
1.1736;1;1736;EWP-3351-10-PA-220;CWP-3351-10-PA-220;CWA-3351-10;PWP-3351-10-PA-220;"03351-CT-6""-C3-0018-R3";;;C3;FLANGE ADAPTADOR, ASTM A536, ASME B16.5, CLASE 150, GE;"3""";1;un;;5,31;kg;Contratista;FLANGE;;;;;;;;SIN REVISAR;;;;;
1.1737;1;1737;EWP-3351-10-PA-220;CWP-3351-10-PA-220;CWA-3351-10;PWP-3351-10-PA-220;"03351-CT-6""-C3-0021-R3";;;C3;FLANGE ADAPTADOR, ASTM A536, ASME B16.5, CLASE 150, GE;"3""";1;un;;5,31;kg;Contratista;FLANGE;;;;;;;;SIN REVISAR;;;;;
1.1738;1;1738;EWP-3351-10-PA-220;CWP-3351-10-PA-220;CWA-3351-10;PWP-3351-10-PA-220;"03351-CT-6""-C3-0018-R3";;;C3;FLANGE ADAPTADOR, ASTM A536, ASME B16.5, CLASE 150, GE;"3""";1;un;;5,31;kg;Contratista;FLANGE;;;;;;;;SIN REVISAR;;;;;
1.1739;1;1739;EWP-3351-10-PA-220;CWP-3351-10-PA-220;CWA-3351-10;PWP-3351-10-PA-220;"03351-CT-6""-C3-0018-R3";;;C3;FLANGE ADAPTADOR, ASTM A536, ASME B16.5, CLASE 150, GE;"3""";1;un;;5,31;kg;Contratista;FLANGE;;;;;;;;SIN REVISAR;;;;;
1.1740;1;1740;EWP-3351-10-PA-220;CWP-3351-10-PA-220;CWA-3351-10;PWP-3351-10-PA-220;"03351-CT-6""-C11-0001-N";;;C11;FLANGE ADAPTADOR, ASTM A536, ASME B16.5, CLASE 150, GE;"3""";1;un;;5,31;kg;Contratista;FLANGE;;;;;;;;SIN REVISAR;;;;;
1.1741;1;1741;EWP-3351-10-PA-220;CWP-3351-10-PA-220;CWA-3351-10;PWP-3351-10-PA-220;"03351-CT-6""-C3-0021-R3";;;C3;FLANGE ADAPTADOR, ASTM A536, ASME B16.5, CLASE 150, GE;"3""";1;un;;5,31;kg;Contratista;FLANGE;;;;;;;;SIN REVISAR;;;;;
1.1742;1;1742;EWP-3351-10-PA-220;CWP-3351-10-PA-220;CWA-3351-10;PWP-3351-10-PA-220;"03351-CT-6""-C3-0021-R3";;;C3;FLANGE ADAPTADOR, ASTM A536, ASME B16.5, CLASE 150, GE;"3""";1;un;;5,31;kg;Contratista;FLANGE;;;;;;;;SIN REVISAR;;;;;
1.1743;1;1743;EWP-3351-10-PA-220;CWP-3351-10-PA-220;CWA-3351-10;PWP-3351-10-PA-220;"03351-CT-6""-C3-0023-R3";;;C3;FLANGE ADAPTADOR, ASTM A536, ASME B16.5, CLASE 150, GE;"3""";1;un;;5,31;kg;Contratista;FLANGE;;;;;;;;SIN REVISAR;;;;;
1.1744;1;1744;EWP-3351-10-PA-220;CWP-3351-10-PA-220;CWA-3351-10;PWP-3351-10-PA-220;"03351-CT-6""-C3-0007-R3";;;C3;FLANGE ADAPTADOR, ASTM A536, ASME B16.5, CLASE 150, GE;"3""";1;un;;5,31;kg;Contratista;FLANGE;;;;;;;;SIN REVISAR;;;;;
1.1745;1;1745;EWP-3351-10-PA-220;CWP-3351-10-PA-220;CWA-3351-10;PWP-3351-10-PA-220;"03351-CT-6""-C3-0006-R3";;;C3;FLANGE ADAPTADOR, ASTM A536, ASME B16.5, CLASE 150, GE;"3""";1;un;;5,31;kg;Contratista;FLANGE;;;;;;;;SIN REVISAR;;;;;
1.1746;1;1746;EWP-3351-10-PA-220;CWP-3351-10-PA-220;CWA-3351-10;PWP-3351-10-PA-220;"03351-CT-6""-C3-0046-R3";;;C3;FLANGE ADAPTADOR, ASTM A536, ASME B16.5, CLASE 150, GE;"3""";1;un;;5,31;kg;Contratista;FLANGE;;;;;;;;SIN REVISAR;;;;;
1.1747;1;1747;EWP-3351-10-PA-220;CWP-3351-10-PA-220;CWA-3351-10;PWP-3351-10-PA-220;"03351-CT-6""-C3-0046-R3";;;C3;FLANGE ADAPTADOR, ASTM A536, ASME B16.5, CLASE 150, GE;"3""";1;un;;5,31;kg;Contratista;FLANGE;;;;;;;;SIN REVISAR;;;;;
1.1748;1;1748;EWP-3351-10-PA-220;CWP-3351-10-PA-220;CWA-3351-10;PWP-3351-10-PA-220;"03351-CT-6""-C3-0018-R3";;;C3;FLANGE ADAPTADOR, ASTM A536, ASME B16.5, CLASE 150, GE;"2""";1;un;;2,72;kg;Contratista;FLANGE;;;;;;;;SIN REVISAR;;;;;
1.1749;1;1749;EWP-3351-10-PA-220;CWP-3351-10-PA-220;CWA-3351-10;PWP-3351-10-PA-220;"03351-CT-6""-C3-0023-R3";;;C3;FLANGE ADAPTADOR, ASTM A536, ASME B16.5, CLASE 150, GE;"2""";1;un;;2,72;kg;Contratista;FLANGE;;;;;;;;SIN REVISAR;;;;;
1.1750;1;1750;EWP-3351-10-PA-220;CWP-3351-10-PA-220;CWA-3351-10;PWP-3351-10-PA-220;"03351-CT-6""-C3-0023-R3";;;C3;FLANGE ADAPTADOR, ASTM A536, ASME B16.5, CLASE 150, GE;"2""";1;un;;2,72;kg;Contratista;FLANGE;;;;;;;;SIN REVISAR;;;;;
1.1751;1;1751;EWP-3351-10-PA-220;CWP-3351-10-PA-220;CWA-3351-10;PWP-3351-10-PA-220;"03351-CT-6""-C3-0021-R3";;;C3;FLANGE ADAPTADOR, ASTM A536, ASME B16.5, CLASE 150, GE;"2""";1;un;;2,72;kg;Contratista;FLANGE;;;;;;;;SIN REVISAR;;;;;
1.1752;1;1752;EWP-3351-10-PA-220;CWP-3351-10-PA-220;CWA-3351-10;PWP-3351-10-PA-220;"03351-CT-6""-C3-0018-R3";;;C3;FLANGE ADAPTADOR, ASTM A536, ASME B16.5, CLASE 150, GE;"2""";1;un;;2,72;kg;Contratista;FLANGE;;;;;;;;SIN REVISAR;;;;;
1.1753;1;1753;EWP-3351-10-PA-220;CWP-3351-10-PA-220;CWA-3351-10;PWP-3351-10-PA-220;"03351-CT-6""-C3-0021-R3";;;C3;FLANGE ADAPTADOR, ASTM A536, ASME B16.5, CLASE 150, GE;"2""";1;un;;2,72;kg;Contratista;FLANGE;;;;;;;;SIN REVISAR;;;;;
1.1754;1;1754;EWP-3351-10-PA-220;CWP-3351-10-PA-220;CWA-3351-10;PWP-3351-10-PA-220;"03351-PW-6""-C1-0013-N";;;C1;FLANGE CIEGO, ASTM A105, ASME B16.5 CLASE 150 FF;"6""";1;un;;27;kg;Contratista;FLANGE;;;;;;;;SIN REVISAR;;;;;
1.1755;1;1755;EWP-3351-10-PA-220;CWP-3351-10-PA-220;CWA-3351-10;PWP-3351-10-PA-220;"03351-PW-6""-C1-0013-N";;;C1;FLANGE CIEGO, ASTM A105, ASME B16.5 CLASE 150 FF;"6""";1;un;;27;kg;Contratista;FLANGE;;;;;;;;SIN REVISAR;;;;;
1.1235;1;1235;EWP-3351-10-PA-220;CWP-3351-10-PA-220;CWA-3351-10;PWP-3351-10-PA-220;03351-RW-250-H1-0011-N;;;H1;CURVA 45°, HDPE PE100 PN6, RADIO MÍNIMO 3D SEGMENTADAS POR TERMOFUSIÓN, FABRICACIÓN SEGÚN ISO 4427-3;"10""";1;un;FALSO;11,1;kg;Contratista;CURVA;;;;;;;;SIN REVISAR;;;;;
1.1757;1;1757;EWP-3351-10-PA-220;CWP-3351-10-PA-220;CWA-3351-10;PWP-3351-10-PA-220;03351-CT-200-H2-0045-N;;;H2;FLANGE RESPALDO, ASTM A36, PERFORACIONES AWWA C207 CLASE E, APTO PARA FLANGE ADAPTADOR DE HDPE PE100 PN6;"8""";1;un;;3,14;kg;Contratista;FLANGE;;;;;;;;SIN REVISAR;;;;;
1.1363;1;1363;EWP-3351-10-PA-220;CWP-3351-10-PA-220;CWA-3351-10;PWP-3351-10-PA-220;03351-RW-250-H1-0011-N;;;H1;"EMPAQUETADURA ASME B16.21, TIPO FULL FACE, ESPESOR 1/8"", PARA CONEXIÓN SEGÚN AWWA C207CLASE D, MATERIAL PTFE PURO EXPANDIDO";"10""";1;un;FALSO;0,97;kg;Contratista;EMPAQUETADURA;;;;;;;;SIN REVISAR;;;;;
1.1366;1;1366;EWP-3351-10-PA-220;CWP-3351-10-PA-220;CWA-3351-10;PWP-3351-10-PA-220;03351-RW-250-H1-0011-N;;;H1;"EMPAQUETADURA ASME B16.21, TIPO FULL FACE, ESPESOR 1/8"", PARA CONEXIÓN SEGÚN AWWA C207CLASE D, MATERIAL PTFE PURO EXPANDIDO";"10""";1;un;FALSO;0,97;kg;Contratista;EMPAQUETADURA;;;;;;;;SIN REVISAR;;;;;
1.1760;1;1760;EWP-3351-10-PA-220;CWP-3351-10-PA-220;CWA-3351-10;PWP-3351-10-PA-220;03351-CT-200-H2-0002-N;;;H2;FLANGE RESPALDO, ASTM A36, PERFORACIONES AWWA C207 CLASE E, APTO PARA FLANGE ADAPTADOR DE HDPE PE100 PN6;"8""";1;un;;3,14;kg;Contratista;FLANGE;;;;;;;;SIN REVISAR;;;;;
1.1761;1;1761;EWP-3351-10-PA-220;CWP-3351-10-PA-220;CWA-3351-10;PWP-3351-10-PA-220;03351-CT-200-H2-0045-N;;;H2;FLANGE RESPALDO, ASTM A36, PERFORACIONES AWWA C207 CLASE E, APTO PARA FLANGE ADAPTADOR DE HDPE PE100 PN6;"8""";1;un;;3,14;kg;Contratista;FLANGE;;;;;;;;SIN REVISAR;;;;;
1.1367;1;1367;EWP-3351-10-PA-220;CWP-3351-10-PA-220;CWA-3351-10;PWP-3351-10-PA-220;03351-RW-250-H1-0011-N;;;H1;"EMPAQUETADURA ASME B16.21, TIPO FULL FACE, ESPESOR 1/8"", PARA CONEXIÓN SEGÚN AWWA C207CLASE D, MATERIAL PTFE PURO EXPANDIDO";"10""";1;un;FALSO;0,97;kg;Contratista;EMPAQUETADURA;;;;;;;;SIN REVISAR;;;;;
1.1763;1;1763;EWP-3351-10-PA-220;CWP-3351-10-PA-220;CWA-3351-10;PWP-3351-10-PA-220;03351-CT-200-H2-0045-N;;;H2;FLANGE RESPALDO, ASTM A36, PERFORACIONES AWWA C207 CLASE E, APTO PARA FLANGE ADAPTADOR DE HDPE PE100 PN6;"2""";1;un;;0,79;kg;Contratista;FLANGE;;;;;;;;SIN REVISAR;;;;;
1.1368;1;1368;EWP-3351-10-PA-220;CWP-3351-10-PA-220;CWA-3351-10;PWP-3351-10-PA-220;03351-RW-250-H1-0011-N;;;H1;"EMPAQUETADURA ASME B16.21, TIPO FULL FACE, ESPESOR 1/8"", PARA CONEXIÓN SEGÚN AWWA C207CLASE D, MATERIAL PTFE PURO EXPANDIDO";"10""";1;un;FALSO;0,97;kg;Contratista;EMPAQUETADURA;;;;;;;;SIN REVISAR;;;;;
1.1612;1;1612;EWP-3351-10-PA-220;CWP-3351-10-PA-220;CWA-3351-10;PWP-3351-10-PA-220;03351-RW-250-H1-0011-N;;;H1;FLANGE ADAPTADOR (STUB-END) HDPE PE100 PN6, TFW, SEGÚN ISO 9624;"10""";1;un;FALSO;2,58;kg;Contratista;FLANGE;;;;;;;;SIN REVISAR;;;;;
1.1766;1;1766;EWP-3351-10-PA-220;CWP-3351-10-PA-220;CWA-3351-10;PWP-3351-10-PA-220;03351-CT-200-H2-0045-N;;;H2;FLANGE RESPALDO, ASTM A36, PERFORACIONES AWWA C207 CLASE E, APTO PARA FLANGE ADAPTADOR DE HDPE PE100 PN6;"8""";1;un;;3,14;kg;Contratista;FLANGE;;;;;;;;SIN REVISAR;;;;;
1.1767;1;1767;EWP-3351-10-PA-220;CWP-3351-10-PA-220;CWA-3351-10;PWP-3351-10-PA-220;03351-CT-400-H1-0058-N;;;H1;FLANGE RESPALDO, ASTM A36, PERFORACIONES AWWA C207 CLASE E, APTO PARA FLANGE ADAPTADOR DE HDPE PE100 PN6;"16""";1;un;;17,74;kg;Contratista;FLANGE;;;;;;;;SIN REVISAR;;;;;
1.1768;1;1768;EWP-3351-10-PA-220;CWP-3351-10-PA-220;CWA-3351-10;PWP-3351-10-PA-220;03351-CT-200-H2-0045-N;;;H2;FLANGE RESPALDO, ASTM A36, PERFORACIONES AWWA C207 CLASE E, APTO PARA FLANGE ADAPTADOR DE HDPE PE100 PN6;"8""";1;un;;3,14;kg;Contratista;FLANGE;;;;;;;;SIN REVISAR;;;;;
1.1769;1;1769;EWP-3351-10-PA-220;CWP-3351-10-PA-220;CWA-3351-10;PWP-3351-10-PA-220;03351-CT-200-H2-0002-N;;;H2;FLANGE RESPALDO, ASTM A36, PERFORACIONES AWWA C207 CLASE E, APTO PARA FLANGE ADAPTADOR DE HDPE PE100 PN6;"2""";1;un;;0,79;kg;Contratista;FLANGE;;;;;;;;SIN REVISAR;;;;;
1.1770;1;1770;EWP-3351-10-PA-220;CWP-3351-10-PA-220;CWA-3351-10;PWP-3351-10-PA-220;03351-CT-400-H1-0057-N;;;H1;FLANGE RESPALDO, ASTM A36, PERFORACIONES AWWA C207 CLASE E, APTO PARA FLANGE ADAPTADOR DE HDPE PE100 PN6;"16""";1;un;;17,74;kg;Contratista;FLANGE;;;;;;;;SIN REVISAR;;;;;
1.1771;1;1771;EWP-3351-10-PA-220;CWP-3351-10-PA-220;CWA-3351-10;PWP-3351-10-PA-220;03351-CT-200-H2-0002-N;;;H2;FLANGE RESPALDO, ASTM A36, PERFORACIONES AWWA C207 CLASE E, APTO PARA FLANGE ADAPTADOR DE HDPE PE100 PN6;"8""";1;un;;3,14;kg;Contratista;FLANGE;;;;;;;;SIN REVISAR;;;;;
1.1613;1;1613;EWP-3351-10-PA-220;CWP-3351-10-PA-220;CWA-3351-10;PWP-3351-10-PA-220;03351-RW-250-H1-0011-N;;;H1;FLANGE ADAPTADOR (STUB-END) HDPE PE100 PN6, TFW, SEGÚN ISO 9624;"10""";1;un;FALSO;2,58;kg;Contratista;FLANGE;;;;;;;;SIN REVISAR;;;;;
1.1624;1;1624;EWP-3351-10-PA-220;CWP-3351-10-PA-220;CWA-3351-10;PWP-3351-10-PA-220;03351-RW-250-H1-0011-N;;;H1;FLANGE ADAPTADOR (STUB-END) HDPE PE100 PN6, TFW, SEGÚN ISO 9624;"10""";1;un;FALSO;2,58;kg;Contratista;FLANGE;;;;;;;;SIN REVISAR;;;;;
1.1625;1;1625;EWP-3351-10-PA-220;CWP-3351-10-PA-220;CWA-3351-10;PWP-3351-10-PA-220;03351-RW-250-H1-0011-N;;;H1;FLANGE ADAPTADOR (STUB-END) HDPE PE100 PN6, TFW, SEGÚN ISO 9624;"10""";1;un;FALSO;2,58;kg;Contratista;FLANGE;;;;;;;;SIN REVISAR;;;;;
1.1758;1;1758;EWP-3351-10-PA-220;CWP-3351-10-PA-220;CWA-3351-10;PWP-3351-10-PA-220;03351-RW-250-H1-0011-N;;;H1;FLANGE RESPALDO, ASTM A36, PERFORACIONES AWWA C207 CLASE E, APTO PARA FLANGE ADAPTADOR DE HDPE PE100 PN6;"10""";1;un;FALSO;6,53;kg;Contratista;FLANGE;;;;;;;;SIN REVISAR;;;;;
1.1774;1;1774;EWP-3351-10-PA-220;CWP-3351-10-PA-220;CWA-3351-10;PWP-3351-10-PA-220;03351-RW-250-H1-0011-N;;;H1;FLANGE RESPALDO, ASTM A36, PERFORACIONES AWWA C207 CLASE E, APTO PARA FLANGE ADAPTADOR DE HDPE PE100 PN6;"10""";1;un;FALSO;6,53;kg;Contratista;FLANGE;;;;;;;;SIN REVISAR;;;;;
1.1777;1;1777;EWP-3351-10-PA-220;CWP-3351-10-PA-220;CWA-3351-10;PWP-3351-10-PA-220;03351-CT-200-H2-0002-N;;;H2;FLANGE RESPALDO, ASTM A36, PERFORACIONES AWWA C207 CLASE E, APTO PARA FLANGE ADAPTADOR DE HDPE PE100 PN6;"3""";1;un;;1,22;kg;Contratista;FLANGE;;;;;;;;SIN REVISAR;;;;;
1.1775;1;1775;EWP-3351-10-PA-220;CWP-3351-10-PA-220;CWA-3351-10;PWP-3351-10-PA-220;03351-RW-250-H1-0011-N;;;H1;FLANGE RESPALDO, ASTM A36, PERFORACIONES AWWA C207 CLASE E, APTO PARA FLANGE ADAPTADOR DE HDPE PE100 PN6;"10""";1;un;FALSO;6,53;kg;Contratista;FLANGE;;;;;;;;SIN REVISAR;;;;;
1.1779;1;1779;EWP-3351-10-PA-220;CWP-3351-10-PA-220;CWA-3351-10;PWP-3351-10-PA-220;03351-RW-250-H1-0011-N;;;H1;FLANGE RESPALDO, ASTM A36, PERFORACIONES AWWA C207 CLASE E, APTO PARA FLANGE ADAPTADOR DE HDPE PE100 PN6;"10""";1;un;FALSO;6,53;kg;Contratista;FLANGE;;;;;;;;SIN REVISAR;;;;;
1.1780;1;1780;EWP-3351-10-PA-220;CWP-3351-10-PA-220;CWA-3351-10;PWP-3351-10-PA-220;03351-CT-400-H1-0057-N;;;H1;FLANGE RESPALDO, ASTM A36, PERFORACIONES AWWA C207 CLASE E, APTO PARA FLANGE ADAPTADOR DE HDPE PE100 PN6;"16""";1;un;;17,74;kg;Contratista;FLANGE;;;;;;;;SIN REVISAR;;;;;
1.1781;1;1781;EWP-3351-10-PA-220;CWP-3351-10-PA-220;CWA-3351-10;PWP-3351-10-PA-220;03351-CT-400-H1-0058-N;;;H1;FLANGE RESPALDO, ASTM A36, PERFORACIONES AWWA C207 CLASE E, APTO PARA FLANGE ADAPTADOR DE HDPE PE100 PN6;"16""";1;un;;17,74;kg;Contratista;FLANGE;;;;;;;;SIN REVISAR;;;;;
1.1782;1;1782;EWP-3351-10-PA-220;CWP-3351-10-PA-220;CWA-3351-10;PWP-3351-10-PA-220;03351-CT-200-H2-0002-N;;;H2;FLANGE RESPALDO, ASTM A36, PERFORACIONES AWWA C207 CLASE E, APTO PARA FLANGE ADAPTADOR DE HDPE PE100 PN6;"8""";1;un;;3,14;kg;Contratista;FLANGE;;;;;;;;SIN REVISAR;;;;;
1.1783;1;1783;EWP-3351-10-PA-220;CWP-3351-10-PA-220;CWA-3351-10;PWP-3351-10-PA-220;03351-CT-200-H2-0002-N;;;H2;FLANGE RESPALDO, ASTM A36, PERFORACIONES AWWA C207 CLASE E, APTO PARA FLANGE ADAPTADOR DE HDPE PE100 PN6;"8""";1;un;;3,14;kg;Contratista;FLANGE;;;;;;;;SIN REVISAR;;;;;
1.2201;1;2201;EWP-3351-10-PA-220;CWP-3351-10-PA-220;CWA-3351-10;PWP-3351-10-PA-220;03351-RW-250-H1-0011-N;;;H1;PERNO MÁQUINA, ASTM A307, CON TUERCA HEXAGONAL ASTM A194 Gr. 2H Y GOLILLA PLANA, SEGÚN ASME B1.1;"7/8""";12;un;FALSO;17,9;kg;Contratista;PERNO;;;;;;;;SIN REVISAR;;;;;
1.2206;1;2206;EWP-3351-10-PA-220;CWP-3351-10-PA-220;CWA-3351-10;PWP-3351-10-PA-220;03351-RW-250-H1-0011-N;;;H1;PERNO MÁQUINA, ASTM A307, CON TUERCA HEXAGONAL ASTM A194 Gr. 2H Y GOLILLA PLANA, SEGÚN ASME B1.1;"7/8""";12;un;FALSO;17,9;kg;Contratista;PERNO;;;;;;;;SIN REVISAR;;;;;
1.1786;1;1786;EWP-3351-10-PA-220;CWP-3351-10-PA-220;CWA-3351-10;PWP-3351-10-PA-220;03351-CT-200-H2-0002-N;;;H2;FLANGE RESPALDO, ASTM A36, PERFORACIONES AWWA C207 CLASE E, APTO PARA FLANGE ADAPTADOR DE HDPE PE100 PN6;"8""";1;un;;3,14;kg;Contratista;FLANGE;;;;;;;;SIN REVISAR;;;;;
1.1787;1;1787;EWP-3351-10-PA-220;CWP-3351-10-PA-220;CWA-3351-10;PWP-3351-10-PA-220;03351-CT-200-H2-0002-N;;;H2;FLANGE RESPALDO, ASTM A36, PERFORACIONES AWWA C207 CLASE E, APTO PARA FLANGE ADAPTADOR DE HDPE PE100 PN6;"8""";1;un;;3,14;kg;Contratista;FLANGE;;;;;;;;SIN REVISAR;;;;;
1.1788;1;1788;EWP-3351-10-PA-220;CWP-3351-10-PA-220;CWA-3351-10;PWP-3351-10-PA-220;03351-CT-200-H2-0002-N;;;H2;FLANGE RESPALDO, ASTM A36, PERFORACIONES AWWA C207 CLASE E, APTO PARA FLANGE ADAPTADOR DE HDPE PE100 PN6;"8""";1;un;;3,14;kg;Contratista;FLANGE;;;;;;;;SIN REVISAR;;;;;
1.1789;1;1789;EWP-3351-10-PA-220;CWP-3351-10-PA-220;CWA-3351-10;PWP-3351-10-PA-220;03351-CT-200-H2-0002-N;;;H2;FLANGE RESPALDO, ASTM A36, PERFORACIONES AWWA C207 CLASE E, APTO PARA FLANGE ADAPTADOR DE HDPE PE100 PN6;"8""";1;un;;3,14;kg;Contratista;FLANGE;;;;;;;;SIN REVISAR;;;;;
1.1790;1;1790;EWP-3351-10-PA-220;CWP-3351-10-PA-220;CWA-3351-10;PWP-3351-10-PA-220;03351-CT-200-H2-0002-N;;;H2;FLANGE RESPALDO, ASTM A36, PERFORACIONES AWWA C207 CLASE E, APTO PARA FLANGE ADAPTADOR DE HDPE PE100 PN6;"8""";1;un;;3,14;kg;Contratista;FLANGE;;;;;;;;SIN REVISAR;;;;;
1.2207;1;2207;EWP-3351-10-PA-220;CWP-3351-10-PA-220;CWA-3351-10;PWP-3351-10-PA-220;03351-RW-250-H1-0011-N;;;H1;PERNO MÁQUINA, ASTM A307, CON TUERCA HEXAGONAL ASTM A194 Gr. 2H Y GOLILLA PLANA, SEGÚN ASME B1.1;"7/8""";12;un;FALSO;17,9;kg;Contratista;PERNO;;;;;;;;SIN REVISAR;;;;;
1.1792;1;1792;EWP-3351-10-PA-220;CWP-3351-10-PA-220;CWA-3351-10;PWP-3351-10-PA-220;03351-CT-200-H2-0002-N;;;H2;FLANGE RESPALDO, ASTM A36, PERFORACIONES AWWA C207 CLASE E, APTO PARA FLANGE ADAPTADOR DE HDPE PE100 PN6;"8""";1;un;;3,14;kg;Contratista;FLANGE;;;;;;;;SIN REVISAR;;;;;
1.1793;1;1793;EWP-3351-10-PA-220;CWP-3351-10-PA-220;CWA-3351-10;PWP-3351-10-PA-220;03351-CT-200-H2-0002-N;;;H2;FLANGE RESPALDO, ASTM A36, PERFORACIONES AWWA C207 CLASE E, APTO PARA FLANGE ADAPTADOR DE HDPE PE100 PN6;"8""";1;un;;3,14;kg;Contratista;FLANGE;;;;;;;;SIN REVISAR;;;;;
1.1794;1;1794;EWP-3351-10-PA-220;CWP-3351-10-PA-220;CWA-3351-10;PWP-3351-10-PA-220;03351-CT-200-H2-0002-N;;;H2;FLANGE RESPALDO, ASTM A36, PERFORACIONES AWWA C207 CLASE E, APTO PARA FLANGE ADAPTADOR DE HDPE PE100 PN6;"8""";1;un;;3,14;kg;Contratista;FLANGE;;;;;;;;SIN REVISAR;;;;;
1.1795;1;1795;EWP-3351-10-PA-220;CWP-3351-10-PA-220;CWA-3351-10;PWP-3351-10-PA-220;03351-CT-200-H2-0002-N;;;H2;FLANGE RESPALDO, ASTM A36, PERFORACIONES AWWA C207 CLASE E, APTO PARA FLANGE ADAPTADOR DE HDPE PE100 PN6;"8""";1;un;;3,14;kg;Contratista;FLANGE;;;;;;;;SIN REVISAR;;;;;
1.1796;1;1796;EWP-3351-10-PA-220;CWP-3351-10-PA-220;CWA-3351-10;PWP-3351-10-PA-220;03351-CT-200-H2-0002-N;;;H2;FLANGE RESPALDO, ASTM A36, PERFORACIONES AWWA C207 CLASE E, APTO PARA FLANGE ADAPTADOR DE HDPE PE100 PN6;"8""";1;un;;3,14;kg;Contratista;FLANGE;;;;;;;;SIN REVISAR;;;;;
1.1797;1;1797;EWP-3351-10-PA-220;CWP-3351-10-PA-220;CWA-3351-10;PWP-3351-10-PA-220;03351-CT-200-H2-0002-N;;;H2;FLANGE RESPALDO, ASTM A36, PERFORACIONES AWWA C207 CLASE E, APTO PARA FLANGE ADAPTADOR DE HDPE PE100 PN6;"8""";1;un;;3,14;kg;Contratista;FLANGE;;;;;;;;SIN REVISAR;;;;;
1.1798;1;1798;EWP-3351-10-PA-220;CWP-3351-10-PA-220;CWA-3351-10;PWP-3351-10-PA-220;03351-CT-200-H2-0002-N;;;H2;FLANGE RESPALDO, ASTM A36, PERFORACIONES AWWA C207 CLASE E, APTO PARA FLANGE ADAPTADOR DE HDPE PE100 PN6;"8""";1;un;;3,14;kg;Contratista;FLANGE;;;;;;;;SIN REVISAR;;;;;
1.1799;1;1799;EWP-3351-10-PA-220;CWP-3351-10-PA-220;CWA-3351-10;PWP-3351-10-PA-220;03351-CT-200-H2-0002-N;;;H2;FLANGE RESPALDO, ASTM A36, PERFORACIONES AWWA C207 CLASE E, APTO PARA FLANGE ADAPTADOR DE HDPE PE100 PN6;"8""";1;un;;3,14;kg;Contratista;FLANGE;;;;;;;;SIN REVISAR;;;;;
1.1800;1;1800;EWP-3351-10-PA-220;CWP-3351-10-PA-220;CWA-3351-10;PWP-3351-10-PA-220;03351-CT-200-H2-0002-N;;;H2;FLANGE RESPALDO, ASTM A36, PERFORACIONES AWWA C207 CLASE E, APTO PARA FLANGE ADAPTADOR DE HDPE PE100 PN6;"8""";1;un;;3,14;kg;Contratista;FLANGE;;;;;;;;SIN REVISAR;;;;;
1.1801;1;1801;EWP-3351-10-PA-220;CWP-3351-10-PA-220;CWA-3351-10;PWP-3351-10-PA-220;03351-CT-200-H2-0002-N;;;H2;FLANGE RESPALDO, ASTM A36, PERFORACIONES AWWA C207 CLASE E, APTO PARA FLANGE ADAPTADOR DE HDPE PE100 PN6;"8""";1;un;;3,14;kg;Contratista;FLANGE;;;;;;;;SIN REVISAR;;;;;
1.2208;1;2208;EWP-3351-10-PA-220;CWP-3351-10-PA-220;CWA-3351-10;PWP-3351-10-PA-220;03351-RW-250-H1-0011-N;;;H1;PERNO MÁQUINA, ASTM A307, CON TUERCA HEXAGONAL ASTM A194 Gr. 2H Y GOLILLA PLANA, SEGÚN ASME B1.1;"7/8""";12;un;FALSO;17,9;kg;Contratista;PERNO;;;;;;;;SIN REVISAR;;;;;
1.1803;1;1803;EWP-3351-10-PA-220;CWP-3351-10-PA-220;CWA-3351-10;PWP-3351-10-PA-220;03351-CT-200-H2-0002-N;;;H2;FLANGE RESPALDO, ASTM A36, PERFORACIONES AWWA C207 CLASE E, APTO PARA FLANGE ADAPTADOR DE HDPE PE100 PN6;"8""";1;un;;3,14;kg;Contratista;FLANGE;;;;;;;;SIN REVISAR;;;;;
1.1804;1;1804;EWP-3351-10-PA-220;CWP-3351-10-PA-220;CWA-3351-10;PWP-3351-10-PA-220;03351-CT-200-H2-0002-N;;;H2;FLANGE RESPALDO, ASTM A36, PERFORACIONES AWWA C207 CLASE E, APTO PARA FLANGE ADAPTADOR DE HDPE PE100 PN6;"8""";1;un;;3,14;kg;Contratista;FLANGE;;;;;;;;SIN REVISAR;;;;;
1.1805;1;1805;EWP-3351-10-PA-220;CWP-3351-10-PA-220;CWA-3351-10;PWP-3351-10-PA-220;03351-CT-200-H2-0002-N;;;H2;FLANGE RESPALDO, ASTM A36, PERFORACIONES AWWA C207 CLASE E, APTO PARA FLANGE ADAPTADOR DE HDPE PE100 PN6;"8""";1;un;;3,14;kg;Contratista;FLANGE;;;;;;;;SIN REVISAR;;;;;
1.1806;1;1806;EWP-3351-10-PA-220;CWP-3351-10-PA-220;CWA-3351-10;PWP-3351-10-PA-220;03351-CT-200-H2-0002-N;;;H2;FLANGE RESPALDO, ASTM A36, PERFORACIONES AWWA C207 CLASE E, APTO PARA FLANGE ADAPTADOR DE HDPE PE100 PN6;"8""";1;un;;3,14;kg;Contratista;FLANGE;;;;;;;;SIN REVISAR;;;;;
1.1807;1;1807;EWP-3351-10-PA-220;CWP-3351-10-PA-220;CWA-3351-10;PWP-3351-10-PA-220;03351-CT-200-H2-0002-N;;;H2;FLANGE RESPALDO, ASTM A36, PERFORACIONES AWWA C207 CLASE E, APTO PARA FLANGE ADAPTADOR DE HDPE PE100 PN6;"8""";1;un;;3,14;kg;Contratista;FLANGE;;;;;;;;SIN REVISAR;;;;;
1.1808;1;1808;EWP-3351-10-PA-220;CWP-3351-10-PA-220;CWA-3351-10;PWP-3351-10-PA-220;03351-CT-200-H2-0002-N;;;H2;FLANGE RESPALDO, ASTM A36, PERFORACIONES AWWA C207 CLASE E, APTO PARA FLANGE ADAPTADOR DE HDPE PE100 PN6;"8""";1;un;;3,14;kg;Contratista;FLANGE;;;;;;;;SIN REVISAR;;;;;
1.1809;1;1809;EWP-3351-10-PA-220;CWP-3351-10-PA-220;CWA-3351-10;PWP-3351-10-PA-220;03351-CT-200-H2-0002-N;;;H2;FLANGE RESPALDO, ASTM A36, PERFORACIONES AWWA C207 CLASE E, APTO PARA FLANGE ADAPTADOR DE HDPE PE100 PN6;"8""";1;un;;3,14;kg;Contratista;FLANGE;;;;;;;;SIN REVISAR;;;;;
1.1810;1;1810;EWP-3351-10-PA-220;CWP-3351-10-PA-220;CWA-3351-10;PWP-3351-10-PA-220;03351-CT-200-H2-0002-N;;;H2;FLANGE RESPALDO, ASTM A36, PERFORACIONES AWWA C207 CLASE E, APTO PARA FLANGE ADAPTADOR DE HDPE PE100 PN6;"8""";1;un;;3,14;kg;Contratista;FLANGE;;;;;;;;SIN REVISAR;;;;;
1.1811;1;1811;EWP-3351-10-PA-220;CWP-3351-10-PA-220;CWA-3351-10;PWP-3351-10-PA-220;03351-CT-200-H2-0002-N;;;H2;FLANGE RESPALDO, ASTM A36, PERFORACIONES AWWA C207 CLASE E, APTO PARA FLANGE ADAPTADOR DE HDPE PE100 PN6;"8""";1;un;;3,14;kg;Contratista;FLANGE;;;;;;;;SIN REVISAR;;;;;
1.1812;1;1812;EWP-3351-10-PA-220;CWP-3351-10-PA-220;CWA-3351-10;PWP-3351-10-PA-220;03351-CT-200-H2-0002-N;;;H2;FLANGE RESPALDO, ASTM A36, PERFORACIONES AWWA C207 CLASE E, APTO PARA FLANGE ADAPTADOR DE HDPE PE100 PN6;"8""";1;un;;3,14;kg;Contratista;FLANGE;;;;;;;;SIN REVISAR;;;;;
1.1813;1;1813;EWP-3351-10-PA-220;CWP-3351-10-PA-220;CWA-3351-10;PWP-3351-10-PA-220;03351-CT-200-H2-0002-N;;;H2;FLANGE RESPALDO, ASTM A36, PERFORACIONES AWWA C207 CLASE E, APTO PARA FLANGE ADAPTADOR DE HDPE PE100 PN6;"8""";1;un;;3,14;kg;Contratista;FLANGE;;;;;;;;SIN REVISAR;;;;;
1.1814;1;1814;EWP-3351-10-PA-220;CWP-3351-10-PA-220;CWA-3351-10;PWP-3351-10-PA-220;03351-CT-200-H2-0002-N;;;H2;FLANGE RESPALDO, ASTM A36, PERFORACIONES AWWA C207 CLASE E, APTO PARA FLANGE ADAPTADOR DE HDPE PE100 PN6;"8""";1;un;;3,14;kg;Contratista;FLANGE;;;;;;;;SIN REVISAR;;;;;
1.1815;1;1815;EWP-3351-10-PA-220;CWP-3351-10-PA-220;CWA-3351-10;PWP-3351-10-PA-220;03351-CT-200-H2-0002-N;;;H2;FLANGE RESPALDO, ASTM A36, PERFORACIONES AWWA C207 CLASE E, APTO PARA FLANGE ADAPTADOR DE HDPE PE100 PN6;"8""";1;un;;3,14;kg;Contratista;FLANGE;;;;;;;;SIN REVISAR;;;;;
1.1816;1;1816;EWP-3351-10-PA-220;CWP-3351-10-PA-220;CWA-3351-10;PWP-3351-10-PA-220;03351-CT-200-H2-0002-N;;;H2;FLANGE RESPALDO, ASTM A36, PERFORACIONES AWWA C207 CLASE E, APTO PARA FLANGE ADAPTADOR DE HDPE PE100 PN6;"8""";1;un;;3,14;kg;Contratista;FLANGE;;;;;;;;SIN REVISAR;;;;;
1.1817;1;1817;EWP-3351-10-PA-220;CWP-3351-10-PA-220;CWA-3351-10;PWP-3351-10-PA-220;03351-CT-200-H2-0002-N;;;H2;FLANGE RESPALDO, ASTM A36, PERFORACIONES AWWA C207 CLASE E, APTO PARA FLANGE ADAPTADOR DE HDPE PE100 PN6;"8""";1;un;;3,14;kg;Contratista;FLANGE;;;;;;;;SIN REVISAR;;;;;
1.1818;1;1818;EWP-3351-10-PA-220;CWP-3351-10-PA-220;CWA-3351-10;PWP-3351-10-PA-220;03351-CT-200-H2-0002-N;;;H2;FLANGE RESPALDO, ASTM A36, PERFORACIONES AWWA C207 CLASE E, APTO PARA FLANGE ADAPTADOR DE HDPE PE100 PN6;"8""";1;un;;3,14;kg;Contratista;FLANGE;;;;;;;;SIN REVISAR;;;;;
1.1819;1;1819;EWP-3351-10-PA-220;CWP-3351-10-PA-220;CWA-3351-10;PWP-3351-10-PA-220;03351-CT-200-H2-0002-N;;;H2;FLANGE RESPALDO, ASTM A36, PERFORACIONES AWWA C207 CLASE E, APTO PARA FLANGE ADAPTADOR DE HDPE PE100 PN6;"8""";1;un;;3,14;kg;Contratista;FLANGE;;;;;;;;SIN REVISAR;;;;;
1.1820;1;1820;EWP-3351-10-PA-220;CWP-3351-10-PA-220;CWA-3351-10;PWP-3351-10-PA-220;03351-CT-200-H2-0002-N;;;H2;FLANGE RESPALDO, ASTM A36, PERFORACIONES AWWA C207 CLASE E, APTO PARA FLANGE ADAPTADOR DE HDPE PE100 PN6;"8""";1;un;;3,14;kg;Contratista;FLANGE;;;;;;;;SIN REVISAR;;;;;
1.1821;1;1821;EWP-3351-10-PA-220;CWP-3351-10-PA-220;CWA-3351-10;PWP-3351-10-PA-220;03351-CT-200-H2-0002-N;;;H2;FLANGE RESPALDO, ASTM A36, PERFORACIONES AWWA C207 CLASE E, APTO PARA FLANGE ADAPTADOR DE HDPE PE100 PN6;"8""";1;un;;3,14;kg;Contratista;FLANGE;;;;;;;;SIN REVISAR;;;;;
1.1822;1;1822;EWP-3351-10-PA-220;CWP-3351-10-PA-220;CWA-3351-10;PWP-3351-10-PA-220;03351-CT-200-H2-0002-N;;;H2;FLANGE RESPALDO, ASTM A36, PERFORACIONES AWWA C207 CLASE E, APTO PARA FLANGE ADAPTADOR DE HDPE PE100 PN6;"8""";1;un;;3,14;kg;Contratista;FLANGE;;;;;;;;SIN REVISAR;;;;;
1.2281;1;2281;EWP-3351-10-PA-220;CWP-3351-10-PA-220;CWA-3351-10;PWP-3351-10-PA-220;03351-RW-250-H1-0011-N;;;H1;TEE RECTA, HDPE PE100 PN6, TFW, ISO 4427-3;"10""";1;un;FALSO;8,62;kg;Contratista;TEE;;;;;;;;SIN REVISAR;;;;;
1.2410;1;2410;EWP-3351-10-PA-220;CWP-3351-10-PA-220;CWA-3351-10;PWP-3351-10-PA-220;03351-RW-250-H1-0011-N;;;H1;TUBERÍA HDPE PE100 PN6, ISO 4427-2, EXTREMOS PLANOSPARA TERMOFUSIÓN;"10""";0,7;m;FALSO;7,77;kg;Contratista;TUBERÍA HDPE;;;;;;;;SIN REVISAR;;;;;
1.1825;1;1825;EWP-3351-10-PA-220;CWP-3351-10-PA-220;CWA-3351-10;PWP-3351-10-PA-220;03351-CT-200-H2-0002-N;;;H2;FLANGE RESPALDO, ASTM A36, PERFORACIONES AWWA C207 CLASE E, APTO PARA FLANGE ADAPTADOR DE HDPE PE100 PN6;"8""";1;un;;3,14;kg;Contratista;FLANGE;;;;;;;;SIN REVISAR;;;;;
1.2411;1;2411;EWP-3351-10-PA-220;CWP-3351-10-PA-220;CWA-3351-10;PWP-3351-10-PA-220;03351-RW-250-H1-0011-N;;;H1;TUBERÍA HDPE PE100 PN6, ISO 4427-2, EXTREMOS PLANOSPARA TERMOFUSIÓN;"10""";0,63;m;FALSO;7,01;kg;Contratista;TUBERÍA HDPE;;;;;;;;SIN REVISAR;;;;;
1.2412;1;2412;EWP-3351-10-PA-220;CWP-3351-10-PA-220;CWA-3351-10;PWP-3351-10-PA-220;03351-RW-250-H1-0011-N;;;H1;TUBERÍA HDPE PE100 PN6, ISO 4427-2, EXTREMOS PLANOSPARA TERMOFUSIÓN;"10""";5,64;m;FALSO;62,64;kg;Contratista;TUBERÍA HDPE;;;;;;;;SIN REVISAR;;;;;
1.1828;1;1828;EWP-3351-10-PA-220;CWP-3351-10-PA-220;CWA-3351-10;PWP-3351-10-PA-220;03351-CT-200-H2-0002-N;;;H2;FLANGE RESPALDO, ASTM A36, PERFORACIONES AWWA C207 CLASE E, APTO PARA FLANGE ADAPTADOR DE HDPE PE100 PN6;"8""";1;un;;3,14;kg;Contratista;FLANGE;;;;;;;;SIN REVISAR;;;;;
1.1829;1;1829;EWP-3351-10-PA-220;CWP-3351-10-PA-220;CWA-3351-10;PWP-3351-10-PA-220;03351-CT-200-H2-0002-N;;;H2;FLANGE RESPALDO, ASTM A36, PERFORACIONES AWWA C207 CLASE E, APTO PARA FLANGE ADAPTADOR DE HDPE PE100 PN6;"8""";1;un;;3,14;kg;Contratista;FLANGE;;;;;;;;SIN REVISAR;;;;;
1.1830;1;1830;EWP-3351-10-PA-220;CWP-3351-10-PA-220;CWA-3351-10;PWP-3351-10-PA-220;03351-CT-200-H2-0002-N;;;H2;FLANGE RESPALDO, ASTM A36, PERFORACIONES AWWA C207 CLASE E, APTO PARA FLANGE ADAPTADOR DE HDPE PE100 PN6;"8""";1;un;;3,14;kg;Contratista;FLANGE;;;;;;;;SIN REVISAR;;;;;
1.1831;1;1831;EWP-3351-10-PA-220;CWP-3351-10-PA-220;CWA-3351-10;PWP-3351-10-PA-220;03351-CT-200-H2-0002-N;;;H2;FLANGE RESPALDO, ASTM A36, PERFORACIONES AWWA C207 CLASE E, APTO PARA FLANGE ADAPTADOR DE HDPE PE100 PN6;"8""";1;un;;3,14;kg;Contratista;FLANGE;;;;;;;;SIN REVISAR;;;;;
1.1832;1;1832;EWP-3351-10-PA-220;CWP-3351-10-PA-220;CWA-3351-10;PWP-3351-10-PA-220;03351-CT-200-H2-0002-N;;;H2;FLANGE RESPALDO, ASTM A36, PERFORACIONES AWWA C207 CLASE E, APTO PARA FLANGE ADAPTADOR DE HDPE PE100 PN6;"8""";1;un;;3,14;kg;Contratista;FLANGE;;;;;;;;SIN REVISAR;;;;;
1.1833;1;1833;EWP-3351-10-PA-220;CWP-3351-10-PA-220;CWA-3351-10;PWP-3351-10-PA-220;03351-CT-200-H2-0002-N;;;H2;FLANGE RESPALDO, ASTM A36, PERFORACIONES AWWA C207 CLASE E, APTO PARA FLANGE ADAPTADOR DE HDPE PE100 PN6;"8""";1;un;;3,14;kg;Contratista;FLANGE;;;;;;;;SIN REVISAR;;;;;
1.1834;1;1834;EWP-3351-10-PA-220;CWP-3351-10-PA-220;CWA-3351-10;PWP-3351-10-PA-220;03351-CT-200-H2-0002-N;;;H2;FLANGE RESPALDO, ASTM A36, PERFORACIONES AWWA C207 CLASE E, APTO PARA FLANGE ADAPTADOR DE HDPE PE100 PN6;"8""";1;un;;3,14;kg;Contratista;FLANGE;;;;;;;;SIN REVISAR;;;;;
1.1835;1;1835;EWP-3351-10-PA-220;CWP-3351-10-PA-220;CWA-3351-10;PWP-3351-10-PA-220;03351-CT-200-H2-0002-N;;;H2;FLANGE RESPALDO, ASTM A36, PERFORACIONES AWWA C207 CLASE E, APTO PARA FLANGE ADAPTADOR DE HDPE PE100 PN6;"8""";1;un;;3,14;kg;Contratista;FLANGE;;;;;;;;SIN REVISAR;;;;;
1.1836;1;1836;EWP-3351-10-PA-220;CWP-3351-10-PA-220;CWA-3351-10;PWP-3351-10-PA-220;03351-CT-200-H2-0002-N;;;H2;FLANGE RESPALDO, ASTM A36, PERFORACIONES AWWA C207 CLASE E, APTO PARA FLANGE ADAPTADOR DE HDPE PE100 PN6;"8""";1;un;;3,14;kg;Contratista;FLANGE;;;;;;;;SIN REVISAR;;;;;
1.1837;1;1837;EWP-3351-10-PA-220;CWP-3351-10-PA-220;CWA-3351-10;PWP-3351-10-PA-220;03351-CT-200-H2-0002-N;;;H2;FLANGE RESPALDO, ASTM A36, PERFORACIONES AWWA C207 CLASE E, APTO PARA FLANGE ADAPTADOR DE HDPE PE100 PN6;"8""";1;un;;3,14;kg;Contratista;FLANGE;;;;;;;;SIN REVISAR;;;;;
1.1838;1;1838;EWP-3351-10-PA-220;CWP-3351-10-PA-220;CWA-3351-10;PWP-3351-10-PA-220;03351-CT-200-H2-0002-N;;;H2;FLANGE RESPALDO, ASTM A36, PERFORACIONES AWWA C207 CLASE E, APTO PARA FLANGE ADAPTADOR DE HDPE PE100 PN6;"8""";1;un;;3,14;kg;Contratista;FLANGE;;;;;;;;SIN REVISAR;;;;;
1.2414;1;2414;EWP-3351-10-PA-220;CWP-3351-10-PA-220;CWA-3351-10;PWP-3351-10-PA-220;03351-RW-250-H1-0011-N;;;H1;TUBERÍA HDPE PE100 PN6, ISO 4427-2, EXTREMOS PLANOSPARA TERMOFUSIÓN;"10""";3;m;FALSO;33,3;kg;Contratista;TUBERÍA HDPE;;;;;;;;SIN REVISAR;;;;;
1.1840;1;1840;EWP-3351-10-PA-220;CWP-3351-10-PA-220;CWA-3351-10;PWP-3351-10-PA-220;03351-CT-200-H2-0002-N;;;H2;FLANGE RESPALDO, ASTM A36, PERFORACIONES AWWA C207 CLASE E, APTO PARA FLANGE ADAPTADOR DE HDPE PE100 PN6;"8""";1;un;;3,14;kg;Contratista;FLANGE;;;;;;;;SIN REVISAR;;;;;
1.1841;1;1841;EWP-3351-10-PA-220;CWP-3351-10-PA-220;CWA-3351-10;PWP-3351-10-PA-220;03351-CT-200-H2-0002-N;;;H2;FLANGE RESPALDO, ASTM A36, PERFORACIONES AWWA C207 CLASE E, APTO PARA FLANGE ADAPTADOR DE HDPE PE100 PN6;"8""";1;un;;3,14;kg;Contratista;FLANGE;;;;;;;;SIN REVISAR;;;;;
1.1842;1;1842;EWP-3351-10-PA-220;CWP-3351-10-PA-220;CWA-3351-10;PWP-3351-10-PA-220;03351-CT-200-H2-0002-N;;;H2;FLANGE RESPALDO, ASTM A36, PERFORACIONES AWWA C207 CLASE E, APTO PARA FLANGE ADAPTADOR DE HDPE PE100 PN6;"8""";1;un;;3,14;kg;Contratista;FLANGE;;;;;;;;SIN REVISAR;;;;;
1.1843;1;1843;EWP-3351-10-PA-220;CWP-3351-10-PA-220;CWA-3351-10;PWP-3351-10-PA-220;03351-CT-200-H2-0002-N;;;H2;FLANGE RESPALDO, ASTM A36, PERFORACIONES AWWA C207 CLASE E, APTO PARA FLANGE ADAPTADOR DE HDPE PE100 PN6;"8""";1;un;;3,14;kg;Contratista;FLANGE;;;;;;;;SIN REVISAR;;;;;
1.1844;1;1844;EWP-3351-10-PA-220;CWP-3351-10-PA-220;CWA-3351-10;PWP-3351-10-PA-220;03351-CT-200-H2-0002-N;;;H2;FLANGE RESPALDO, ASTM A36, PERFORACIONES AWWA C207 CLASE E, APTO PARA FLANGE ADAPTADOR DE HDPE PE100 PN6;"8""";1;un;;3,14;kg;Contratista;FLANGE;;;;;;;;SIN REVISAR;;;;;
1.1845;1;1845;EWP-3351-10-PA-220;CWP-3351-10-PA-220;CWA-3351-10;PWP-3351-10-PA-220;03351-CT-200-H2-0002-N;;;H2;FLANGE RESPALDO, ASTM A36, PERFORACIONES AWWA C207 CLASE E, APTO PARA FLANGE ADAPTADOR DE HDPE PE100 PN6;"8""";1;un;;3,14;kg;Contratista;FLANGE;;;;;;;;SIN REVISAR;;;;;
1.1846;1;1846;EWP-3351-10-PA-220;CWP-3351-10-PA-220;CWA-3351-10;PWP-3351-10-PA-220;03351-CT-200-H2-0002-N;;;H2;FLANGE RESPALDO, ASTM A36, PERFORACIONES AWWA C207 CLASE E, APTO PARA FLANGE ADAPTADOR DE HDPE PE100 PN6;"8""";1;un;;3,14;kg;Contratista;FLANGE;;;;;;;;SIN REVISAR;;;;;
1.1847;1;1847;EWP-3351-10-PA-220;CWP-3351-10-PA-220;CWA-3351-10;PWP-3351-10-PA-220;03351-CT-200-H2-0002-N;;;H2;FLANGE RESPALDO, ASTM A36, PERFORACIONES AWWA C207 CLASE E, APTO PARA FLANGE ADAPTADOR DE HDPE PE100 PN6;"8""";1;un;;3,14;kg;Contratista;FLANGE;;;;;;;;SIN REVISAR;;;;;
1.1848;1;1848;EWP-3351-10-PA-220;CWP-3351-10-PA-220;CWA-3351-10;PWP-3351-10-PA-220;03351-CT-200-H2-0002-N;;;H2;FLANGE RESPALDO, ASTM A36, PERFORACIONES AWWA C207 CLASE E, APTO PARA FLANGE ADAPTADOR DE HDPE PE100 PN6;"8""";1;un;;3,14;kg;Contratista;FLANGE;;;;;;;;SIN REVISAR;;;;;
1.1849;1;1849;EWP-3351-10-PA-220;CWP-3351-10-PA-220;CWA-3351-10;PWP-3351-10-PA-220;03351-CT-200-H2-0002-N;;;H2;FLANGE RESPALDO, ASTM A36, PERFORACIONES AWWA C207 CLASE E, APTO PARA FLANGE ADAPTADOR DE HDPE PE100 PN6;"8""";1;un;;3,14;kg;Contratista;FLANGE;;;;;;;;SIN REVISAR;;;;;
1.1850;1;1850;EWP-3351-10-PA-220;CWP-3351-10-PA-220;CWA-3351-10;PWP-3351-10-PA-220;03351-CT-200-H2-0002-N;;;H2;FLANGE RESPALDO, ASTM A36, PERFORACIONES AWWA C207 CLASE E, APTO PARA FLANGE ADAPTADOR DE HDPE PE100 PN6;"8""";1;un;;3,14;kg;Contratista;FLANGE;;;;;;;;SIN REVISAR;;;;;
1.1851;1;1851;EWP-3351-10-PA-220;CWP-3351-10-PA-220;CWA-3351-10;PWP-3351-10-PA-220;03351-CT-200-H2-0002-N;;;H2;FLANGE RESPALDO, ASTM A36, PERFORACIONES AWWA C207 CLASE E, APTO PARA FLANGE ADAPTADOR DE HDPE PE100 PN6;"8""";1;un;;3,14;kg;Contratista;FLANGE;;;;;;;;SIN REVISAR;;;;;
1.1852;1;1852;EWP-3351-10-PA-220;CWP-3351-10-PA-220;CWA-3351-10;PWP-3351-10-PA-220;03351-CT-200-H2-0002-N;;;H2;FLANGE RESPALDO, ASTM A36, PERFORACIONES AWWA C207 CLASE E, APTO PARA FLANGE ADAPTADOR DE HDPE PE100 PN6;"8""";1;un;;3,14;kg;Contratista;FLANGE;;;;;;;;SIN REVISAR;;;;;
1.2415;1;2415;EWP-3351-10-PA-220;CWP-3351-10-PA-220;CWA-3351-10;PWP-3351-10-PA-220;03351-RW-250-H1-0011-N;;;H1;TUBERÍA HDPE PE100 PN6, ISO 4427-2, EXTREMOS PLANOSPARA TERMOFUSIÓN;"10""";0,73;m;FALSO;8,13;kg;Contratista;TUBERÍA HDPE;;;;;;;;SIN REVISAR;;;;;
1.1854;1;1854;EWP-3351-10-PA-220;CWP-3351-10-PA-220;CWA-3351-10;PWP-3351-10-PA-220;03351-CT-200-H2-0002-N;;;H2;FLANGE RESPALDO, ASTM A36, PERFORACIONES AWWA C207 CLASE E, APTO PARA FLANGE ADAPTADOR DE HDPE PE100 PN6;"8""";1;un;;3,14;kg;Contratista;FLANGE;;;;;;;;SIN REVISAR;;;;;
1.1855;1;1855;EWP-3351-10-PA-220;CWP-3351-10-PA-220;CWA-3351-10;PWP-3351-10-PA-220;03351-CT-200-H2-0002-N;;;H2;FLANGE RESPALDO, ASTM A36, PERFORACIONES AWWA C207 CLASE E, APTO PARA FLANGE ADAPTADOR DE HDPE PE100 PN6;"8""";1;un;;3,14;kg;Contratista;FLANGE;;;;;;;;SIN REVISAR;;;;;
1.1856;1;1856;EWP-3351-10-PA-220;CWP-3351-10-PA-220;CWA-3351-10;PWP-3351-10-PA-220;03351-CT-200-H2-0002-N;;;H2;FLANGE RESPALDO, ASTM A36, PERFORACIONES AWWA C207 CLASE E, APTO PARA FLANGE ADAPTADOR DE HDPE PE100 PN6;"8""";1;un;;3,14;kg;Contratista;FLANGE;;;;;;;;SIN REVISAR;;;;;
1.1857;1;1857;EWP-3351-10-PA-220;CWP-3351-10-PA-220;CWA-3351-10;PWP-3351-10-PA-220;03351-CT-200-H2-0002-N;;;H2;FLANGE RESPALDO, ASTM A36, PERFORACIONES AWWA C207 CLASE E, APTO PARA FLANGE ADAPTADOR DE HDPE PE100 PN6;"8""";1;un;;3,14;kg;Contratista;FLANGE;;;;;;;;SIN REVISAR;;;;;
1.1858;1;1858;EWP-3351-10-PA-220;CWP-3351-10-PA-220;CWA-3351-10;PWP-3351-10-PA-220;"03351-CT-4""-C2-0003-N";;;C2;FLANGE SLIP-ON, ASTM A105, ASME B16.5, CLASE 150 FF;"4""";1;un;;13;kg;Contratista;FLANGE;Valvulas industriales;;12/03/2026;12/03/2026;;;Enzo Santambrogio;DISPONIBLE;;1;;;
1.1859;1;1859;EWP-3351-10-PA-220;CWP-3351-10-PA-220;CWA-3351-10;PWP-3351-10-PA-220;"03351-CT-4""-C3-0015-R3";;;C3;FLANGE SLIP-ON, ASTM A105, ASME B16.5, CLASE 150 FF;"4""";1;un;;5,9;kg;Contratista;FLANGE;Valvulas industriales;;12/03/2026;12/03/2026;;;Enzo Santambrogio;DISPONIBLE;;1;;;
1.1860;1;1860;EWP-3351-10-PA-220;CWP-3351-10-PA-220;CWA-3351-10;PWP-3351-10-PA-220;"03351-CT-6""-C3-0021-R3";;;C3;FLANGE SLIP-ON, ASTM A105, ASME B16.5, CLASE 150 FF;"6""";1;un;;7,71;kg;Contratista;FLANGE;Valvulas industriales;;12/03/2026;12/03/2026;;;Enzo Santambrogio;DISPONIBLE;;1;;;
1.1861;1;1861;EWP-3351-10-PA-220;CWP-3351-10-PA-220;CWA-3351-10;PWP-3351-10-PA-220;"03351-CT-6""-C3-0005-R3";;;C3;FLANGE SLIP-ON, ASTM A105, ASME B16.5, CLASE 150 FF;"2""";1;un;;2,27;kg;Contratista;FLANGE;Valvulas industriales;;12/03/2026;12/03/2026;;;Enzo Santambrogio;DISPONIBLE;;1;;;
1.1862;1;1862;EWP-3351-10-PA-220;CWP-3351-10-PA-220;CWA-3351-10;PWP-3351-10-PA-220;"03351-PW-4""-C1-0016-N";;;C1;FLANGE SLIP-ON, ASTM A105, ASME B16.5, CLASE 150 FF;"4""";1;un;;13;kg;Contratista;FLANGE;Valvulas industriales;;12/03/2026;12/03/2026;;;Enzo Santambrogio;DISPONIBLE;;1;;;
1.1863;1;1863;EWP-3351-10-PA-220;CWP-3351-10-PA-220;CWA-3351-10;PWP-3351-10-PA-220;"03351-CT-6""-C3-0021-R3";;;C3;FLANGE SLIP-ON, ASTM A105, ASME B16.5, CLASE 150 FF;"6""";1;un;;7,71;kg;Contratista;FLANGE;Valvulas industriales;;12/03/2026;12/03/2026;;;Enzo Santambrogio;DISPONIBLE;;1;;;
1.1864;1;1864;EWP-3351-10-PA-220;CWP-3351-10-PA-220;CWA-3351-10;PWP-3351-10-PA-220;"03351-CT-6""-C11-0001-N";;;C11;FLANGE SLIP-ON, ASTM A105, ASME B16.5, CLASE 150 FF;"2""";1;un;;5;kg;Contratista;FLANGE;Valvulas industriales;;12/03/2026;12/03/2026;;;Enzo Santambrogio;DISPONIBLE;;1;;;
1.1865;1;1865;EWP-3351-10-PA-220;CWP-3351-10-PA-220;CWA-3351-10;PWP-3351-10-PA-220;"03351-CT-6""-C3-0018-R3";;;C3;FLANGE SLIP-ON, ASTM A105, ASME B16.5, CLASE 150 FF;"6""";1;un;;7,71;kg;Contratista;FLANGE;Valvulas industriales;;12/03/2026;12/03/2026;;;Enzo Santambrogio;DISPONIBLE;;1;;;
1.1866;1;1866;EWP-3351-10-PA-220;CWP-3351-10-PA-220;CWA-3351-10;PWP-3351-10-PA-220;"03351-CT-4""-C2-0004-N";;;C2;FLANGE SLIP-ON, ASTM A105, ASME B16.5, CLASE 150 FF;"4""";1;un;;13;kg;Contratista;FLANGE;Valvulas industriales;;12/03/2026;12/03/2026;;;Enzo Santambrogio;DISPONIBLE;;1;;;
1.1867;1;1867;EWP-3351-10-PA-220;CWP-3351-10-PA-220;CWA-3351-10;PWP-3351-10-PA-220;"03351-CT-6""-C3-0018-R3";;;C3;FLANGE SLIP-ON, ASTM A105, ASME B16.5, CLASE 150 FF;"6""";1;un;;7,71;kg;Contratista;FLANGE;Valvulas industriales;;12/03/2026;12/03/2026;;;Enzo Santambrogio;DISPONIBLE;;1;;;
1.1868;1;1868;EWP-3351-10-PA-220;CWP-3351-10-PA-220;CWA-3351-10;PWP-3351-10-PA-220;"03351-CT-6""-C3-0023-R3";;;C3;FLANGE SLIP-ON, ASTM A105, ASME B16.5, CLASE 150 FF;"2""";1;un;;2,27;kg;Contratista;FLANGE;Valvulas industriales;;12/03/2026;12/03/2026;;;Enzo Santambrogio;DISPONIBLE;;1;;;
1.1869;1;1869;EWP-3351-10-PA-220;CWP-3351-10-PA-220;CWA-3351-10;PWP-3351-10-PA-220;"03351-CT-3""-C2-0065-N";;;C2;FLANGE SLIP-ON, ASTM A105, ASME B16.5, CLASE 150 FF;"3""";1;un;;9;kg;Contratista;FLANGE;Valvulas industriales;;12/03/2026;12/03/2026;;;Enzo Santambrogio;DISPONIBLE;;1;;;
1.1870;1;1870;EWP-3351-10-PA-220;CWP-3351-10-PA-220;CWA-3351-10;PWP-3351-10-PA-220;"03351-CT-3""-C2-0060-N";;;C2;FLANGE SLIP-ON, ASTM A105, ASME B16.5, CLASE 150 FF;"3""";1;un;;9;kg;Contratista;FLANGE;Valvulas industriales;;12/03/2026;12/03/2026;;;Enzo Santambrogio;DISPONIBLE;;1;;;
1.1871;1;1871;EWP-3351-10-PA-220;CWP-3351-10-PA-220;CWA-3351-10;PWP-3351-10-PA-220;"03351-CT-6""-C3-0050-R3";;;C3;FLANGE SLIP-ON, ASTM A105, ASME B16.5, CLASE 150 FF;"2""";1;un;;5;kg;Contratista;FLANGE;Valvulas industriales;;12/03/2026;12/03/2026;;;Enzo Santambrogio;DISPONIBLE;;1;;;
1.1872;1;1872;EWP-3351-10-PA-220;CWP-3351-10-PA-220;CWA-3351-10;PWP-3351-10-PA-220;"03351-CT-6""-C3-0006-R3";;;C3;FLANGE SLIP-ON, ASTM A105, ASME B16.5, CLASE 150 FF;"2""";1;un;;2,27;kg;Contratista;FLANGE;Valvulas industriales;;12/03/2026;12/03/2026;;;Enzo Santambrogio;DISPONIBLE;;1;;;
1.1873;1;1873;EWP-3351-10-PA-220;CWP-3351-10-PA-220;CWA-3351-10;PWP-3351-10-PA-220;"03351-CT-3""-C2-0061-N";;;C2;FLANGE SLIP-ON, ASTM A105, ASME B16.5, CLASE 150 FF;"3""";1;un;;9;kg;Contratista;FLANGE;Valvulas industriales;;12/03/2026;12/03/2026;;;Enzo Santambrogio;DISPONIBLE;;1;;;
1.1874;1;1874;EWP-3351-10-PA-220;CWP-3351-10-PA-220;CWA-3351-10;PWP-3351-10-PA-220;"03351-CT-6""-C3-0006-R3";;;C3;FLANGE SLIP-ON, ASTM A105, ASME B16.5, CLASE 150 FF;"12""";1;un;;27,67;kg;Contratista;FLANGE;Valvulas industriales;;12/03/2026;12/03/2026;;;Enzo Santambrogio;DISPONIBLE;;1;;;
1.1875;1;1875;EWP-3351-10-PA-220;CWP-3351-10-PA-220;CWA-3351-10;PWP-3351-10-PA-220;"03351-CT-6""-C3-0005-R3";;;C3;FLANGE SLIP-ON, ASTM A105, ASME B16.5, CLASE 150 FF;"6""";1;un;;7,71;kg;Contratista;FLANGE;Valvulas industriales;;12/03/2026;12/03/2026;;;Enzo Santambrogio;DISPONIBLE;;1;;;
1.1876;1;1876;EWP-3351-10-PA-220;CWP-3351-10-PA-220;CWA-3351-10;PWP-3351-10-PA-220;"03351-CT-6""-C3-0006-R3";;;C3;FLANGE SLIP-ON, ASTM A105, ASME B16.5, CLASE 150 FF;"6""";1;un;;7,71;kg;Contratista;FLANGE;Valvulas industriales;;12/03/2026;12/03/2026;;;Enzo Santambrogio;DISPONIBLE;;1;;;
1.1877;1;1877;EWP-3351-10-PA-220;CWP-3351-10-PA-220;CWA-3351-10;PWP-3351-10-PA-220;"03351-CT-6""-C3-0005-R3";;;C3;FLANGE SLIP-ON, ASTM A105, ASME B16.5, CLASE 150 FF;"12""";1;un;;27,67;kg;Contratista;FLANGE;Valvulas industriales;;12/03/2026;12/03/2026;;;Enzo Santambrogio;DISPONIBLE;;1;;;
1.1878;1;1878;EWP-3351-10-PA-220;CWP-3351-10-PA-220;CWA-3351-10;PWP-3351-10-PA-220;"03351-PW-2""-C1-0025-N";;;C1;FLANGE SLIP-ON, ASTM A105, ASME B16.5, CLASE 150 FF;"2""";1;un;;5;kg;Contratista;FLANGE;Valvulas industriales;;12/03/2026;12/03/2026;;;Enzo Santambrogio;DISPONIBLE;;1;;;
1.1879;1;1879;EWP-3351-10-PA-220;CWP-3351-10-PA-220;CWA-3351-10;PWP-3351-10-PA-220;"03351-PW-2""-C1-0085-N";;;C1;FLANGE SLIP-ON, ASTM A105, ASME B16.5, CLASE 150 FF;"2""";1;un;;5;kg;Contratista;FLANGE;Valvulas industriales;;12/03/2026;12/03/2026;;;Enzo Santambrogio;DISPONIBLE;;1;;;
1.1880;1;1880;EWP-3351-10-PA-220;CWP-3351-10-PA-220;CWA-3351-10;PWP-3351-10-PA-220;"03351-PW-2""-C1-0049-N";;;C1;FLANGE SLIP-ON, ASTM A105, ASME B16.5, CLASE 150 FF;"2""";1;un;;5;kg;Contratista;FLANGE;Valvulas industriales;;12/03/2026;12/03/2026;;;Enzo Santambrogio;DISPONIBLE;;1;;;
1.1881;1;1881;EWP-3351-10-PA-220;CWP-3351-10-PA-220;CWA-3351-10;PWP-3351-10-PA-220;"03351-PW-2""-C1-0048-N";;;C1;FLANGE SLIP-ON, ASTM A105, ASME B16.5, CLASE 150 FF;"2""";1;un;;5;kg;Contratista;FLANGE;Valvulas industriales;;12/03/2026;12/03/2026;;;Enzo Santambrogio;DISPONIBLE;;1;;;
1.1882;1;1882;EWP-3351-10-PA-220;CWP-3351-10-PA-220;CWA-3351-10;PWP-3351-10-PA-220;"03351-CT-6""-C3-0046-R3";;;C3;FLANGE SLIP-ON, ASTM A105, ASME B16.5, CLASE 150 FF;"2""";1;un;;2,27;kg;Contratista;FLANGE;Valvulas industriales;;12/03/2026;12/03/2026;;;Enzo Santambrogio;DISPONIBLE;;1;;;
1.1883;1;1883;EWP-3351-10-PA-220;CWP-3351-10-PA-220;CWA-3351-10;PWP-3351-10-PA-220;"03351-CT-6""-C3-0018-R3";;;C3;FLANGE SLIP-ON, ASTM A105, ASME B16.5, CLASE 150 FF;"4""";1;un;;5,9;kg;Contratista;FLANGE;Valvulas industriales;;12/03/2026;12/03/2026;;;Enzo Santambrogio;DISPONIBLE;;1;;;
1.1884;1;1884;EWP-3351-10-PA-220;CWP-3351-10-PA-220;CWA-3351-10;PWP-3351-10-PA-220;"03351-CT-6""-C2-0047-N";;;C2;FLANGE SLIP-ON, ASTM A105, ASME B16.5, CLASE 150 FF;"12""";1;un;;27,67;kg;Contratista;FLANGE;Valvulas industriales;;12/03/2026;12/03/2026;;;Enzo Santambrogio;DISPONIBLE;;1;;;
1.1885;1;1885;EWP-3351-10-PA-220;CWP-3351-10-PA-220;CWA-3351-10;PWP-3351-10-PA-220;"03351-CT-6""-C3-0023-R3";;;C3;FLANGE SLIP-ON, ASTM A105, ASME B16.5, CLASE 150 FF;"4""";1;un;;5,9;kg;Contratista;FLANGE;Valvulas industriales;;12/03/2026;12/03/2026;;;Enzo Santambrogio;DISPONIBLE;;1;;;
1.1886;1;1886;EWP-3351-10-PA-220;CWP-3351-10-PA-220;CWA-3351-10;PWP-3351-10-PA-220;"03351-CT-6""-C3-0021-R3";;;C3;FLANGE SLIP-ON, ASTM A105, ASME B16.5, CLASE 150 FF;"4""";1;un;;5,9;kg;Contratista;FLANGE;Valvulas industriales;;12/03/2026;12/03/2026;;;Enzo Santambrogio;DISPONIBLE;;1;;;
1.1887;1;1887;EWP-3351-10-PA-220;CWP-3351-10-PA-220;CWA-3351-10;PWP-3351-10-PA-220;"03351-CT-6""-C3-0007-R3";;;C3;FLANGE SLIP-ON, ASTM A105, ASME B16.5, CLASE 150 FF;"6""";1;un;;7,71;kg;Contratista;FLANGE;Valvulas industriales;;12/03/2026;12/03/2026;;;Enzo Santambrogio;DISPONIBLE;;1;;;
1.1888;1;1888;EWP-3351-10-PA-220;CWP-3351-10-PA-220;CWA-3351-10;PWP-3351-10-PA-220;"03351-CT-6""-C3-0007-R3";;;C3;FLANGE SLIP-ON, ASTM A105, ASME B16.5, CLASE 150 FF;"12""";1;un;;27,67;kg;Contratista;FLANGE;Valvulas industriales;;12/03/2026;12/03/2026;;;Enzo Santambrogio;DISPONIBLE;;1;;;
1.1889;1;1889;EWP-3351-10-PA-220;CWP-3351-10-PA-220;CWA-3351-10;PWP-3351-10-PA-220;"03351-CT-6""-C3-0023-R3";;;C3;FLANGE SLIP-ON, ASTM A105, ASME B16.5, CLASE 150 FF;"3""";1;un;;4,08;kg;Contratista;FLANGE;Valvulas industriales;;12/03/2026;12/03/2026;;;Enzo Santambrogio;DISPONIBLE;;1;;;
1.1890;1;1890;EWP-3351-10-PA-220;CWP-3351-10-PA-220;CWA-3351-10;PWP-3351-10-PA-220;"03351-PW-4""-C1-0016-N";;;C1;FLANGE SLIP-ON, ASTM A105, ASME B16.5, CLASE 150 RF;"4""";1;un;;13;kg;Contratista;FLANGE;;;;;;;;SIN REVISAR;;;;;
1.1891;1;1891;EWP-3351-10-PA-220;CWP-3351-10-PA-220;CWA-3351-10;PWP-3351-10-PA-220;"03351-CT-6""-C3-0030-R3";;;C3;FLANGE SLIP-ON, ASTM A105, ASME B16.5, CLASE 150 RF;"2""";1;un;;5;kg;Contratista;FLANGE;;;;;;;;SIN REVISAR;;;;;
1.1892;1;1892;EWP-3351-10-PA-220;CWP-3351-10-PA-220;CWA-3351-10;PWP-3351-10-PA-220;"03351-CT-3""-C2-0072-N";;;C2;FLANGE SLIP-ON, ASTM A105, ASME B16.5, CLASE 150 RF;"3""";1;un;;9;kg;Contratista;FLANGE;;;;;;;;SIN REVISAR;;;;;
1.1893;1;1893;EWP-3351-10-PA-220;CWP-3351-10-PA-220;CWA-3351-10;PWP-3351-10-PA-220;"03351-CT-3""-C2-0070-N";;;C2;FLANGE SLIP-ON, ASTM A105, ASME B16.5, CLASE 150 RF;"3""";1;un;;9;kg;Contratista;FLANGE;;;;;;;;SIN REVISAR;;;;;
1.1894;1;1894;EWP-3351-10-PA-220;CWP-3351-10-PA-220;CWA-3351-10;PWP-3351-10-PA-220;"03351-CT-6""-C3-0021-R3";;;C3;FLANGE SLIP-ON, ASTM A105, ASME B16.5, CLASE 150 RF;"3""";1;un;;9;kg;Contratista;FLANGE;;;;;;;;SIN REVISAR;;;;;
1.1895;1;1895;EWP-3351-10-PA-220;CWP-3351-10-PA-220;CWA-3351-10;PWP-3351-10-PA-220;"03351-PW-6""-C1-0013-N";;;C1;FLANGE SLIP-ON, ASTM A105, ASME B16.5, CLASE 150 RF;"6""";1;un;;17;kg;Contratista;FLANGE;;;;;;;;SIN REVISAR;;;;;
1.1896;1;1896;EWP-3351-10-PA-220;CWP-3351-10-PA-220;CWA-3351-10;PWP-3351-10-PA-220;"03351-CT-6""-C3-0021-R3";;;C3;FLANGE SLIP-ON, ASTM A105, ASME B16.5, CLASE 150 RF;"2""";1;un;;2,27;kg;Contratista;FLANGE;;;;;;;;SIN REVISAR;;;;;
1.1897;1;1897;EWP-3351-10-PA-220;CWP-3351-10-PA-220;CWA-3351-10;PWP-3351-10-PA-220;"03351-CT-6""-C3-0018-R3";;;C3;FLANGE SLIP-ON, ASTM A105, ASME B16.5, CLASE 150 RF;"2""";1;un;;5;kg;Contratista;FLANGE;;;;;;;;SIN REVISAR;;;;;
1.1898;1;1898;EWP-3351-10-PA-220;CWP-3351-10-PA-220;CWA-3351-10;PWP-3351-10-PA-220;"03351-PW-6""-C1-0013-N";;;C1;FLANGE SLIP-ON, ASTM A105, ASME B16.5, CLASE 150 RF;"6""";1;un;;17;kg;Contratista;FLANGE;;;;;;;;SIN REVISAR;;;;;
1.1899;1;1899;EWP-3351-10-PA-220;CWP-3351-10-PA-220;CWA-3351-10;PWP-3351-10-PA-220;"03351-CT-4""-C3-0077-R3";;;C3;FLANGE SLIP-ON, ASTM A105, ASME B16.5, CLASE 150 RF;"4""";1;un;;5,9;kg;Contratista;FLANGE;;;;;;;;SIN REVISAR;;;;;
1.1900;1;1900;EWP-3351-10-PA-220;CWP-3351-10-PA-220;CWA-3351-10;PWP-3351-10-PA-220;"03351-PW-4""-C1-0016-N";;;C1;FLANGE SLIP-ON, ASTM A105, ASME B16.5, CLASE 150 RF;"4""";1;un;;13;kg;Contratista;FLANGE;;;;;;;;SIN REVISAR;;;;;
1.1901;1;1901;EWP-3351-10-PA-220;CWP-3351-10-PA-220;CWA-3351-10;PWP-3351-10-PA-220;"03351-CT-3""-C2-0063-N";;;C2;FLANGE SLIP-ON, ASTM A105, ASME B16.5, CLASE 150 RF;"3""";1;un;;9;kg;Contratista;FLANGE;;;;;;;;SIN REVISAR;;;;;
1.1902;1;1902;EWP-3351-10-PA-220;CWP-3351-10-PA-220;CWA-3351-10;PWP-3351-10-PA-220;"03351-CT-3""-C2-0074-N";;;C2;FLANGE SLIP-ON, ASTM A105, ASME B16.5, CLASE 150 RF;"3""";1;un;;9;kg;Contratista;FLANGE;;;;;;;;SIN REVISAR;;;;;
1.1903;1;1903;EWP-3351-10-PA-220;CWP-3351-10-PA-220;CWA-3351-10;PWP-3351-10-PA-220;"03351-CT-3""-C2-0066-N";;;C2;FLANGE SLIP-ON, ASTM A105, ASME B16.5, CLASE 150 RF;"3""";1;un;;9;kg;Contratista;FLANGE;;;;;;;;SIN REVISAR;;;;;
1.1904;1;1904;EWP-3351-10-PA-220;CWP-3351-10-PA-220;CWA-3351-10;PWP-3351-10-PA-220;"03351-PW-6""-C1-0013-N";;;C1;FLANGE SLIP-ON, ASTM A105, ASME B16.5, CLASE 150 RF;"6""";1;un;;17;kg;Contratista;FLANGE;;;;;;;;SIN REVISAR;;;;;
1.1905;1;1905;EWP-3351-10-PA-220;CWP-3351-10-PA-220;CWA-3351-10;PWP-3351-10-PA-220;"03351-PW-4""-C1-0094-N";;;C1;FLANGE SLIP-ON, ASTM A105, ASME B16.5, CLASE 150 RF;"4""";1;un;;13;kg;Contratista;FLANGE;;;;;;;;SIN REVISAR;;;;;
1.1906;1;1906;EWP-3351-10-PA-220;CWP-3351-10-PA-220;CWA-3351-10;PWP-3351-10-PA-220;"03351-PW-6""-C1-0013-N";;;C1;FLANGE SLIP-ON, ASTM A105, ASME B16.5, CLASE 150 RF;"6""";1;un;;17;kg;Contratista;FLANGE;;;;;;;;SIN REVISAR;;;;;
1.1907;1;1907;EWP-3351-10-PA-220;CWP-3351-10-PA-220;CWA-3351-10;PWP-3351-10-PA-220;"03351-PW-6""-C1-0013-N";;;C1;FLANGE SLIP-ON, ASTM A105, ASME B16.5, CLASE 150 RF;"6""";1;un;;17;kg;Contratista;FLANGE;;;;;;;;SIN REVISAR;;;;;
1.1908;1;1908;EWP-3351-10-PA-220;CWP-3351-10-PA-220;CWA-3351-10;PWP-3351-10-PA-220;"03351-CT-3""-C2-0068-N";;;C2;FLANGE SLIP-ON, ASTM A105, ASME B16.5, CLASE 150 RF;"3""";1;un;;9;kg;Contratista;FLANGE;;;;;;;;SIN REVISAR;;;;;
1.1909;1;1909;EWP-3351-10-PA-220;CWP-3351-10-PA-220;CWA-3351-10;PWP-3351-10-PA-220;"03351-CT-6""-C11-0001-N";;;C11;FLANGE SLIP-ON, ASTM A105, ASME B16.5, CLASE 150 RF;"6""";1;un;;7,71;kg;Contratista;FLANGE;;;;;;;;SIN REVISAR;;;;;
1.1910;1;1910;EWP-3351-10-PA-220;CWP-3351-10-PA-220;CWA-3351-10;PWP-3351-10-PA-220;"03351-CT-6""-C3-0050-R3";;;C3;FLANGE SLIP-ON, ASTM A105, ASME B16.5, CLASE 150 RF;"2""";1;un;;2,27;kg;Contratista;FLANGE;;;;;;;;SIN REVISAR;;;;;
1.1911;1;1911;EWP-3351-10-PA-220;CWP-3351-10-PA-220;CWA-3351-10;PWP-3351-10-PA-220;"03351-CT-3""-C2-0012-N";"03351-CT-3""-C2-0012-N_HOJA-1";"03351-CT-3""-C2-0012-N_HOJA-1_SP01";C2;FLANGE SLIP-ON, ASTM A105, ASME B16.5, CLASE 150 RF;"3""";1;un;;9;kg;Contratista;FLANGE;;;;;;;;SIN REVISAR;;;;;
1.1912;1;1912;EWP-3351-10-PA-220;CWP-3351-10-PA-220;CWA-3351-10;PWP-3351-10-PA-220;"03351-PW-4""-C1-0016-N";;;C1;FLANGE SLIP-ON, ASTM A105, ASME B16.5, CLASE 150 RF;"4""";1;un;;13;kg;Contratista;FLANGE;;;;;;;;SIN REVISAR;;;;;
1.1913;1;1913;EWP-3351-10-PA-220;CWP-3351-10-PA-220;CWA-3351-10;PWP-3351-10-PA-220;"03351-CT-3""-C2-0069-N";;;C2;FLANGE SLIP-ON, ASTM A105, ASME B16.5, CLASE 150 RF;"3""";1;un;;9;kg;Contratista;FLANGE;;;;;;;;SIN REVISAR;;;;;
1.1914;1;1914;EWP-3351-10-PA-220;CWP-3351-10-PA-220;CWA-3351-10;PWP-3351-10-PA-220;"03351-PW-4""-C1-0094-N";;;C1;FLANGE SLIP-ON, ASTM A105, ASME B16.5, CLASE 150 RF;"4""";1;un;;13;kg;Contratista;FLANGE;;;;;;;;SIN REVISAR;;;;;
1.1915;1;1915;EWP-3351-10-PA-220;CWP-3351-10-PA-220;CWA-3351-10;PWP-3351-10-PA-220;"03351-PW-4""-C1-0016-N";;;C1;FLANGE SLIP-ON, ASTM A105, ASME B16.5, CLASE 150 RF;"4""";1;un;;13;kg;Contratista;FLANGE;;;;;;;;SIN REVISAR;;;;;
1.1916;1;1916;EWP-3351-10-PA-220;CWP-3351-10-PA-220;CWA-3351-10;PWP-3351-10-PA-220;"03351-PW-4""-C1-0094-N";;;C1;FLANGE SLIP-ON, ASTM A105, ASME B16.5, CLASE 150 RF;"4""";1;un;;13;kg;Contratista;FLANGE;;;;;;;;SIN REVISAR;;;;;
1.1917;1;1917;EWP-3351-10-PA-220;CWP-3351-10-PA-220;CWA-3351-10;PWP-3351-10-PA-220;"03351-PW-4""-C1-0094-N";;;C1;FLANGE SLIP-ON, ASTM A105, ASME B16.5, CLASE 150 RF;"4""";1;un;;13;kg;Contratista;FLANGE;;;;;;;;SIN REVISAR;;;;;
1.1918;1;1918;EWP-3351-10-PA-220;CWP-3351-10-PA-220;CWA-3351-10;PWP-3351-10-PA-220;"03351-PW-6""-C1-0013-N";;;C1;FLANGE SLIP-ON, ASTM A105, ASME B16.5, CLASE 150 RF;"6""";1;un;;17;kg;Contratista;FLANGE;;;;;;;;SIN REVISAR;;;;;
1.1919;1;1919;EWP-3351-10-PA-220;CWP-3351-10-PA-220;CWA-3351-10;PWP-3351-10-PA-220;"03351-CT-3""-C2-0071-N";;;C2;FLANGE SLIP-ON, ASTM A105, ASME B16.5, CLASE 150 RF;"3""";1;un;;9;kg;Contratista;FLANGE;;;;;;;;SIN REVISAR;;;;;
1.1920;1;1920;EWP-3351-10-PA-220;CWP-3351-10-PA-220;CWA-3351-10;PWP-3351-10-PA-220;"03351-CT-6""-C3-0030-R3";;;C3;FLANGE SLIP-ON, ASTM A105, ASME B16.5, CLASE 150 RF;"2""";1;un;;2,27;kg;Contratista;FLANGE;;;;;;;;SIN REVISAR;;;;;
1.1921;1;1921;EWP-3351-10-PA-220;CWP-3351-10-PA-220;CWA-3351-10;PWP-3351-10-PA-220;"03351-CT-3""-C2-0064-N";;;C2;FLANGE SLIP-ON, ASTM A105, ASME B16.5, CLASE 150 RF;"3""";1;un;;9;kg;Contratista;FLANGE;;;;;;;;SIN REVISAR;;;;;
1.1922;1;1922;EWP-3351-10-PA-220;CWP-3351-10-PA-220;CWA-3351-10;PWP-3351-10-PA-220;"03351-PW-4""-C1-0016-N";;;C1;FLANGE SLIP-ON, ASTM A105, ASME B16.5, CLASE 150 RF;"4""";1;un;;13;kg;Contratista;FLANGE;;;;;;;;SIN REVISAR;;;;;
1.1923;1;1923;EWP-3351-10-PA-220;CWP-3351-10-PA-220;CWA-3351-10;PWP-3351-10-PA-220;"03351-CT-4""-C3-0017-R3";;;C3;FLANGE SLIP-ON, ASTM A105, ASME B16.5, CLASE 150 RF;"4""";1;un;;5,9;kg;Contratista;FLANGE;;;;;;;;SIN REVISAR;;;;;
1.1924;1;1924;EWP-3351-10-PA-220;CWP-3351-10-PA-220;CWA-3351-10;PWP-3351-10-PA-220;"03351-PW-4""-C1-0094-N";;;C1;FLANGE SLIP-ON, ASTM A105, ASME B16.5, CLASE 150 RF;"4""";1;un;;13;kg;Contratista;FLANGE;;;;;;;;SIN REVISAR;;;;;
1.1925;1;1925;EWP-3351-10-PA-220;CWP-3351-10-PA-220;CWA-3351-10;PWP-3351-10-PA-220;"03351-PW-6""-C1-0013-N";;;C1;FLANGE SLIP-ON, ASTM A105, ASME B16.5, CLASE 150 RF;"6""";1;un;;17;kg;Contratista;FLANGE;;;;;;;;SIN REVISAR;;;;;
1.1926;1;1926;EWP-3351-10-PA-220;CWP-3351-10-PA-220;CWA-3351-10;PWP-3351-10-PA-220;"03351-PW-6""-C1-0013-N";;;C1;FLANGE SLIP-ON, ASTM A105, ASME B16.5, CLASE 150 RF;"6""";1;un;;17;kg;Contratista;FLANGE;;;;;;;;SIN REVISAR;;;;;
1.1927;1;1927;EWP-3351-10-PA-220;CWP-3351-10-PA-220;CWA-3351-10;PWP-3351-10-PA-220;"03351-PW-4""-C1-0016-N";;;C1;FLANGE SLIP-ON, ASTM A105, ASME B16.5, CLASE 150 RF;"4""";1;un;;13;kg;Contratista;FLANGE;;;;;;;;SIN REVISAR;;;;;
1.1928;1;1928;EWP-3351-10-PA-220;CWP-3351-10-PA-220;CWA-3351-10;PWP-3351-10-PA-220;"03351-CT-3""-C2-0067-N";;;C2;FLANGE SLIP-ON, ASTM A105, ASME B16.5, CLASE 150 RF;"3""";1;un;;9;kg;Contratista;FLANGE;;;;;;;;SIN REVISAR;;;;;
1.1929;1;1929;EWP-3351-10-PA-220;CWP-3351-10-PA-220;CWA-3351-10;PWP-3351-10-PA-220;"03351-CT-3""-C2-0062-N";;;C2;FLANGE SLIP-ON, ASTM A105, ASME B16.5, CLASE 150 RF;"3""";1;un;;9;kg;Contratista;FLANGE;;;;;;;;SIN REVISAR;;;;;
1.1930;1;1930;EWP-3351-10-PA-220;CWP-3351-10-PA-220;CWA-3351-10;PWP-3351-10-PA-220;"03351-PW-6""-C1-0013-N";;;C1;FLANGE SLIP-ON, ASTM A105, ASME B16.5, CLASE 150 RF;"6""";1;un;;17;kg;Contratista;FLANGE;;;;;;;;SIN REVISAR;;;;;
1.1931;1;1931;EWP-3351-10-PA-220;CWP-3351-10-PA-220;CWA-3351-10;PWP-3351-10-PA-220;"03351-CT-6""-C3-0018-R3";;;C3;FLANGE SLIP-ON, ASTM A105, ASME B16.5, CLASE 150 RF;"3""";1;un;;9;kg;Contratista;FLANGE;;;;;;;;SIN REVISAR;;;;;
1.1932;1;1932;EWP-3351-10-PA-220;CWP-3351-10-PA-220;CWA-3351-10;PWP-3351-10-PA-220;"03351-PW-4""-C1-0016-N";;;C1;FLANGE SLIP-ON, ASTM A105, ASME B16.5, CLASE 150 RF;"4""";1;un;;13;kg;Contratista;FLANGE;;;;;;;;SIN REVISAR;;;;;
1.1933;1;1933;EWP-3351-10-PA-220;CWP-3351-10-PA-220;CWA-3351-10;PWP-3351-10-PA-220;"03351-PW-4""-C1-0094-N";;;C1;FLANGE SLIP-ON, ASTM A105, ASME B16.5, CLASE 150 RF;"4""";1;un;;13;kg;Contratista;FLANGE;;;;;;;;SIN REVISAR;;;;;
1.1934;1;1934;EWP-3351-10-PA-220;CWP-3351-10-PA-220;CWA-3351-10;PWP-3351-10-PA-220;TIE-IN 03351-003;;;-;FLANGE SLIP-ON, ASTM A105, ASME B16.5, CLASE 150 RF;"6""";1;un;;17;kg;Contratista;FLANGE;;;;;;;;SIN REVISAR;;;;;
1.1935;1;1935;EWP-3351-10-PA-220;CWP-3351-10-PA-220;CWA-3351-10;PWP-3351-10-PA-220;"03351-PW-4""-C1-0016-N";;;C1;FLANGE SLIP-ON, ASTM A105, ASME B16.5, CLASE 150 RF;"4""";1;un;;13;kg;Contratista;FLANGE;;;;;;;;SIN REVISAR;;;;;
1.1936;1;1936;EWP-3351-10-PA-220;CWP-3351-10-PA-220;CWA-3351-10;PWP-3351-10-PA-220;"03351-CT-4""-C2-0004-N";;;C2;FLANGE SLIP-ON, ASTM A105, ASME B16.5, CLASE 150 RF;"4""";1;un;;13;kg;Contratista;FLANGE;;;;;;;;SIN REVISAR;;;;;
1.1937;1;1937;EWP-3351-10-PA-220;CWP-3351-10-PA-220;CWA-3351-10;PWP-3351-10-PA-220;"03351-CT-4""-C2-0003-N";;;C2;FLANGE SLIP-ON, ASTM A105, ASME B16.5, CLASE 150 RF;"4""";1;un;;13;kg;Contratista;FLANGE;;;;;;;;SIN REVISAR;;;;;
1.1938;1;1938;EWP-3351-10-PA-220;CWP-3351-10-PA-220;CWA-3351-10;PWP-3351-10-PA-220;"03351-CT-4""-C2-0003-N";;;C2;FLANGE SLIP-ON, ASTM A105, ASME B16.5, CLASE 150 RF;"4""";1;un;;13;kg;Contratista;FLANGE;;;;;;;;SIN REVISAR;;;;;
1.1939;1;1939;EWP-3351-10-PA-220;CWP-3351-10-PA-220;CWA-3351-10;PWP-3351-10-PA-220;"03351-CT-4""-C2-0004-N";;;C2;FLANGE SLIP-ON, ASTM A105, ASME B16.5, CLASE 150 RF;"4""";1;un;;13;kg;Contratista;FLANGE;;;;;;;;SIN REVISAR;;;;;
1.1940;1;1940;EWP-3351-10-PA-220;CWP-3351-10-PA-220;CWA-3351-10;PWP-3351-10-PA-220;"03351-CT-6""-C3-0007-R3";;;C3;FLANGE SLIP-ON, ASTM A105, ASME B16.5, CLASE 150 RF;"2""";1;un;;2,27;kg;Contratista;FLANGE;;;;;;;;SIN REVISAR;;;;;
1.1941;1;1941;EWP-3351-10-PA-220;CWP-3351-10-PA-220;CWA-3351-10;PWP-3351-10-PA-220;"03351-PW-2""-C1-0053-N";;;C1;FLANGE SLIP-ON, ASTM A105, ASME B16.5, CLASE 150 RF;"2""";1;un;;5;kg;Contratista;FLANGE;;;;;;;;SIN REVISAR;;;;;
1.1942;1;1942;EWP-3351-10-PA-220;CWP-3351-10-PA-220;CWA-3351-10;PWP-3351-10-PA-220;"03351-CT-3""-C2-0086-N";;;C2;FLANGE SLIP-ON, ASTM A105, ASME B16.5, CLASE 150 RF;"3""";1;un;;9;kg;Contratista;FLANGE;;;;;;;;SIN REVISAR;;;;;
1.1943;1;1943;EWP-3351-10-PA-220;CWP-3351-10-PA-220;CWA-3351-10;PWP-3351-10-PA-220;"03351-CT-3""-C2-0059-N";;;C2;FLANGE SLIP-ON, ASTM A105, ASME B16.5, CLASE 150 RF;"3""";1;un;;9;kg;Contratista;FLANGE;;;;;;;;SIN REVISAR;;;;;
1.1944;1;1944;EWP-3351-10-PA-220;CWP-3351-10-PA-220;CWA-3351-10;PWP-3351-10-PA-220;"03351-PW-2""-C1-0026-N";;;C1;FLANGE SOCKET WELDING, ASTM A105, ASME B16.5,    CLASE 150 FF;"2""";1;un;;5;kg;Contratista;FLANGE;;;;;;;;SIN REVISAR;;;;;
1.1945;1;1945;EWP-3351-10-PA-220;CWP-3351-10-PA-220;CWA-3351-10;PWP-3351-10-PA-220;"03351-PW-2""-C1-0026-N";;;C1;FLANGE SOCKET WELDING, ASTM A105, ASME B16.5,    CLASE 150 FF;"2""";1;un;;5;kg;Contratista;FLANGE;;;;;;;;SIN REVISAR;;;;;
1.1946;1;1946;EWP-3351-10-PA-220;CWP-3351-10-PA-220;CWA-3351-10;PWP-3351-10-PA-220;"03351-CT-6""-C3-0021-R3";;;C3;FLANGE SOCKET WELDING, ASTM A105, ASME B16.5,    CLASE 150 RF;"2""";1;un;;5;kg;Contratista;FLANGE;;;;;;;;SIN REVISAR;;;;;
1.1947;1;1947;EWP-3351-10-PA-220;CWP-3351-10-PA-220;CWA-3351-10;PWP-3351-10-PA-220;"03351-CT-6""-C3-0023-R3";;;C3;FLANGE SOCKET WELDING, ASTM A105, ASME B16.5,    CLASE 150 RF;"2""";1;un;;5;kg;Contratista;FLANGE;;;;;;;;SIN REVISAR;;;;;
1.1948;1;1948;EWP-3351-10-PA-220;CWP-3351-10-PA-220;CWA-3351-10;PWP-3351-10-PA-220;"03351-CT-6""-C3-0018-R3";;;C3;FLANGE SOCKET WELDING, ASTM A105, ASME B16.5,    CLASE 150 RF;"2""";1;un;;5;kg;Contratista;FLANGE;;;;;;;;SIN REVISAR;;;;;
1.1949;1;1949;EWP-3351-10-PA-220;CWP-3351-10-PA-220;CWA-3351-10;PWP-3351-10-PA-220;"03351-CT-6""-C3-0018-R3";;;C3;FLUJOMETRO MAGNETICO, CL 150, RF;"6""";1;un;;-;kg;Contratista;FLUJOMETRO;;;;;;;;SIN REVISAR;;;;;
1.1950;1;1950;EWP-3351-10-PA-220;CWP-3351-10-PA-220;CWA-3351-10;PWP-3351-10-PA-220;"03351-CT-6""-C3-0021-R3";;;C3;FLUJOMETRO MAGNETICO, CL 150, RF;"6""";1;un;;-;kg;Contratista;FLUJOMETRO;;;;;;;;SIN REVISAR;;;;;
1.1951;1;1951;EWP-3351-10-PA-220;CWP-3351-10-PA-220;CWA-3351-10;PWP-3351-10-PA-220;"03351-GW-1""-C1-0031-N";;;C1;FLUJÓMETRO MAGNETICO, DN20, HILO GAS;"3/4""";1;un;;-;kg;Contratista;FLUJÓMETRO;;;;;;;;SIN REVISAR;;;;;
1.1952;1;1952;EWP-3351-10-PA-220;CWP-3351-10-PA-220;CWA-3351-10;PWP-3351-10-PA-220;"03351-GW-1""-C1-0033-N";;;C1;FLUJÓMETRO MAGNETICO, DN20, HILO GAS;"3/4""";1;un;;-;kg;Contratista;FLUJÓMETRO;;;;;;;;SIN REVISAR;;;;;
1.1953;1;1953;EWP-3351-10-PA-220;CWP-3351-10-PA-220;CWA-3351-10;PWP-3351-10-PA-220;"03351-GW-1""-C1-0035-N";;;C1;FLUJÓMETRO MAGNETICO, DN20, HILO GAS;"3/4""";1;un;;-;kg;Contratista;FLUJÓMETRO;;;;;;;;SIN REVISAR;;;;;
1.1954;1;1954;EWP-3351-10-PA-220;CWP-3351-10-PA-220;CWA-3351-10;PWP-3351-10-PA-220;"03351-CT-10""-C3-0079-R3";"03351-CT-10""-C3-0079-R3_HOJA-1";"03351-CT-10""-C3-0079-R3_HOJA-1_SP01";C3;JUNTA DE EXPANSIÓN FUELLES DE NBR, CON REFUERZOS EN TELA DE NILON E HILO DE ACERO TRENZADO, BRIDASASTM A 536 65-45-12, CLASE 150;"10""";1;un;;-;kg;Contratista;JUNTA DE EXPANSIÓN;;;;;;;;SIN REVISAR;;;;;
1.2429;1;2429;EWP-3351-10-PA-220;CWP-3351-10-PA-220;CWA-3351-10;PWP-3351-10-PA-220;03351-RW-250-H1-0011-N;;;H1;TUBERÍA HDPE PE100 PN6, ISO 4427-2, EXTREMOS PLANOSPARA TERMOFUSIÓN;"10""";0,42;m;FALSO;4,66;kg;Contratista;TUBERÍA HDPE;;;;;;;;SIN REVISAR;;;;;
1.1956;1;1956;EWP-3351-10-PA-220;CWP-3351-10-PA-220;CWA-3351-10;PWP-3351-10-PA-220;"03351-GW-1""-C1-0031-N";;;C1;MANGUERA FLEXIBLE;"3/4""";0,1;m;;0,14;kg;Contratista;MANGUERA FLEXIBLE;;;;;;;;SIN REVISAR;;;;;
1.1957;1;1957;EWP-3351-10-PA-220;CWP-3351-10-PA-220;CWA-3351-10;PWP-3351-10-PA-220;"03351-GW-1""-C1-0035-N";;;C1;MANGUERA FLEXIBLE;"3/4""";0,21;m;;0,31;kg;Contratista;MANGUERA FLEXIBLE;;;;;;;;SIN REVISAR;;;;;
1.1958;1;1958;EWP-3351-10-PA-220;CWP-3351-10-PA-220;CWA-3351-10;PWP-3351-10-PA-220;"03351-GW-1""-C1-0035-N";;;C1;MANGUERA FLEXIBLE;"3/4""";0,3;m;;0,45;kg;Contratista;MANGUERA FLEXIBLE;;;;;;;;SIN REVISAR;;;;;
1.1959;1;1959;EWP-3351-10-PA-220;CWP-3351-10-PA-220;CWA-3351-10;PWP-3351-10-PA-220;"03351-GW-1""-C1-0031-N";;;C1;MANGUERA FLEXIBLE;"3/4""";0,21;m;;0,31;kg;Contratista;MANGUERA FLEXIBLE;;;;;;;;SIN REVISAR;;;;;
1.1960;1;1960;EWP-3351-10-PA-220;CWP-3351-10-PA-220;CWA-3351-10;PWP-3351-10-PA-220;"03351-GW-1""-C1-0033-N";;;C1;MANGUERA FLEXIBLE;"3/4""";0,34;m;;0,5;kg;Contratista;MANGUERA FLEXIBLE;;;;;;;;SIN REVISAR;;;;;
1.1961;1;1961;EWP-3351-10-PA-220;CWP-3351-10-PA-220;CWA-3351-10;PWP-3351-10-PA-220;"03351-GW-1""-C1-0035-N";;;C1;MANGUERA FLEXIBLE;"3/4""";0,7;m;;1,03;kg;Contratista;MANGUERA FLEXIBLE;;;;;;;;SIN REVISAR;;;;;
1.1962;1;1962;EWP-3351-10-PA-220;CWP-3351-10-PA-220;CWA-3351-10;PWP-3351-10-PA-220;"03351-GW-1""-C1-0033-N";;;C1;MANGUERA FLEXIBLE;"3/4""";0,27;m;;0,4;kg;Contratista;MANGUERA FLEXIBLE;;;;;;;;SIN REVISAR;;;;;
1.1963;1;1963;EWP-3351-10-PA-220;CWP-3351-10-PA-220;CWA-3351-10;PWP-3351-10-PA-220;"03351-GW-1""-C1-0035-N";;;C1;MANGUERA FLEXIBLE;"3/4""";0,26;m;;0,39;kg;Contratista;MANGUERA FLEXIBLE;;;;;;;;SIN REVISAR;;;;;
1.1964;1;1964;EWP-3351-10-PA-220;CWP-3351-10-PA-220;CWA-3351-10;PWP-3351-10-PA-220;"03351-GW-1""-C1-0031-N";;;C1;MANGUERA FLEXIBLE;"3/4""";0,7;m;;1,03;kg;Contratista;MANGUERA FLEXIBLE;;;;;;;;SIN REVISAR;;;;;
1.1965;1;1965;EWP-3351-10-PA-220;CWP-3351-10-PA-220;CWA-3351-10;PWP-3351-10-PA-220;"03351-GW-1""-C1-0033-N";;;C1;MANGUERA FLEXIBLE;"3/4""";0,1;m;;0,14;kg;Contratista;MANGUERA FLEXIBLE;;;;;;;;SIN REVISAR;;;;;
1.1966;1;1966;EWP-3351-10-PA-220;CWP-3351-10-PA-220;CWA-3351-10;PWP-3351-10-PA-220;"03351-GW-1""-C1-0033-N";;;C1;MANGUERA FLEXIBLE;"3/4""";0,26;m;;0,39;kg;Contratista;MANGUERA FLEXIBLE;;;;;;;;SIN REVISAR;;;;;
1.1967;1;1967;EWP-3351-10-PA-220;CWP-3351-10-PA-220;CWA-3351-10;PWP-3351-10-PA-220;"03351-GW-1""-C1-0031-N";;;C1;MANGUERA FLEXIBLE;"3/4""";0,26;m;;0,39;kg;Contratista;MANGUERA FLEXIBLE;;;;;;;;SIN REVISAR;;;;;
1.1968;1;1968;EWP-3351-10-PA-220;CWP-3351-10-PA-220;CWA-3351-10;PWP-3351-10-PA-220;"03351-GW-1""-C1-0033-N";;;C1;MANGUERA FLEXIBLE;"3/4""";0,05;m;;0,08;kg;Contratista;MANGUERA FLEXIBLE;;;;;;;;SIN REVISAR;;;;;
1.1969;1;1969;EWP-3351-10-PA-220;CWP-3351-10-PA-220;CWA-3351-10;PWP-3351-10-PA-220;"03351-GW-1""-C1-0031-N";;;C1;MANGUERA FLEXIBLE;"3/4""";0,13;m;;0,19;kg;Contratista;MANGUERA FLEXIBLE;;;;;;;;SIN REVISAR;;;;;
1.1970;1;1970;EWP-3351-10-PA-220;CWP-3351-10-PA-220;CWA-3351-10;PWP-3351-10-PA-220;"03351-GW-1""-C1-0033-N";;;C1;MANGUERA FLEXIBLE;"3/4""";0,3;m;;0,45;kg;Contratista;MANGUERA FLEXIBLE;;;;;;;;SIN REVISAR;;;;;
1.1971;1;1971;EWP-3351-10-PA-220;CWP-3351-10-PA-220;CWA-3351-10;PWP-3351-10-PA-220;"03351-GW-1""-C1-0033-N";;;C1;MANGUERA FLEXIBLE;"3/4""";0,7;m;;1,03;kg;Contratista;MANGUERA FLEXIBLE;;;;;;;;SIN REVISAR;;;;;
1.1972;1;1972;EWP-3351-10-PA-220;CWP-3351-10-PA-220;CWA-3351-10;PWP-3351-10-PA-220;"03351-GW-1""-C1-0031-N";;;C1;MANGUERA FLEXIBLE;"3/4""";0,3;m;;0,45;kg;Contratista;MANGUERA FLEXIBLE;;;;;;;;SIN REVISAR;;;;;
1.1973;1;1973;EWP-3351-10-PA-220;CWP-3351-10-PA-220;CWA-3351-10;PWP-3351-10-PA-220;"03351-GW-1""-C1-0035-N";;;C1;MANGUERA FLEXIBLE;"3/4""";0,1;m;;0,14;kg;Contratista;MANGUERA FLEXIBLE;;;;;;;;SIN REVISAR;;;;;
1.1974;1;1974;EWP-3351-10-PA-220;CWP-3351-10-PA-220;CWA-3351-10;PWP-3351-10-PA-220;"03351-GW-1""-C1-0035-N";;;C1;MANGUERA FLEXIBLE;"3/4""";0,13;m;;0,19;kg;Contratista;MANGUERA FLEXIBLE;;;;;;;;SIN REVISAR;;;;;
1.1975;1;1975;EWP-3351-10-PA-220;CWP-3351-10-PA-220;CWA-3351-10;PWP-3351-10-PA-220;"03351-GW-1""-C1-0031-N";;;C1;MANGUERA FLEXIBLE;"3/4""";0,34;m;;0,5;kg;Contratista;MANGUERA FLEXIBLE;;;;;;;;SIN REVISAR;;;;;
1.1976;1;1976;EWP-3351-10-PA-220;CWP-3351-10-PA-220;CWA-3351-10;PWP-3351-10-PA-220;"03351-GW-1""-C1-0031-N";;;C1;MANGUERA FLEXIBLE;"3/4""";0,05;m;;0,08;kg;Contratista;MANGUERA FLEXIBLE;;;;;;;;SIN REVISAR;;;;;
1.1977;1;1977;EWP-3351-10-PA-220;CWP-3351-10-PA-220;CWA-3351-10;PWP-3351-10-PA-220;"03351-GW-1""-C1-0033-N";;;C1;MANGUERA FLEXIBLE;"3/4""";0,21;m;;0,31;kg;Contratista;MANGUERA FLEXIBLE;;;;;;;;SIN REVISAR;;;;;
1.1978;1;1978;EWP-3351-10-PA-220;CWP-3351-10-PA-220;CWA-3351-10;PWP-3351-10-PA-220;"03351-GW-1""-C1-0035-N";;;C1;MANGUERA FLEXIBLE;"3/4""";0,34;m;;0,5;kg;Contratista;MANGUERA FLEXIBLE;;;;;;;;SIN REVISAR;;;;;
1.1979;1;1979;EWP-3351-10-PA-220;CWP-3351-10-PA-220;CWA-3351-10;PWP-3351-10-PA-220;"03351-GW-1""-C1-0031-N";;;C1;MANOMETRO SIN SELLO, NPTM;"3/4""";1;un;;-;kg;Contratista;MANOMETRO;;;;;;;;SIN REVISAR;;;;;
1.1980;1;1980;EWP-3351-10-PA-220;CWP-3351-10-PA-220;CWA-3351-10;PWP-3351-10-PA-220;"03351-GW-1""-C1-0035-N";;;C1;MANOMETRO SIN SELLO, NPTM;"3/4""";1;un;;-;kg;Contratista;MANOMETRO;;;;;;;;SIN REVISAR;;;;;
1.1981;1;1981;EWP-3351-10-PA-220;CWP-3351-10-PA-220;CWA-3351-10;PWP-3351-10-PA-220;"03351-GW-1""-C1-0033-N";;;C1;MANOMETRO SIN SELLO, NPTM;"3/4""";1;un;;-;kg;Contratista;MANOMETRO;;;;;;;;SIN REVISAR;;;;;
1.1982;1;1982;EWP-3351-10-PA-220;CWP-3351-10-PA-220;CWA-3351-10;PWP-3351-10-PA-220;"03351-CT-6""-C3-0018-R3";;;C3;NIPLE CAÑERÍA ERW, ASTM A53 GR B, PBE, ASME B16.11,SCH 80;"2""";1;un;;1,42;kg;Contratista;NIPPLE;;;;;;;;SIN REVISAR;;;;;
1.1983;1;1983;EWP-3351-10-PA-220;CWP-3351-10-PA-220;CWA-3351-10;PWP-3351-10-PA-220;"03351-CT-6""-C3-0021-R3";;;C3;NIPLE CAÑERÍA ERW, ASTM A53 GR B, PBE, ASME B16.11,SCH 80;"2""";1;un;;1,42;kg;Contratista;NIPPLE;;;;;;;;SIN REVISAR;;;;;
1.1984;1;1984;EWP-3351-10-PA-220;CWP-3351-10-PA-220;CWA-3351-10;PWP-3351-10-PA-220;"03351-PW-6""-C1-0013-N";;;C1;NIPPLE POE TOE, ASTM A105, CLASE 3000, ASME B36.11;"2""";1;un;;0,36;kg;Contratista;NIPPLE;;;;;;;;SIN REVISAR;;;;;
1.1985;1;1985;EWP-3351-10-PA-220;CWP-3351-10-PA-220;CWA-3351-10;PWP-3351-10-PA-220;"03351-GW-1""-C1-0043-N";;;C1;NIPPLE POE TOE, ASTM A105, CLASE 3000, ASME B36.11;"1""";1;un;;0,3;kg;Contratista;NIPPLE;;;;;;;;SIN REVISAR;;;;;
1.1986;1;1986;EWP-3351-10-PA-220;CWP-3351-10-PA-220;CWA-3351-10;PWP-3351-10-PA-220;"03351-GW-1""-C1-0043-N";;;C1;NIPPLE POE TOE, ASTM A105, CLASE 3000, ASME B36.11;"1""";1;un;;0,3;kg;Contratista;NIPPLE;;;;;;;;SIN REVISAR;;;;;
1.1987;1;1987;EWP-3351-10-PA-220;CWP-3351-10-PA-220;CWA-3351-10;PWP-3351-10-PA-220;"03351-PW-6""-C1-0013-N";;;C1;NIPPLE POE TOE, ASTM A105, CLASE 3000, ASME B36.11;"2""";1;un;;0,36;kg;Contratista;NIPPLE;;;;;;;;SIN REVISAR;;;;;
1.1988;1;1988;EWP-3351-10-PA-220;CWP-3351-10-PA-220;CWA-3351-10;PWP-3351-10-PA-220;"03351-PW-6""-C1-0013-N";;;C1;NIPPLE POE TOE, ASTM A105, CLASE 3000, ASME B36.11;"2""";1;un;;0,36;kg;Contratista;NIPPLE;;;;;;;;SIN REVISAR;;;;;
1.1989;1;1989;EWP-3351-10-PA-220;CWP-3351-10-PA-220;CWA-3351-10;PWP-3351-10-PA-220;"03351-PW-6""-C1-0013-N";;;C1;NIPPLE POE TOE, ASTM A105, CLASE 3000, ASME B36.11;"2""";1;un;;0,36;kg;Contratista;NIPPLE;;;;;;;;SIN REVISAR;;;;;
1.1990;1;1990;EWP-3351-10-PA-220;CWP-3351-10-PA-220;CWA-3351-10;PWP-3351-10-PA-220;"03351-PW-6""-C1-0013-N";;;C1;NIPPLE POE TOE, ASTM A105, CLASE 3000, ASME B36.11;"2""";1;un;;0,36;kg;Contratista;NIPPLE;;;;;;;;SIN REVISAR;;;;;
1.1991;1;1991;EWP-3351-10-PA-220;CWP-3351-10-PA-220;CWA-3351-10;PWP-3351-10-PA-220;"03351-PW-6""-C1-0013-N";;;C1;NIPPLE POE TOE, ASTM A105, CLASE 3000, ASME B36.11;"2""";1;un;;0,36;kg;Contratista;NIPPLE;;;;;;;;SIN REVISAR;;;;;
1.1992;1;1992;EWP-3351-10-PA-220;CWP-3351-10-PA-220;CWA-3351-10;PWP-3351-10-PA-220;"03351-PW-6""-C1-0013-N";;;C1;NIPPLE POE TOE, ASTM A105, CLASE 3000, ASME B36.11;"2""";1;un;;0,36;kg;Contratista;NIPPLE;;;;;;;;SIN REVISAR;;;;;
1.1993;1;1993;EWP-3351-10-PA-220;CWP-3351-10-PA-220;CWA-3351-10;PWP-3351-10-PA-220;"03351-PW-6""-C1-0013-N";;;C1;NIPPLE POE TOE, ASTM A105, CLASE 3000, ASME B36.11;"2""";1;un;;0,36;kg;Contratista;NIPPLE;;;;;;;;SIN REVISAR;;;;;
1.1994;1;1994;EWP-3351-10-PA-220;CWP-3351-10-PA-220;CWA-3351-10;PWP-3351-10-PA-220;"03351-PW-6""-C1-0013-N";;;C1;NIPPLE POE TOE, ASTM A105, CLASE 3000, ASME B36.11;"2""";1;un;;0,36;kg;Contratista;NIPPLE;;;;;;;;SIN REVISAR;;;;;
1.1995;1;1995;EWP-3351-10-PA-220;CWP-3351-10-PA-220;CWA-3351-10;PWP-3351-10-PA-220;"03351-PW-6""-C1-0013-N";;;C1;NIPPLE POE TOE, ASTM A105, CLASE 3000, ASME B36.11;"2""";1;un;;0,36;kg;Contratista;NIPPLE;;;;;;;;SIN REVISAR;;;;;
1.1996;1;1996;EWP-3351-10-PA-220;CWP-3351-10-PA-220;CWA-3351-10;PWP-3351-10-PA-220;"03351-PW-6""-C1-0013-N";;;C1;NIPPLE POE TOE, ASTM A105, CLASE 3000, ASME B36.11;"2""";1;un;;0,36;kg;Contratista;NIPPLE;;;;;;;;SIN REVISAR;;;;;
1.1997;1;1997;EWP-3351-10-PA-220;CWP-3351-10-PA-220;CWA-3351-10;PWP-3351-10-PA-220;"03351-PW-6""-C1-0013-N";;;C1;NIPPLE POE TOE, ASTM A105, CLASE 3000, ASME B36.11;"2""";1;un;;0,36;kg;Contratista;NIPPLE;;;;;;;;SIN REVISAR;;;;;
1.1998;1;1998;EWP-3351-10-PA-220;CWP-3351-10-PA-220;CWA-3351-10;PWP-3351-10-PA-220;"03351-PW-6""-C1-0013-N";;;C1;NIPPLE POE TOE, ASTM A105, CLASE 3000, ASME B36.11;"2""";1;un;;0,36;kg;Contratista;NIPPLE;;;;;;;;SIN REVISAR;;;;;
1.1999;1;1999;EWP-3351-10-PA-220;CWP-3351-10-PA-220;CWA-3351-10;PWP-3351-10-PA-220;"03351-PW-2""-C1-0053-N";;;C1;NIPPLE POE TOE, ASTM A105, CLASE 3000, ASME B36.11;"2""";1;un;;0,36;kg;Contratista;NIPPLE;;;;;;;;SIN REVISAR;;;;;
1.2000;1;2000;EWP-3351-10-PA-220;CWP-3351-10-PA-220;CWA-3351-10;PWP-3351-10-PA-220;"03351-PW-2""-C1-0048-N";;;C1;NIPPLE POE TOE, ASTM A105, CLASE 3000, ASME B36.11;"2""";1;un;;0,36;kg;Contratista;NIPPLE;;;;;;;;SIN REVISAR;;;;;
1.2001;1;2001;EWP-3351-10-PA-220;CWP-3351-10-PA-220;CWA-3351-10;PWP-3351-10-PA-220;"03351-PW-2""-C1-0049-N";;;C1;NIPPLE POE TOE, ASTM A105, CLASE 3000, ASME B36.11;"2""";1;un;;0,36;kg;Contratista;NIPPLE;;;;;;;;SIN REVISAR;;;;;
1.2002;1;2002;EWP-3351-10-PA-220;CWP-3351-10-PA-220;CWA-3351-10;PWP-3351-10-PA-220;"03351-PW-2""-C1-0025-N";;;C1;NIPPLE POE TOE, ASTM A105, CLASE 3000, ASME B36.11;"2""";1;un;;0,36;kg;Contratista;NIPPLE;;;;;;;;SIN REVISAR;;;;;
1.2003;1;2003;EWP-3351-10-PA-220;CWP-3351-10-PA-220;CWA-3351-10;PWP-3351-10-PA-220;"03351-PW-2""-C1-0085-N";;;C1;NIPPLE POE TOE, ASTM A105, CLASE 3000, ASME B36.11;"2""";1;un;;0,36;kg;Contratista;NIPPLE;;;;;;;;SIN REVISAR;;;;;
1.2004;1;2004;EWP-3351-10-PA-220;CWP-3351-10-PA-220;CWA-3351-10;PWP-3351-10-PA-220;"03351-PW-2""-C1-0091-N";;;C1;NIPPLE TBE, ASTM A105, CLASE 3000, ASME B36.11;"2""";1;un;;0,36;kg;Contratista;NIPPLE;;;;;;;;SIN REVISAR;;;;;
1.2005;1;2005;EWP-3351-10-PA-220;CWP-3351-10-PA-220;CWA-3351-10;PWP-3351-10-PA-220;"03351-PW-2""-C1-0093-N";;;C1;NIPPLE TBE, ASTM A105, CLASE 3000, ASME B36.11;"2""";1;un;;0,36;kg;Contratista;NIPPLE;;;;;;;;SIN REVISAR;;;;;
1.2006;1;2006;EWP-3351-10-PA-220;CWP-3351-10-PA-220;CWA-3351-10;PWP-3351-10-PA-220;"03351-GW-1""-C1-0035-N";;;C1;NIPPLE TBE, ASTM A105, CLASE 3000, ASME B36.11;"3/4""";1;un;;0,2;kg;Contratista;NIPPLE;;;;;;;;SIN REVISAR;;;;;
1.2007;1;2007;EWP-3351-10-PA-220;CWP-3351-10-PA-220;CWA-3351-10;PWP-3351-10-PA-220;"03351-PW-2""-C1-0092-N";;;C1;NIPPLE TBE, ASTM A105, CLASE 3000, ASME B36.11;"2""";1;un;;0,36;kg;Contratista;NIPPLE;;;;;;;;SIN REVISAR;;;;;
1.2008;1;2008;EWP-3351-10-PA-220;CWP-3351-10-PA-220;CWA-3351-10;PWP-3351-10-PA-220;"03351-GW-1""-C1-0036-N";;;C1;NIPPLE TBE, ASTM A105, CLASE 3000, ASME B36.11;"1""";1;un;;0,3;kg;Contratista;NIPPLE;;;;;;;;SIN REVISAR;;;;;
1.2009;1;2009;EWP-3351-10-PA-220;CWP-3351-10-PA-220;CWA-3351-10;PWP-3351-10-PA-220;"03351-PW-2""-C1-0039-N";;;C1;NIPPLE TBE, ASTM A105, CLASE 3000, ASME B36.11;"2""";1;un;;0,36;kg;Contratista;NIPPLE;;;;;;;;SIN REVISAR;;;;;
1.2010;1;2010;EWP-3351-10-PA-220;CWP-3351-10-PA-220;CWA-3351-10;PWP-3351-10-PA-220;"03351-GW-1""-C1-0035-N";;;C1;NIPPLE TBE, ASTM A105, CLASE 3000, ASME B36.11;"1""";1;un;;0,3;kg;Contratista;NIPPLE;;;;;;;;SIN REVISAR;;;;;
1.2011;1;2011;EWP-3351-10-PA-220;CWP-3351-10-PA-220;CWA-3351-10;PWP-3351-10-PA-220;"03351-PW-2""-C1-0039-N";;;C1;NIPPLE TBE, ASTM A105, CLASE 3000, ASME B36.11;"2""";1;un;;0,36;kg;Contratista;NIPPLE;;;;;;;;SIN REVISAR;;;;;
1.2012;1;2012;EWP-3351-10-PA-220;CWP-3351-10-PA-220;CWA-3351-10;PWP-3351-10-PA-220;"03351-PW-2""-C1-0039-N";;;C1;NIPPLE TBE, ASTM A105, CLASE 3000, ASME B36.11;"2""";1;un;;0,36;kg;Contratista;NIPPLE;;;;;;;;SIN REVISAR;;;;;
1.2013;1;2013;EWP-3351-10-PA-220;CWP-3351-10-PA-220;CWA-3351-10;PWP-3351-10-PA-220;"03351-GW-1""-C1-0034-N";;;C1;NIPPLE TBE, ASTM A105, CLASE 3000, ASME B36.11;"1""";1;un;;0,3;kg;Contratista;NIPPLE;;;;;;;;SIN REVISAR;;;;;
1.2014;1;2014;EWP-3351-10-PA-220;CWP-3351-10-PA-220;CWA-3351-10;PWP-3351-10-PA-220;"03351-GW-1""-C1-0032-N";;;C1;NIPPLE TBE, ASTM A105, CLASE 3000, ASME B36.11;"1""";1;un;;0,3;kg;Contratista;NIPPLE;;;;;;;;SIN REVISAR;;;;;
1.2015;1;2015;EWP-3351-10-PA-220;CWP-3351-10-PA-220;CWA-3351-10;PWP-3351-10-PA-220;"03351-PW-2""-C1-0026-N";;;C1;NIPPLE TBE, ASTM A105, CLASE 3000, ASME B36.11;"2""";1;un;;0,36;kg;Contratista;NIPPLE;;;;;;;;SIN REVISAR;;;;;
1.2016;1;2016;EWP-3351-10-PA-220;CWP-3351-10-PA-220;CWA-3351-10;PWP-3351-10-PA-220;"03351-GW-2""-C1-0040-N";;;C1;NIPPLE TBE, ASTM A105, CLASE 3000, ASME B36.11;"2""";1;un;;0,36;kg;Contratista;NIPPLE;;;;;;;;SIN REVISAR;;;;;
1.2017;1;2017;EWP-3351-10-PA-220;CWP-3351-10-PA-220;CWA-3351-10;PWP-3351-10-PA-220;"03351-GW-1""-C1-0031-N";;;C1;NIPPLE TBE, ASTM A105, CLASE 3000, ASME B36.11;"3/4""";1;un;;0,2;kg;Contratista;NIPPLE;;;;;;;;SIN REVISAR;;;;;
1.2018;1;2018;EWP-3351-10-PA-220;CWP-3351-10-PA-220;CWA-3351-10;PWP-3351-10-PA-220;"03351-GW-1""-C1-0031-N";;;C1;NIPPLE TBE, ASTM A105, CLASE 3000, ASME B36.11;"1""";1;un;;0,3;kg;Contratista;NIPPLE;;;;;;;;SIN REVISAR;;;;;
1.2019;1;2019;EWP-3351-10-PA-220;CWP-3351-10-PA-220;CWA-3351-10;PWP-3351-10-PA-220;"03351-GW-1""-C1-0036-N";;;C1;NIPPLE TBE, ASTM A105, CLASE 3000, ASME B36.11;"1""";1;un;;0,3;kg;Contratista;NIPPLE;;;;;;;;SIN REVISAR;;;;;
1.2020;1;2020;EWP-3351-10-PA-220;CWP-3351-10-PA-220;CWA-3351-10;PWP-3351-10-PA-220;"03351-GW-1""-C1-0033-N";;;C1;NIPPLE TBE, ASTM A105, CLASE 3000, ASME B36.11;"3/4""";1;un;;0,2;kg;Contratista;NIPPLE;;;;;;;;SIN REVISAR;;;;;
1.2021;1;2021;EWP-3351-10-PA-220;CWP-3351-10-PA-220;CWA-3351-10;PWP-3351-10-PA-220;"03351-GW-1""-C1-0034-N";;;C1;NIPPLE TBE, ASTM A105, CLASE 3000, ASME B36.11;"1""";1;un;;0,3;kg;Contratista;NIPPLE;;;;;;;;SIN REVISAR;;;;;
1.2022;1;2022;EWP-3351-10-PA-220;CWP-3351-10-PA-220;CWA-3351-10;PWP-3351-10-PA-220;"03351-GW-1""-C1-0033-N";;;C1;NIPPLE TBE, ASTM A105, CLASE 3000, ASME B36.11;"1""";1;un;;0,3;kg;Contratista;NIPPLE;;;;;;;;SIN REVISAR;;;;;
1.2023;1;2023;EWP-3351-10-PA-220;CWP-3351-10-PA-220;CWA-3351-10;PWP-3351-10-PA-220;"03351-GW-1""-C1-0043-N";;;C1;NIPPLE TBE, ASTM A105, CLASE 3000, ASME B36.11;"1""";1;un;;0,3;kg;Contratista;NIPPLE;;;;;;;;SIN REVISAR;;;;;
1.2024;1;2024;EWP-3351-10-PA-220;CWP-3351-10-PA-220;CWA-3351-10;PWP-3351-10-PA-220;"03351-GW-2""-C1-0042-N";;;C1;NIPPLE TBE, ASTM A105, CLASE 3000, ASME B36.11;"2""";1;un;;0,36;kg;Contratista;NIPPLE;;;;;;;;SIN REVISAR;;;;;
1.2025;1;2025;EWP-3351-10-PA-220;CWP-3351-10-PA-220;CWA-3351-10;PWP-3351-10-PA-220;"03351-PW-2""-C1-0093-N";;;C1;NIPPLE TBE, ASTM A105, CLASE 3000, ASME B36.11;"2""";1;un;;0,36;kg;Contratista;NIPPLE;;;;;;;;SIN REVISAR;;;;;
1.2026;1;2026;EWP-3351-10-PA-220;CWP-3351-10-PA-220;CWA-3351-10;PWP-3351-10-PA-220;"03351-GW-1""-C1-0031-N";;;C1;NIPPLE TBE, ASTM A105, CLASE 3000, ASME B36.11;"1""";1;un;;0,3;kg;Contratista;NIPPLE;;;;;;;;SIN REVISAR;;;;;
1.2027;1;2027;EWP-3351-10-PA-220;CWP-3351-10-PA-220;CWA-3351-10;PWP-3351-10-PA-220;"03351-GW-2""-C1-0041-N";;;C1;NIPPLE TBE, ASTM A105, CLASE 3000, ASME B36.11;"2""";1;un;;0,36;kg;Contratista;NIPPLE;;;;;;;;SIN REVISAR;;;;;
1.2028;1;2028;EWP-3351-10-PA-220;CWP-3351-10-PA-220;CWA-3351-10;PWP-3351-10-PA-220;"03351-GW-1""-C1-0035-N";;;C1;NIPPLE TBE, ASTM A105, CLASE 3000, ASME B36.11;"1""";1;un;;0,3;kg;Contratista;NIPPLE;;;;;;;;SIN REVISAR;;;;;
1.2029;1;2029;EWP-3351-10-PA-220;CWP-3351-10-PA-220;CWA-3351-10;PWP-3351-10-PA-220;"03351-GW-1""-C1-0032-N";;;C1;NIPPLE TBE, ASTM A105, CLASE 3000, ASME B36.11;"1""";1;un;;0,3;kg;Contratista;NIPPLE;;;;;;;;SIN REVISAR;;;;;
1.2030;1;2030;EWP-3351-10-PA-220;CWP-3351-10-PA-220;CWA-3351-10;PWP-3351-10-PA-220;"03351-GW-1""-C1-0033-N";;;C1;NIPPLE TBE, ASTM A105, CLASE 3000, ASME B36.11;"1""";1;un;;0,3;kg;Contratista;NIPPLE;;;;;;;;SIN REVISAR;;;;;
1.2031;1;2031;EWP-3351-10-PA-220;CWP-3351-10-PA-220;CWA-3351-10;PWP-3351-10-PA-220;"03351-PW-2""-C1-0091-N";;;C1;NIPPLE TBE, ASTM A105, CLASE 3000, ASME B36.11;"2""";1;un;;0,36;kg;Contratista;NIPPLE;;;;;;;;SIN REVISAR;;;;;
1.2032;1;2032;EWP-3351-10-PA-220;CWP-3351-10-PA-220;CWA-3351-10;PWP-3351-10-PA-220;"03351-PW-2""-C1-0028-N";;;C1;NIPPLE TBE, ASTM A105, CLASE 3000, ASME B36.11;"2""";1;un;;0,36;kg;Contratista;NIPPLE;;;;;;;;SIN REVISAR;;;;;
1.2033;1;2033;EWP-3351-10-PA-220;CWP-3351-10-PA-220;CWA-3351-10;PWP-3351-10-PA-220;"03351-PW-2""-C1-0044-N";;;C1;NIPPLE TBE, ASTM A105, CLASE 3000, ASME B36.11;"2""";1;un;;0,36;kg;Contratista;NIPPLE;;;;;;;;SIN REVISAR;;;;;
1.2034;1;2034;EWP-3351-10-PA-220;CWP-3351-10-PA-220;CWA-3351-10;PWP-3351-10-PA-220;"03351-PW-2""-C1-0038-N";;;C1;NIPPLE TBE, ASTM A105, CLASE 3000, ASME B36.11;"2""";1;un;;0,36;kg;Contratista;NIPPLE;;;;;;;;SIN REVISAR;;;;;
1.2035;1;2035;EWP-3351-10-PA-220;CWP-3351-10-PA-220;CWA-3351-10;PWP-3351-10-PA-220;"03351-PW-2""-C1-0038-N";;;C1;NIPPLE TBE, ASTM A105, CLASE 3000, ASME B36.11;"2""";1;un;;0,36;kg;Contratista;NIPPLE;;;;;;;;SIN REVISAR;;;;;
1.2036;1;2036;EWP-3351-10-PA-220;CWP-3351-10-PA-220;CWA-3351-10;PWP-3351-10-PA-220;"03351-PW-2""-C1-0025-N";;;C1;NIPPLE TBE, ASTM A105, CLASE 3000, ASME B36.11;"2""";1;un;;0,36;kg;Contratista;NIPPLE;;;;;;;;SIN REVISAR;;;;;
1.2037;1;2037;EWP-3351-10-PA-220;CWP-3351-10-PA-220;CWA-3351-10;PWP-3351-10-PA-220;"03351-PW-2""-C1-0044-N";;;C1;NIPPLE TBE, ASTM A105, CLASE 3000, ASME B36.11;"2""";1;un;;0,36;kg;Contratista;NIPPLE;;;;;;;;SIN REVISAR;;;;;
1.2038;1;2038;EWP-3351-10-PA-220;CWP-3351-10-PA-220;CWA-3351-10;PWP-3351-10-PA-220;"03351-GW-2""-C1-0095-N";;;C1;NIPPLE TBE, ASTM A105, CLASE 3000, ASME B36.11;"3/4""";1;un;;0,2;kg;Contratista;NIPPLE;;;;;;;;SIN REVISAR;;;;;
1.2039;1;2039;EWP-3351-10-PA-220;CWP-3351-10-PA-220;CWA-3351-10;PWP-3351-10-PA-220;"03351-PW-2""-C1-0092-N";;;C1;NIPPLE TBE, ASTM A105, CLASE 3000, ASME B36.11;"2""";1;un;;0,36;kg;Contratista;NIPPLE;;;;;;;;SIN REVISAR;;;;;
1.2040;1;2040;EWP-3351-10-PA-220;CWP-3351-10-PA-220;CWA-3351-10;PWP-3351-10-PA-220;"03351-GW-2""-C1-0095-N";;;C1;NIPPLE TBE, ASTM A105, CLASE 3000, ASME B36.11;"1""";1;un;;0,3;kg;Contratista;NIPPLE;;;;;;;;SIN REVISAR;;;;;
1.2041;1;2041;EWP-3351-10-PA-220;CWP-3351-10-PA-220;CWA-3351-10;PWP-3351-10-PA-220;"03351-PW-2""-C1-0085-N";;;C1;NIPPLE TBE, ASTM A105, CLASE 3000, ASME B36.11;"2""";1;un;;0,36;kg;Contratista;NIPPLE;;;;;;;;SIN REVISAR;;;;;
1.2042;1;2042;EWP-3351-10-PA-220;CWP-3351-10-PA-220;CWA-3351-10;PWP-3351-10-PA-220;"03351-GW-2""-C1-0095-N";;;C1;NIPPLE TBE, ASTM A105, CLASE 3000, ASME B36.11;"2""";1;un;;0,36;kg;Contratista;NIPPLE;;;;;;;;SIN REVISAR;;;;;
1.2043;1;2043;EWP-3351-10-PA-220;CWP-3351-10-PA-220;CWA-3351-10;PWP-3351-10-PA-220;"03351-PW-2""-C1-0049-N";;;C1;NIPPLE TBE, ASTM A105, CLASE 3000, ASME B36.11;"2""";1;un;;0,36;kg;Contratista;NIPPLE;;;;;;;;SIN REVISAR;;;;;
1.2044;1;2044;EWP-3351-10-PA-220;CWP-3351-10-PA-220;CWA-3351-10;PWP-3351-10-PA-220;"03351-PW-2""-C1-0092-N";;;C1;NIPPLE TBE, ASTM A105, CLASE 3000, ASME B36.11;"2""";1;un;;0,36;kg;Contratista;NIPPLE;;;;;;;;SIN REVISAR;;;;;
1.2045;1;2045;EWP-3351-10-PA-220;CWP-3351-10-PA-220;CWA-3351-10;PWP-3351-10-PA-220;"03351-GW-2""-C1-0095-N";;;C1;NIPPLE TBE, ASTM A105, CLASE 3000, ASME B36.11;"1""";1;un;;0,3;kg;Contratista;NIPPLE;;;;;;;;SIN REVISAR;;;;;
1.2046;1;2046;EWP-3351-10-PA-220;CWP-3351-10-PA-220;CWA-3351-10;PWP-3351-10-PA-220;"03351-GW-2""-C1-0095-N";;;C1;NIPPLE TBE, ASTM A105, CLASE 3000, ASME B36.11;"1""";1;un;;0,3;kg;Contratista;NIPPLE;;;;;;;;SIN REVISAR;;;;;
1.2047;1;2047;EWP-3351-10-PA-220;CWP-3351-10-PA-220;CWA-3351-10;PWP-3351-10-PA-220;"03351-PW-2""-C1-0091-N";;;C1;NIPPLE TBE, ASTM A105, CLASE 3000, ASME B36.11;"2""";1;un;;0,36;kg;Contratista;NIPPLE;;;;;;;;SIN REVISAR;;;;;
1.2048;1;2048;EWP-3351-10-PA-220;CWP-3351-10-PA-220;CWA-3351-10;PWP-3351-10-PA-220;"03351-GW-2""-C1-0095-N";;;C1;NIPPLE TBE, ASTM A105, CLASE 3000, ASME B36.11;"1""";1;un;;0,3;kg;Contratista;NIPPLE;;;;;;;;SIN REVISAR;;;;;
1.2049;1;2049;EWP-3351-10-PA-220;CWP-3351-10-PA-220;CWA-3351-10;PWP-3351-10-PA-220;"03351-PW-2""-C1-0082-N";;;C1;NIPPLE TBE, ASTM A105, CLASE 3000, ASME B36.11;"2""";1;un;;0,36;kg;Contratista;NIPPLE;;;;;;;;SIN REVISAR;;;;;
1.2050;1;2050;EWP-3351-10-PA-220;CWP-3351-10-PA-220;CWA-3351-10;PWP-3351-10-PA-220;"03351-PW-2""-C1-0082-N";;;C1;NIPPLE TBE, ASTM A105, CLASE 3000, ASME B36.11;"2""";1;un;;0,36;kg;Contratista;NIPPLE;;;;;;;;SIN REVISAR;;;;;
1.2051;1;2051;EWP-3351-10-PA-220;CWP-3351-10-PA-220;CWA-3351-10;PWP-3351-10-PA-220;"03351-PW-2""-C1-0084-N";;;C1;NIPPLE TBE, ASTM A105, CLASE 3000, ASME B36.11;"2""";1;un;;0,36;kg;Contratista;NIPPLE;;;;;;;;SIN REVISAR;;;;;
1.2052;1;2052;EWP-3351-10-PA-220;CWP-3351-10-PA-220;CWA-3351-10;PWP-3351-10-PA-220;"03351-PW-2""-C1-0084-N";;;C1;NIPPLE TBE, ASTM A105, CLASE 3000, ASME B36.11;"2""";1;un;;0,36;kg;Contratista;NIPPLE;;;;;;;;SIN REVISAR;;;;;
1.2053;1;2053;EWP-3351-10-PA-220;CWP-3351-10-PA-220;CWA-3351-10;PWP-3351-10-PA-220;"03351-PW-2""-C1-0044-N";;;C1;NIPPLE TBE, ASTM A105, CLASE 3000, ASME B36.11;"2""";1;un;;0,36;kg;Contratista;NIPPLE;;;;;;;;SIN REVISAR;;;;;
1.2054;1;2054;EWP-3351-10-PA-220;CWP-3351-10-PA-220;CWA-3351-10;PWP-3351-10-PA-220;"03351-PW-2""-C1-0024-N";;;C1;NIPPLE TBE, ASTM A105, CLASE 3000, ASME B36.11;"2""";1;un;;0,36;kg;Contratista;NIPPLE;;;;;;;;SIN REVISAR;;;;;
1.2055;1;2055;EWP-3351-10-PA-220;CWP-3351-10-PA-220;CWA-3351-10;PWP-3351-10-PA-220;"03351-GW-2""-C1-0095-N";;;C1;NIPPLE TBE, ASTM A105, CLASE 3000, ASME B36.11;"1""";1;un;;0,3;kg;Contratista;NIPPLE;;;;;;;;SIN REVISAR;;;;;
1.2056;1;2056;EWP-3351-10-PA-220;CWP-3351-10-PA-220;CWA-3351-10;PWP-3351-10-PA-220;"03351-GW-1""-C1-0035-N";;;C1;NIPPLE TBE, ASTM A105, CLASE 3000, ASME B36.11;"1""";1;un;;0,3;kg;Contratista;NIPPLE;;;;;;;;SIN REVISAR;;;;;
1.2057;1;2057;EWP-3351-10-PA-220;CWP-3351-10-PA-220;CWA-3351-10;PWP-3351-10-PA-220;"03351-GW-1""-C1-0031-N";;;C1;NIPPLE TBE, ASTM A105, CLASE 3000, ASME B36.11;"1""";1;un;;0,3;kg;Contratista;NIPPLE;;;;;;;;SIN REVISAR;;;;;
1.2058;1;2058;EWP-3351-10-PA-220;CWP-3351-10-PA-220;CWA-3351-10;PWP-3351-10-PA-220;"03351-GW-1""-C1-0033-N";;;C1;NIPPLE TBE, ASTM A105, CLASE 3000, ASME B36.11;"1""";1;un;;0,3;kg;Contratista;NIPPLE;;;;;;;;SIN REVISAR;;;;;
1.2059;1;2059;EWP-3351-10-PA-220;CWP-3351-10-PA-220;CWA-3351-10;PWP-3351-10-PA-220;"03351-GW-2""-C1-0095-N";;;C1;NIPPLE TBE, ASTM A197 GALVANIZADO, CLASE 150, ASME    B16.3;"3/4""";1;un;;0,2;kg;Contratista;NIPPLE;;;;;;;;SIN REVISAR;;;;;
1.2060;1;2060;EWP-3351-10-PA-220;CWP-3351-10-PA-220;CWA-3351-10;PWP-3351-10-PA-220;"03351-GW-2""-C1-0095-N";;;C1;NIPPLE TBE, ASTM A197 GALVANIZADO, CLASE 150, ASME    B16.3;"3/4""";1;un;;0,2;kg;Contratista;NIPPLE;;;;;;;;SIN REVISAR;;;;;
1.2061;1;2061;EWP-3351-10-PA-220;CWP-3351-10-PA-220;CWA-3351-10;PWP-3351-10-PA-220;"03351-PW-6""-C1-0013-N";;;C1;OLET PARA SOLDAR, ASTM A105, SEGÚN MSS SP-97, BESCH STD;"6""x2""";1;un;;1,1;kg;Contratista;OLET;;;;;;;;SIN REVISAR;;;;;
1.2062;1;2062;EWP-3351-10-PA-220;CWP-3351-10-PA-220;CWA-3351-10;PWP-3351-10-PA-220;"03351-PW-6""-C1-0013-N";;;C1;OLET PARA SOLDAR, ASTM A105, SEGÚN MSS SP-97, BESCH STD;"6""x2""";1;un;;1,1;kg;Contratista;OLET;;;;;;;;SIN REVISAR;;;;;
1.2063;1;2063;EWP-3351-10-PA-220;CWP-3351-10-PA-220;CWA-3351-10;PWP-3351-10-PA-220;"03351-PW-6""-C1-0013-N";;;C1;PERNO ESPÁRRAGO, ASTM A193 GR B7, CON 2 TUERCAS HEXAGONALES ASTM A194 GR 2H Y GOLILLAS. DIMENSIONES SEGÚN ASME B16.5 CLASE 150, FF;"3/4""";8;un;;6,81;kg;Contratista;PERNO;;;;;;;;SIN REVISAR;;;;;
1.2064;1;2064;EWP-3351-10-PA-220;CWP-3351-10-PA-220;CWA-3351-10;PWP-3351-10-PA-220;"03351-PW-6""-C1-0013-N";;;C1;PERNO ESPÁRRAGO, ASTM A193 GR B7, CON 2 TUERCAS HEXAGONALES ASTM A194 GR 2H Y GOLILLAS. DIMENSIONES SEGÚN ASME B16.5 CLASE 150, FF;"3/4""";8;un;;6,81;kg;Contratista;PERNO;;;;;;;;SIN REVISAR;;;;;
1.2065;1;2065;EWP-3351-10-PA-220;CWP-3351-10-PA-220;CWA-3351-10;PWP-3351-10-PA-220;"03351-CT-3""-C2-0012-N";"03351-CT-3""-C2-0012-N_HOJA-1";"03351-CT-3""-C2-0012-N_HOJA-1_SP01";C2;PERNO ESPÁRRAGO, ASTM A193 GR B7, CON 2 TUERCAS HEXAGONALES ASTM A194 GR 2H Y GOLILLAS. DIMENSIONES SEGÚN ASME B16.5 CLASE 150, FF;"5/8""";4;un;;1,71;kg;Contratista;PERNO;;;;;;;;SIN REVISAR;;;;;
1.2066;1;2066;EWP-3351-10-PA-220;CWP-3351-10-PA-220;CWA-3351-10;PWP-3351-10-PA-220;"03351-GW-2""-C1-0040-N";;;C1;PERNO ESPÁRRAGO, ASTM A193 GR B7, CON 2 TUERCAS HEXAGONALES ASTM A194 GR 2H Y GOLILLAS. DIMENSIONES SEGÚN ASME B16.5 CLASE 150, RF;"5/8""";4;un;;1,67;kg;Contratista;PERNO;;;;;;;;SIN REVISAR;;;;;
1.2067;1;2067;EWP-3351-10-PA-220;CWP-3351-10-PA-220;CWA-3351-10;PWP-3351-10-PA-220;"03351-GW-1""-C1-0036-N";;;C1;PERNO ESPÁRRAGO, ASTM A193 GR B7, CON 2 TUERCAS HEXAGONALES ASTM A194 GR 2H Y GOLILLAS. DIMENSIONES SEGÚN ASME B16.5 CLASE 150, RF;"1/2""";4;un;;1,14;kg;Contratista;PERNO;;;;;;;;SIN REVISAR;;;;;
1.2068;1;2068;EWP-3351-10-PA-220;CWP-3351-10-PA-220;CWA-3351-10;PWP-3351-10-PA-220;"03351-PW-6""-C1-0013-N";;;C1;PERNO ESPÁRRAGO, ASTM A193 GR B7, CON 2 TUERCAS HEXAGONALES ASTM A194 GR 2H Y GOLILLAS. DIMENSIONES SEGÚN ASME B16.5 CLASE 150, RF;"3/4""";8;un;;6,81;kg;Contratista;PERNO;;;;;;;;SIN REVISAR;;;;;
1.2069;1;2069;EWP-3351-10-PA-220;CWP-3351-10-PA-220;CWA-3351-10;PWP-3351-10-PA-220;"03351-PW-4""-C1-0016-N";;;C1;PERNO ESPÁRRAGO, ASTM A193 GR B7, CON 2 TUERCAS HEXAGONALES ASTM A194 GR 2H Y GOLILLAS. DIMENSIONES SEGÚN ASME B16.5 CLASE 150, RF;"5/8""";8;un;;3,43;kg;Contratista;PERNO;;;;;;;;SIN REVISAR;;;;;
1.2070;1;2070;EWP-3351-10-PA-220;CWP-3351-10-PA-220;CWA-3351-10;PWP-3351-10-PA-220;"03351-CT-6""-C3-0023-R3";;;C3;PERNO ESPÁRRAGO, ASTM A193 GR B7, CON 2 TUERCAS HEXAGONALES ASTM A194 GR 2H Y GOLILLAS. DIMENSIONES SEGÚN ASME B16.5 CLASE 150, RF;"5/8""";4;un;;1,67;kg;Contratista;PERNO;;;;;;;;SIN REVISAR;;;;;
1.2071;1;2071;EWP-3351-10-PA-220;CWP-3351-10-PA-220;CWA-3351-10;PWP-3351-10-PA-220;"03351-CT-6""-C3-0021-R3";;;C3;PERNO ESPÁRRAGO, ASTM A193 GR B7, CON 2 TUERCAS HEXAGONALES ASTM A194 GR 2H Y GOLILLAS. DIMENSIONES SEGÚN ASME B16.5 CLASE 150, RF;"5/8""";4;un;;1,67;kg;Contratista;PERNO;;;;;;;;SIN REVISAR;;;;;
1.2072;1;2072;EWP-3351-10-PA-220;CWP-3351-10-PA-220;CWA-3351-10;PWP-3351-10-PA-220;"03351-CT-6""-C3-0018-R3";;;C3;PERNO ESPÁRRAGO, ASTM A193 GR B7, CON 2 TUERCAS HEXAGONALES ASTM A194 GR 2H Y GOLILLAS. DIMENSIONES SEGÚN ASME B16.5 CLASE 150, RF;"5/8""";4;un;;1,67;kg;Contratista;PERNO;;;;;;;;SIN REVISAR;;;;;
1.2073;1;2073;EWP-3351-10-PA-220;CWP-3351-10-PA-220;CWA-3351-10;PWP-3351-10-PA-220;"03351-GW-1""-C1-0034-N";;;C1;PERNO ESPÁRRAGO, ASTM A193 GR B7, CON 2 TUERCAS HEXAGONALES ASTM A194 GR 2H Y GOLILLAS. DIMENSIONES SEGÚN ASME B16.5 CLASE 150, RF;"1/2""";4;un;;1,14;kg;Contratista;PERNO;;;;;;;;SIN REVISAR;;;;;
1.2074;1;2074;EWP-3351-10-PA-220;CWP-3351-10-PA-220;CWA-3351-10;PWP-3351-10-PA-220;"03351-GW-2""-C1-0095-N";;;C1;PERNO ESPÁRRAGO, ASTM A193 GR B7, CON 2 TUERCAS HEXAGONALES ASTM A194 GR 2H Y GOLILLAS. DIMENSIONES SEGÚN ASME B16.5 CLASE 150, RF;"5/8""";4;un;;1,67;kg;Contratista;PERNO;;;;;;;;SIN REVISAR;;;;;
1.2075;1;2075;EWP-3351-10-PA-220;CWP-3351-10-PA-220;CWA-3351-10;PWP-3351-10-PA-220;"03351-CT-4""-C2-0003-N";;;C2;PERNO ESPÁRRAGO, ASTM A193 GR B7, CON 2 TUERCAS HEXAGONALES ASTM A194 GR 2H Y GOLILLAS. DIMENSIONES SEGÚN ASME B16.5 CLASE 150, RF;"5/8""";8;un;;3,43;kg;Contratista;PERNO;;;;;;;;SIN REVISAR;;;;;
1.2076;1;2076;EWP-3351-10-PA-220;CWP-3351-10-PA-220;CWA-3351-10;PWP-3351-10-PA-220;"03351-GW-1""-C1-0076-N";;;C1;PERNO ESPÁRRAGO, ASTM A193 GR B7, CON 2 TUERCAS HEXAGONALES ASTM A194 GR 2H Y GOLILLAS. DIMENSIONES SEGÚN ASME B16.5 CLASE 150, RF;"1/2""";4;un;;1,14;kg;Contratista;PERNO;;;;;;;;SIN REVISAR;;;;;
1.2077;1;2077;EWP-3351-10-PA-220;CWP-3351-10-PA-220;CWA-3351-10;PWP-3351-10-PA-220;"03351-PW-2""-C1-0081-N";;;C1;PERNO ESPÁRRAGO, ASTM A193 GR B7, CON 2 TUERCAS HEXAGONALES ASTM A194 GR 2H Y GOLILLAS. DIMENSIONES SEGÚN ASME B16.5 CLASE 150, RF;"5/8""";4;un;;1,67;kg;Contratista;PERNO;;;;;;;;SIN REVISAR;;;;;
1.2078;1;2078;EWP-3351-10-PA-220;CWP-3351-10-PA-220;CWA-3351-10;PWP-3351-10-PA-220;"03351-GW-1""-C1-0034-N";;;C1;PERNO ESPÁRRAGO, ASTM A193 GR B7, CON 2 TUERCAS HEXAGONALES ASTM A194 GR 2H Y GOLILLAS. DIMENSIONES SEGÚN ASME B16.5 CLASE 150, RF;"1/2""";4;un;;1,14;kg;Contratista;PERNO;;;;;;;;SIN REVISAR;;;;;
1.2079;1;2079;EWP-3351-10-PA-220;CWP-3351-10-PA-220;CWA-3351-10;PWP-3351-10-PA-220;"03351-PW-2""-C1-0055-N";;;C1;PERNO ESPÁRRAGO, ASTM A193 GR B7, CON 2 TUERCAS HEXAGONALES ASTM A194 GR 2H Y GOLILLAS. DIMENSIONES SEGÚN ASME B16.5 CLASE 150, RF;"5/8""";4;un;;1,67;kg;Contratista;PERNO;;;;;;;;SIN REVISAR;;;;;
1.2080;1;2080;EWP-3351-10-PA-220;CWP-3351-10-PA-220;CWA-3351-10;PWP-3351-10-PA-220;"03351-PW-2""-C1-0054-N";;;C1;PERNO ESPÁRRAGO, ASTM A193 GR B7, CON 2 TUERCAS HEXAGONALES ASTM A194 GR 2H Y GOLILLAS. DIMENSIONES SEGÚN ASME B16.5 CLASE 150, RF;"5/8""";4;un;;1,67;kg;Contratista;PERNO;;;;;;;;SIN REVISAR;;;;;
1.2081;1;2081;EWP-3351-10-PA-220;CWP-3351-10-PA-220;CWA-3351-10;PWP-3351-10-PA-220;"03351-PW-2""-C1-0024-N";;;C1;PERNO ESPÁRRAGO, ASTM A193 GR B7, CON 2 TUERCAS HEXAGONALES ASTM A194 GR 2H Y GOLILLAS. DIMENSIONES SEGÚN ASME B16.5 CLASE 150, RF;"5/8""";4;un;;1,67;kg;Contratista;PERNO;;;;;;;;SIN REVISAR;;;;;
1.2082;1;2082;EWP-3351-10-PA-220;CWP-3351-10-PA-220;CWA-3351-10;PWP-3351-10-PA-220;"03351-PW-2""-C1-0051-N";;;C1;PERNO ESPÁRRAGO, ASTM A193 GR B7, CON 2 TUERCAS HEXAGONALES ASTM A194 GR 2H Y GOLILLAS. DIMENSIONES SEGÚN ASME B16.5 CLASE 150, RF;"5/8""";4;un;;1,67;kg;Contratista;PERNO;;;;;;;;SIN REVISAR;;;;;
1.2083;1;2083;EWP-3351-10-PA-220;CWP-3351-10-PA-220;CWA-3351-10;PWP-3351-10-PA-220;"03351-PW-6""-C1-0013-N";;;C1;PERNO ESPÁRRAGO, ASTM A193 GR B7, CON 2 TUERCAS HEXAGONALES ASTM A194 GR 2H Y GOLILLAS. DIMENSIONES SEGÚN ASME B16.5 CLASE 150, RF;"3/4""";8;un;;6,81;kg;Contratista;PERNO;;;;;;;;SIN REVISAR;;;;;
1.2084;1;2084;EWP-3351-10-PA-220;CWP-3351-10-PA-220;CWA-3351-10;PWP-3351-10-PA-220;"03351-CT-4""-C2-0004-N";;;C2;PERNO ESPÁRRAGO, ASTM A193 GR B7, CON 2 TUERCAS HEXAGONALES ASTM A194 GR 2H Y GOLILLAS. DIMENSIONES SEGÚN ASME B16.5 CLASE 150, RF;"5/8""";8;un;;3,43;kg;Contratista;PERNO;;;;;;;;SIN REVISAR;;;;;
1.2085;1;2085;EWP-3351-10-PA-220;CWP-3351-10-PA-220;CWA-3351-10;PWP-3351-10-PA-220;"03351-PW-4""-C1-0094-N";;;C1;PERNO ESPÁRRAGO, ASTM A193 GR B7, CON 2 TUERCAS HEXAGONALES ASTM A194 GR 2H Y GOLILLAS. DIMENSIONES SEGÚN ASME B16.5 CLASE 150, RF;"5/8""";8;un;;3,43;kg;Contratista;PERNO;;;;;;;;SIN REVISAR;;;;;
1.2086;1;2086;EWP-3351-10-PA-220;CWP-3351-10-PA-220;CWA-3351-10;PWP-3351-10-PA-220;"03351-PW-6""-C1-0013-N";;;C1;PERNO ESPÁRRAGO, ASTM A193 GR B7, CON 2 TUERCAS HEXAGONALES ASTM A194 GR 2H Y GOLILLAS. DIMENSIONES SEGÚN ASME B16.5 CLASE 150, RF;"3/4""";8;un;;6,81;kg;Contratista;PERNO;;;;;;;;SIN REVISAR;;;;;
1.2087;1;2087;EWP-3351-10-PA-220;CWP-3351-10-PA-220;CWA-3351-10;PWP-3351-10-PA-220;"03351-GW-1""-C1-0036-N";;;C1;PERNO ESPÁRRAGO, ASTM A193 GR B7, CON 2 TUERCAS HEXAGONALES ASTM A194 GR 2H Y GOLILLAS. DIMENSIONES SEGÚN ASME B16.5 CLASE 150, RF;"1/2""";4;un;;1,14;kg;Contratista;PERNO;;;;;;;;SIN REVISAR;;;;;
1.2088;1;2088;EWP-3351-10-PA-220;CWP-3351-10-PA-220;CWA-3351-10;PWP-3351-10-PA-220;"03351-GW-1""-C1-0032-N";;;C1;PERNO ESPÁRRAGO, ASTM A193 GR B7, CON 2 TUERCAS HEXAGONALES ASTM A194 GR 2H Y GOLILLAS. DIMENSIONES SEGÚN ASME B16.5 CLASE 150, RF;"1/2""";4;un;;1,14;kg;Contratista;PERNO;;;;;;;;SIN REVISAR;;;;;
1.2089;1;2089;EWP-3351-10-PA-220;CWP-3351-10-PA-220;CWA-3351-10;PWP-3351-10-PA-220;"03351-PW-2""-C1-0082-N";;;C1;PERNO ESPÁRRAGO, ASTM A193 GR B7, CON 2 TUERCAS HEXAGONALES ASTM A194 GR 2H Y GOLILLAS. DIMENSIONES SEGÚN ASME B16.5 CLASE 150, RF;"5/8""";4;un;;1,67;kg;Contratista;PERNO;;;;;;;;SIN REVISAR;;;;;
1.2090;1;2090;EWP-3351-10-PA-220;CWP-3351-10-PA-220;CWA-3351-10;PWP-3351-10-PA-220;"03351-GW-1""-C1-0032-N";;;C1;PERNO ESPÁRRAGO, ASTM A193 GR B7, CON 2 TUERCAS HEXAGONALES ASTM A194 GR 2H Y GOLILLAS. DIMENSIONES SEGÚN ASME B16.5 CLASE 150, RF;"1/2""";4;un;;1,14;kg;Contratista;PERNO;;;;;;;;SIN REVISAR;;;;;
1.2091;1;2091;EWP-3351-10-PA-220;CWP-3351-10-PA-220;CWA-3351-10;PWP-3351-10-PA-220;"03351-GW-1""-C1-0075-N";;;C1;PERNO ESPÁRRAGO, ASTM A193 GR B7, CON 2 TUERCAS HEXAGONALES ASTM A194 GR 2H Y GOLILLAS. DIMENSIONES SEGÚN ASME B16.5 CLASE 150, RF;"1/2""";4;un;;1,14;kg;Contratista;PERNO;;;;;;;;SIN REVISAR;;;;;
1.2092;1;2092;EWP-3351-10-PA-220;CWP-3351-10-PA-220;CWA-3351-10;PWP-3351-10-PA-220;"03351-PW-2""-C1-0051-N";;;C1;PERNO ESPÁRRAGO, ASTM A193 GR B7, CON 2 TUERCAS HEXAGONALES ASTM A194 GR 2H Y GOLILLAS. DIMENSIONES SEGÚN ASME B16.5 CLASE 150, RF;"5/8""";4;un;;1,67;kg;Contratista;PERNO;;;;;;;;SIN REVISAR;;;;;
1.2093;1;2093;EWP-3351-10-PA-220;CWP-3351-10-PA-220;CWA-3351-10;PWP-3351-10-PA-220;"03351-PW-2""-C1-0054-N";;;C1;PERNO ESPÁRRAGO, ASTM A193 GR B7, CON 2 TUERCAS HEXAGONALES ASTM A194 GR 2H Y GOLILLAS. DIMENSIONES SEGÚN ASME B16.5 CLASE 150, RF;"5/8""";4;un;;1,67;kg;Contratista;PERNO;;;;;;;;SIN REVISAR;;;;;
1.2094;1;2094;EWP-3351-10-PA-220;CWP-3351-10-PA-220;CWA-3351-10;PWP-3351-10-PA-220;"03351-PW-2""-C1-0054-N";;;C1;PERNO ESPÁRRAGO, ASTM A193 GR B7, CON 2 TUERCAS HEXAGONALES ASTM A194 GR 2H Y GOLILLAS. DIMENSIONES SEGÚN ASME B16.5 CLASE 150, RF;"5/8""";4;un;;1,67;kg;Contratista;PERNO;;;;;;;;SIN REVISAR;;;;;
1.2095;1;2095;EWP-3351-10-PA-220;CWP-3351-10-PA-220;CWA-3351-10;PWP-3351-10-PA-220;"03351-PW-2""-C1-0055-N";;;C1;PERNO ESPÁRRAGO, ASTM A193 GR B7, CON 2 TUERCAS HEXAGONALES ASTM A194 GR 2H Y GOLILLAS. DIMENSIONES SEGÚN ASME B16.5 CLASE 150, RF;"5/8""";4;un;;1,67;kg;Contratista;PERNO;;;;;;;;SIN REVISAR;;;;;
1.2096;1;2096;EWP-3351-10-PA-220;CWP-3351-10-PA-220;CWA-3351-10;PWP-3351-10-PA-220;"03351-PW-2""-C1-0039-N";;;C1;PERNO ESPÁRRAGO, ASTM A193 GR B7, CON 2 TUERCAS HEXAGONALES ASTM A194 GR 2H Y GOLILLAS. DIMENSIONES SEGÚN ASME B16.5 CLASE 150, RF;"5/8""";4;un;;1,67;kg;Contratista;PERNO;;;;;;;;SIN REVISAR;;;;;
1.2097;1;2097;EWP-3351-10-PA-220;CWP-3351-10-PA-220;CWA-3351-10;PWP-3351-10-PA-220;"03351-PW-2""-C1-0055-N";;;C1;PERNO ESPÁRRAGO, ASTM A193 GR B7, CON 2 TUERCAS HEXAGONALES ASTM A194 GR 2H Y GOLILLAS. DIMENSIONES SEGÚN ASME B16.5 CLASE 150, RF;"5/8""";4;un;;1,67;kg;Contratista;PERNO;;;;;;;;SIN REVISAR;;;;;
1.2098;1;2098;EWP-3351-10-PA-220;CWP-3351-10-PA-220;CWA-3351-10;PWP-3351-10-PA-220;"03351-PW-4""-C1-0016-N";;;C1;PERNO ESPÁRRAGO, ASTM A193 GR B7, CON 2 TUERCAS HEXAGONALES ASTM A194 GR 2H Y GOLILLAS. DIMENSIONES SEGÚN ASME B16.5 CLASE 150, RF;"5/8""";8;un;;3,43;kg;Contratista;PERNO;;;;;;;;SIN REVISAR;;;;;
1.2099;1;2099;EWP-3351-10-PA-220;CWP-3351-10-PA-220;CWA-3351-10;PWP-3351-10-PA-220;"03351-PW-4""-C1-0094-N";;;C1;PERNO ESPÁRRAGO, ASTM A193 GR B7, CON 2 TUERCAS HEXAGONALES ASTM A194 GR 2H Y GOLILLAS. DIMENSIONES SEGÚN ASME B16.5 CLASE 150, RF;"5/8""";8;un;;3,43;kg;Contratista;PERNO;;;;;;;;SIN REVISAR;;;;;
1.2100;1;2100;EWP-3351-10-PA-220;CWP-3351-10-PA-220;CWA-3351-10;PWP-3351-10-PA-220;"03351-PW-2""-C1-0025-N";;;C1;PERNO ESPÁRRAGO, ASTM A193 GR B7, CON 2 TUERCAS HEXAGONALES ASTM A194 GR 2H Y GOLILLAS. DIMENSIONES SEGÚN ASME B16.5 CLASE 150, RF;"5/8""";4;un;;1,67;kg;Contratista;PERNO;;;;;;;;SIN REVISAR;;;;;
1.2101;1;2101;EWP-3351-10-PA-220;CWP-3351-10-PA-220;CWA-3351-10;PWP-3351-10-PA-220;"03351-PW-2""-C1-0025-N";;;C1;PERNO ESPÁRRAGO, ASTM A193 GR B7, CON 2 TUERCAS HEXAGONALES ASTM A194 GR 2H Y GOLILLAS. DIMENSIONES SEGÚN ASME B16.5 CLASE 150, RF;"5/8""";4;un;;1,67;kg;Contratista;PERNO;;;;;;;;SIN REVISAR;;;;;
1.2102;1;2102;EWP-3351-10-PA-220;CWP-3351-10-PA-220;CWA-3351-10;PWP-3351-10-PA-220;"03351-PW-2""-C1-0028-N";;;C1;PERNO ESPÁRRAGO, ASTM A193 GR B7, CON 2 TUERCAS HEXAGONALES ASTM A194 GR 2H Y GOLILLAS. DIMENSIONES SEGÚN ASME B16.5 CLASE 150, RF;"5/8""";4;un;;1,67;kg;Contratista;PERNO;;;;;;;;SIN REVISAR;;;;;
1.2103;1;2103;EWP-3351-10-PA-220;CWP-3351-10-PA-220;CWA-3351-10;PWP-3351-10-PA-220;"03351-PW-2""-C1-0028-N";;;C1;PERNO ESPÁRRAGO, ASTM A193 GR B7, CON 2 TUERCAS HEXAGONALES ASTM A194 GR 2H Y GOLILLAS. DIMENSIONES SEGÚN ASME B16.5 CLASE 150, RF;"5/8""";4;un;;1,67;kg;Contratista;PERNO;;;;;;;;SIN REVISAR;;;;;
1.2104;1;2104;EWP-3351-10-PA-220;CWP-3351-10-PA-220;CWA-3351-10;PWP-3351-10-PA-220;"03351-PW-2""-C1-0028-N";;;C1;PERNO ESPÁRRAGO, ASTM A193 GR B7, CON 2 TUERCAS HEXAGONALES ASTM A194 GR 2H Y GOLILLAS. DIMENSIONES SEGÚN ASME B16.5 CLASE 150, RF;"5/8""";4;un;;1,67;kg;Contratista;PERNO;;;;;;;;SIN REVISAR;;;;;
1.2105;1;2105;EWP-3351-10-PA-220;CWP-3351-10-PA-220;CWA-3351-10;PWP-3351-10-PA-220;"03351-PW-6""-C1-0013-N";;;C1;PERNO ESPÁRRAGO, ASTM A193 GR B7, CON 2 TUERCAS HEXAGONALES ASTM A194 GR 2H Y GOLILLAS. DIMENSIONES SEGÚN ASME B16.5 CLASE 150, RF;"3/4""";8;un;;6,81;kg;Contratista;PERNO;;;;;;;;SIN REVISAR;;;;;
1.2106;1;2106;EWP-3351-10-PA-220;CWP-3351-10-PA-220;CWA-3351-10;PWP-3351-10-PA-220;"03351-PW-6""-C1-0013-N";;;C1;PERNO ESPÁRRAGO, ASTM A193 GR B7, CON 2 TUERCAS HEXAGONALES ASTM A194 GR 2H Y GOLILLAS. DIMENSIONES SEGÚN ASME B16.5 CLASE 150, RF;"3/4""";8;un;;6,81;kg;Contratista;PERNO;;;;;;;;SIN REVISAR;;;;;
1.2107;1;2107;EWP-3351-10-PA-220;CWP-3351-10-PA-220;CWA-3351-10;PWP-3351-10-PA-220;"03351-PW-4""-C1-0016-N";;;C1;PERNO ESPÁRRAGO, ASTM A193 GR B7, CON 2 TUERCAS HEXAGONALES ASTM A194 GR 2H Y GOLILLAS. DIMENSIONES SEGÚN ASME B16.5 CLASE 150, RF;"5/8""";8;un;;3,43;kg;Contratista;PERNO;;;;;;;;SIN REVISAR;;;;;
1.2108;1;2108;EWP-3351-10-PA-220;CWP-3351-10-PA-220;CWA-3351-10;PWP-3351-10-PA-220;"03351-PW-4""-C1-0016-N";;;C1;PERNO ESPÁRRAGO, ASTM A193 GR B7, CON 2 TUERCAS HEXAGONALES ASTM A194 GR 2H Y GOLILLAS. DIMENSIONES SEGÚN ASME B16.5 CLASE 150, RF;"5/8""";8;un;;3,43;kg;Contratista;PERNO;;;;;;;;SIN REVISAR;;;;;
1.2109;1;2109;EWP-3351-10-PA-220;CWP-3351-10-PA-220;CWA-3351-10;PWP-3351-10-PA-220;"03351-PW-4""-C1-0094-N";;;C1;PERNO ESPÁRRAGO, ASTM A193 GR B7, CON 2 TUERCAS HEXAGONALES ASTM A194 GR 2H Y GOLILLAS. DIMENSIONES SEGÚN ASME B16.5 CLASE 150, RF;"5/8""";8;un;;3,43;kg;Contratista;PERNO;;;;;;;;SIN REVISAR;;;;;
1.2110;1;2110;EWP-3351-10-PA-220;CWP-3351-10-PA-220;CWA-3351-10;PWP-3351-10-PA-220;"03351-PW-4""-C1-0094-N";;;C1;PERNO ESPÁRRAGO, ASTM A193 GR B7, CON 2 TUERCAS HEXAGONALES ASTM A194 GR 2H Y GOLILLAS. DIMENSIONES SEGÚN ASME B16.5 CLASE 150, RF;"5/8""";8;un;;3,43;kg;Contratista;PERNO;;;;;;;;SIN REVISAR;;;;;
1.2111;1;2111;EWP-3351-10-PA-220;CWP-3351-10-PA-220;CWA-3351-10;PWP-3351-10-PA-220;"03351-PW-4""-C1-0094-N";;;C1;PERNO ESPÁRRAGO, ASTM A193 GR B7, CON 2 TUERCAS HEXAGONALES ASTM A194 GR 2H Y GOLILLAS. DIMENSIONES SEGÚN ASME B16.5 CLASE 150, RF;"5/8""";8;un;;3,43;kg;Contratista;PERNO;;;;;;;;SIN REVISAR;;;;;
1.2112;1;2112;EWP-3351-10-PA-220;CWP-3351-10-PA-220;CWA-3351-10;PWP-3351-10-PA-220;"03351-PW-4""-C1-0016-N";;;C1;PERNO ESPÁRRAGO, ASTM A193 GR B7, CON 2 TUERCAS HEXAGONALES ASTM A194 GR 2H Y GOLILLAS. DIMENSIONES SEGÚN ASME B16.5 CLASE 150, RF;"5/8""";8;un;;3,43;kg;Contratista;PERNO;;;;;;;;SIN REVISAR;;;;;
1.2113;1;2113;EWP-3351-10-PA-220;CWP-3351-10-PA-220;CWA-3351-10;PWP-3351-10-PA-220;"03351-PW-4""-C1-0094-N";;;C1;PERNO ESPÁRRAGO, ASTM A193 GR B7, CON 2 TUERCAS HEXAGONALES ASTM A194 GR 2H Y GOLILLAS. DIMENSIONES SEGÚN ASME B16.5 CLASE 150, RF;"5/8""";8;un;;3,43;kg;Contratista;PERNO;;;;;;;;SIN REVISAR;;;;;
1.2114;1;2114;EWP-3351-10-PA-220;CWP-3351-10-PA-220;CWA-3351-10;PWP-3351-10-PA-220;"03351-PW-4""-C1-0016-N";;;C1;PERNO ESPÁRRAGO, ASTM A193 GR B7, CON 2 TUERCAS HEXAGONALES ASTM A194 GR 2H Y GOLILLAS. DIMENSIONES SEGÚN ASME B16.5 CLASE 150, RF;"5/8""";8;un;;3,43;kg;Contratista;PERNO;;;;;;;;SIN REVISAR;;;;;
1.2115;1;2115;EWP-3351-10-PA-220;CWP-3351-10-PA-220;CWA-3351-10;PWP-3351-10-PA-220;"03351-GW-2""-C1-0078-N";;;C1;PERNO ESPÁRRAGO, ASTM A193 GR B7, CON 2 TUERCAS HEXAGONALES ASTM A194 GR 2H Y GOLILLAS. DIMENSIONES SEGÚN ASME B16.5 CLASE 150, RF;"5/8""";4;un;;1,67;kg;Contratista;PERNO;;;;;;;;SIN REVISAR;;;;;
1.2116;1;2116;EWP-3351-10-PA-220;CWP-3351-10-PA-220;CWA-3351-10;PWP-3351-10-PA-220;"03351-PW-4""-C1-0016-N";;;C1;PERNO ESPÁRRAGO, ASTM A193 GR B7, CON 2 TUERCAS HEXAGONALES ASTM A194 GR 2H Y GOLILLAS. DIMENSIONES SEGÚN ASME B16.5 CLASE 150, RF;"5/8""";8;un;;3,43;kg;Contratista;PERNO;;;;;;;;SIN REVISAR;;;;;
1.2117;1;2117;EWP-3351-10-PA-220;CWP-3351-10-PA-220;CWA-3351-10;PWP-3351-10-PA-220;"03351-PW-4""-C1-0016-N";;;C1;PERNO ESPÁRRAGO, ASTM A193 GR B7, CON 2 TUERCAS HEXAGONALES ASTM A194 GR 2H Y GOLILLAS. DIMENSIONES SEGÚN ASME B16.5 CLASE 150, RF;"5/8""";8;un;;3,43;kg;Contratista;PERNO;;;;;;;;SIN REVISAR;;;;;
1.2118;1;2118;EWP-3351-10-PA-220;CWP-3351-10-PA-220;CWA-3351-10;PWP-3351-10-PA-220;"03351-CT-4""-C2-0004-N";;;C2;PERNO ESPÁRRAGO, ASTM A193 GR B7, CON 2 TUERCAS HEXAGONALES ASTM A194 GR 2H Y GOLILLAS. DIMENSIONES SEGÚN ASME B16.5 CLASE 150, RF;"5/8""";8;un;;3,43;kg;Contratista;PERNO;;;;;;;;SIN REVISAR;;;;;
1.2119;1;2119;EWP-3351-10-PA-220;CWP-3351-10-PA-220;CWA-3351-10;PWP-3351-10-PA-220;"03351-CT-4""-C2-0003-N";;;C2;PERNO ESPÁRRAGO, ASTM A193 GR B7, CON 2 TUERCAS HEXAGONALES ASTM A194 GR 2H Y GOLILLAS. DIMENSIONES SEGÚN ASME B16.5 CLASE 150, RF;"5/8""";8;un;;3,43;kg;Contratista;PERNO;;;;;;;;SIN REVISAR;;;;;
1.2120;1;2120;EWP-3351-10-PA-220;CWP-3351-10-PA-220;CWA-3351-10;PWP-3351-10-PA-220;"03351-CT-4""-C2-0003-N";;;C2;PERNO ESPÁRRAGO, ASTM A193 GR B7, CON 2 TUERCAS HEXAGONALES ASTM A194 GR 2H Y GOLILLAS. DIMENSIONES SEGÚN ASME B16.5 CLASE 150, RF;"5/8""";8;un;;3,43;kg;Contratista;PERNO;;;;;;;;SIN REVISAR;;;;;
1.2121;1;2121;EWP-3351-10-PA-220;CWP-3351-10-PA-220;CWA-3351-10;PWP-3351-10-PA-220;"03351-CT-4""-C2-0004-N";;;C2;PERNO ESPÁRRAGO, ASTM A193 GR B7, CON 2 TUERCAS HEXAGONALES ASTM A194 GR 2H Y GOLILLAS. DIMENSIONES SEGÚN ASME B16.5 CLASE 150, RF;"5/8""";8;un;;3,43;kg;Contratista;PERNO;;;;;;;;SIN REVISAR;;;;;
1.2122;1;2122;EWP-3351-10-PA-220;CWP-3351-10-PA-220;CWA-3351-10;PWP-3351-10-PA-220;"03351-GW-2""-C1-0041-N";;;C1;PERNO ESPÁRRAGO, ASTM A193 GR B7, CON 2 TUERCAS HEXAGONALES ASTM A194 GR 2H Y GOLILLAS. DIMENSIONES SEGÚN ASME B16.5 CLASE 150, RF;"1/2""";4;un;;1,14;kg;Contratista;PERNO;;;;;;;;SIN REVISAR;;;;;
1.2123;1;2123;EWP-3351-10-PA-220;CWP-3351-10-PA-220;CWA-3351-10;PWP-3351-10-PA-220;"03351-GW-2""-C1-0042-N";;;C1;PERNO ESPÁRRAGO, ASTM A193 GR B7, CON 2 TUERCAS HEXAGONALES ASTM A194 GR 2H Y GOLILLAS. DIMENSIONES SEGÚN ASME B16.5 CLASE 150, RF;"1/2""";4;un;;1,14;kg;Contratista;PERNO;;;;;;;;SIN REVISAR;;;;;
1.2124;1;2124;EWP-3351-10-PA-220;CWP-3351-10-PA-220;CWA-3351-10;PWP-3351-10-PA-220;"03351-CT-3""-C2-0063-N";;;C2;PERNO ESPÁRRAGO, ASTM A193 GR B7, CON 2 TUERCAS HEXAGONALES ASTM A194 GR 2H Y GOLILLAS. DIMENSIONES SEGÚN ASME B16.5 CLASE 150, RF;"5/8""";4;un;;1,71;kg;Contratista;PERNO;;;;;;;;SIN REVISAR;;;;;
1.2125;1;2125;EWP-3351-10-PA-220;CWP-3351-10-PA-220;CWA-3351-10;PWP-3351-10-PA-220;"03351-PW-2""-C1-0024-N";;;C1;PERNO ESPÁRRAGO, ASTM A193 GR B7, CON 2 TUERCAS HEXAGONALES ASTM A194 GR 2H Y GOLILLAS. DIMENSIONES SEGÚN ASME B16.5 CLASE 150, RF;"5/8""";4;un;;1,67;kg;Contratista;PERNO;;;;;;;;SIN REVISAR;;;;;
1.2126;1;2126;EWP-3351-10-PA-220;CWP-3351-10-PA-220;CWA-3351-10;PWP-3351-10-PA-220;"03351-CT-3""-C2-0068-N";;;C2;PERNO ESPÁRRAGO, ASTM A193 GR B7, CON 2 TUERCAS HEXAGONALES ASTM A194 GR 2H Y GOLILLAS. DIMENSIONES SEGÚN ASME B16.5 CLASE 150, RF;"5/8""";4;un;;1,71;kg;Contratista;PERNO;;;;;;;;SIN REVISAR;;;;;
1.2127;1;2127;EWP-3351-10-PA-220;CWP-3351-10-PA-220;CWA-3351-10;PWP-3351-10-PA-220;"03351-PW-2""-C1-0024-N";;;C1;PERNO ESPÁRRAGO, ASTM A193 GR B7, CON 2 TUERCAS HEXAGONALES ASTM A194 GR 2H Y GOLILLAS. DIMENSIONES SEGÚN ASME B16.5 CLASE 150, RF;"5/8""";4;un;;1,67;kg;Contratista;PERNO;;;;;;;;SIN REVISAR;;;;;
1.2128;1;2128;EWP-3351-10-PA-220;CWP-3351-10-PA-220;CWA-3351-10;PWP-3351-10-PA-220;"03351-CT-3""-C2-0064-N";;;C2;PERNO ESPÁRRAGO, ASTM A193 GR B7, CON 2 TUERCAS HEXAGONALES ASTM A194 GR 2H Y GOLILLAS. DIMENSIONES SEGÚN ASME B16.5 CLASE 150, RF;"5/8""";4;un;;1,71;kg;Contratista;PERNO;;;;;;;;SIN REVISAR;;;;;
1.2129;1;2129;EWP-3351-10-PA-220;CWP-3351-10-PA-220;CWA-3351-10;PWP-3351-10-PA-220;"03351-CT-3""-C2-0064-N";;;C2;PERNO ESPÁRRAGO, ASTM A193 GR B7, CON 2 TUERCAS HEXAGONALES ASTM A194 GR 2H Y GOLILLAS. DIMENSIONES SEGÚN ASME B16.5 CLASE 150, RF;"5/8""";4;un;;1,71;kg;Contratista;PERNO;;;;;;;;SIN REVISAR;;;;;
1.2130;1;2130;EWP-3351-10-PA-220;CWP-3351-10-PA-220;CWA-3351-10;PWP-3351-10-PA-220;"03351-CT-6""-C3-0018-R3";;;C3;PERNO ESPÁRRAGO, ASTM A193 GR B7, CON 2 TUERCAS HEXAGONALES ASTM A194 GR 2H Y GOLILLAS. DIMENSIONES SEGÚN ASME B16.5 CLASE 150, RF;"5/8""";4;un;;1,71;kg;Contratista;PERNO;;;;;;;;SIN REVISAR;;;;;
1.2131;1;2131;EWP-3351-10-PA-220;CWP-3351-10-PA-220;CWA-3351-10;PWP-3351-10-PA-220;"03351-CT-3""-C2-0068-N";;;C2;PERNO ESPÁRRAGO, ASTM A193 GR B7, CON 2 TUERCAS HEXAGONALES ASTM A194 GR 2H Y GOLILLAS. DIMENSIONES SEGÚN ASME B16.5 CLASE 150, RF;"5/8""";4;un;;1,71;kg;Contratista;PERNO;;;;;;;;SIN REVISAR;;;;;
1.2132;1;2132;EWP-3351-10-PA-220;CWP-3351-10-PA-220;CWA-3351-10;PWP-3351-10-PA-220;"03351-CT-3""-C2-0074-N";;;C2;PERNO ESPÁRRAGO, ASTM A193 GR B7, CON 2 TUERCAS HEXAGONALES ASTM A194 GR 2H Y GOLILLAS. DIMENSIONES SEGÚN ASME B16.5 CLASE 150, RF;"5/8""";4;un;;1,71;kg;Contratista;PERNO;;;;;;;;SIN REVISAR;;;;;
1.2133;1;2133;EWP-3351-10-PA-220;CWP-3351-10-PA-220;CWA-3351-10;PWP-3351-10-PA-220;"03351-CT-3""-C2-0069-N";;;C2;PERNO ESPÁRRAGO, ASTM A193 GR B7, CON 2 TUERCAS HEXAGONALES ASTM A194 GR 2H Y GOLILLAS. DIMENSIONES SEGÚN ASME B16.5 CLASE 150, RF;"5/8""";4;un;;1,71;kg;Contratista;PERNO;;;;;;;;SIN REVISAR;;;;;
1.2134;1;2134;EWP-3351-10-PA-220;CWP-3351-10-PA-220;CWA-3351-10;PWP-3351-10-PA-220;"03351-CT-3""-C2-0065-N";;;C2;PERNO ESPÁRRAGO, ASTM A193 GR B7, CON 2 TUERCAS HEXAGONALES ASTM A194 GR 2H Y GOLILLAS. DIMENSIONES SEGÚN ASME B16.5 CLASE 150, RF;"5/8""";4;un;;1,71;kg;Contratista;PERNO;;;;;;;;SIN REVISAR;;;;;
1.2135;1;2135;EWP-3351-10-PA-220;CWP-3351-10-PA-220;CWA-3351-10;PWP-3351-10-PA-220;"03351-CT-3""-C2-0012-N";;;C2;PERNO ESPÁRRAGO, ASTM A193 GR B7, CON 2 TUERCAS HEXAGONALES ASTM A194 GR 2H Y GOLILLAS. DIMENSIONES SEGÚN ASME B16.5 CLASE 150, RF;"5/8""";4;un;;1,71;kg;Contratista;PERNO;;;;;;;;SIN REVISAR;;;;;
1.2136;1;2136;EWP-3351-10-PA-220;CWP-3351-10-PA-220;CWA-3351-10;PWP-3351-10-PA-220;"03351-CT-3""-C2-0065-N";;;C2;PERNO ESPÁRRAGO, ASTM A193 GR B7, CON 2 TUERCAS HEXAGONALES ASTM A194 GR 2H Y GOLILLAS. DIMENSIONES SEGÚN ASME B16.5 CLASE 150, RF;"5/8""";4;un;;1,71;kg;Contratista;PERNO;;;;;;;;SIN REVISAR;;;;;
1.2137;1;2137;EWP-3351-10-PA-220;CWP-3351-10-PA-220;CWA-3351-10;PWP-3351-10-PA-220;"03351-CT-3""-C2-0069-N";;;C2;PERNO ESPÁRRAGO, ASTM A193 GR B7, CON 2 TUERCAS HEXAGONALES ASTM A194 GR 2H Y GOLILLAS. DIMENSIONES SEGÚN ASME B16.5 CLASE 150, RF;"5/8""";4;un;;1,71;kg;Contratista;PERNO;;;;;;;;SIN REVISAR;;;;;
1.2138;1;2138;EWP-3351-10-PA-220;CWP-3351-10-PA-220;CWA-3351-10;PWP-3351-10-PA-220;"03351-CT-3""-C2-0074-N";;;C2;PERNO ESPÁRRAGO, ASTM A193 GR B7, CON 2 TUERCAS HEXAGONALES ASTM A194 GR 2H Y GOLILLAS. DIMENSIONES SEGÚN ASME B16.5 CLASE 150, RF;"5/8""";4;un;;1,71;kg;Contratista;PERNO;;;;;;;;SIN REVISAR;;;;;
1.2139;1;2139;EWP-3351-10-PA-220;CWP-3351-10-PA-220;CWA-3351-10;PWP-3351-10-PA-220;"03351-CT-3""-C2-0070-N";;;C2;PERNO ESPÁRRAGO, ASTM A193 GR B7, CON 2 TUERCAS HEXAGONALES ASTM A194 GR 2H Y GOLILLAS. DIMENSIONES SEGÚN ASME B16.5 CLASE 150, RF;"5/8""";4;un;;1,71;kg;Contratista;PERNO;;;;;;;;SIN REVISAR;;;;;
1.2140;1;2140;EWP-3351-10-PA-220;CWP-3351-10-PA-220;CWA-3351-10;PWP-3351-10-PA-220;"03351-PW-2""-C1-0084-N";;;C1;PERNO ESPÁRRAGO, ASTM A193 GR B7, CON 2 TUERCAS HEXAGONALES ASTM A194 GR 2H Y GOLILLAS. DIMENSIONES SEGÚN ASME B16.5 CLASE 150, RF;"5/8""";4;un;;1,67;kg;Contratista;PERNO;;;;;;;;SIN REVISAR;;;;;
1.2141;1;2141;EWP-3351-10-PA-220;CWP-3351-10-PA-220;CWA-3351-10;PWP-3351-10-PA-220;"03351-PW-2""-C1-0085-N";;;C1;PERNO ESPÁRRAGO, ASTM A193 GR B7, CON 2 TUERCAS HEXAGONALES ASTM A194 GR 2H Y GOLILLAS. DIMENSIONES SEGÚN ASME B16.5 CLASE 150, RF;"5/8""";4;un;;1,67;kg;Contratista;PERNO;;;;;;;;SIN REVISAR;;;;;
1.2142;1;2142;EWP-3351-10-PA-220;CWP-3351-10-PA-220;CWA-3351-10;PWP-3351-10-PA-220;"03351-PW-2""-C1-0049-N";;;C1;PERNO ESPÁRRAGO, ASTM A193 GR B7, CON 2 TUERCAS HEXAGONALES ASTM A194 GR 2H Y GOLILLAS. DIMENSIONES SEGÚN ASME B16.5 CLASE 150, RF;"5/8""";4;un;;1,67;kg;Contratista;PERNO;;;;;;;;SIN REVISAR;;;;;
1.2143;1;2143;EWP-3351-10-PA-220;CWP-3351-10-PA-220;CWA-3351-10;PWP-3351-10-PA-220;"03351-CT-3""-C2-0062-N";;;C2;PERNO ESPÁRRAGO, ASTM A193 GR B7, CON 2 TUERCAS HEXAGONALES ASTM A194 GR 2H Y GOLILLAS. DIMENSIONES SEGÚN ASME B16.5 CLASE 150, RF;"5/8""";4;un;;1,71;kg;Contratista;PERNO;;;;;;;;SIN REVISAR;;;;;
1.2144;1;2144;EWP-3351-10-PA-220;CWP-3351-10-PA-220;CWA-3351-10;PWP-3351-10-PA-220;"03351-PW-2""-C1-0048-N";;;C1;PERNO ESPÁRRAGO, ASTM A193 GR B7, CON 2 TUERCAS HEXAGONALES ASTM A194 GR 2H Y GOLILLAS. DIMENSIONES SEGÚN ASME B16.5 CLASE 150, RF;"5/8""";4;un;;1,67;kg;Contratista;PERNO;;;;;;;;SIN REVISAR;;;;;
1.2145;1;2145;EWP-3351-10-PA-220;CWP-3351-10-PA-220;CWA-3351-10;PWP-3351-10-PA-220;"03351-PW-2""-C1-0084-N";;;C1;PERNO ESPÁRRAGO, ASTM A193 GR B7, CON 2 TUERCAS HEXAGONALES ASTM A194 GR 2H Y GOLILLAS. DIMENSIONES SEGÚN ASME B16.5 CLASE 150, RF;"5/8""";4;un;;1,67;kg;Contratista;PERNO;;;;;;;;SIN REVISAR;;;;;
1.2146;1;2146;EWP-3351-10-PA-220;CWP-3351-10-PA-220;CWA-3351-10;PWP-3351-10-PA-220;"03351-PW-2""-C1-0083-N";;;C1;PERNO ESPÁRRAGO, ASTM A193 GR B7, CON 2 TUERCAS HEXAGONALES ASTM A194 GR 2H Y GOLILLAS. DIMENSIONES SEGÚN ASME B16.5 CLASE 150, RF;"5/8""";4;un;;1,67;kg;Contratista;PERNO;;;;;;;;SIN REVISAR;;;;;
1.2147;1;2147;EWP-3351-10-PA-220;CWP-3351-10-PA-220;CWA-3351-10;PWP-3351-10-PA-220;"03351-PW-2""-C1-0052-N";;;C1;PERNO ESPÁRRAGO, ASTM A193 GR B7, CON 2 TUERCAS HEXAGONALES ASTM A194 GR 2H Y GOLILLAS. DIMENSIONES SEGÚN ASME B16.5 CLASE 150, RF;"5/8""";4;un;;1,67;kg;Contratista;PERNO;;;;;;;;SIN REVISAR;;;;;
1.2148;1;2148;EWP-3351-10-PA-220;CWP-3351-10-PA-220;CWA-3351-10;PWP-3351-10-PA-220;"03351-PW-2""-C1-0082-N";;;C1;PERNO ESPÁRRAGO, ASTM A193 GR B7, CON 2 TUERCAS HEXAGONALES ASTM A194 GR 2H Y GOLILLAS. DIMENSIONES SEGÚN ASME B16.5 CLASE 150, RF;"5/8""";4;un;;1,67;kg;Contratista;PERNO;;;;;;;;SIN REVISAR;;;;;
1.2149;1;2149;EWP-3351-10-PA-220;CWP-3351-10-PA-220;CWA-3351-10;PWP-3351-10-PA-220;"03351-CT-3""-C2-0072-N";;;C2;PERNO ESPÁRRAGO, ASTM A193 GR B7, CON 2 TUERCAS HEXAGONALES ASTM A194 GR 2H Y GOLILLAS. DIMENSIONES SEGÚN ASME B16.5 CLASE 150, RF;"5/8""";4;un;;1,71;kg;Contratista;PERNO;;;;;;;;SIN REVISAR;;;;;
1.2150;1;2150;EWP-3351-10-PA-220;CWP-3351-10-PA-220;CWA-3351-10;PWP-3351-10-PA-220;"03351-PW-2""-C1-0026-N";;;C1;PERNO ESPÁRRAGO, ASTM A193 GR B7, CON 2 TUERCAS HEXAGONALES ASTM A194 GR 2H Y GOLILLAS. DIMENSIONES SEGÚN ASME B16.5 CLASE 150, RF;"5/8""";4;un;;1,67;kg;Contratista;PERNO;;;;;;;;SIN REVISAR;;;;;
1.2151;1;2151;EWP-3351-10-PA-220;CWP-3351-10-PA-220;CWA-3351-10;PWP-3351-10-PA-220;"03351-PW-2""-C1-0081-N";;;C1;PERNO ESPÁRRAGO, ASTM A193 GR B7, CON 2 TUERCAS HEXAGONALES ASTM A194 GR 2H Y GOLILLAS. DIMENSIONES SEGÚN ASME B16.5 CLASE 150, RF;"5/8""";4;un;;1,67;kg;Contratista;PERNO;;;;;;;;SIN REVISAR;;;;;
1.2152;1;2152;EWP-3351-10-PA-220;CWP-3351-10-PA-220;CWA-3351-10;PWP-3351-10-PA-220;"03351-PW-2""-C1-0083-N";;;C1;PERNO ESPÁRRAGO, ASTM A193 GR B7, CON 2 TUERCAS HEXAGONALES ASTM A194 GR 2H Y GOLILLAS. DIMENSIONES SEGÚN ASME B16.5 CLASE 150, RF;"5/8""";4;un;;1,67;kg;Contratista;PERNO;;;;;;;;SIN REVISAR;;;;;
1.2153;1;2153;EWP-3351-10-PA-220;CWP-3351-10-PA-220;CWA-3351-10;PWP-3351-10-PA-220;"03351-CT-3""-C2-0071-N";;;C2;PERNO ESPÁRRAGO, ASTM A193 GR B7, CON 2 TUERCAS HEXAGONALES ASTM A194 GR 2H Y GOLILLAS. DIMENSIONES SEGÚN ASME B16.5 CLASE 150, RF;"5/8""";4;un;;1,71;kg;Contratista;PERNO;;;;;;;;SIN REVISAR;;;;;
1.2154;1;2154;EWP-3351-10-PA-220;CWP-3351-10-PA-220;CWA-3351-10;PWP-3351-10-PA-220;"03351-PW-2""-C1-0082-N";;;C1;PERNO ESPÁRRAGO, ASTM A193 GR B7, CON 2 TUERCAS HEXAGONALES ASTM A194 GR 2H Y GOLILLAS. DIMENSIONES SEGÚN ASME B16.5 CLASE 150, RF;"5/8""";4;un;;1,67;kg;Contratista;PERNO;;;;;;;;SIN REVISAR;;;;;
1.2155;1;2155;EWP-3351-10-PA-220;CWP-3351-10-PA-220;CWA-3351-10;PWP-3351-10-PA-220;"03351-PW-2""-C1-0052-N";;;C1;PERNO ESPÁRRAGO, ASTM A193 GR B7, CON 2 TUERCAS HEXAGONALES ASTM A194 GR 2H Y GOLILLAS. DIMENSIONES SEGÚN ASME B16.5 CLASE 150, RF;"5/8""";4;un;;1,67;kg;Contratista;PERNO;;;;;;;;SIN REVISAR;;;;;
1.2156;1;2156;EWP-3351-10-PA-220;CWP-3351-10-PA-220;CWA-3351-10;PWP-3351-10-PA-220;"03351-PW-2""-C1-0081-N";;;C1;PERNO ESPÁRRAGO, ASTM A193 GR B7, CON 2 TUERCAS HEXAGONALES ASTM A194 GR 2H Y GOLILLAS. DIMENSIONES SEGÚN ASME B16.5 CLASE 150, RF;"5/8""";4;un;;1,67;kg;Contratista;PERNO;;;;;;;;SIN REVISAR;;;;;
1.2157;1;2157;EWP-3351-10-PA-220;CWP-3351-10-PA-220;CWA-3351-10;PWP-3351-10-PA-220;"03351-PW-2""-C1-0083-N";;;C1;PERNO ESPÁRRAGO, ASTM A193 GR B7, CON 2 TUERCAS HEXAGONALES ASTM A194 GR 2H Y GOLILLAS. DIMENSIONES SEGÚN ASME B16.5 CLASE 150, RF;"5/8""";4;un;;1,67;kg;Contratista;PERNO;;;;;;;;SIN REVISAR;;;;;
1.2158;1;2158;EWP-3351-10-PA-220;CWP-3351-10-PA-220;CWA-3351-10;PWP-3351-10-PA-220;"03351-PW-2""-C1-0085-N";;;C1;PERNO ESPÁRRAGO, ASTM A193 GR B7, CON 2 TUERCAS HEXAGONALES ASTM A194 GR 2H Y GOLILLAS. DIMENSIONES SEGÚN ASME B16.5 CLASE 150, RF;"5/8""";4;un;;1,67;kg;Contratista;PERNO;;;;;;;;SIN REVISAR;;;;;
1.2159;1;2159;EWP-3351-10-PA-220;CWP-3351-10-PA-220;CWA-3351-10;PWP-3351-10-PA-220;"03351-PW-2""-C1-0084-N";;;C1;PERNO ESPÁRRAGO, ASTM A193 GR B7, CON 2 TUERCAS HEXAGONALES ASTM A194 GR 2H Y GOLILLAS. DIMENSIONES SEGÚN ASME B16.5 CLASE 150, RF;"5/8""";4;un;;1,67;kg;Contratista;PERNO;;;;;;;;SIN REVISAR;;;;;
1.2160;1;2160;EWP-3351-10-PA-220;CWP-3351-10-PA-220;CWA-3351-10;PWP-3351-10-PA-220;"03351-PW-2""-C1-0049-N";;;C1;PERNO ESPÁRRAGO, ASTM A193 GR B7, CON 2 TUERCAS HEXAGONALES ASTM A194 GR 2H Y GOLILLAS. DIMENSIONES SEGÚN ASME B16.5 CLASE 150, RF;"5/8""";4;un;;1,67;kg;Contratista;PERNO;;;;;;;;SIN REVISAR;;;;;
1.2161;1;2161;EWP-3351-10-PA-220;CWP-3351-10-PA-220;CWA-3351-10;PWP-3351-10-PA-220;"03351-PW-2""-C1-0048-N";;;C1;PERNO ESPÁRRAGO, ASTM A193 GR B7, CON 2 TUERCAS HEXAGONALES ASTM A194 GR 2H Y GOLILLAS. DIMENSIONES SEGÚN ASME B16.5 CLASE 150, RF;"5/8""";4;un;;1,67;kg;Contratista;PERNO;;;;;;;;SIN REVISAR;;;;;
1.2162;1;2162;EWP-3351-10-PA-220;CWP-3351-10-PA-220;CWA-3351-10;PWP-3351-10-PA-220;"03351-CT-3""-C2-0066-N";;;C2;PERNO ESPÁRRAGO, ASTM A193 GR B7, CON 2 TUERCAS HEXAGONALES ASTM A194 GR 2H Y GOLILLAS. DIMENSIONES SEGÚN ASME B16.5 CLASE 150, RF;"5/8""";4;un;;1,71;kg;Contratista;PERNO;;;;;;;;SIN REVISAR;;;;;
1.2163;1;2163;EWP-3351-10-PA-220;CWP-3351-10-PA-220;CWA-3351-10;PWP-3351-10-PA-220;"03351-CT-3""-C2-0071-N";;;C2;PERNO ESPÁRRAGO, ASTM A193 GR B7, CON 2 TUERCAS HEXAGONALES ASTM A194 GR 2H Y GOLILLAS. DIMENSIONES SEGÚN ASME B16.5 CLASE 150, RF;"5/8""";4;un;;1,71;kg;Contratista;PERNO;;;;;;;;SIN REVISAR;;;;;
1.2164;1;2164;EWP-3351-10-PA-220;CWP-3351-10-PA-220;CWA-3351-10;PWP-3351-10-PA-220;"03351-GW-2""-C1-0095-N";;;C1;PERNO ESPÁRRAGO, ASTM A193 GR B7, CON 2 TUERCAS HEXAGONALES ASTM A194 GR 2H Y GOLILLAS. DIMENSIONES SEGÚN ASME B16.5 CLASE 150, RF;"5/8""";4;un;;1,67;kg;Contratista;PERNO;;;;;;;;SIN REVISAR;;;;;
1.2165;1;2165;EWP-3351-10-PA-220;CWP-3351-10-PA-220;CWA-3351-10;PWP-3351-10-PA-220;"03351-GW-2""-C1-0095-N";;;C1;PERNO ESPÁRRAGO, ASTM A193 GR B7, CON 2 TUERCAS HEXAGONALES ASTM A194 GR 2H Y GOLILLAS. DIMENSIONES SEGÚN ASME B16.5 CLASE 150, RF;"5/8""";4;un;;1,67;kg;Contratista;PERNO;;;;;;;;SIN REVISAR;;;;;
1.2166;1;2166;EWP-3351-10-PA-220;CWP-3351-10-PA-220;CWA-3351-10;PWP-3351-10-PA-220;"03351-PW-2""-C1-0056-N";;;C1;PERNO ESPÁRRAGO, ASTM A193 GR B7, CON 2 TUERCAS HEXAGONALES ASTM A194 GR 2H Y GOLILLAS. DIMENSIONES SEGÚN ASME B16.5 CLASE 150, RF;"5/8""";4;un;;1,67;kg;Contratista;PERNO;;;;;;;;SIN REVISAR;;;;;
1.2167;1;2167;EWP-3351-10-PA-220;CWP-3351-10-PA-220;CWA-3351-10;PWP-3351-10-PA-220;"03351-PW-2""-C1-0056-N";;;C1;PERNO ESPÁRRAGO, ASTM A193 GR B7, CON 2 TUERCAS HEXAGONALES ASTM A194 GR 2H Y GOLILLAS. DIMENSIONES SEGÚN ASME B16.5 CLASE 150, RF;"5/8""";4;un;;1,67;kg;Contratista;PERNO;;;;;;;;SIN REVISAR;;;;;
1.2168;1;2168;EWP-3351-10-PA-220;CWP-3351-10-PA-220;CWA-3351-10;PWP-3351-10-PA-220;"03351-PW-2""-C1-0053-N";;;C1;PERNO ESPÁRRAGO, ASTM A193 GR B7, CON 2 TUERCAS HEXAGONALES ASTM A194 GR 2H Y GOLILLAS. DIMENSIONES SEGÚN ASME B16.5 CLASE 150, RF;"5/8""";4;un;;1,67;kg;Contratista;PERNO;;;;;;;;SIN REVISAR;;;;;
1.2169;1;2169;EWP-3351-10-PA-220;CWP-3351-10-PA-220;CWA-3351-10;PWP-3351-10-PA-220;"03351-PW-2""-C1-0026-N";;;C1;PERNO ESPÁRRAGO, ASTM A193 GR B7, CON 2 TUERCAS HEXAGONALES ASTM A194 GR 2H Y GOLILLAS. DIMENSIONES SEGÚN ASME B16.5 CLASE 150, RF;"5/8""";4;un;;1,67;kg;Contratista;PERNO;;;;;;;;SIN REVISAR;;;;;
1.2170;1;2170;EWP-3351-10-PA-220;CWP-3351-10-PA-220;CWA-3351-10;PWP-3351-10-PA-220;"03351-CT-6""-C3-0046-R3";;;C3;PERNO ESPÁRRAGO, ASTM A193 GR B7, CON 2 TUERCAS HEXAGONALES ASTM A194 GR 2H Y GOLILLAS. DIMENSIONES SEGÚN ASME B16.5 CLASE 150, RF;"5/8""";4;un;;1,67;kg;Contratista;PERNO;;;;;;;;SIN REVISAR;;;;;
1.2171;1;2171;EWP-3351-10-PA-220;CWP-3351-10-PA-220;CWA-3351-10;PWP-3351-10-PA-220;"03351-CT-6""-C3-0021-R3";;;C3;PERNO ESPÁRRAGO, ASTM A193 GR B7, CON 2 TUERCAS HEXAGONALES ASTM A194 GR 2H Y GOLILLAS. DIMENSIONES SEGÚN ASME B16.5 CLASE 150, RF;"5/8""";4;un;;1,67;kg;Contratista;PERNO;;;;;;;;SIN REVISAR;;;;;
1.2172;1;2172;EWP-3351-10-PA-220;CWP-3351-10-PA-220;CWA-3351-10;PWP-3351-10-PA-220;"03351-CT-6""-C3-0021-R3";;;C3;PERNO ESPÁRRAGO, ASTM A193 GR B7, CON 2 TUERCAS HEXAGONALES ASTM A194 GR 2H Y GOLILLAS. DIMENSIONES SEGÚN ASME B16.5 CLASE 150, RF;"5/8""";4;un;;1,71;kg;Contratista;PERNO;;;;;;;;SIN REVISAR;;;;;
1.2173;1;2173;EWP-3351-10-PA-220;CWP-3351-10-PA-220;CWA-3351-10;PWP-3351-10-PA-220;"03351-PW-2""-C1-0051-N";;;C1;PERNO ESPÁRRAGO, ASTM A193 GR B7, CON 2 TUERCAS HEXAGONALES ASTM A194 GR 2H Y GOLILLAS. DIMENSIONES SEGÚN ASME B16.5 CLASE 150, RF;"5/8""";4;un;;1,67;kg;Contratista;PERNO;;;;;;;;SIN REVISAR;;;;;
1.2174;1;2174;EWP-3351-10-PA-220;CWP-3351-10-PA-220;CWA-3351-10;PWP-3351-10-PA-220;"03351-CT-3""-C2-0061-N";;;C2;PERNO ESPÁRRAGO, ASTM A193 GR B7, CON 2 TUERCAS HEXAGONALES ASTM A194 GR 2H Y GOLILLAS. DIMENSIONES SEGÚN ASME B16.5 CLASE 150, RF;"5/8""";4;un;;1,71;kg;Contratista;PERNO;;;;;;;;SIN REVISAR;;;;;
1.2175;1;2175;EWP-3351-10-PA-220;CWP-3351-10-PA-220;CWA-3351-10;PWP-3351-10-PA-220;"03351-CT-3""-C2-0060-N";;;C2;PERNO ESPÁRRAGO, ASTM A193 GR B7, CON 2 TUERCAS HEXAGONALES ASTM A194 GR 2H Y GOLILLAS. DIMENSIONES SEGÚN ASME B16.5 CLASE 150, RF;"5/8""";4;un;;1,71;kg;Contratista;PERNO;;;;;;;;SIN REVISAR;;;;;
1.2176;1;2176;EWP-3351-10-PA-220;CWP-3351-10-PA-220;CWA-3351-10;PWP-3351-10-PA-220;"03351-CT-6""-C3-0021-R3";;;C3;PERNO ESPÁRRAGO, ASTM A193 GR B7, CON 2 TUERCAS HEXAGONALES ASTM A194 GR 2H Y GOLILLAS. DIMENSIONES SEGÚN ASME B16.5 CLASE 150, RF;"5/8""";4;un;;1,71;kg;Contratista;PERNO;;;;;;;;SIN REVISAR;;;;;
1.2177;1;2177;EWP-3351-10-PA-220;CWP-3351-10-PA-220;CWA-3351-10;PWP-3351-10-PA-220;"03351-CT-3""-C2-0086-N";;;C2;PERNO ESPÁRRAGO, ASTM A193 GR B7, CON 2 TUERCAS HEXAGONALES ASTM A194 GR 2H Y GOLILLAS. DIMENSIONES SEGÚN ASME B16.5 CLASE 150, RF;"5/8""";4;un;;1,71;kg;Contratista;PERNO;;;;;;;;SIN REVISAR;;;;;
1.2178;1;2178;EWP-3351-10-PA-220;CWP-3351-10-PA-220;CWA-3351-10;PWP-3351-10-PA-220;"03351-CT-6""-C3-0046-R3";;;C3;PERNO ESPÁRRAGO, ASTM A193 GR B7, CON 2 TUERCAS HEXAGONALES ASTM A194 GR 2H Y GOLILLAS. DIMENSIONES SEGÚN ASME B16.5 CLASE 150, RF;"5/8""";4;un;;1,71;kg;Contratista;PERNO;;;;;;;;SIN REVISAR;;;;;
1.2179;1;2179;EWP-3351-10-PA-220;CWP-3351-10-PA-220;CWA-3351-10;PWP-3351-10-PA-220;"03351-CT-6""-C3-0046-R3";;;C3;PERNO ESPÁRRAGO, ASTM A193 GR B7, CON 2 TUERCAS HEXAGONALES ASTM A194 GR 2H Y GOLILLAS. DIMENSIONES SEGÚN ASME B16.5 CLASE 150, RF;"5/8""";4;un;;1,71;kg;Contratista;PERNO;;;;;;;;SIN REVISAR;;;;;
1.2180;1;2180;EWP-3351-10-PA-220;CWP-3351-10-PA-220;CWA-3351-10;PWP-3351-10-PA-220;"03351-CT-3""-C2-0060-N";;;C2;PERNO ESPÁRRAGO, ASTM A193 GR B7, CON 2 TUERCAS HEXAGONALES ASTM A194 GR 2H Y GOLILLAS. DIMENSIONES SEGÚN ASME B16.5 CLASE 150, RF;"5/8""";4;un;;1,71;kg;Contratista;PERNO;;;;;;;;SIN REVISAR;;;;;
1.2181;1;2181;EWP-3351-10-PA-220;CWP-3351-10-PA-220;CWA-3351-10;PWP-3351-10-PA-220;"03351-CT-3""-C2-0059-N";;;C2;PERNO ESPÁRRAGO, ASTM A193 GR B7, CON 2 TUERCAS HEXAGONALES ASTM A194 GR 2H Y GOLILLAS. DIMENSIONES SEGÚN ASME B16.5 CLASE 150, RF;"5/8""";4;un;;1,71;kg;Contratista;PERNO;;;;;;;;SIN REVISAR;;;;;
1.2182;1;2182;EWP-3351-10-PA-220;CWP-3351-10-PA-220;CWA-3351-10;PWP-3351-10-PA-220;"03351-CT-3""-C2-0059-N";;;C2;PERNO ESPÁRRAGO, ASTM A193 GR B7, CON 2 TUERCAS HEXAGONALES ASTM A194 GR 2H Y GOLILLAS. DIMENSIONES SEGÚN ASME B16.5 CLASE 150, RF;"5/8""";4;un;;1,71;kg;Contratista;PERNO;;;;;;;;SIN REVISAR;;;;;
1.2183;1;2183;EWP-3351-10-PA-220;CWP-3351-10-PA-220;CWA-3351-10;PWP-3351-10-PA-220;"03351-PW-2""-C1-0039-N";;;C1;PERNO ESPÁRRAGO, ASTM A193 GR B7, CON 2 TUERCAS HEXAGONALES ASTM A194 GR 2H Y GOLILLAS. DIMENSIONES SEGÚN ASME B16.5 CLASE 150, RF;"5/8""";4;un;;1,67;kg;Contratista;PERNO;;;;;;;;SIN REVISAR;;;;;
1.2184;1;2184;EWP-3351-10-PA-220;CWP-3351-10-PA-220;CWA-3351-10;PWP-3351-10-PA-220;"03351-PW-2""-C1-0039-N";;;C1;PERNO ESPÁRRAGO, ASTM A193 GR B7, CON 2 TUERCAS HEXAGONALES ASTM A194 GR 2H Y GOLILLAS. DIMENSIONES SEGÚN ASME B16.5 CLASE 150, RF;"5/8""";4;un;;1,67;kg;Contratista;PERNO;;;;;;;;SIN REVISAR;;;;;
1.2185;1;2185;EWP-3351-10-PA-220;CWP-3351-10-PA-220;CWA-3351-10;PWP-3351-10-PA-220;"03351-CT-6""-C3-0021-R3";;;C3;PERNO ESPÁRRAGO, ASTM A193 GR B7, CON 2 TUERCAS HEXAGONALES ASTM A194 GR 2H Y GOLILLAS. DIMENSIONES SEGÚN ASME B16.5 CLASE 150, RF;"5/8""";4;un;;1,67;kg;Contratista;PERNO;;;;;;;;SIN REVISAR;;;;;
1.2186;1;2186;EWP-3351-10-PA-220;CWP-3351-10-PA-220;CWA-3351-10;PWP-3351-10-PA-220;"03351-CT-6""-C3-0023-R3";;;C3;PERNO ESPÁRRAGO, ASTM A193 GR B7, CON 2 TUERCAS HEXAGONALES ASTM A194 GR 2H Y GOLILLAS. DIMENSIONES SEGÚN ASME B16.5 CLASE 150, RF;"5/8""";4;un;;1,67;kg;Contratista;PERNO;;;;;;;;SIN REVISAR;;;;;
1.2187;1;2187;EWP-3351-10-PA-220;CWP-3351-10-PA-220;CWA-3351-10;PWP-3351-10-PA-220;"03351-GW-2""-C1-0095-N";;;C1;PERNO ESPÁRRAGO, ASTM A193 GR B7, CON 2 TUERCAS HEXAGONALES ASTM A194 GR 2H Y GOLILLAS. DIMENSIONES SEGÚN ASME B16.5 CLASE 150, RF;"5/8""";4;un;;1,67;kg;Contratista;PERNO;;;;;;;;SIN REVISAR;;;;;
1.2188;1;2188;EWP-3351-10-PA-220;CWP-3351-10-PA-220;CWA-3351-10;PWP-3351-10-PA-220;"03351-CT-6""-C3-0018-R3";;;C3;PERNO ESPÁRRAGO, ASTM A193 GR B7, CON 2 TUERCAS HEXAGONALES ASTM A194 GR 2H Y GOLILLAS. DIMENSIONES SEGÚN ASME B16.5 CLASE 150, RF;"5/8""";4;un;;1,67;kg;Contratista;PERNO;;;;;;;;SIN REVISAR;;;;;
1.2189;1;2189;EWP-3351-10-PA-220;CWP-3351-10-PA-220;CWA-3351-10;PWP-3351-10-PA-220;"03351-CT-6""-C3-0006-R3";;;C3;PERNO MÁQUINA, ASTM A193 GR B7, CON 2 TUERCASHEXAGONALES ASTM A194 GR 2H Y GOLILLAS. DIMENSIONES SEGÚN ASME B16.5 CLASE 150, RF;"7/8""";12;un;;6,35;kg;Contratista;PERNO;;;;;;;;SIN REVISAR;;;;;
1.2190;1;2190;EWP-3351-10-PA-220;CWP-3351-10-PA-220;CWA-3351-10;PWP-3351-10-PA-220;"03351-CT-6""-C3-0005-R3";;;C3;PERNO MÁQUINA, ASTM A193 GR B7, CON 2 TUERCASHEXAGONALES ASTM A194 GR 2H Y GOLILLAS. DIMENSIONES SEGÚN ASME B16.5 CLASE 150, RF;"7/8""";12;un;;6,35;kg;Contratista;PERNO;;;;;;;;SIN REVISAR;;;;;
1.2191;1;2191;EWP-3351-10-PA-220;CWP-3351-10-PA-220;CWA-3351-10;PWP-3351-10-PA-220;"03351-CT-6""-C3-0005-R3";;;C3;PERNO MÁQUINA, ASTM A193 GR B7, CON 2 TUERCASHEXAGONALES ASTM A194 GR 2H Y GOLILLAS. DIMENSIONES SEGÚN ASME B16.5 CLASE 150, RF;"7/8""";12;un;;6,35;kg;Contratista;PERNO;;;;;;;;SIN REVISAR;;;;;
1.2192;1;2192;EWP-3351-10-PA-220;CWP-3351-10-PA-220;CWA-3351-10;PWP-3351-10-PA-220;"03351-CT-6""-C3-0007-R3";;;C3;PERNO MÁQUINA, ASTM A193 GR B7, CON 2 TUERCASHEXAGONALES ASTM A194 GR 2H Y GOLILLAS. DIMENSIONES SEGÚN ASME B16.5 CLASE 150, RF;"7/8""";12;un;;6,35;kg;Contratista;PERNO;;;;;;;;SIN REVISAR;;;;;
1.2193;1;2193;EWP-3351-10-PA-220;CWP-3351-10-PA-220;CWA-3351-10;PWP-3351-10-PA-220;"03351-CT-6""-C3-0007-R3";;;C3;PERNO MÁQUINA, ASTM A193 GR B7, CON 2 TUERCASHEXAGONALES ASTM A194 GR 2H Y GOLILLAS. DIMENSIONES SEGÚN ASME B16.5 CLASE 150, RF;"7/8""";12;un;;6,35;kg;Contratista;PERNO;;;;;;;;SIN REVISAR;;;;;
1.2194;1;2194;EWP-3351-10-PA-220;CWP-3351-10-PA-220;CWA-3351-10;PWP-3351-10-PA-220;"03351-CT-6""-C2-0047-N";;;C2;PERNO MÁQUINA, ASTM A193 GR B7, CON 2 TUERCASHEXAGONALES ASTM A194 GR 2H Y GOLILLAS. DIMENSIONES SEGÚN ASME B16.5 CLASE 150, RF;"7/8""";12;un;;6,35;kg;Contratista;PERNO;;;;;;;;SIN REVISAR;;;;;
1.2195;1;2195;EWP-3351-10-PA-220;CWP-3351-10-PA-220;CWA-3351-10;PWP-3351-10-PA-220;"03351-CT-6""-C2-0047-N";;;C2;PERNO MÁQUINA, ASTM A193 GR B7, CON 2 TUERCASHEXAGONALES ASTM A194 GR 2H Y GOLILLAS. DIMENSIONES SEGÚN ASME B16.5 CLASE 150, RF;"7/8""";12;un;;6,35;kg;Contratista;PERNO;;;;;;;;SIN REVISAR;;;;;
1.2196;1;2196;EWP-3351-10-PA-220;CWP-3351-10-PA-220;CWA-3351-10;PWP-3351-10-PA-220;03351-CT-400-H1-0057-N;;;H1;PERNO MÁQUINA, ASTM A307, CON TUERCA HEXAGONAL ASTM A194 Gr. 2H Y GOLILLA PLANA, SEGÚN ASME B1.1;"1""";16;un;;33,9;kg;Contratista;PERNO;;;;;;;;SIN REVISAR;;;;;
1.2197;1;2197;EWP-3351-10-PA-220;CWP-3351-10-PA-220;CWA-3351-10;PWP-3351-10-PA-220;03351-CT-400-H1-0058-N;;;H1;PERNO MÁQUINA, ASTM A307, CON TUERCA HEXAGONAL ASTM A194 Gr. 2H Y GOLILLA PLANA, SEGÚN ASME B1.1;"1""";16;un;;33,9;kg;Contratista;PERNO;;;;;;;;SIN REVISAR;;;;;
1.2582;1;2582;EWP-3351-10-PA-220;CWP-3351-10-PA-220;CWA-3351-10;PWP-3351-10-PA-220;03351-RW-250-H1-0011-N;;;H1;VÁLVULA DE CUCHILLO BIDIRECCIONAL NO PASANTE, CUERPO ACERO CARBONO A216 WCB, EMPAQUETADURA FIBRA SINTÉTICA IMPREGNADA PTFE, COMPUERTA ASTM A316, MSS SP-81, ASME B16.5 CL 150, WAFER, ACCIONAMIENTO MANUAL ENGRANAJE CÓNIC;"10""";1;un;FALSO;108;kg;Contratista;VÁLVULA;;;;;;;;SIN REVISAR;;;;;
1.2594;1;2594;EWP-3351-10-PA-220;CWP-3351-10-PA-220;CWA-3351-10;PWP-3351-10-PA-220;03351-RW-250-H1-0011-N;;;H1;VÁLVULA DE CUCHILLO BIDIRECCIONAL NO PASANTE, CUERPO ACERO CARBONO A216 WCB, EMPAQUETADURA FIBRA SINTÉTICA IMPREGNADA PTFE, COMPUERTA ASTM A316, MSS SP-81, ASME B16.5 CL 150, WAFER, ACCIONAMIENTO NEUMÁTICO PO;"10""";1;un;FALSO;-;kg;Contratista;VÁLVULA;;;;;;;;SIN REVISAR;;;;;
1.1215;1;1215;EWP-3351-10-PA-220;CWP-3351-10-PA-220;CWA-3351-10;PWP-3351-10-PA-220;03351-RW-450-H1-0008-N;;;H1;CRUZ, HDPE PE100 PN6, TFW, ISO 4427-3;"14""";1;un;FALSO;-;kg;Contratista;CRUZ;;;;;;;;SIN REVISAR;;;;;
1.1294;1;1294;EWP-3351-10-PA-220;CWP-3351-10-PA-220;CWA-3351-10;PWP-3351-10-PA-220;03351-RW-450-H1-0008-N;;;H1;CURVA 90°, HDPE PE100 PN6, RADIO MÍNIMO 3D SEGMENTADAS POR TERMOFUSIÓN, FABRICACIÓN SEGÚN ISO 4427-3;"18""";1;un;FALSO;35,8;kg;Contratista;CURVA;;;;;;;;SIN REVISAR;;;;;
1.1295;1;1295;EWP-3351-10-PA-220;CWP-3351-10-PA-220;CWA-3351-10;PWP-3351-10-PA-220;03351-RW-450-H1-0008-N;;;H1;CURVA 90°, HDPE PE100 PN6, RADIO MÍNIMO 3D SEGMENTADAS POR TERMOFUSIÓN, FABRICACIÓN SEGÚN ISO 4427-3;"14""";1;un;FALSO;22,4;kg;Contratista;CURVA;;;;;;;;SIN REVISAR;;;;;
1.1300;1;1300;EWP-3351-10-PA-220;CWP-3351-10-PA-220;CWA-3351-10;PWP-3351-10-PA-220;03351-RW-450-H1-0008-N;;;H1;CURVA 90°, HDPE PE100 PN6, RADIO MÍNIMO 3D SEGMENTADAS POR TERMOFUSIÓN, FABRICACIÓN SEGÚN ISO 4427-3;"14""";1;un;FALSO;22,4;kg;Contratista;CURVA;;;;;;;;SIN REVISAR;;;;;
1.1301;1;1301;EWP-3351-10-PA-220;CWP-3351-10-PA-220;CWA-3351-10;PWP-3351-10-PA-220;03351-RW-450-H1-0008-N;;;H1;CURVA 90°, HDPE PE100 PN6, RADIO MÍNIMO 3D SEGMENTADAS POR TERMOFUSIÓN, FABRICACIÓN SEGÚN ISO 4427-3;"14""";1;un;FALSO;22,4;kg;Contratista;CURVA;;;;;;;;SIN REVISAR;;;;;
1.1357;1;1357;EWP-3351-10-PA-220;CWP-3351-10-PA-220;CWA-3351-10;PWP-3351-10-PA-220;03351-RW-450-H1-0008-N;;;H1;"EMPAQUETADURA ASME B16.21, TIPO FULL FACE, ESPESOR 1/8"", PARA CONEXIÓN SEGÚN AWWA C207CLASE D, MATERIAL PTFE PURO EXPANDIDO";"18""";1;un;FALSO;2,08;kg;Contratista;EMPAQUETADURA;;;;;;;;SIN REVISAR;;;;;
1.1372;1;1372;EWP-3351-10-PA-220;CWP-3351-10-PA-220;CWA-3351-10;PWP-3351-10-PA-220;03351-RW-450-H1-0008-N;;;H1;"EMPAQUETADURA ASME B16.21, TIPO FULL FACE, ESPESOR 1/8"", PARA CONEXIÓN SEGÚN AWWA C207CLASE D, MATERIAL PTFE PURO EXPANDIDO";"14""";1;un;FALSO;1,7;kg;Contratista;EMPAQUETADURA;;;;;;;;SIN REVISAR;;;;;
1.1373;1;1373;EWP-3351-10-PA-220;CWP-3351-10-PA-220;CWA-3351-10;PWP-3351-10-PA-220;03351-RW-450-H1-0008-N;;;H1;"EMPAQUETADURA ASME B16.21, TIPO FULL FACE, ESPESOR 1/8"", PARA CONEXIÓN SEGÚN AWWA C207CLASE D, MATERIAL PTFE PURO EXPANDIDO";"14""";1;un;FALSO;1,7;kg;Contratista;EMPAQUETADURA;;;;;;;;SIN REVISAR;;;;;
1.1374;1;1374;EWP-3351-10-PA-220;CWP-3351-10-PA-220;CWA-3351-10;PWP-3351-10-PA-220;03351-RW-450-H1-0008-N;;;H1;"EMPAQUETADURA ASME B16.21, TIPO FULL FACE, ESPESOR 1/8"", PARA CONEXIÓN SEGÚN AWWA C207CLASE D, MATERIAL PTFE PURO EXPANDIDO";"14""";1;un;FALSO;1,7;kg;Contratista;EMPAQUETADURA;;;;;;;;SIN REVISAR;;;;;
1.1375;1;1375;EWP-3351-10-PA-220;CWP-3351-10-PA-220;CWA-3351-10;PWP-3351-10-PA-220;03351-RW-450-H1-0008-N;;;H1;"EMPAQUETADURA ASME B16.21, TIPO FULL FACE, ESPESOR 1/8"", PARA CONEXIÓN SEGÚN AWWA C207CLASE D, MATERIAL PTFE PURO EXPANDIDO";"14""";1;un;FALSO;1,7;kg;Contratista;EMPAQUETADURA;;;;;;;;SIN REVISAR;;;;;
1.1376;1;1376;EWP-3351-10-PA-220;CWP-3351-10-PA-220;CWA-3351-10;PWP-3351-10-PA-220;03351-RW-450-H1-0008-N;;;H1;"EMPAQUETADURA ASME B16.21, TIPO FULL FACE, ESPESOR 1/8"", PARA CONEXIÓN SEGÚN AWWA C207CLASE D, MATERIAL PTFE PURO EXPANDIDO";"14""";1;un;FALSO;1,7;kg;Contratista;EMPAQUETADURA;;;;;;;;SIN REVISAR;;;;;
1.2211;1;2211;EWP-3351-10-PA-220;CWP-3351-10-PA-220;CWA-3351-10;PWP-3351-10-PA-220;03351-CT-200-H2-0045-N;;;H2;PERNO MÁQUINA, ASTM A307, CON TUERCA HEXAGONAL ASTM A194 Gr. 2H Y GOLILLA PLANA, SEGÚN ASME B1.1;"3/4""";8;un;;7,8;kg;Contratista;PERNO;;;;;;;;SIN REVISAR;;;;;
1.2212;1;2212;EWP-3351-10-PA-220;CWP-3351-10-PA-220;CWA-3351-10;PWP-3351-10-PA-220;03351-CT-200-H2-0045-N;;;H2;PERNO MÁQUINA, ASTM A307, CON TUERCA HEXAGONAL ASTM A194 Gr. 2H Y GOLILLA PLANA, SEGÚN ASME B1.1;"3/4""";8;un;;7,8;kg;Contratista;PERNO;;;;;;;;SIN REVISAR;;;;;
1.2213;1;2213;EWP-3351-10-PA-220;CWP-3351-10-PA-220;CWA-3351-10;PWP-3351-10-PA-220;03351-CT-200-H2-0045-N;;;H2;PERNO MÁQUINA, ASTM A307, CON TUERCA HEXAGONAL ASTM A194 Gr. 2H Y GOLILLA PLANA, SEGÚN ASME B1.1;"3/4""";8;un;;7,8;kg;Contratista;PERNO;;;;;;;;SIN REVISAR;;;;;
1.2214;1;2214;EWP-3351-10-PA-220;CWP-3351-10-PA-220;CWA-3351-10;PWP-3351-10-PA-220;03351-CT-200-H2-0045-N;;;H2;PERNO MÁQUINA, ASTM A307, CON TUERCA HEXAGONAL ASTM A194 Gr. 2H Y GOLILLA PLANA, SEGÚN ASME B1.1;"3/4""";8;un;;7,8;kg;Contratista;PERNO;;;;;;;;SIN REVISAR;;;;;
1.1626;1;1626;EWP-3351-10-PA-220;CWP-3351-10-PA-220;CWA-3351-10;PWP-3351-10-PA-220;03351-RW-450-H1-0008-N;;;H1;FLANGE ADAPTADOR (STUB-END) HDPE PE100 PN6, TFW, SEGÚN ISO 9624;"18""";1;un;FALSO;11,96;kg;Contratista;FLANGE;;;;;;;;SIN REVISAR;;;;;
1.2216;1;2216;EWP-3351-10-PA-220;CWP-3351-10-PA-220;CWA-3351-10;PWP-3351-10-PA-220;03351-CT-200-H2-0002-N;;;H2;PERNO MÁQUINA, ASTM A307, CON TUERCA HEXAGONAL ASTM A194 Gr. 2H Y GOLILLA PLANA, SEGÚN ASME B1.1;"3/4""";8;un;;7,8;kg;Contratista;PERNO;;;;;;;;SIN REVISAR;;;;;
1.2217;1;2217;EWP-3351-10-PA-220;CWP-3351-10-PA-220;CWA-3351-10;PWP-3351-10-PA-220;03351-CT-200-H2-0002-N;;;H2;PERNO MÁQUINA, ASTM A307, CON TUERCA HEXAGONAL ASTM A194 Gr. 2H Y GOLILLA PLANA, SEGÚN ASME B1.1;"3/4""";8;un;;7,8;kg;Contratista;PERNO;;;;;;;;SIN REVISAR;;;;;
1.2218;1;2218;EWP-3351-10-PA-220;CWP-3351-10-PA-220;CWA-3351-10;PWP-3351-10-PA-220;03351-CT-200-H2-0002-N;;;H2;PERNO MÁQUINA, ASTM A307, CON TUERCA HEXAGONAL ASTM A194 Gr. 2H Y GOLILLA PLANA, SEGÚN ASME B1.1;"3/4""";8;un;;7,8;kg;Contratista;PERNO;;;;;;;;SIN REVISAR;;;;;
1.2219;1;2219;EWP-3351-10-PA-220;CWP-3351-10-PA-220;CWA-3351-10;PWP-3351-10-PA-220;03351-CT-200-H2-0002-N;;;H2;PERNO MÁQUINA, ASTM A307, CON TUERCA HEXAGONAL ASTM A194 Gr. 2H Y GOLILLA PLANA, SEGÚN ASME B1.1;"3/4""";8;un;;7,8;kg;Contratista;PERNO;;;;;;;;SIN REVISAR;;;;;
1.2220;1;2220;EWP-3351-10-PA-220;CWP-3351-10-PA-220;CWA-3351-10;PWP-3351-10-PA-220;03351-CT-200-H2-0002-N;;;H2;PERNO MÁQUINA, ASTM A307, CON TUERCA HEXAGONAL ASTM A194 Gr. 2H Y GOLILLA PLANA, SEGÚN ASME B1.1;"3/4""";8;un;;7,8;kg;Contratista;PERNO;;;;;;;;SIN REVISAR;;;;;
1.2221;1;2221;EWP-3351-10-PA-220;CWP-3351-10-PA-220;CWA-3351-10;PWP-3351-10-PA-220;03351-CT-200-H2-0002-N;;;H2;PERNO MÁQUINA, ASTM A307, CON TUERCA HEXAGONAL ASTM A194 Gr. 2H Y GOLILLA PLANA, SEGÚN ASME B1.1;"3/4""";8;un;;7,8;kg;Contratista;PERNO;;;;;;;;SIN REVISAR;;;;;
1.2222;1;2222;EWP-3351-10-PA-220;CWP-3351-10-PA-220;CWA-3351-10;PWP-3351-10-PA-220;03351-CT-200-H2-0002-N;;;H2;PERNO MÁQUINA, ASTM A307, CON TUERCA HEXAGONAL ASTM A194 Gr. 2H Y GOLILLA PLANA, SEGÚN ASME B1.1;"3/4""";8;un;;7,8;kg;Contratista;PERNO;;;;;;;;SIN REVISAR;;;;;
1.2223;1;2223;EWP-3351-10-PA-220;CWP-3351-10-PA-220;CWA-3351-10;PWP-3351-10-PA-220;03351-CT-200-H2-0002-N;;;H2;PERNO MÁQUINA, ASTM A307, CON TUERCA HEXAGONAL ASTM A194 Gr. 2H Y GOLILLA PLANA, SEGÚN ASME B1.1;"3/4""";8;un;;7,8;kg;Contratista;PERNO;;;;;;;;SIN REVISAR;;;;;
1.2224;1;2224;EWP-3351-10-PA-220;CWP-3351-10-PA-220;CWA-3351-10;PWP-3351-10-PA-220;03351-CT-200-H2-0002-N;;;H2;PERNO MÁQUINA, ASTM A307, CON TUERCA HEXAGONAL ASTM A194 Gr. 2H Y GOLILLA PLANA, SEGÚN ASME B1.1;"3/4""";8;un;;7,8;kg;Contratista;PERNO;;;;;;;;SIN REVISAR;;;;;
1.2225;1;2225;EWP-3351-10-PA-220;CWP-3351-10-PA-220;CWA-3351-10;PWP-3351-10-PA-220;03351-CT-200-H2-0002-N;;;H2;PERNO MÁQUINA, ASTM A307, CON TUERCA HEXAGONAL ASTM A194 Gr. 2H Y GOLILLA PLANA, SEGÚN ASME B1.1;"3/4""";8;un;;7,8;kg;Contratista;PERNO;;;;;;;;SIN REVISAR;;;;;
1.2226;1;2226;EWP-3351-10-PA-220;CWP-3351-10-PA-220;CWA-3351-10;PWP-3351-10-PA-220;03351-CT-200-H2-0002-N;;;H2;PERNO MÁQUINA, ASTM A307, CON TUERCA HEXAGONAL ASTM A194 Gr. 2H Y GOLILLA PLANA, SEGÚN ASME B1.1;"3/4""";8;un;;7,8;kg;Contratista;PERNO;;;;;;;;SIN REVISAR;;;;;
1.2227;1;2227;EWP-3351-10-PA-220;CWP-3351-10-PA-220;CWA-3351-10;PWP-3351-10-PA-220;03351-CT-200-H2-0002-N;;;H2;PERNO MÁQUINA, ASTM A307, CON TUERCA HEXAGONAL ASTM A194 Gr. 2H Y GOLILLA PLANA, SEGÚN ASME B1.1;"3/4""";8;un;;7,8;kg;Contratista;PERNO;;;;;;;;SIN REVISAR;;;;;
1.1634;1;1634;EWP-3351-10-PA-220;CWP-3351-10-PA-220;CWA-3351-10;PWP-3351-10-PA-220;03351-RW-450-H1-0008-N;;;H1;FLANGE ADAPTADOR (STUB-END) HDPE PE100 PN6, TFW, SEGÚN ISO 9624;"14""";1;un;FALSO;4,97;kg;Contratista;FLANGE;;;;;;;;SIN REVISAR;;;;;
1.2229;1;2229;EWP-3351-10-PA-220;CWP-3351-10-PA-220;CWA-3351-10;PWP-3351-10-PA-220;03351-CT-200-H2-0002-N;;;H2;PERNO MÁQUINA, ASTM A307, CON TUERCA HEXAGONAL ASTM A194 Gr. 2H Y GOLILLA PLANA, SEGÚN ASME B1.1;"3/4""";8;un;;7,8;kg;Contratista;PERNO;;;;;;;;SIN REVISAR;;;;;
1.2230;1;2230;EWP-3351-10-PA-220;CWP-3351-10-PA-220;CWA-3351-10;PWP-3351-10-PA-220;03351-CT-200-H2-0002-N;;;H2;PERNO MÁQUINA, ASTM A307, CON TUERCA HEXAGONAL ASTM A194 Gr. 2H Y GOLILLA PLANA, SEGÚN ASME B1.1;"3/4""";8;un;;7,8;kg;Contratista;PERNO;;;;;;;;SIN REVISAR;;;;;
1.2231;1;2231;EWP-3351-10-PA-220;CWP-3351-10-PA-220;CWA-3351-10;PWP-3351-10-PA-220;03351-CT-200-H2-0002-N;;;H2;PERNO MÁQUINA, ASTM A307, CON TUERCA HEXAGONAL ASTM A194 Gr. 2H Y GOLILLA PLANA, SEGÚN ASME B1.1;"3/4""";8;un;;7,8;kg;Contratista;PERNO;;;;;;;;SIN REVISAR;;;;;
1.2232;1;2232;EWP-3351-10-PA-220;CWP-3351-10-PA-220;CWA-3351-10;PWP-3351-10-PA-220;03351-CT-200-H2-0002-N;;;H2;PERNO MÁQUINA, ASTM A307, CON TUERCA HEXAGONAL ASTM A194 Gr. 2H Y GOLILLA PLANA, SEGÚN ASME B1.1;"3/4""";8;un;;7,8;kg;Contratista;PERNO;;;;;;;;SIN REVISAR;;;;;
1.2233;1;2233;EWP-3351-10-PA-220;CWP-3351-10-PA-220;CWA-3351-10;PWP-3351-10-PA-220;03351-CT-200-H2-0002-N;;;H2;PERNO MÁQUINA, ASTM A307, CON TUERCA HEXAGONAL ASTM A194 Gr. 2H Y GOLILLA PLANA, SEGÚN ASME B1.1;"3/4""";8;un;;7,8;kg;Contratista;PERNO;;;;;;;;SIN REVISAR;;;;;
1.2234;1;2234;EWP-3351-10-PA-220;CWP-3351-10-PA-220;CWA-3351-10;PWP-3351-10-PA-220;03351-CT-200-H2-0002-N;;;H2;PERNO MÁQUINA, ASTM A307, CON TUERCA HEXAGONAL ASTM A194 Gr. 2H Y GOLILLA PLANA, SEGÚN ASME B1.1;"3/4""";8;un;;7,8;kg;Contratista;PERNO;;;;;;;;SIN REVISAR;;;;;
1.2235;1;2235;EWP-3351-10-PA-220;CWP-3351-10-PA-220;CWA-3351-10;PWP-3351-10-PA-220;03351-CT-200-H2-0002-N;;;H2;PERNO MÁQUINA, ASTM A307, CON TUERCA HEXAGONAL ASTM A194 Gr. 2H Y GOLILLA PLANA, SEGÚN ASME B1.1;"3/4""";8;un;;7,8;kg;Contratista;PERNO;;;;;;;;SIN REVISAR;;;;;
1.2236;1;2236;EWP-3351-10-PA-220;CWP-3351-10-PA-220;CWA-3351-10;PWP-3351-10-PA-220;03351-CT-200-H2-0002-N;;;H2;PERNO MÁQUINA, ASTM A307, CON TUERCA HEXAGONAL ASTM A194 Gr. 2H Y GOLILLA PLANA, SEGÚN ASME B1.1;"3/4""";8;un;;7,8;kg;Contratista;PERNO;;;;;;;;SIN REVISAR;;;;;
1.2237;1;2237;EWP-3351-10-PA-220;CWP-3351-10-PA-220;CWA-3351-10;PWP-3351-10-PA-220;03351-CT-200-H2-0002-N;;;H2;PERNO MÁQUINA, ASTM A307, CON TUERCA HEXAGONAL ASTM A194 Gr. 2H Y GOLILLA PLANA, SEGÚN ASME B1.1;"3/4""";8;un;;7,8;kg;Contratista;PERNO;;;;;;;;SIN REVISAR;;;;;
1.1657;1;1657;EWP-3351-10-PA-220;CWP-3351-10-PA-220;CWA-3351-10;PWP-3351-10-PA-220;03351-RW-450-H1-0008-N;;;H1;FLANGE ADAPTADOR (STUB-END) HDPE PE100 PN6, TFW, SEGÚN ISO 9624;"14""";1;un;FALSO;4,97;kg;Contratista;FLANGE;;;;;;;;SIN REVISAR;;;;;
1.2239;1;2239;EWP-3351-10-PA-220;CWP-3351-10-PA-220;CWA-3351-10;PWP-3351-10-PA-220;03351-CT-200-H2-0002-N;;;H2;PERNO MÁQUINA, ASTM A307, CON TUERCA HEXAGONAL ASTM A194 Gr. 2H Y GOLILLA PLANA, SEGÚN ASME B1.1;"3/4""";8;un;;7,8;kg;Contratista;PERNO;;;;;;;;SIN REVISAR;;;;;
1.2240;1;2240;EWP-3351-10-PA-220;CWP-3351-10-PA-220;CWA-3351-10;PWP-3351-10-PA-220;03351-CT-200-H2-0002-N;;;H2;PERNO MÁQUINA, ASTM A307, CON TUERCA HEXAGONAL ASTM A194 Gr. 2H Y GOLILLA PLANA, SEGÚN ASME B1.1;"3/4""";8;un;;7,8;kg;Contratista;PERNO;;;;;;;;SIN REVISAR;;;;;
1.2241;1;2241;EWP-3351-10-PA-220;CWP-3351-10-PA-220;CWA-3351-10;PWP-3351-10-PA-220;03351-CT-200-H2-0002-N;;;H2;PERNO MÁQUINA, ASTM A307, CON TUERCA HEXAGONAL ASTM A194 Gr. 2H Y GOLILLA PLANA, SEGÚN ASME B1.1;"3/4""";8;un;;7,8;kg;Contratista;PERNO;;;;;;;;SIN REVISAR;;;;;
1.1662;1;1662;EWP-3351-10-PA-220;CWP-3351-10-PA-220;CWA-3351-10;PWP-3351-10-PA-220;03351-RW-450-H1-0008-N;;;H1;FLANGE ADAPTADOR (STUB-END) HDPE PE100 PN6, TFW, SEGÚN ISO 9624;"14""";1;un;FALSO;4,97;kg;Contratista;FLANGE;;;;;;;;SIN REVISAR;;;;;
1.2243;1;2243;EWP-3351-10-PA-220;CWP-3351-10-PA-220;CWA-3351-10;PWP-3351-10-PA-220;03351-CT-200-H2-0002-N;;;H2;PERNO MÁQUINA, ASTM A307, CON TUERCA HEXAGONAL ASTM A194 Gr. 2H Y GOLILLA PLANA, SEGÚN ASME B1.1;"3/4""";8;un;;7,8;kg;Contratista;PERNO;;;;;;;;SIN REVISAR;;;;;
1.2244;1;2244;EWP-3351-10-PA-220;CWP-3351-10-PA-220;CWA-3351-10;PWP-3351-10-PA-220;03351-CT-200-H2-0002-N;;;H2;PERNO MÁQUINA, ASTM A307, CON TUERCA HEXAGONAL ASTM A194 Gr. 2H Y GOLILLA PLANA, SEGÚN ASME B1.1;"3/4""";8;un;;7,8;kg;Contratista;PERNO;;;;;;;;SIN REVISAR;;;;;
1.2245;1;2245;EWP-3351-10-PA-220;CWP-3351-10-PA-220;CWA-3351-10;PWP-3351-10-PA-220;03351-CT-200-H2-0002-N;;;H2;PERNO MÁQUINA, ASTM A307, CON TUERCA HEXAGONAL ASTM A194 Gr. 2H Y GOLILLA PLANA, SEGÚN ASME B1.1;"3/4""";8;un;;7,8;kg;Contratista;PERNO;;;;;;;;SIN REVISAR;;;;;
1.2246;1;2246;EWP-3351-10-PA-220;CWP-3351-10-PA-220;CWA-3351-10;PWP-3351-10-PA-220;03351-CT-200-H2-0002-N;;;H2;PERNO MÁQUINA, ASTM A307, CON TUERCA HEXAGONAL ASTM A194 Gr. 2H Y GOLILLA PLANA, SEGÚN ASME B1.1;"3/4""";8;un;;7,8;kg;Contratista;PERNO;;;;;;;;SIN REVISAR;;;;;
1.2247;1;2247;EWP-3351-10-PA-220;CWP-3351-10-PA-220;CWA-3351-10;PWP-3351-10-PA-220;03351-CT-200-H2-0002-N;;;H2;PERNO MÁQUINA, ASTM A307, CON TUERCA HEXAGONAL ASTM A194 Gr. 2H Y GOLILLA PLANA, SEGÚN ASME B1.1;"3/4""";8;un;;7,8;kg;Contratista;PERNO;;;;;;;;SIN REVISAR;;;;;
1.2248;1;2248;EWP-3351-10-PA-220;CWP-3351-10-PA-220;CWA-3351-10;PWP-3351-10-PA-220;03351-CT-200-H2-0002-N;;;H2;PERNO MÁQUINA, ASTM A307, CON TUERCA HEXAGONAL ASTM A194 Gr. 2H Y GOLILLA PLANA, SEGÚN ASME B1.1;"3/4""";8;un;;7,8;kg;Contratista;PERNO;;;;;;;;SIN REVISAR;;;;;
1.2249;1;2249;EWP-3351-10-PA-220;CWP-3351-10-PA-220;CWA-3351-10;PWP-3351-10-PA-220;03351-CT-200-H2-0002-N;;;H2;PERNO MÁQUINA, ASTM A307, CON TUERCA HEXAGONAL ASTM A194 Gr. 2H Y GOLILLA PLANA, SEGÚN ASME B1.1;"3/4""";8;un;;7,8;kg;Contratista;PERNO;;;;;;;;SIN REVISAR;;;;;
1.1674;1;1674;EWP-3351-10-PA-220;CWP-3351-10-PA-220;CWA-3351-10;PWP-3351-10-PA-220;03351-RW-450-H1-0008-N;;;H1;FLANGE ADAPTADOR (STUB-END) HDPE PE100 PN6, TFW, SEGÚN ISO 9624;"14""";1;un;FALSO;4,97;kg;Contratista;FLANGE;;;;;;;;SIN REVISAR;;;;;
1.2251;1;2251;EWP-3351-10-PA-220;CWP-3351-10-PA-220;CWA-3351-10;PWP-3351-10-PA-220;03351-CT-200-H2-0002-N;;;H2;PERNO MÁQUINA, ASTM A307, CON TUERCA HEXAGONAL ASTM A194 Gr. 2H Y GOLILLA PLANA, SEGÚN ASME B1.1;"3/4""";8;un;;7,8;kg;Contratista;PERNO;;;;;;;;SIN REVISAR;;;;;
1.2252;1;2252;EWP-3351-10-PA-220;CWP-3351-10-PA-220;CWA-3351-10;PWP-3351-10-PA-220;03351-CT-200-H2-0002-N;;;H2;PERNO MÁQUINA, ASTM A307, CON TUERCA HEXAGONAL ASTM A194 Gr. 2H Y GOLILLA PLANA, SEGÚN ASME B1.1;"3/4""";8;un;;7,8;kg;Contratista;PERNO;;;;;;;;SIN REVISAR;;;;;
1.2253;1;2253;EWP-3351-10-PA-220;CWP-3351-10-PA-220;CWA-3351-10;PWP-3351-10-PA-220;03351-CT-200-H2-0002-N;;;H2;PERNO MÁQUINA, ASTM A307, CON TUERCA HEXAGONAL ASTM A194 Gr. 2H Y GOLILLA PLANA, SEGÚN ASME B1.1;"3/4""";8;un;;7,8;kg;Contratista;PERNO;;;;;;;;SIN REVISAR;;;;;
1.2254;1;2254;EWP-3351-10-PA-220;CWP-3351-10-PA-220;CWA-3351-10;PWP-3351-10-PA-220;03351-CT-200-H2-0002-N;;;H2;PERNO MÁQUINA, ASTM A307, CON TUERCA HEXAGONAL ASTM A194 Gr. 2H Y GOLILLA PLANA, SEGÚN ASME B1.1;"3/4""";8;un;;7,8;kg;Contratista;PERNO;;;;;;;;SIN REVISAR;;;;;
1.2255;1;2255;EWP-3351-10-PA-220;CWP-3351-10-PA-220;CWA-3351-10;PWP-3351-10-PA-220;03351-CT-200-H2-0002-N;;;H2;PERNO MÁQUINA, ASTM A307, CON TUERCA HEXAGONAL ASTM A194 Gr. 2H Y GOLILLA PLANA, SEGÚN ASME B1.1;"3/4""";8;un;;7,8;kg;Contratista;PERNO;;;;;;;;SIN REVISAR;;;;;
1.2256;1;2256;EWP-3351-10-PA-220;CWP-3351-10-PA-220;CWA-3351-10;PWP-3351-10-PA-220;"03351-CT-6""-C3-0023-R3";;;C3;RED. CONCÉNTRICA, ASTM A234 GR WPB, SCH STD, ASME B16.9, GE;"6""x4""";1;un;;2,95;kg;Contratista;REDUCCIÓN;;;;;;;;SIN REVISAR;;;;;
1.2257;1;2257;EWP-3351-10-PA-220;CWP-3351-10-PA-220;CWA-3351-10;PWP-3351-10-PA-220;"03351-CT-6""-C3-0018-R3";;;C3;RED. CONCÉNTRICA, ASTM A234 GR WPB, SCH STD, ASME B16.9, GE;"6""x4""";1;un;;2,95;kg;Contratista;REDUCCIÓN;;;;;;;;SIN REVISAR;;;;;
1.2258;1;2258;EWP-3351-10-PA-220;CWP-3351-10-PA-220;CWA-3351-10;PWP-3351-10-PA-220;"03351-CT-6""-C3-0021-R3";;;C3;RED. CONCÉNTRICA, ASTM A234 GR WPB, SCH STD, ASME B16.9, GE;"6""x4""";1;un;;2,95;kg;Contratista;REDUCCIÓN;;;;;;;;SIN REVISAR;;;;;
1.2259;1;2259;EWP-3351-10-PA-220;CWP-3351-10-PA-220;CWA-3351-10;PWP-3351-10-PA-220;"03351-CT-6""-C3-0021-R3";;;C3;RED. CONCÉNTRICA, ASTM A234 GR WPB, SCH STD, ASME B16.9, GE;"3""x2""";1;un;;0,73;kg;Contratista;REDUCCIÓN;;;;;;;;SIN REVISAR;;;;;
1.2260;1;2260;EWP-3351-10-PA-220;CWP-3351-10-PA-220;CWA-3351-10;PWP-3351-10-PA-220;"03351-CT-6""-C3-0023-R3";;;C3;RED. CONCÉNTRICA, ASTM A234 GR WPB, SCH STD, ASME B16.9, GE;"3""x2""";1;un;;0,73;kg;Contratista;REDUCCIÓN;;;;;;;;SIN REVISAR;;;;;
1.2261;1;2261;EWP-3351-10-PA-220;CWP-3351-10-PA-220;CWA-3351-10;PWP-3351-10-PA-220;"03351-CT-6""-C3-0018-R3";;;C3;RED. CONCÉNTRICA, ASTM A234 GR WPB, SCH STD, ASME B16.9, GE;"3""x2""";1;un;;0,73;kg;Contratista;REDUCCIÓN;;;;;;;;SIN REVISAR;;;;;
1.2262;1;2262;EWP-3351-10-PA-220;CWP-3351-10-PA-220;CWA-3351-10;PWP-3351-10-PA-220;"03351-CT-6""-C2-0047-N";;;C2;RED. EXCÉNTRICA, ASTM A234 GR WPB, SCH STD, ASME B16.9, GE;"12""x6""";1;un;;22,68;kg;Contratista;REDUCCIÓN;;;;;;;;SIN REVISAR;;;;;
1.2263;1;2263;EWP-3351-10-PA-220;CWP-3351-10-PA-220;CWA-3351-10;PWP-3351-10-PA-220;"03351-CT-6""-C3-0007-R3";;;C3;RED. EXCÉNTRICA, ASTM A234 GR WPB, SCH STD, ASME B16.9, GE;"12""x6""";1;un;;22,68;kg;Contratista;REDUCCIÓN;;;;;;;;SIN REVISAR;;;;;
1.2264;1;2264;EWP-3351-10-PA-220;CWP-3351-10-PA-220;CWA-3351-10;PWP-3351-10-PA-220;"03351-CT-6""-C3-0005-R3";;;C3;RED. EXCÉNTRICA, ASTM A234 GR WPB, SCH STD, ASME B16.9, GE;"12""x6""";1;un;;22,68;kg;Contratista;REDUCCIÓN;;;;;;;;SIN REVISAR;;;;;
1.2265;1;2265;EWP-3351-10-PA-220;CWP-3351-10-PA-220;CWA-3351-10;PWP-3351-10-PA-220;"03351-CT-6""-C3-0006-R3";;;C3;RED. EXCÉNTRICA, ASTM A234 GR WPB, SCH STD, ASME B16.9, GE;"12""x6""";1;un;;22,68;kg;Contratista;REDUCCIÓN;;;;;;;;SIN REVISAR;;;;;
1.1680;1;1680;EWP-3351-10-PA-220;CWP-3351-10-PA-220;CWA-3351-10;PWP-3351-10-PA-220;03351-RW-450-H1-0008-N;;;H1;FLANGE ADAPTADOR (STUB-END) HDPE PE100 PN6, TFW, SEGÚN ISO 9624;"14""";1;un;FALSO;4,97;kg;Contratista;FLANGE;;;;;;;;SIN REVISAR;;;;;
1.1683;1;1683;EWP-3351-10-PA-220;CWP-3351-10-PA-220;CWA-3351-10;PWP-3351-10-PA-220;03351-RW-450-H1-0008-N;;;H1;FLANGE ADAPTADOR (STUB-END) HDPE PE100 PN6, TFW, SEGÚN ISO 9624;"14""";1;un;FALSO;4,97;kg;Contratista;FLANGE;;;;;;;;SIN REVISAR;;;;;
1.1687;1;1687;EWP-3351-10-PA-220;CWP-3351-10-PA-220;CWA-3351-10;PWP-3351-10-PA-220;03351-RW-450-H1-0008-N;;;H1;FLANGE ADAPTADOR (STUB-END) HDPE PE100 PN6, TFW, SEGÚN ISO 9624;"14""";1;un;FALSO;4,97;kg;Contratista;FLANGE;;;;;;;;SIN REVISAR;;;;;
1.2269;1;2269;EWP-3351-10-PA-220;CWP-3351-10-PA-220;CWA-3351-10;PWP-3351-10-PA-220;03351-CT-200-H2-0002-N;;;H2;SADDLE, HDPE PE100 PN10, TFW;"8""x2""";1;un;;7,14;kg;Contratista;SADDLE;;;;;;;;SIN REVISAR;;;;;
1.2270;1;2270;EWP-3351-10-PA-220;CWP-3351-10-PA-220;CWA-3351-10;PWP-3351-10-PA-220;03351-CT-200-H2-0045-N;;;H2;SADDLE, HDPE PE100 PN10, TFW;"8""x2""";1;un;;7,14;kg;Contratista;SADDLE;;;;;;;;SIN REVISAR;;;;;
1.2271;1;2271;EWP-3351-10-PA-220;CWP-3351-10-PA-220;CWA-3351-10;PWP-3351-10-PA-220;03351-CT-200-H2-0002-N;;;H2;SADDLE, HDPE PE100 PN10, TFW;"8""x3""x8""";1;un;;7,14;kg;Contratista;SADDLE;;;;;;;;SIN REVISAR;;;;;
1.2272;1;2272;EWP-3351-10-PA-220;CWP-3351-10-PA-220;CWA-3351-10;PWP-3351-10-PA-220;"03351-GW-1""-C1-0043-N";;;C1;TAPÓN, ASTM A105, CLASE 3000, ASME B16.11, SW;"1""";1;un;;0,44;kg;Contratista;TAPÓN;;;;;;;;SIN REVISAR;;;;;
1.2273;1;2273;EWP-3351-10-PA-220;CWP-3351-10-PA-220;CWA-3351-10;PWP-3351-10-PA-220;03351-CT-200-H2-0002-N;;;H2;TEE 45°, HDPE PE100 PN6, TFW, ISO 4427-3;"8""";1;un;;4,72;kg;Contratista;TEE;;;;;;;;SIN REVISAR;;;;;
1.2274;1;2274;EWP-3351-10-PA-220;CWP-3351-10-PA-220;CWA-3351-10;PWP-3351-10-PA-220;"03351-CT-6""-C3-0021-R3";;;C3;TEE LATERAL 45°, ASTM A53 GR B, AWWA C208, GE, SCH.STD;"6""";1;un;;9,48;kg;Contratista;TEE;;;;;;;;SIN REVISAR;;;;;
1.2275;1;2275;EWP-3351-10-PA-220;CWP-3351-10-PA-220;CWA-3351-10;PWP-3351-10-PA-220;"03351-CT-6""-C3-0023-R3";;;C3;TEE LATERAL 45°, ASTM A53 GR B, AWWA C208, GE, SCH.STD;"6""";1;un;;9,48;kg;Contratista;TEE;;;;;;;;SIN REVISAR;;;;;
1.2276;1;2276;EWP-3351-10-PA-220;CWP-3351-10-PA-220;CWA-3351-10;PWP-3351-10-PA-220;"03351-CT-6""-C3-0018-R3";;;C3;TEE LATERAL 45°, ASTM A53 GR B, AWWA C208, GE, SCH.STD;"6""";1;un;;9,48;kg;Contratista;TEE;;;;;;;;SIN REVISAR;;;;;
1.2277;1;2277;EWP-3351-10-PA-220;CWP-3351-10-PA-220;CWA-3351-10;PWP-3351-10-PA-220;"03351-CT-6""-C3-0021-R3";;;C3;TEE RECTA, ASTM A234 WBP, ASME B16.9, GE, SCH. STD;"6""";1;un;;11,66;kg;Contratista;TEE;;;;;;;;SIN REVISAR;;;;;
1.2278;1;2278;EWP-3351-10-PA-220;CWP-3351-10-PA-220;CWA-3351-10;PWP-3351-10-PA-220;"03351-CT-6""-C3-0018-R3";;;C3;TEE RECTA, ASTM A234 WBP, ASME B16.9, GE, SCH. STD;"6""";1;un;;11,66;kg;Contratista;TEE;;;;;;;;SIN REVISAR;;;;;
1.2279;1;2279;EWP-3351-10-PA-220;CWP-3351-10-PA-220;CWA-3351-10;PWP-3351-10-PA-220;03351-CT-200-H2-0002-N;;;H2;TEE RECTA, HDPE PE100 PN10, TFW, ISO 4427-3;"8""";1;un;;4,72;kg;Contratista;TEE;;;;;;;;SIN REVISAR;;;;;
1.2280;1;2280;EWP-3351-10-PA-220;CWP-3351-10-PA-220;CWA-3351-10;PWP-3351-10-PA-220;03351-CT-200-H2-0045-N;;;H2;TEE RECTA, HDPE PE100 PN10, TFW, ISO 4427-3;"8""";1;un;;4,72;kg;Contratista;TEE;;;;;;;;SIN REVISAR;;;;;
1.1703;1;1703;EWP-3351-10-PA-220;CWP-3351-10-PA-220;CWA-3351-10;PWP-3351-10-PA-220;03351-RW-450-H1-0008-N;;;H1;FLANGE ADAPTADOR (STUB-END) HDPE PE100 PN6, TFW, SEGÚN ISO 9624;"14""";1;un;FALSO;4,97;kg;Contratista;FLANGE;;;;;;;;SIN REVISAR;;;;;
1.2282;1;2282;EWP-3351-10-PA-220;CWP-3351-10-PA-220;CWA-3351-10;PWP-3351-10-PA-220;"03351-CT-6""-C11-0001-N";;;C11;TEE REDUCCIÓN, ASTM A234 GR WPB, SCH STD, ASME B16.9, BW;"6""x3""";1;un;;32,9;kg;Contratista;TEE;;;;;;;;SIN REVISAR;;;;;
1.2283;1;2283;EWP-3351-10-PA-220;CWP-3351-10-PA-220;CWA-3351-10;PWP-3351-10-PA-220;"03351-PW-6""-C1-0013-N";;;C1;TEE REDUCCIÓN, ASTM A234 GR WPB, SCH STD, ASME B16.9, BW;"6""x4""x6""";1;un;;32,9;kg;Contratista;TEE;;;;;;;;SIN REVISAR;;;;;
1.2284;1;2284;EWP-3351-10-PA-220;CWP-3351-10-PA-220;CWA-3351-10;PWP-3351-10-PA-220;"03351-CT-6""-C3-0018-R3";;;C3;TEE REDUCCIÓN, ASTM A234 WBP, ASME B16.9, GE, SCH.STD;"6""x3""x6""";1;un;;26,5;kg;Contratista;TEE;;;;;;;;SIN REVISAR;;;;;
1.2285;1;2285;EWP-3351-10-PA-220;CWP-3351-10-PA-220;CWA-3351-10;PWP-3351-10-PA-220;"03351-CT-6""-C3-0021-R3";;;C3;TEE REDUCCIÓN, ASTM A234 WBP, ASME B16.9, GE, SCH.STD;"6""x3""x6""";1;un;;26,5;kg;Contratista;TEE;;;;;;;;SIN REVISAR;;;;;
1.2286;1;2286;EWP-3351-10-PA-220;CWP-3351-10-PA-220;CWA-3351-10;PWP-3351-10-PA-220;"03351-CT-6""-C3-0021-R3";;;C3;TEE REDUCCIÓN, ASTM A234 WBP, ASME B16.9, GE, SCH.STD;"4""x3""x4""";1;un;;11,6;kg;Contratista;TEE;;;;;;;;SIN REVISAR;;;;;
1.2287;1;2287;EWP-3351-10-PA-220;CWP-3351-10-PA-220;CWA-3351-10;PWP-3351-10-PA-220;"03351-CT-6""-C3-0018-R3";;;C3;TEE REDUCCIÓN, ASTM A234 WBP, ASME B16.9, GE, SCH.STD;"6""x3""";1;un;;26,5;kg;Contratista;TEE;;;;;;;;SIN REVISAR;;;;;
1.2288;1;2288;EWP-3351-10-PA-220;CWP-3351-10-PA-220;CWA-3351-10;PWP-3351-10-PA-220;"03351-CT-6""-C3-0018-R3";;;C3;TEE REDUCCIÓN, ASTM A234 WBP, ASME B16.9, GE, SCH.STD;"4""x3""";1;un;;11,6;kg;Contratista;TEE;;;;;;;;SIN REVISAR;;;;;
1.2289;1;2289;EWP-3351-10-PA-220;CWP-3351-10-PA-220;CWA-3351-10;PWP-3351-10-PA-220;"03351-CT-6""-C3-0023-R3";;;C3;TEE REDUCCIÓN, ASTM A234 WBP, ASME B16.9, GE, SCH.STD;"6""x3""";1;un;;26,5;kg;Contratista;TEE;;;;;;;;SIN REVISAR;;;;;
1.2290;1;2290;EWP-3351-10-PA-220;CWP-3351-10-PA-220;CWA-3351-10;PWP-3351-10-PA-220;"03351-CT-6""-C3-0005-R3";;;C3;TEE REDUCCIÓN, ASTM A234 WBP, ASME B16.9, GE, SCH.STD;"6""x3""";1;un;;26,5;kg;Contratista;TEE;;;;;;;;SIN REVISAR;;;;;
1.2291;1;2291;EWP-3351-10-PA-220;CWP-3351-10-PA-220;CWA-3351-10;PWP-3351-10-PA-220;"03351-CT-6""-C3-0023-R3";;;C3;TEE REDUCCIÓN, ASTM A234 WBP, ASME B16.9, GE, SCH.STD;"4""x3""x4""";1;un;;11,6;kg;Contratista;TEE;;;;;;;;SIN REVISAR;;;;;
1.2292;1;2292;EWP-3351-10-PA-220;CWP-3351-10-PA-220;CWA-3351-10;PWP-3351-10-PA-220;"03351-CT-6""-C3-0021-R3";;;C3;TEE REDUCCIÓN, ASTM A234 WBP, ASME B16.9, GE, SCH.STD;"6""x3""x6""";1;un;;26,5;kg;Contratista;TEE;;;;;;;;SIN REVISAR;;;;;
1.2293;1;2293;EWP-3351-10-PA-220;CWP-3351-10-PA-220;CWA-3351-10;PWP-3351-10-PA-220;"03351-CT-6""-C3-0023-R3";;;C3;TEE REDUCCIÓN, ASTM A234 WBP, ASME B16.9, GE, SCH.STD;"6""x3""x6""";1;un;;26,5;kg;Contratista;TEE;;;;;;;;SIN REVISAR;;;;;
1.2294;1;2294;EWP-3351-10-PA-220;CWP-3351-10-PA-220;CWA-3351-10;PWP-3351-10-PA-220;"03351-CT-6""-C3-0021-R3";;;C3;TEE REDUCCIÓN, ASTM A234 WBP, ASME B16.9, GE, SCH.STD;"6""x3""";1;un;;26,5;kg;Contratista;TEE;;;;;;;;SIN REVISAR;;;;;
1.2295;1;2295;EWP-3351-10-PA-220;CWP-3351-10-PA-220;CWA-3351-10;PWP-3351-10-PA-220;"03351-CT-6""-C3-0021-R3";;;C3;TEE REDUCCIÓN, ASTM A234 WBP, ASME B16.9, GE, SCH.STD;"6""x3""x6""";1;un;;26,5;kg;Contratista;TEE;;;;;;;;SIN REVISAR;;;;;
1.2296;1;2296;EWP-3351-10-PA-220;CWP-3351-10-PA-220;CWA-3351-10;PWP-3351-10-PA-220;"03351-CT-6""-C3-0006-R3";;;C3;TEE REDUCCIÓN, ASTM A234 WBP, ASME B16.9, GE, SCH.STD;"6""x3""";1;un;;26,5;kg;Contratista;TEE;;;;;;;;SIN REVISAR;;;;;
1.2297;1;2297;EWP-3351-10-PA-220;CWP-3351-10-PA-220;CWA-3351-10;PWP-3351-10-PA-220;"03351-CT-6""-C3-0046-R3";;;C3;TEE REDUCCIÓN, ASTM A234 WBP, ASME B16.9, GE, SCH.STD;"6""x3""x6""";1;un;;26,5;kg;Contratista;TEE;;;;;;;;SIN REVISAR;;;;;
1.2298;1;2298;EWP-3351-10-PA-220;CWP-3351-10-PA-220;CWA-3351-10;PWP-3351-10-PA-220;"03351-CT-6""-C3-0046-R3";;;C3;TEE REDUCCIÓN, ASTM A234 WBP, ASME B16.9, GE, SCH.STD;"6""x3""x6""";1;un;;26,5;kg;Contratista;TEE;;;;;;;;SIN REVISAR;;;;;
1.2299;1;2299;EWP-3351-10-PA-220;CWP-3351-10-PA-220;CWA-3351-10;PWP-3351-10-PA-220;"03351-CT-6""-C3-0007-R3";;;C3;TEE REDUCCIÓN, ASTM A234 WBP, ASME B16.9, GE, SCH.STD;"6""x3""x6""";1;un;;26,5;kg;Contratista;TEE;;;;;;;;SIN REVISAR;;;;;
1.2300;1;2300;EWP-3351-10-PA-220;CWP-3351-10-PA-220;CWA-3351-10;PWP-3351-10-PA-220;"03351-CT-6""-C3-0023-R3";;;C3;TEE REDUCCIÓN, ASTM A234 WBP, ASME B16.9, GE, SCH.STD;"3""x2""";1;un;;6,2;kg;Contratista;TEE;;;;;;;;SIN REVISAR;;;;;
1.2301;1;2301;EWP-3351-10-PA-220;CWP-3351-10-PA-220;CWA-3351-10;PWP-3351-10-PA-220;"03351-CT-6""-C3-0021-R3";;;C3;TEE REDUCCIÓN, ASTM A234 WBP, ASME B16.9, GE, SCH.STD;"3""x2""";1;un;;6,2;kg;Contratista;TEE;;;;;;;;SIN REVISAR;;;;;
1.2302;1;2302;EWP-3351-10-PA-220;CWP-3351-10-PA-220;CWA-3351-10;PWP-3351-10-PA-220;"03351-CT-6""-C3-0018-R3";;;C3;TEE REDUCCIÓN, ASTM A234 WBP, ASME B16.9, GE, SCH.STD;"3""x2""";1;un;;6,2;kg;Contratista;TEE;;;;;;;;SIN REVISAR;;;;;
1.2303;1;2303;EWP-3351-10-PA-220;CWP-3351-10-PA-220;CWA-3351-10;PWP-3351-10-PA-220;"03351-CT-6""-C3-0018-R3";;;C3;TEE REDUCCIÓN, ASTM A234 WBP, ASME B16.9, GE, SCH.STD;"6""x3""";1;un;;26,5;kg;Contratista;TEE;;;;;;;;SIN REVISAR;;;;;
1.2304;1;2304;EWP-3351-10-PA-220;CWP-3351-10-PA-220;CWA-3351-10;PWP-3351-10-PA-220;"03351-CT-6""-C3-0018-R3";;;C3;TEE REDUCCIÓN, ASTM A234 WBP, ASME B16.9, GE, SCH.STD;"6""x3""x6""";1;un;;26,5;kg;Contratista;TEE;;;;;;;;SIN REVISAR;;;;;
1.2305;1;2305;EWP-3351-10-PA-220;CWP-3351-10-PA-220;CWA-3351-10;PWP-3351-10-PA-220;"03351-GW-1""-C1-0035-N";;;C1;TEE, ASTM A197, ASME B16.3 CLASS 150, NPT SEGÚN ASME B1.20.1;"1""";1;un;;2,5;kg;Contratista;TEE;;;;;;;;SIN REVISAR;;;;;
1.2306;1;2306;EWP-3351-10-PA-220;CWP-3351-10-PA-220;CWA-3351-10;PWP-3351-10-PA-220;"03351-PW-2""-C1-0025-N";;;C1;TEE, ASTM A197, ASME B16.3 CLASS 150, NPT SEGÚN ASME B1.20.1;"2""";1;un;;6,75;kg;Contratista;TEE;;;;;;;;SIN REVISAR;;;;;
1.2307;1;2307;EWP-3351-10-PA-220;CWP-3351-10-PA-220;CWA-3351-10;PWP-3351-10-PA-220;"03351-PW-2""-C1-0054-N";;;C1;TEE, ASTM A197, ASME B16.3 CLASS 150, NPT SEGÚN ASME B1.20.1;"2""";1;un;;6,75;kg;Contratista;TEE;;;;;;;;SIN REVISAR;;;;;
1.2308;1;2308;EWP-3351-10-PA-220;CWP-3351-10-PA-220;CWA-3351-10;PWP-3351-10-PA-220;"03351-GW-1""-C1-0033-N";;;C1;TEE, ASTM A197, ASME B16.3 CLASS 150, NPT SEGÚN ASME B1.20.1;"1""";1;un;;2,5;kg;Contratista;TEE;;;;;;;;SIN REVISAR;;;;;
1.2309;1;2309;EWP-3351-10-PA-220;CWP-3351-10-PA-220;CWA-3351-10;PWP-3351-10-PA-220;"03351-GW-1""-C1-0031-N";;;C1;TEE, ASTM A197, ASME B16.3 CLASS 150, NPT SEGÚN ASME B1.20.1;"3/4""";1;un;;1,88;kg;Contratista;TEE;;;;;;;;SIN REVISAR;;;;;
1.2310;1;2310;EWP-3351-10-PA-220;CWP-3351-10-PA-220;CWA-3351-10;PWP-3351-10-PA-220;"03351-GW-1""-C1-0031-N";;;C1;TEE, ASTM A197, ASME B16.3 CLASS 150, NPT SEGÚN ASME B1.20.1;"1""";1;un;;2,5;kg;Contratista;TEE;;;;;;;;SIN REVISAR;;;;;
1.2311;1;2311;EWP-3351-10-PA-220;CWP-3351-10-PA-220;CWA-3351-10;PWP-3351-10-PA-220;"03351-GW-1""-C1-0033-N";;;C1;TEE, ASTM A197, ASME B16.3 CLASS 150, NPT SEGÚN ASME B1.20.1;"3/4""";1;un;;1,88;kg;Contratista;TEE;;;;;;;;SIN REVISAR;;;;;
1.2312;1;2312;EWP-3351-10-PA-220;CWP-3351-10-PA-220;CWA-3351-10;PWP-3351-10-PA-220;"03351-GW-1""-C1-0031-N";;;C1;TEE, ASTM A197, ASME B16.3 CLASS 150, NPT SEGÚN ASME B1.20.1;"1""";1;un;;2,5;kg;Contratista;TEE;;;;;;;;SIN REVISAR;;;;;
1.2313;1;2313;EWP-3351-10-PA-220;CWP-3351-10-PA-220;CWA-3351-10;PWP-3351-10-PA-220;"03351-GW-1""-C1-0033-N";;;C1;TEE, ASTM A197, ASME B16.3 CLASS 150, NPT SEGÚN ASME B1.20.1;"1""";1;un;;2,5;kg;Contratista;TEE;;;;;;;;SIN REVISAR;;;;;
1.2314;1;2314;EWP-3351-10-PA-220;CWP-3351-10-PA-220;CWA-3351-10;PWP-3351-10-PA-220;"03351-GW-1""-C1-0031-N";;;C1;TEE, ASTM A197, ASME B16.3 CLASS 150, NPT SEGÚN ASME B1.20.1;"1""";1;un;;2,5;kg;Contratista;TEE;;;;;;;;SIN REVISAR;;;;;
1.2315;1;2315;EWP-3351-10-PA-220;CWP-3351-10-PA-220;CWA-3351-10;PWP-3351-10-PA-220;"03351-PW-2""-C1-0039-N";;;C1;TEE, ASTM A197, ASME B16.3 CLASS 150, NPT SEGÚN ASME B1.20.1;"2""";1;un;;6,75;kg;Contratista;TEE;;;;;;;;SIN REVISAR;;;;;
1.2316;1;2316;EWP-3351-10-PA-220;CWP-3351-10-PA-220;CWA-3351-10;PWP-3351-10-PA-220;"03351-GW-1""-C1-0043-N";;;C1;TEE, ASTM A197, ASME B16.3 CLASS 150, NPT SEGÚN ASME B1.20.1;"1""";1;un;;2,5;kg;Contratista;TEE;;;;;;;;SIN REVISAR;;;;;
1.2317;1;2317;EWP-3351-10-PA-220;CWP-3351-10-PA-220;CWA-3351-10;PWP-3351-10-PA-220;"03351-PW-2""-C1-0025-N";;;C1;TEE, ASTM A197, ASME B16.3 CLASS 150, NPT SEGÚN ASME B1.20.1;"2""";1;un;;6,75;kg;Contratista;TEE;;;;;;;;SIN REVISAR;;;;;
1.2318;1;2318;EWP-3351-10-PA-220;CWP-3351-10-PA-220;CWA-3351-10;PWP-3351-10-PA-220;"03351-GW-1""-C1-0043-N";;;C1;TEE, ASTM A197, ASME B16.3 CLASS 150, NPT SEGÚN ASME B1.20.1;"1""";1;un;;2,5;kg;Contratista;TEE;;;;;;;;SIN REVISAR;;;;;
1.2319;1;2319;EWP-3351-10-PA-220;CWP-3351-10-PA-220;CWA-3351-10;PWP-3351-10-PA-220;"03351-GW-2""-C1-0040-N";;;C1;TEE, ASTM A197, ASME B16.3 CLASS 150, NPT SEGÚN ASME B1.20.1;"2""";1;un;;6,75;kg;Contratista;TEE;;;;;;;;SIN REVISAR;;;;;
1.2320;1;2320;EWP-3351-10-PA-220;CWP-3351-10-PA-220;CWA-3351-10;PWP-3351-10-PA-220;"03351-GW-1""-C1-0035-N";;;C1;TEE, ASTM A197, ASME B16.3 CLASS 150, NPT SEGÚN ASME B1.20.1;"3/4""";1;un;;1,88;kg;Contratista;TEE;;;;;;;;SIN REVISAR;;;;;
1.2321;1;2321;EWP-3351-10-PA-220;CWP-3351-10-PA-220;CWA-3351-10;PWP-3351-10-PA-220;"03351-GW-1""-C1-0035-N";;;C1;TEE, ASTM A197, ASME B16.3 CLASS 150, NPT SEGÚN ASME B1.20.1;"1""";1;un;;2,5;kg;Contratista;TEE;;;;;;;;SIN REVISAR;;;;;
1.2322;1;2322;EWP-3351-10-PA-220;CWP-3351-10-PA-220;CWA-3351-10;PWP-3351-10-PA-220;"03351-GW-1""-C1-0035-N";;;C1;TEE, ASTM A197, ASME B16.3 CLASS 150, NPT SEGÚN ASME B1.20.1;"1""";1;un;;2,5;kg;Contratista;TEE;;;;;;;;SIN REVISAR;;;;;
1.2323;1;2323;EWP-3351-10-PA-220;CWP-3351-10-PA-220;CWA-3351-10;PWP-3351-10-PA-220;"03351-GW-1""-C1-0043-N";;;C1;TEE, ASTM A197, ASME B16.3 CLASS 150, NPT SEGÚN ASME B1.20.1;"1""";1;un;;2,5;kg;Contratista;TEE;;;;;;;;SIN REVISAR;;;;;
1.2324;1;2324;EWP-3351-10-PA-220;CWP-3351-10-PA-220;CWA-3351-10;PWP-3351-10-PA-220;"03351-GW-1""-C1-0033-N";;;C1;TEE, ASTM A197, ASME B16.3 CLASS 150, NPT SEGÚN ASME B1.20.1;"1""";1;un;;2,5;kg;Contratista;TEE;;;;;;;;SIN REVISAR;;;;;
1.2325;1;2325;EWP-3351-10-PA-220;CWP-3351-10-PA-220;CWA-3351-10;PWP-3351-10-PA-220;"03351-PW-2""-C1-0090-N";;;C1;TEE, ASTM A197, ASME B16.3 CLASS 150, NPT SEGÚN ASME B1.20.1;"2""";1;un;;6,75;kg;Contratista;TEE;;;;;;;;SIN REVISAR;;;;;
1.2326;1;2326;EWP-3351-10-PA-220;CWP-3351-10-PA-220;CWA-3351-10;PWP-3351-10-PA-220;"03351-PW-2""-C1-0054-N";;;C1;TEE, ASTM A197, ASME B16.3 CLASS 150, NPT SEGÚN ASME B1.20.1;"2""";1;un;;6,75;kg;Contratista;TEE;;;;;;;;SIN REVISAR;;;;;
1.2327;1;2327;EWP-3351-10-PA-220;CWP-3351-10-PA-220;CWA-3351-10;PWP-3351-10-PA-220;"03351-PW-2""-C1-0039-N";;;C1;TEE, ASTM A197, ASME B16.3 CLASS 150, NPT SEGÚN ASME B1.20.1;"2""";1;un;;6,75;kg;Contratista;TEE;;;;;;;;SIN REVISAR;;;;;
1.2328;1;2328;EWP-3351-10-PA-220;CWP-3351-10-PA-220;CWA-3351-10;PWP-3351-10-PA-220;"03351-PW-2""-C1-0014-N";;;C1;TEE, ASTM A197, ASME B16.3 CLASS 150, NPT SEGÚN ASME B1.20.1;"2""";1;un;;6,75;kg;Contratista;TEE;;;;;;;;SIN REVISAR;;;;;
1.2329;1;2329;EWP-3351-10-PA-220;CWP-3351-10-PA-220;CWA-3351-10;PWP-3351-10-PA-220;"03351-GW-1""-C1-0043-N";;;C1;TEE, ASTM A197, ASME B16.3 CLASS 150, NPT SEGÚN ASME B1.20.1;"1""";1;un;;2,5;kg;Contratista;TEE;;;;;;;;SIN REVISAR;;;;;
1.2330;1;2330;EWP-3351-10-PA-220;CWP-3351-10-PA-220;CWA-3351-10;PWP-3351-10-PA-220;"03351-PW-2""-C1-0025-N";;;C1;TEE, ASTM A197, ASME B16.3 CLASS 150, NPT SEGÚN ASME B1.20.1;"2""";1;un;;6,75;kg;Contratista;TEE;;;;;;;;SIN REVISAR;;;;;
1.2331;1;2331;EWP-3351-10-PA-220;CWP-3351-10-PA-220;CWA-3351-10;PWP-3351-10-PA-220;"03351-PW-2""-C1-0082-N";;;C1;TEE, ASTM A197, ASME B16.3 CLASS 150, NPT SEGÚN ASME B1.20.1;"2""";1;un;;6,75;kg;Contratista;TEE;;;;;;;;SIN REVISAR;;;;;
1.2332;1;2332;EWP-3351-10-PA-220;CWP-3351-10-PA-220;CWA-3351-10;PWP-3351-10-PA-220;"03351-GW-1""-C1-0043-N";;;C1;TEE, ASTM A197, ASME B16.3 CLASS 150, NPT SEGÚN ASME B1.20.1;"1""";1;un;;2,5;kg;Contratista;TEE;;;;;;;;SIN REVISAR;;;;;
1.2333;1;2333;EWP-3351-10-PA-220;CWP-3351-10-PA-220;CWA-3351-10;PWP-3351-10-PA-220;"03351-PW-2""-C1-0084-N";;;C1;TEE, ASTM A197, ASME B16.3 CLASS 150, NPT SEGÚN ASME B1.20.1;"2""";1;un;;6,75;kg;Contratista;TEE;;;;;;;;SIN REVISAR;;;;;
1.2334;1;2334;EWP-3351-10-PA-220;CWP-3351-10-PA-220;CWA-3351-10;PWP-3351-10-PA-220;"03351-PW-2""-C1-0049-N";;;C1;TEE, ASTM A197, ASME B16.3 CLASS 150, NPT SEGÚN ASME B1.20.1;"2""";1;un;;6,75;kg;Contratista;TEE;;;;;;;;SIN REVISAR;;;;;
1.2335;1;2335;EWP-3351-10-PA-220;CWP-3351-10-PA-220;CWA-3351-10;PWP-3351-10-PA-220;"03351-PW-2""-C1-0048-N";;;C1;TEE, ASTM A197, ASME B16.3 CLASS 150, NPT SEGÚN ASME B1.20.1;"2""";1;un;;6,75;kg;Contratista;TEE;;;;;;;;SIN REVISAR;;;;;
1.2336;1;2336;EWP-3351-10-PA-220;CWP-3351-10-PA-220;CWA-3351-10;PWP-3351-10-PA-220;"03351-PW-2""-C1-0049-N";;;C1;TEE, ASTM A197, ASME B16.3 CLASS 150, NPT SEGÚN ASME B1.20.1;"2""";1;un;;6,75;kg;Contratista;TEE;;;;;;;;SIN REVISAR;;;;;
1.2337;1;2337;EWP-3351-10-PA-220;CWP-3351-10-PA-220;CWA-3351-10;PWP-3351-10-PA-220;"03351-PW-2""-C1-0048-N";;;C1;TEE, ASTM A197, ASME B16.3 CLASS 150, NPT SEGÚN ASME B1.20.1;"2""";1;un;;6,75;kg;Contratista;TEE;;;;;;;;SIN REVISAR;;;;;
1.2338;1;2338;EWP-3351-10-PA-220;CWP-3351-10-PA-220;CWA-3351-10;PWP-3351-10-PA-220;"03351-GW-2""-C1-0095-N";;;C1;TEE, ASTM A197, ASME B16.3 CLASS 150, NPT SEGÚN ASME B1.20.1;"2""";1;un;;6,75;kg;Contratista;TEE;;;;;;;;SIN REVISAR;;;;;
1.2339;1;2339;EWP-3351-10-PA-220;CWP-3351-10-PA-220;CWA-3351-10;PWP-3351-10-PA-220;"03351-GW-2""-C1-0095-N";;;C1;TEE, ASTM A197, ASME B16.3 CLASS 150, NPT SEGÚN ASME B1.20.1;"3/4""";1;un;;1,88;kg;Contratista;TEE;;;;;;;;SIN REVISAR;;;;;
1.2340;1;2340;EWP-3351-10-PA-220;CWP-3351-10-PA-220;CWA-3351-10;PWP-3351-10-PA-220;"03351-PW-4""-C1-0016-N";;;C1;TEE, ASTM A234 GR WPB, SCH STD, ASME B16.9, BW;"4""";1;un;;13,22;kg;Contratista;TEE;;;;;;;;SIN REVISAR;;;;;
1.2341;1;2341;EWP-3351-10-PA-220;CWP-3351-10-PA-220;CWA-3351-10;PWP-3351-10-PA-220;"03351-PW-6""-C1-0013-N";;;C1;TEE, ASTM A234 GR WPB, SCH STD, ASME B16.9, BW;"6""";1;un;;36,33;kg;Contratista;TEE;;;;;;;;SIN REVISAR;;;;;
1.2342;1;2342;EWP-3351-10-PA-220;CWP-3351-10-PA-220;CWA-3351-10;PWP-3351-10-PA-220;"03351-PW-4""-C1-0016-N";;;C1;TEE, ASTM A234 GR WPB, SCH STD, ASME B16.9, BW;"4""";1;un;;13,22;kg;Contratista;TEE;;;;;;;;SIN REVISAR;;;;;
1.2343;1;2343;EWP-3351-10-PA-220;CWP-3351-10-PA-220;CWA-3351-10;PWP-3351-10-PA-220;"03351-CT-6""-C3-0021-R3";;;C3;TRANSMISOR INDICADOR DE PRESION, CONEXION FLANGE   CL150, RF;"2""";1;un;;-;kg;Contratista;TRANSMISOR INDICADOR DE PRESION;;;;;;;;SIN REVISAR;;;;;
1.2344;1;2344;EWP-3351-10-PA-220;CWP-3351-10-PA-220;CWA-3351-10;PWP-3351-10-PA-220;"03351-CT-6""-C3-0018-R3";;;C3;TRANSMISOR INDICADOR DE PRESION, CONEXION FLANGE   CL150, RF;"2""";1;un;;-;kg;Contratista;TRANSMISOR INDICADOR DE PRESION;;;;;;;;SIN REVISAR;;;;;
1.2345;1;2345;EWP-3351-10-PA-220;CWP-3351-10-PA-220;CWA-3351-10;PWP-3351-10-PA-220;"03351-CT-6""-C3-0023-R3";;;C3;TRANSMISOR INDICADOR DE PRESION, CONEXION FLANGE   CL150, RF;"2""";1;un;;-;kg;Contratista;TRANSMISOR INDICADOR DE PRESION;;;;;;;;SIN REVISAR;;;;;
1.2346;1;2346;EWP-3351-10-PA-220;CWP-3351-10-PA-220;CWA-3351-10;PWP-3351-10-PA-220;"03351-GW-2""-C1-0095-N";;;C1;TRANSMISOR INDICADOR DE PRESION, CONEXION FLANGE   CL150, RF;"2""";1;un;;-;kg;Contratista;TRANSMISOR INDICADOR DE PRESION;;;;;;;;SIN REVISAR;;;;;
1.2347;1;2347;EWP-3351-10-PA-220;CWP-3351-10-PA-220;CWA-3351-10;PWP-3351-10-PA-220;03351-CT-200-H2-0002-N;;;H2;TUBERÍA HDPE PE100 PN10, ISO 4427-2, EXTREMOSPLANOS PARA TERMOFUSIÓN;"8""";2,65;m;;18,88;kg;Contratista;TUBERÍA HDPE;;;;;;;;SIN REVISAR;;;;;
1.2348;1;2348;EWP-3351-10-PA-220;CWP-3351-10-PA-220;CWA-3351-10;PWP-3351-10-PA-220;03351-CT-200-H2-0002-N;;;H2;TUBERÍA HDPE PE100 PN10, ISO 4427-2, EXTREMOSPLANOS PARA TERMOFUSIÓN;"8""";2,03;m;;14,43;kg;Contratista;TUBERÍA HDPE;;;;;;;;SIN REVISAR;;;;;
1.2349;1;2349;EWP-3351-10-PA-220;CWP-3351-10-PA-220;CWA-3351-10;PWP-3351-10-PA-220;03351-CT-200-H2-0002-N;;;H2;TUBERÍA HDPE PE100 PN10, ISO 4427-2, EXTREMOSPLANOS PARA TERMOFUSIÓN;"8""";2,71;m;;19,27;kg;Contratista;TUBERÍA HDPE;;;;;;;;SIN REVISAR;;;;;
1.2350;1;2350;EWP-3351-10-PA-220;CWP-3351-10-PA-220;CWA-3351-10;PWP-3351-10-PA-220;TIE-IN 03351-004;;;-;TUBERÍA HDPE PE100 PN10, ISO 4427-2, EXTREMOSPLANOS PARA TERMOFUSIÓN;"8""";0,91;m;;6,46;kg;Contratista;TUBERÍA HDPE;;;;;;;;SIN REVISAR;;;;;
1.2351;1;2351;EWP-3351-10-PA-220;CWP-3351-10-PA-220;CWA-3351-10;PWP-3351-10-PA-220;03351-CT-200-H2-0045-N;;;H2;TUBERÍA HDPE PE100 PN10, ISO 4427-2, EXTREMOSPLANOS PARA TERMOFUSIÓN;"8""";0,11;m;;0,81;kg;Contratista;TUBERÍA HDPE;;;;;;;;SIN REVISAR;;;;;
1.2352;1;2352;EWP-3351-10-PA-220;CWP-3351-10-PA-220;CWA-3351-10;PWP-3351-10-PA-220;03351-CT-200-H2-0002-N;;;H2;TUBERÍA HDPE PE100 PN10, ISO 4427-2, EXTREMOSPLANOS PARA TERMOFUSIÓN;"8""";1,87;m;;13,29;kg;Contratista;TUBERÍA HDPE;;;;;;;;SIN REVISAR;;;;;
1.2353;1;2353;EWP-3351-10-PA-220;CWP-3351-10-PA-220;CWA-3351-10;PWP-3351-10-PA-220;03351-CT-200-H2-0002-N;;;H2;TUBERÍA HDPE PE100 PN10, ISO 4427-2, EXTREMOSPLANOS PARA TERMOFUSIÓN;"8""";2,35;m;;16,73;kg;Contratista;TUBERÍA HDPE;;;;;;;;SIN REVISAR;;;;;
1.2354;1;2354;EWP-3351-10-PA-220;CWP-3351-10-PA-220;CWA-3351-10;PWP-3351-10-PA-220;03351-CT-200-H2-0002-N;;;H2;TUBERÍA HDPE PE100 PN10, ISO 4427-2, EXTREMOSPLANOS PARA TERMOFUSIÓN;"8""";0,11;m;;0,81;kg;Contratista;TUBERÍA HDPE;;;;;;;;SIN REVISAR;;;;;
1.2355;1;2355;EWP-3351-10-PA-220;CWP-3351-10-PA-220;CWA-3351-10;PWP-3351-10-PA-220;03351-CT-200-H2-0002-N;;;H2;TUBERÍA HDPE PE100 PN10, ISO 4427-2, EXTREMOSPLANOS PARA TERMOFUSIÓN;"8""";0,13;m;;0,92;kg;Contratista;TUBERÍA HDPE;;;;;;;;SIN REVISAR;;;;;
1.2356;1;2356;EWP-3351-10-PA-220;CWP-3351-10-PA-220;CWA-3351-10;PWP-3351-10-PA-220;03351-CT-200-H2-0002-N;;;H2;TUBERÍA HDPE PE100 PN10, ISO 4427-2, EXTREMOSPLANOS PARA TERMOFUSIÓN;"8""";0,11;m;;0,75;kg;Contratista;TUBERÍA HDPE;;;;;;;;SIN REVISAR;;;;;
1.2357;1;2357;EWP-3351-10-PA-220;CWP-3351-10-PA-220;CWA-3351-10;PWP-3351-10-PA-220;03351-CT-200-H2-0002-N;;;H2;TUBERÍA HDPE PE100 PN10, ISO 4427-2, EXTREMOSPLANOS PARA TERMOFUSIÓN;"8""";0,5;m;;3,56;kg;Contratista;TUBERÍA HDPE;;;;;;;;SIN REVISAR;;;;;
1.2358;1;2358;EWP-3351-10-PA-220;CWP-3351-10-PA-220;CWA-3351-10;PWP-3351-10-PA-220;TIE-IN 03351-002;;;-;TUBERÍA HDPE PE100 PN10, ISO 4427-2, EXTREMOSPLANOS PARA TERMOFUSIÓN;"8""";1,61;m;;11,47;kg;Contratista;TUBERÍA HDPE;;;;;;;;SIN REVISAR;;;;;
1.2359;1;2359;EWP-3351-10-PA-220;CWP-3351-10-PA-220;CWA-3351-10;PWP-3351-10-PA-220;03351-CT-200-H2-0045-N;;;H2;TUBERÍA HDPE PE100 PN10, ISO 4427-2, EXTREMOSPLANOS PARA TERMOFUSIÓN;"8""";0,04;m;;0,26;kg;Contratista;TUBERÍA HDPE;;;;;;;;SIN REVISAR;;;;;
1.2360;1;2360;EWP-3351-10-PA-220;CWP-3351-10-PA-220;CWA-3351-10;PWP-3351-10-PA-220;03351-CT-200-H2-0002-N;;;H2;TUBERÍA HDPE PE100 PN10, ISO 4427-2, EXTREMOSPLANOS PARA TERMOFUSIÓN;"8""";0,04;m;;0,26;kg;Contratista;TUBERÍA HDPE;;;;;;;;SIN REVISAR;;;;;
1.2361;1;2361;EWP-3351-10-PA-220;CWP-3351-10-PA-220;CWA-3351-10;PWP-3351-10-PA-220;03351-CT-200-H2-0045-N;;;H2;TUBERÍA HDPE PE100 PN10, ISO 4427-2, EXTREMOSPLANOS PARA TERMOFUSIÓN;"8""";0,08;m;;0,55;kg;Contratista;TUBERÍA HDPE;;;;;;;;SIN REVISAR;;;;;
1.2362;1;2362;EWP-3351-10-PA-220;CWP-3351-10-PA-220;CWA-3351-10;PWP-3351-10-PA-220;03351-CT-200-H2-0002-N;;;H2;TUBERÍA HDPE PE100 PN10, ISO 4427-2, EXTREMOSPLANOS PARA TERMOFUSIÓN;"8""";0,14;m;;0,97;kg;Contratista;TUBERÍA HDPE;;;;;;;;SIN REVISAR;;;;;
1.2363;1;2363;EWP-3351-10-PA-220;CWP-3351-10-PA-220;CWA-3351-10;PWP-3351-10-PA-220;03351-CT-200-H2-0045-N;;;H2;TUBERÍA HDPE PE100 PN10, ISO 4427-2, EXTREMOSPLANOS PARA TERMOFUSIÓN;"8""";0,1;m;;0,71;kg;Contratista;TUBERÍA HDPE;;;;;;;;SIN REVISAR;;;;;
1.2364;1;2364;EWP-3351-10-PA-220;CWP-3351-10-PA-220;CWA-3351-10;PWP-3351-10-PA-220;03351-CT-200-H2-0002-N;;;H2;TUBERÍA HDPE PE100 PN10, ISO 4427-2, EXTREMOSPLANOS PARA TERMOFUSIÓN;"8""";9,95;m;;70,84;kg;Contratista;TUBERÍA HDPE;;;;;;;;SIN REVISAR;;;;;
1.2365;1;2365;EWP-3351-10-PA-220;CWP-3351-10-PA-220;CWA-3351-10;PWP-3351-10-PA-220;03351-CT-200-H2-0002-N;;;H2;TUBERÍA HDPE PE100 PN10, ISO 4427-2, EXTREMOSPLANOS PARA TERMOFUSIÓN;"3""";0,22;m;;1,47;kg;Contratista;TUBERÍA HDPE;;;;;;;;SIN REVISAR;;;;;
1.2366;1;2366;EWP-3351-10-PA-220;CWP-3351-10-PA-220;CWA-3351-10;PWP-3351-10-PA-220;03351-CT-200-H2-0045-N;;;H2;TUBERÍA HDPE PE100 PN10, ISO 4427-2, EXTREMOSPLANOS PARA TERMOFUSIÓN;"8""";0,1;m;;0,71;kg;Contratista;TUBERÍA HDPE;;;;;;;;SIN REVISAR;;;;;
1.2367;1;2367;EWP-3351-10-PA-220;CWP-3351-10-PA-220;CWA-3351-10;PWP-3351-10-PA-220;03351-CT-200-H2-0002-N;;;H2;TUBERÍA HDPE PE100 PN10, ISO 4427-2, EXTREMOSPLANOS PARA TERMOFUSIÓN;"8""";2,05;m;;14,6;kg;Contratista;TUBERÍA HDPE;;;;;;;;SIN REVISAR;;;;;
1.2368;1;2368;EWP-3351-10-PA-220;CWP-3351-10-PA-220;CWA-3351-10;PWP-3351-10-PA-220;TIE-IN 03351-002;;;-;TUBERÍA HDPE PE100 PN10, ISO 4427-2, EXTREMOSPLANOS PARA TERMOFUSIÓN;"8""";0,92;m;;6,54;kg;Contratista;TUBERÍA HDPE;;;;;;;;SIN REVISAR;;;;;
1.2369;1;2369;EWP-3351-10-PA-220;CWP-3351-10-PA-220;CWA-3351-10;PWP-3351-10-PA-220;TIE-IN 03351-004;;;-;TUBERÍA HDPE PE100 PN10, ISO 4427-2, EXTREMOSPLANOS PARA TERMOFUSIÓN;"8""";1,62;m;;11,55;kg;Contratista;TUBERÍA HDPE;;;;;;;;SIN REVISAR;;;;;
1.2370;1;2370;EWP-3351-10-PA-220;CWP-3351-10-PA-220;CWA-3351-10;PWP-3351-10-PA-220;03351-CT-200-H2-0002-N;;;H2;TUBERÍA HDPE PE100 PN10, ISO 4427-2, EXTREMOSPLANOS PARA TERMOFUSIÓN;"8""";0,03;m;;0,21;kg;Contratista;TUBERÍA HDPE;;;;;;;;SIN REVISAR;;;;;
1.2371;1;2371;EWP-3351-10-PA-220;CWP-3351-10-PA-220;CWA-3351-10;PWP-3351-10-PA-220;03351-CT-200-H2-0002-N;;;H2;TUBERÍA HDPE PE100 PN10, ISO 4427-2, EXTREMOSPLANOS PARA TERMOFUSIÓN;"8""";0,73;m;;5,22;kg;Contratista;TUBERÍA HDPE;;;;;;;;SIN REVISAR;;;;;
1.2372;1;2372;EWP-3351-10-PA-220;CWP-3351-10-PA-220;CWA-3351-10;PWP-3351-10-PA-220;03351-CT-200-H2-0002-N;;;H2;TUBERÍA HDPE PE100 PN10, ISO 4427-2, EXTREMOSPLANOS PARA TERMOFUSIÓN;"8""";0,74;m;;5,25;kg;Contratista;TUBERÍA HDPE;;;;;;;;SIN REVISAR;;;;;
1.2373;1;2373;EWP-3351-10-PA-220;CWP-3351-10-PA-220;CWA-3351-10;PWP-3351-10-PA-220;03351-CT-200-H2-0002-N;;;H2;TUBERÍA HDPE PE100 PN10, ISO 4427-2, EXTREMOSPLANOS PARA TERMOFUSIÓN;"8""";0,4;m;;2,84;kg;Contratista;TUBERÍA HDPE;;;;;;;;SIN REVISAR;;;;;
1.2374;1;2374;EWP-3351-10-PA-220;CWP-3351-10-PA-220;CWA-3351-10;PWP-3351-10-PA-220;03351-CT-200-H2-0002-N;;;H2;TUBERÍA HDPE PE100 PN10, ISO 4427-2, EXTREMOSPLANOS PARA TERMOFUSIÓN;"8""";4,3;m;;30,65;kg;Contratista;TUBERÍA HDPE;;;;;;;;SIN REVISAR;;;;;
1.2375;1;2375;EWP-3351-10-PA-220;CWP-3351-10-PA-220;CWA-3351-10;PWP-3351-10-PA-220;03351-CT-200-H2-0002-N;;;H2;TUBERÍA HDPE PE100 PN10, ISO 4427-2, EXTREMOSPLANOS PARA TERMOFUSIÓN;"8""";11,63;m;;82,77;kg;Contratista;TUBERÍA HDPE;;;;;;;;SIN REVISAR;;;;;
1.2376;1;2376;EWP-3351-10-PA-220;CWP-3351-10-PA-220;CWA-3351-10;PWP-3351-10-PA-220;03351-CT-200-H2-0002-N;;;H2;TUBERÍA HDPE PE100 PN10, ISO 4427-2, EXTREMOSPLANOS PARA TERMOFUSIÓN;"8""";0,09;m;;0,66;kg;Contratista;TUBERÍA HDPE;;;;;;;;SIN REVISAR;;;;;
1.2377;1;2377;EWP-3351-10-PA-220;CWP-3351-10-PA-220;CWA-3351-10;PWP-3351-10-PA-220;03351-CT-200-H2-0002-N;;;H2;TUBERÍA HDPE PE100 PN10, ISO 4427-2, EXTREMOSPLANOS PARA TERMOFUSIÓN;"8""";0,06;m;;0,45;kg;Contratista;TUBERÍA HDPE;;;;;;;;SIN REVISAR;;;;;
1.2378;1;2378;EWP-3351-10-PA-220;CWP-3351-10-PA-220;CWA-3351-10;PWP-3351-10-PA-220;03351-CT-200-H2-0002-N;;;H2;TUBERÍA HDPE PE100 PN10, ISO 4427-2, EXTREMOSPLANOS PARA TERMOFUSIÓN;"8""";0,07;m;;0,51;kg;Contratista;TUBERÍA HDPE;;;;;;;;SIN REVISAR;;;;;
1.2379;1;2379;EWP-3351-10-PA-220;CWP-3351-10-PA-220;CWA-3351-10;PWP-3351-10-PA-220;03351-CT-200-H2-0002-N;;;H2;TUBERÍA HDPE PE100 PN10, ISO 4427-2, EXTREMOSPLANOS PARA TERMOFUSIÓN;"8""";0,84;m;;6;kg;Contratista;TUBERÍA HDPE;;;;;;;;SIN REVISAR;;;;;
1.2380;1;2380;EWP-3351-10-PA-220;CWP-3351-10-PA-220;CWA-3351-10;PWP-3351-10-PA-220;03351-CT-200-H2-0002-N;;;H2;TUBERÍA HDPE PE100 PN10, ISO 4427-2, EXTREMOSPLANOS PARA TERMOFUSIÓN;"8""";0,04;m;;0,32;kg;Contratista;TUBERÍA HDPE;;;;;;;;SIN REVISAR;;;;;
1.2381;1;2381;EWP-3351-10-PA-220;CWP-3351-10-PA-220;CWA-3351-10;PWP-3351-10-PA-220;03351-CT-200-H2-0002-N;;;H2;TUBERÍA HDPE PE100 PN10, ISO 4427-2, EXTREMOSPLANOS PARA TERMOFUSIÓN;"8""";3,11;m;;22,14;kg;Contratista;TUBERÍA HDPE;;;;;;;;SIN REVISAR;;;;;
1.2382;1;2382;EWP-3351-10-PA-220;CWP-3351-10-PA-220;CWA-3351-10;PWP-3351-10-PA-220;03351-CT-200-H2-0002-N;;;H2;TUBERÍA HDPE PE100 PN10, ISO 4427-2, EXTREMOSPLANOS PARA TERMOFUSIÓN;"8""";10,91;m;;77,7;kg;Contratista;TUBERÍA HDPE;;;;;;;;SIN REVISAR;;;;;
1.2383;1;2383;EWP-3351-10-PA-220;CWP-3351-10-PA-220;CWA-3351-10;PWP-3351-10-PA-220;03351-CT-200-H2-0002-N;;;H2;TUBERÍA HDPE PE100 PN10, ISO 4427-2, EXTREMOSPLANOS PARA TERMOFUSIÓN;"8""";2,25;m;;16,03;kg;Contratista;TUBERÍA HDPE;;;;;;;;SIN REVISAR;;;;;
1.2384;1;2384;EWP-3351-10-PA-220;CWP-3351-10-PA-220;CWA-3351-10;PWP-3351-10-PA-220;03351-CT-200-H2-0002-N;;;H2;TUBERÍA HDPE PE100 PN10, ISO 4427-2, EXTREMOSPLANOS PARA TERMOFUSIÓN;"8""";0,03;m;;0,22;kg;Contratista;TUBERÍA HDPE;;;;;;;;SIN REVISAR;;;;;
1.2385;1;2385;EWP-3351-10-PA-220;CWP-3351-10-PA-220;CWA-3351-10;PWP-3351-10-PA-220;03351-CT-200-H2-0002-N;;;H2;TUBERÍA HDPE PE100 PN10, ISO 4427-2, EXTREMOSPLANOS PARA TERMOFUSIÓN;"8""";3,3;m;;23,5;kg;Contratista;TUBERÍA HDPE;;;;;;;;SIN REVISAR;;;;;
1.2386;1;2386;EWP-3351-10-PA-220;CWP-3351-10-PA-220;CWA-3351-10;PWP-3351-10-PA-220;03351-CT-200-H2-0002-N;;;H2;TUBERÍA HDPE PE100 PN10, ISO 4427-2, EXTREMOSPLANOS PARA TERMOFUSIÓN;"8""";4,84;m;;34,44;kg;Contratista;TUBERÍA HDPE;;;;;;;;SIN REVISAR;;;;;
1.2387;1;2387;EWP-3351-10-PA-220;CWP-3351-10-PA-220;CWA-3351-10;PWP-3351-10-PA-220;03351-CT-200-H2-0002-N;;;H2;TUBERÍA HDPE PE100 PN10, ISO 4427-2, EXTREMOSPLANOS PARA TERMOFUSIÓN;"8""";8,19;m;;58,34;kg;Contratista;TUBERÍA HDPE;;;;;;;;SIN REVISAR;;;;;
1.2388;1;2388;EWP-3351-10-PA-220;CWP-3351-10-PA-220;CWA-3351-10;PWP-3351-10-PA-220;03351-CT-200-H2-0002-N;;;H2;TUBERÍA HDPE PE100 PN10, ISO 4427-2, EXTREMOSPLANOS PARA TERMOFUSIÓN;"8""";0,04;m;;0,27;kg;Contratista;TUBERÍA HDPE;;;;;;;;SIN REVISAR;;;;;
1.2389;1;2389;EWP-3351-10-PA-220;CWP-3351-10-PA-220;CWA-3351-10;PWP-3351-10-PA-220;03351-CT-200-H2-0002-N;;;H2;TUBERÍA HDPE PE100 PN10, ISO 4427-2, EXTREMOSPLANOS PARA TERMOFUSIÓN;"8""";0,04;m;;0,32;kg;Contratista;TUBERÍA HDPE;;;;;;;;SIN REVISAR;;;;;
1.2390;1;2390;EWP-3351-10-PA-220;CWP-3351-10-PA-220;CWA-3351-10;PWP-3351-10-PA-220;03351-CT-200-H2-0002-N;;;H2;TUBERÍA HDPE PE100 PN10, ISO 4427-2, EXTREMOSPLANOS PARA TERMOFUSIÓN;"8""";0,03;m;;0,19;kg;Contratista;TUBERÍA HDPE;;;;;;;;SIN REVISAR;;;;;
1.2391;1;2391;EWP-3351-10-PA-220;CWP-3351-10-PA-220;CWA-3351-10;PWP-3351-10-PA-220;03351-CT-200-H2-0002-N;;;H2;TUBERÍA HDPE PE100 PN10, ISO 4427-2, EXTREMOSPLANOS PARA TERMOFUSIÓN;"8""";12;m;;85,44;kg;Contratista;TUBERÍA HDPE;;;;;;;;SIN REVISAR;;;;;
1.2392;1;2392;EWP-3351-10-PA-220;CWP-3351-10-PA-220;CWA-3351-10;PWP-3351-10-PA-220;03351-CT-200-H2-0002-N;;;H2;TUBERÍA HDPE PE100 PN10, ISO 4427-2, EXTREMOSPLANOS PARA TERMOFUSIÓN;"8""";12;m;;85,44;kg;Contratista;TUBERÍA HDPE;;;;;;;;SIN REVISAR;;;;;
1.2393;1;2393;EWP-3351-10-PA-220;CWP-3351-10-PA-220;CWA-3351-10;PWP-3351-10-PA-220;03351-CT-200-H2-0002-N;;;H2;TUBERÍA HDPE PE100 PN10, ISO 4427-2, EXTREMOSPLANOS PARA TERMOFUSIÓN;"8""";0,11;m;;0,76;kg;Contratista;TUBERÍA HDPE;;;;;;;;SIN REVISAR;;;;;
1.2394;1;2394;EWP-3351-10-PA-220;CWP-3351-10-PA-220;CWA-3351-10;PWP-3351-10-PA-220;03351-CT-200-H2-0002-N;;;H2;TUBERÍA HDPE PE100 PN10, ISO 4427-2, EXTREMOSPLANOS PARA TERMOFUSIÓN;"8""";9,73;m;;69,3;kg;Contratista;TUBERÍA HDPE;;;;;;;;SIN REVISAR;;;;;
1.2395;1;2395;EWP-3351-10-PA-220;CWP-3351-10-PA-220;CWA-3351-10;PWP-3351-10-PA-220;03351-CT-200-H2-0002-N;;;H2;TUBERÍA HDPE PE100 PN10, ISO 4427-2, EXTREMOSPLANOS PARA TERMOFUSIÓN;"8""";3,23;m;;22,97;kg;Contratista;TUBERÍA HDPE;;;;;;;;SIN REVISAR;;;;;
1.2396;1;2396;EWP-3351-10-PA-220;CWP-3351-10-PA-220;CWA-3351-10;PWP-3351-10-PA-220;03351-CT-200-H2-0002-N;;;H2;TUBERÍA HDPE PE100 PN10, ISO 4427-2, EXTREMOSPLANOS PARA TERMOFUSIÓN;"8""";9,98;m;;71,08;kg;Contratista;TUBERÍA HDPE;;;;;;;;SIN REVISAR;;;;;
1.2397;1;2397;EWP-3351-10-PA-220;CWP-3351-10-PA-220;CWA-3351-10;PWP-3351-10-PA-220;03351-CT-200-H2-0002-N;;;H2;TUBERÍA HDPE PE100 PN10, ISO 4427-2, EXTREMOSPLANOS PARA TERMOFUSIÓN;"8""";11,46;m;;81,59;kg;Contratista;TUBERÍA HDPE;;;;;;;;SIN REVISAR;;;;;
1.2398;1;2398;EWP-3351-10-PA-220;CWP-3351-10-PA-220;CWA-3351-10;PWP-3351-10-PA-220;03351-CT-200-H2-0002-N;;;H2;TUBERÍA HDPE PE100 PN10, ISO 4427-2, EXTREMOSPLANOS PARA TERMOFUSIÓN;"8""";1,85;m;;13,14;kg;Contratista;TUBERÍA HDPE;;;;;;;;SIN REVISAR;;;;;
1.2399;1;2399;EWP-3351-10-PA-220;CWP-3351-10-PA-220;CWA-3351-10;PWP-3351-10-PA-220;03351-CT-200-H2-0002-N;;;H2;TUBERÍA HDPE PE100 PN10, ISO 4427-2, EXTREMOSPLANOS PARA TERMOFUSIÓN;"8""";8,98;m;;63,92;kg;Contratista;TUBERÍA HDPE;;;;;;;;SIN REVISAR;;;;;
1.2400;1;2400;EWP-3351-10-PA-220;CWP-3351-10-PA-220;CWA-3351-10;PWP-3351-10-PA-220;03351-CT-200-H2-0002-N;;;H2;TUBERÍA HDPE PE100 PN10, ISO 4427-2, EXTREMOSPLANOS PARA TERMOFUSIÓN;"8""";0,63;m;;4,52;kg;Contratista;TUBERÍA HDPE;;;;;;;;SIN REVISAR;;;;;
1.2401;1;2401;EWP-3351-10-PA-220;CWP-3351-10-PA-220;CWA-3351-10;PWP-3351-10-PA-220;03351-CT-200-H2-0002-N;;;H2;TUBERÍA HDPE PE100 PN10, ISO 4427-2, EXTREMOSPLANOS PARA TERMOFUSIÓN;"8""";0,09;m;;0,62;kg;Contratista;TUBERÍA HDPE;;;;;;;;SIN REVISAR;;;;;
1.2402;1;2402;EWP-3351-10-PA-220;CWP-3351-10-PA-220;CWA-3351-10;PWP-3351-10-PA-220;03351-CT-200-H2-0002-N;;;H2;TUBERÍA HDPE PE100 PN10, ISO 4427-2, EXTREMOSPLANOS PARA TERMOFUSIÓN;"8""";9,11;m;;64,89;kg;Contratista;TUBERÍA HDPE;;;;;;;;SIN REVISAR;;;;;
1.1756;1;1756;EWP-3351-10-PA-220;CWP-3351-10-PA-220;CWA-3351-10;PWP-3351-10-PA-220;03351-RW-450-H1-0008-N;;;H1;FLANGE CIEGO, ASTM A105, ASME B16.5 CLASE 150 FF;"14""";1;un;FALSO;139;kg;Contratista;FLANGE;;;;;;;;SIN REVISAR;;;;;
1.1776;1;1776;EWP-3351-10-PA-220;CWP-3351-10-PA-220;CWA-3351-10;PWP-3351-10-PA-220;03351-RW-450-H1-0008-N;;;H1;FLANGE RESPALDO, ASTM A36, PERFORACIONES AWWA C207 CLASE E, APTO PARA FLANGE ADAPTADOR DE HDPE PE100 PN6;"18""";1;un;FALSO;24,96;kg;Contratista;FLANGE;;;;;;;;SIN REVISAR;;;;;
1.2405;1;2405;EWP-3351-10-PA-220;CWP-3351-10-PA-220;CWA-3351-10;PWP-3351-10-PA-220;03351-CT-400-H1-0058-N;;;H1;TUBERÍA HDPE PE100 PN6, ISO 4427-2, EXTREMOS PLANOSPARA TERMOFUSIÓN;"16""";11;m;;311,3;kg;Contratista;TUBERÍA HDPE;;;;;;;;SIN REVISAR;;;;;
1.2406;1;2406;EWP-3351-10-PA-220;CWP-3351-10-PA-220;CWA-3351-10;PWP-3351-10-PA-220;03351-CT-200-H2-0002-N;;;H2;TUBERÍA HDPE PE100 PN6, ISO 4427-2, EXTREMOS PLANOSPARA TERMOFUSIÓN;"8""";0,12;m;;0,85;kg;Contratista;TUBERÍA HDPE;;;;;;;;SIN REVISAR;;;;;
1.2407;1;2407;EWP-3351-10-PA-220;CWP-3351-10-PA-220;CWA-3351-10;PWP-3351-10-PA-220;03351-CT-400-H1-0057-N;;;H1;TUBERÍA HDPE PE100 PN6, ISO 4427-2, EXTREMOS PLANOSPARA TERMOFUSIÓN;"16""";11;m;;311,3;kg;Contratista;TUBERÍA HDPE;;;;;;;;SIN REVISAR;;;;;
1.1785;1;1785;EWP-3351-10-PA-220;CWP-3351-10-PA-220;CWA-3351-10;PWP-3351-10-PA-220;03351-RW-450-H1-0008-N;;;H1;FLANGE RESPALDO, ASTM A36, PERFORACIONES AWWA C207 CLASE E, APTO PARA FLANGE ADAPTADOR DE HDPE PE100 PN6;"14""";1;un;FALSO;14,8;kg;Contratista;FLANGE;;;;;;;;SIN REVISAR;;;;;
1.1791;1;1791;EWP-3351-10-PA-220;CWP-3351-10-PA-220;CWA-3351-10;PWP-3351-10-PA-220;03351-RW-450-H1-0008-N;;;H1;FLANGE RESPALDO, ASTM A36, PERFORACIONES AWWA C207 CLASE E, APTO PARA FLANGE ADAPTADOR DE HDPE PE100 PN6;"14""";1;un;FALSO;14,8;kg;Contratista;FLANGE;;;;;;;;SIN REVISAR;;;;;
1.1802;1;1802;EWP-3351-10-PA-220;CWP-3351-10-PA-220;CWA-3351-10;PWP-3351-10-PA-220;03351-RW-450-H1-0008-N;;;H1;FLANGE RESPALDO, ASTM A36, PERFORACIONES AWWA C207 CLASE E, APTO PARA FLANGE ADAPTADOR DE HDPE PE100 PN6;"14""";1;un;FALSO;14,8;kg;Contratista;FLANGE;;;;;;;;SIN REVISAR;;;;;
1.1823;1;1823;EWP-3351-10-PA-220;CWP-3351-10-PA-220;CWA-3351-10;PWP-3351-10-PA-220;03351-RW-450-H1-0008-N;;;H1;FLANGE RESPALDO, ASTM A36, PERFORACIONES AWWA C207 CLASE E, APTO PARA FLANGE ADAPTADOR DE HDPE PE100 PN6;"14""";1;un;FALSO;14,8;kg;Contratista;FLANGE;;;;;;;;SIN REVISAR;;;;;
1.1824;1;1824;EWP-3351-10-PA-220;CWP-3351-10-PA-220;CWA-3351-10;PWP-3351-10-PA-220;03351-RW-450-H1-0008-N;;;H1;FLANGE RESPALDO, ASTM A36, PERFORACIONES AWWA C207 CLASE E, APTO PARA FLANGE ADAPTADOR DE HDPE PE100 PN6;"14""";1;un;FALSO;14,8;kg;Contratista;FLANGE;;;;;;;;SIN REVISAR;;;;;
1.2413;1;2413;EWP-3351-10-PA-220;CWP-3351-10-PA-220;CWA-3351-10;PWP-3351-10-PA-220;03351-CT-400-H1-0058-N;;;H1;TUBERÍA HDPE PE100 PN6, ISO 4427-2, EXTREMOS PLANOSPARA TERMOFUSIÓN;"16""";0,42;m;;11,89;kg;Contratista;TUBERÍA HDPE;;;;;;;;SIN REVISAR;;;;;
1.1826;1;1826;EWP-3351-10-PA-220;CWP-3351-10-PA-220;CWA-3351-10;PWP-3351-10-PA-220;03351-RW-450-H1-0008-N;;;H1;FLANGE RESPALDO, ASTM A36, PERFORACIONES AWWA C207 CLASE E, APTO PARA FLANGE ADAPTADOR DE HDPE PE100 PN6;"14""";1;un;FALSO;14,8;kg;Contratista;FLANGE;;;;;;;;SIN REVISAR;;;;;
1.1827;1;1827;EWP-3351-10-PA-220;CWP-3351-10-PA-220;CWA-3351-10;PWP-3351-10-PA-220;03351-RW-450-H1-0008-N;;;H1;FLANGE RESPALDO, ASTM A36, PERFORACIONES AWWA C207 CLASE E, APTO PARA FLANGE ADAPTADOR DE HDPE PE100 PN6;"14""";1;un;FALSO;14,8;kg;Contratista;FLANGE;;;;;;;;SIN REVISAR;;;;;
1.2416;1;2416;EWP-3351-10-PA-220;CWP-3351-10-PA-220;CWA-3351-10;PWP-3351-10-PA-220;03351-CT-400-H1-0058-N;;;H1;TUBERÍA HDPE PE100 PN6, ISO 4427-2, EXTREMOS PLANOSPARA TERMOFUSIÓN;"16""";0,03;m;;0,71;kg;Contratista;TUBERÍA HDPE;;;;;;;;SIN REVISAR;;;;;
1.2417;1;2417;EWP-3351-10-PA-220;CWP-3351-10-PA-220;CWA-3351-10;PWP-3351-10-PA-220;03351-CT-400-H1-0057-N;;;H1;TUBERÍA HDPE PE100 PN6, ISO 4427-2, EXTREMOS PLANOSPARA TERMOFUSIÓN;"16""";0,42;m;;11,89;kg;Contratista;TUBERÍA HDPE;;;;;;;;SIN REVISAR;;;;;
1.2418;1;2418;EWP-3351-10-PA-220;CWP-3351-10-PA-220;CWA-3351-10;PWP-3351-10-PA-220;03351-CT-200-H2-0002-N;;;H2;TUBERÍA HDPE PE100 PN6, ISO 4427-2, EXTREMOS PLANOSPARA TERMOFUSIÓN;"8""";0,12;m;;0,85;kg;Contratista;TUBERÍA HDPE;;;;;;;;SIN REVISAR;;;;;
1.1839;1;1839;EWP-3351-10-PA-220;CWP-3351-10-PA-220;CWA-3351-10;PWP-3351-10-PA-220;03351-RW-450-H1-0008-N;;;H1;FLANGE RESPALDO, ASTM A36, PERFORACIONES AWWA C207 CLASE E, APTO PARA FLANGE ADAPTADOR DE HDPE PE100 PN6;"14""";1;un;FALSO;14,8;kg;Contratista;FLANGE;;;;;;;;SIN REVISAR;;;;;
1.1853;1;1853;EWP-3351-10-PA-220;CWP-3351-10-PA-220;CWA-3351-10;PWP-3351-10-PA-220;03351-RW-450-H1-0008-N;;;H1;FLANGE RESPALDO, ASTM A36, PERFORACIONES AWWA C207 CLASE E, APTO PARA FLANGE ADAPTADOR DE HDPE PE100 PN6;"14""";1;un;FALSO;14,8;kg;Contratista;FLANGE;;;;;;;;SIN REVISAR;;;;;
1.1955;1;1955;EWP-3351-10-PA-220;CWP-3351-10-PA-220;CWA-3351-10;PWP-3351-10-PA-220;03351-RW-450-H1-0008-N;;;H1;JUNTA DE EXPANSIÓN FUELLES DE NBR, CON REFUERZOS EN TELA DE NILON E HILO DE ACERO TRENZADO, BRIDAS ASTM A 536 65-45-12, CLASE 150, HDPE;"18""";1;un;FALSO;-;kg;Contratista;JUNTA DE EXPANSIÓN;;;;;;;;SIN REVISAR;;;;;
1.2198;1;2198;EWP-3351-10-PA-220;CWP-3351-10-PA-220;CWA-3351-10;PWP-3351-10-PA-220;03351-RW-450-H1-0008-N;;;H1;PERNO MÁQUINA, ASTM A307, CON TUERCA HEXAGONAL ASTM A194 Gr. 2H Y GOLILLA PLANA, SEGÚN ASME B1.1;"1 1/8""";16;un;FALSO;46,6;kg;Contratista;PERNO;;;;;;;;SIN REVISAR;;;;;
1.2215;1;2215;EWP-3351-10-PA-220;CWP-3351-10-PA-220;CWA-3351-10;PWP-3351-10-PA-220;03351-RW-450-H1-0008-N;;;H1;PERNO MÁQUINA, ASTM A307, CON TUERCA HEXAGONAL ASTM A194 Gr. 2H Y GOLILLA PLANA, SEGÚN ASME B1.1;"1""";12;un;FALSO;25,4;kg;Contratista;PERNO;;;;;;;;SIN REVISAR;;;;;
1.2228;1;2228;EWP-3351-10-PA-220;CWP-3351-10-PA-220;CWA-3351-10;PWP-3351-10-PA-220;03351-RW-450-H1-0008-N;;;H1;PERNO MÁQUINA, ASTM A307, CON TUERCA HEXAGONAL ASTM A194 Gr. 2H Y GOLILLA PLANA, SEGÚN ASME B1.1;"1""";12;un;FALSO;25,4;kg;Contratista;PERNO;;;;;;;;SIN REVISAR;;;;;
1.2425;1;2425;EWP-3351-10-PA-220;CWP-3351-10-PA-220;CWA-3351-10;PWP-3351-10-PA-220;03351-CT-400-H1-0057-N;;;H1;TUBERÍA HDPE PE100 PN6, ISO 4427-2, EXTREMOS PLANOSPARA TERMOFUSIÓN;"16""";0,03;m;;0,71;kg;Contratista;TUBERÍA HDPE;;;;;;;;SIN REVISAR;;;;;
1.2238;1;2238;EWP-3351-10-PA-220;CWP-3351-10-PA-220;CWA-3351-10;PWP-3351-10-PA-220;03351-RW-450-H1-0008-N;;;H1;PERNO MÁQUINA, ASTM A307, CON TUERCA HEXAGONAL ASTM A194 Gr. 2H Y GOLILLA PLANA, SEGÚN ASME B1.1;"1""";12;un;FALSO;25,4;kg;Contratista;PERNO;;;;;;;;SIN REVISAR;;;;;
1.2242;1;2242;EWP-3351-10-PA-220;CWP-3351-10-PA-220;CWA-3351-10;PWP-3351-10-PA-220;03351-RW-450-H1-0008-N;;;H1;PERNO MÁQUINA, ASTM A307, CON TUERCA HEXAGONAL ASTM A194 Gr. 2H Y GOLILLA PLANA, SEGÚN ASME B1.1;"1""";12;un;FALSO;25,4;kg;Contratista;PERNO;;;;;;;;SIN REVISAR;;;;;
1.2250;1;2250;EWP-3351-10-PA-220;CWP-3351-10-PA-220;CWA-3351-10;PWP-3351-10-PA-220;03351-RW-450-H1-0008-N;;;H1;PERNO MÁQUINA, ASTM A307, CON TUERCA HEXAGONAL ASTM A194 Gr. 2H Y GOLILLA PLANA, SEGÚN ASME B1.1;"1""";12;un;FALSO;25,4;kg;Contratista;PERNO;;;;;;;;SIN REVISAR;;;;;
1.2266;1;2266;EWP-3351-10-PA-220;CWP-3351-10-PA-220;CWA-3351-10;PWP-3351-10-PA-220;03351-RW-450-H1-0008-N;;;H1;REDUCCIÓN EXCÉNTRICA, HDPE PE100 PN6, TFW, ISO 44273;"14""x10""";1;un;FALSO;-;kg;Contratista;REDUCCIÓN;;;;;;;;SIN REVISAR;;;;;
1.2267;1;2267;EWP-3351-10-PA-220;CWP-3351-10-PA-220;CWA-3351-10;PWP-3351-10-PA-220;03351-RW-450-H1-0008-N;;;H1;REDUCCIÓN EXCÉNTRICA, HDPE PE100 PN6, TFW, ISO 44273;"14""x10""";1;un;FALSO;-;kg;Contratista;REDUCCIÓN;;;;;;;;SIN REVISAR;;;;;
1.2268;1;2268;EWP-3351-10-PA-220;CWP-3351-10-PA-220;CWA-3351-10;PWP-3351-10-PA-220;03351-RW-450-H1-0008-N;;;H1;REDUCCIÓN EXCÉNTRICA, HDPE PE100 PN6, TFW, ISO 44273;"18""x14""";1;un;FALSO;-;kg;Contratista;REDUCCIÓN;;;;;;;;SIN REVISAR;;;;;
1.2408;1;2408;EWP-3351-10-PA-220;CWP-3351-10-PA-220;CWA-3351-10;PWP-3351-10-PA-220;03351-RW-450-H1-0008-N;;;H1;TUBERÍA HDPE PE100 PN6, ISO 4427-2, EXTREMOS PLANOSPARA TERMOFUSIÓN;"14""";0,11;m;FALSO;2,56;kg;Contratista;TUBERÍA HDPE;;;;;;;;SIN REVISAR;;;;;
1.2433;1;2433;EWP-3351-10-PA-220;CWP-3351-10-PA-220;CWA-3351-10;PWP-3351-10-PA-220;"03351-GW-1""-C1-0036-N";;;C1;UNION AMERICANA, ASTM A197, ASIENTO BRONCE, ASME B16.39 CLASE 150, NPT SEGÚN ASME B1.20.1;"1""";1;un;;1,64;kg;Contratista;UNION AMERICANA;;;;;;;;SIN REVISAR;;;;;
1.2434;1;2434;EWP-3351-10-PA-220;CWP-3351-10-PA-220;CWA-3351-10;PWP-3351-10-PA-220;"03351-GW-1""-C1-0043-N";;;C1;UNION AMERICANA, ASTM A197, ASIENTO BRONCE, ASME B16.39 CLASE 150, NPT SEGÚN ASME B1.20.1;"1""";1;un;;1,64;kg;Contratista;UNION AMERICANA;;;;;;;;SIN REVISAR;;;;;
1.2435;1;2435;EWP-3351-10-PA-220;CWP-3351-10-PA-220;CWA-3351-10;PWP-3351-10-PA-220;"03351-GW-1""-C1-0032-N";;;C1;UNION AMERICANA, ASTM A197, ASIENTO BRONCE, ASME B16.39 CLASE 150, NPT SEGÚN ASME B1.20.1;"1""";1;un;;1,64;kg;Contratista;UNION AMERICANA;;;;;;;;SIN REVISAR;;;;;
1.2436;1;2436;EWP-3351-10-PA-220;CWP-3351-10-PA-220;CWA-3351-10;PWP-3351-10-PA-220;"03351-GW-1""-C1-0034-N";;;C1;UNION AMERICANA, ASTM A197, ASIENTO BRONCE, ASME B16.39 CLASE 150, NPT SEGÚN ASME B1.20.1;"1""";1;un;;1,64;kg;Contratista;UNION AMERICANA;;;;;;;;SIN REVISAR;;;;;
1.2437;1;2437;EWP-3351-10-PA-220;CWP-3351-10-PA-220;CWA-3351-10;PWP-3351-10-PA-220;"03351-PW-2""-C1-0039-N";;;C1;UNION AMERICANA, ASTM A197, ASIENTO BRONCE, ASME B16.39 CLASE 150, NPT SEGÚN ASME B1.20.1;"2""";1;un;;5,12;kg;Contratista;UNION AMERICANA;;;;;;;;SIN REVISAR;;;;;
1.2438;1;2438;EWP-3351-10-PA-220;CWP-3351-10-PA-220;CWA-3351-10;PWP-3351-10-PA-220;"03351-GW-1""-C1-0043-N";;;C1;UNION AMERICANA, ASTM A197, ASIENTO BRONCE, ASME B16.39 CLASE 150, NPT SEGÚN ASME B1.20.1;"1""";1;un;;1,64;kg;Contratista;UNION AMERICANA;;;;;;;;SIN REVISAR;;;;;
1.2439;1;2439;EWP-3351-10-PA-220;CWP-3351-10-PA-220;CWA-3351-10;PWP-3351-10-PA-220;"03351-GW-1""-C1-0036-N";;;C1;UNION AMERICANA, ASTM A197, ASIENTO BRONCE, ASME B16.39 CLASE 150, NPT SEGÚN ASME B1.20.1;"1""";1;un;;1,64;kg;Contratista;UNION AMERICANA;;;;;;;;SIN REVISAR;;;;;
1.2440;1;2440;EWP-3351-10-PA-220;CWP-3351-10-PA-220;CWA-3351-10;PWP-3351-10-PA-220;"03351-GW-1""-C1-0032-N";;;C1;UNION AMERICANA, ASTM A197, ASIENTO BRONCE, ASME B16.39 CLASE 150, NPT SEGÚN ASME B1.20.1;"1""";1;un;;1,64;kg;Contratista;UNION AMERICANA;;;;;;;;SIN REVISAR;;;;;
1.2441;1;2441;EWP-3351-10-PA-220;CWP-3351-10-PA-220;CWA-3351-10;PWP-3351-10-PA-220;"03351-GW-1""-C1-0043-N";;;C1;UNION AMERICANA, ASTM A197, ASIENTO BRONCE, ASME B16.39 CLASE 150, NPT SEGÚN ASME B1.20.1;"1""";1;un;;1,64;kg;Contratista;UNION AMERICANA;;;;;;;;SIN REVISAR;;;;;
1.2442;1;2442;EWP-3351-10-PA-220;CWP-3351-10-PA-220;CWA-3351-10;PWP-3351-10-PA-220;"03351-GW-1""-C1-0034-N";;;C1;UNION AMERICANA, ASTM A197, ASIENTO BRONCE, ASME B16.39 CLASE 150, NPT SEGÚN ASME B1.20.1;"1""";1;un;;1,64;kg;Contratista;UNION AMERICANA;;;;;;;;SIN REVISAR;;;;;
1.2443;1;2443;EWP-3351-10-PA-220;CWP-3351-10-PA-220;CWA-3351-10;PWP-3351-10-PA-220;"03351-PW-2""-C1-0026-N";;;C1;UNION AMERICANA, ASTM A197, ASIENTO BRONCE, ASME B16.39 CLASE 150, NPT SEGÚN ASME B1.20.1;"2""";1;un;;5,12;kg;Contratista;UNION AMERICANA;;;;;;;;SIN REVISAR;;;;;
1.2444;1;2444;EWP-3351-10-PA-220;CWP-3351-10-PA-220;CWA-3351-10;PWP-3351-10-PA-220;"03351-PW-2""-C1-0044-N";;;C1;UNION AMERICANA, ASTM A197, ASIENTO BRONCE, ASME B16.39 CLASE 150, NPT SEGÚN ASME B1.20.1;"2""";1;un;;5,12;kg;Contratista;UNION AMERICANA;;;;;;;;SIN REVISAR;;;;;
1.2445;1;2445;EWP-3351-10-PA-220;CWP-3351-10-PA-220;CWA-3351-10;PWP-3351-10-PA-220;"03351-PW-2""-C1-0038-N";;;C1;UNION AMERICANA, ASTM A197, ASIENTO BRONCE, ASME B16.39 CLASE 150, NPT SEGÚN ASME B1.20.1;"2""";1;un;;5,12;kg;Contratista;UNION AMERICANA;;;;;;;;SIN REVISAR;;;;;
1.2446;1;2446;EWP-3351-10-PA-220;CWP-3351-10-PA-220;CWA-3351-10;PWP-3351-10-PA-220;"03351-PW-2""-C1-0082-N";;;C1;UNION AMERICANA, ASTM A197, ASIENTO BRONCE, ASME B16.39 CLASE 150, NPT SEGÚN ASME B1.20.1;"2""";1;un;;5,12;kg;Contratista;UNION AMERICANA;;;;;;;;SIN REVISAR;;;;;
1.2447;1;2447;EWP-3351-10-PA-220;CWP-3351-10-PA-220;CWA-3351-10;PWP-3351-10-PA-220;"03351-PW-2""-C1-0092-N";;;C1;UNION AMERICANA, ASTM A197, ASIENTO BRONCE, ASME B16.39 CLASE 150, NPT SEGÚN ASME B1.20.1;"2""";1;un;;5,12;kg;Contratista;UNION AMERICANA;;;;;;;;SIN REVISAR;;;;;
1.2448;1;2448;EWP-3351-10-PA-220;CWP-3351-10-PA-220;CWA-3351-10;PWP-3351-10-PA-220;"03351-GW-2""-C1-0095-N";;;C1;UNION AMERICANA, ASTM A197, ASIENTO BRONCE, ASME B16.39 CLASE 150, NPT SEGÚN ASME B1.20.1;"1""";1;un;;1,64;kg;Contratista;UNION AMERICANA;;;;;;;;SIN REVISAR;;;;;
1.2449;1;2449;EWP-3351-10-PA-220;CWP-3351-10-PA-220;CWA-3351-10;PWP-3351-10-PA-220;"03351-PW-2""-C1-0091-N";;;C1;UNION AMERICANA, ASTM A197, ASIENTO BRONCE, ASME B16.39 CLASE 150, NPT SEGÚN ASME B1.20.1;"2""";1;un;;5,12;kg;Contratista;UNION AMERICANA;;;;;;;;SIN REVISAR;;;;;
1.2450;1;2450;EWP-3351-10-PA-220;CWP-3351-10-PA-220;CWA-3351-10;PWP-3351-10-PA-220;"03351-PW-2""-C1-0084-N";;;C1;UNION AMERICANA, ASTM A197, ASIENTO BRONCE, ASME B16.39 CLASE 150, NPT SEGÚN ASME B1.20.1;"2""";1;un;;5,12;kg;Contratista;UNION AMERICANA;;;;;;;;SIN REVISAR;;;;;
1.2451;1;2451;EWP-3351-10-PA-220;CWP-3351-10-PA-220;CWA-3351-10;PWP-3351-10-PA-220;"03351-PW-2""-C1-0054-N";;;C1;UNION AMERICANA, ASTM A197, ASIENTO BRONCE, ASME B16.39 CLASE 150, NPT SEGÚN ASME B1.20.1;"2""";1;un;;5,12;kg;Contratista;UNION AMERICANA;;;;;;;;SIN REVISAR;;;;;
1.2452;1;2452;EWP-3351-10-PA-220;CWP-3351-10-PA-220;CWA-3351-10;PWP-3351-10-PA-220;"03351-CT-6""-C11-0001-N";;;C11;UNIÓN FLEXIBLE P/EXT. RANURADO, ESTILO 77 CUERPO DI ASTM A536 GR. 65-45-12, EMPAQUETDURA SELLO NBR;"6""";1;un;;12;kg;Contratista;UNIÓN FLEXIBLE;;;;;;;;SIN REVISAR;;;;;
1.2453;1;2453;EWP-3351-10-PA-220;CWP-3351-10-PA-220;CWA-3351-10;PWP-3351-10-PA-220;"03351-CT-6""-C11-0001-N";;;C11;UNIÓN FLEXIBLE P/EXT. RANURADO, ESTILO 77 CUERPO DI ASTM A536 GR. 65-45-12, EMPAQUETDURA SELLO NBR;"6""";1;un;;12;kg;Contratista;UNIÓN FLEXIBLE;;;;;;;;SIN REVISAR;;;;;
1.2454;1;2454;EWP-3351-10-PA-220;CWP-3351-10-PA-220;CWA-3351-10;PWP-3351-10-PA-220;"03351-CT-6""-C11-0001-N";;;C11;UNIÓN FLEXIBLE P/EXT. RANURADO, ESTILO 77 CUERPO DI ASTM A536 GR. 65-45-12, EMPAQUETDURA SELLO NBR;"6""";1;un;;12;kg;Contratista;UNIÓN FLEXIBLE;;;;;;;;SIN REVISAR;;;;;
1.2455;1;2455;EWP-3351-10-PA-220;CWP-3351-10-PA-220;CWA-3351-10;PWP-3351-10-PA-220;"03351-CT-6""-C11-0001-N";;;C11;UNIÓN FLEXIBLE P/EXT. RANURADO, ESTILO 77 CUERPO DI ASTM A536 GR. 65-45-12, EMPAQUETDURA SELLO NBR;"6""";1;un;;12;kg;Contratista;UNIÓN FLEXIBLE;;;;;;;;SIN REVISAR;;;;;
1.2456;1;2456;EWP-3351-10-PA-220;CWP-3351-10-PA-220;CWA-3351-10;PWP-3351-10-PA-220;"03351-CT-6""-C11-0001-N";;;C11;UNIÓN FLEXIBLE P/EXT. RANURADO, ESTILO 77 CUERPO DI ASTM A536 GR. 65-45-12, EMPAQUETDURA SELLO NBR;"6""";1;un;;12;kg;Contratista;UNIÓN FLEXIBLE;;;;;;;;SIN REVISAR;;;;;
1.2457;1;2457;EWP-3351-10-PA-220;CWP-3351-10-PA-220;CWA-3351-10;PWP-3351-10-PA-220;"03351-CT-6""-C11-0001-N";;;C11;UNIÓN FLEXIBLE P/EXT. RANURADO, ESTILO 77 CUERPO DI ASTM A536 GR. 65-45-12, EMPAQUETDURA SELLO NBR;"6""";1;un;;12;kg;Contratista;UNIÓN FLEXIBLE;;;;;;;;SIN REVISAR;;;;;
1.2458;1;2458;EWP-3351-10-PA-220;CWP-3351-10-PA-220;CWA-3351-10;PWP-3351-10-PA-220;"03351-CT-6""-C11-0001-N";;;C11;UNIÓN FLEXIBLE P/EXT. RANURADO, ESTILO 77 CUERPO DI ASTM A536 GR. 65-45-12, EMPAQUETDURA SELLO NBR;"6""";1;un;;12;kg;Contratista;UNIÓN FLEXIBLE;;;;;;;;SIN REVISAR;;;;;
1.2459;1;2459;EWP-3351-10-PA-220;CWP-3351-10-PA-220;CWA-3351-10;PWP-3351-10-PA-220;"03351-CT-6""-C11-0001-N";;;C11;UNIÓN FLEXIBLE P/EXT. RANURADO, ESTILO 77 CUERPO DI ASTM A536 GR. 65-45-12, EMPAQUETDURA SELLO NBR;"6""";1;un;;12;kg;Contratista;UNIÓN FLEXIBLE;;;;;;;;SIN REVISAR;;;;;
1.2460;1;2460;EWP-3351-10-PA-220;CWP-3351-10-PA-220;CWA-3351-10;PWP-3351-10-PA-220;"03351-CT-6""-C11-0001-N";;;C11;UNIÓN FLEXIBLE P/EXT. RANURADO, ESTILO 77 CUERPO DI ASTM A536 GR. 65-45-12, EMPAQUETDURA SELLO NBR;"6""";1;un;;12;kg;Contratista;UNIÓN FLEXIBLE;;;;;;;;SIN REVISAR;;;;;
1.2461;1;2461;EWP-3351-10-PA-220;CWP-3351-10-PA-220;CWA-3351-10;PWP-3351-10-PA-220;"03351-CT-6""-C11-0001-N";;;C11;UNIÓN FLEXIBLE P/EXT. RANURADO, ESTILO 77 CUERPO DI ASTM A536 GR. 65-45-12, EMPAQUETDURA SELLO NBR;"6""";1;un;;12;kg;Contratista;UNIÓN FLEXIBLE;;;;;;;;SIN REVISAR;;;;;
1.2462;1;2462;EWP-3351-10-PA-220;CWP-3351-10-PA-220;CWA-3351-10;PWP-3351-10-PA-220;"03351-CT-6""-C11-0001-N";;;C11;UNIÓN FLEXIBLE P/EXT. RANURADO, ESTILO 77 CUERPO DI ASTM A536 GR. 65-45-12, EMPAQUETDURA SELLO NBR;"6""";1;un;;12;kg;Contratista;UNIÓN FLEXIBLE;;;;;;;;SIN REVISAR;;;;;
1.2463;1;2463;EWP-3351-10-PA-220;CWP-3351-10-PA-220;CWA-3351-10;PWP-3351-10-PA-220;"03351-CT-6""-C11-0001-N";;;C11;UNIÓN FLEXIBLE P/EXT. RANURADO, ESTILO 77 CUERPO DI ASTM A536 GR. 65-45-12, EMPAQUETDURA SELLO NBR;"6""";1;un;;12;kg;Contratista;UNIÓN FLEXIBLE;;;;;;;;SIN REVISAR;;;;;
1.2464;1;2464;EWP-3351-10-PA-220;CWP-3351-10-PA-220;CWA-3351-10;PWP-3351-10-PA-220;"03351-CT-6""-C11-0001-N";;;C11;UNIÓN FLEXIBLE P/EXT. RANURADO, ESTILO 77 CUERPO DI ASTM A536 GR. 65-45-12, EMPAQUETDURA SELLO NBR;"6""";1;un;;12;kg;Contratista;UNIÓN FLEXIBLE;;;;;;;;SIN REVISAR;;;;;
1.2465;1;2465;EWP-3351-10-PA-220;CWP-3351-10-PA-220;CWA-3351-10;PWP-3351-10-PA-220;"03351-CT-6""-C11-0001-N";;;C11;UNIÓN FLEXIBLE P/EXT. RANURADO, ESTILO 77 CUERPO DI ASTM A536 GR. 65-45-12, EMPAQUETDURA SELLO NBR;"6""";1;un;;12;kg;Contratista;UNIÓN FLEXIBLE;;;;;;;;SIN REVISAR;;;;;
1.2466;1;2466;EWP-3351-10-PA-220;CWP-3351-10-PA-220;CWA-3351-10;PWP-3351-10-PA-220;"03351-CT-6""-C11-0001-N";;;C11;UNIÓN FLEXIBLE P/EXT. RANURADO, ESTILO 77 CUERPO DI ASTM A536 GR. 65-45-12, EMPAQUETDURA SELLO NBR;"6""";1;un;;12;kg;Contratista;UNIÓN FLEXIBLE;;;;;;;;SIN REVISAR;;;;;
1.2467;1;2467;EWP-3351-10-PA-220;CWP-3351-10-PA-220;CWA-3351-10;PWP-3351-10-PA-220;"03351-CT-6""-C11-0001-N";;;C11;UNIÓN FLEXIBLE P/EXT. RANURADO, ESTILO 77 CUERPO DI ASTM A536 GR. 65-45-12, EMPAQUETDURA SELLO NBR;"6""";1;un;;12;kg;Contratista;UNIÓN FLEXIBLE;;;;;;;;SIN REVISAR;;;;;
1.2468;1;2468;EWP-3351-10-PA-220;CWP-3351-10-PA-220;CWA-3351-10;PWP-3351-10-PA-220;"03351-CT-6""-C11-0001-N";;;C11;UNIÓN FLEXIBLE P/EXT. RANURADO, ESTILO 77 CUERPO DI ASTM A536 GR. 65-45-12, EMPAQUETDURA SELLO NBR;"6""";1;un;;12;kg;Contratista;UNIÓN FLEXIBLE;;;;;;;;SIN REVISAR;;;;;
1.2469;1;2469;EWP-3351-10-PA-220;CWP-3351-10-PA-220;CWA-3351-10;PWP-3351-10-PA-220;"03351-CT-6""-C11-0001-N";;;C11;UNIÓN FLEXIBLE P/EXT. RANURADO, ESTILO 77 CUERPO DI ASTM A536 GR. 65-45-12, EMPAQUETDURA SELLO NBR;"6""";1;un;;12;kg;Contratista;UNIÓN FLEXIBLE;;;;;;;;SIN REVISAR;;;;;
1.2470;1;2470;EWP-3351-10-PA-220;CWP-3351-10-PA-220;CWA-3351-10;PWP-3351-10-PA-220;"03351-CT-6""-C11-0001-N";;;C11;UNIÓN FLEXIBLE P/EXT. RANURADO, ESTILO 77 CUERPO DI ASTM A536 GR. 65-45-12, EMPAQUETDURA SELLO NBR;"6""";1;un;;12;kg;Contratista;UNIÓN FLEXIBLE;;;;;;;;SIN REVISAR;;;;;
1.2471;1;2471;EWP-3351-10-PA-220;CWP-3351-10-PA-220;CWA-3351-10;PWP-3351-10-PA-220;"03351-CT-6""-C11-0001-N";;;C11;UNIÓN FLEXIBLE P/EXT. RANURADO, ESTILO 77 CUERPO DI ASTM A536 GR. 65-45-12, EMPAQUETDURA SELLO NBR;"6""";1;un;;12;kg;Contratista;UNIÓN FLEXIBLE;;;;;;;;SIN REVISAR;;;;;
1.2472;1;2472;EWP-3351-10-PA-220;CWP-3351-10-PA-220;CWA-3351-10;PWP-3351-10-PA-220;"03351-CT-6""-C11-0001-N";;;C11;UNIÓN FLEXIBLE P/EXT. RANURADO, ESTILO 77 CUERPO DI ASTM A536 GR. 65-45-12, EMPAQUETDURA SELLO NBR;"6""";1;un;;12;kg;Contratista;UNIÓN FLEXIBLE;;;;;;;;SIN REVISAR;;;;;
1.2473;1;2473;EWP-3351-10-PA-220;CWP-3351-10-PA-220;CWA-3351-10;PWP-3351-10-PA-220;"03351-CT-6""-C11-0001-N";;;C11;UNIÓN FLEXIBLE P/EXT. RANURADO, ESTILO 77 CUERPO DI ASTM A536 GR. 65-45-12, EMPAQUETDURA SELLO NBR;"6""";1;un;;12;kg;Contratista;UNIÓN FLEXIBLE;;;;;;;;SIN REVISAR;;;;;
1.2474;1;2474;EWP-3351-10-PA-220;CWP-3351-10-PA-220;CWA-3351-10;PWP-3351-10-PA-220;"03351-CT-6""-C11-0001-N";;;C11;UNIÓN FLEXIBLE P/EXT. RANURADO, ESTILO 77 CUERPO DI ASTM A536 GR. 65-45-12, EMPAQUETDURA SELLO NBR;"6""";1;un;;12;kg;Contratista;UNIÓN FLEXIBLE;;;;;;;;SIN REVISAR;;;;;
1.2475;1;2475;EWP-3351-10-PA-220;CWP-3351-10-PA-220;CWA-3351-10;PWP-3351-10-PA-220;"03351-CT-6""-C11-0001-N";;;C11;UNIÓN FLEXIBLE P/EXT. RANURADO, ESTILO 77 CUERPO DI ASTM A536 GR. 65-45-12, EMPAQUETDURA SELLO NBR;"6""";1;un;;12;kg;Contratista;UNIÓN FLEXIBLE;;;;;;;;SIN REVISAR;;;;;
1.2476;1;2476;EWP-3351-10-PA-220;CWP-3351-10-PA-220;CWA-3351-10;PWP-3351-10-PA-220;"03351-CT-6""-C11-0001-N";;;C11;UNIÓN FLEXIBLE P/EXT. RANURADO, ESTILO 77 CUERPO DI ASTM A536 GR. 65-45-12, EMPAQUETDURA SELLO NBR;"6""";1;un;;12;kg;Contratista;UNIÓN FLEXIBLE;;;;;;;;SIN REVISAR;;;;;
1.2477;1;2477;EWP-3351-10-PA-220;CWP-3351-10-PA-220;CWA-3351-10;PWP-3351-10-PA-220;"03351-CT-6""-C11-0001-N";;;C11;UNIÓN FLEXIBLE P/EXT. RANURADO, ESTILO 77 CUERPO DI ASTM A536 GR. 65-45-12, EMPAQUETDURA SELLO NBR;"6""";1;un;;12;kg;Contratista;UNIÓN FLEXIBLE;;;;;;;;SIN REVISAR;;;;;
1.2478;1;2478;EWP-3351-10-PA-220;CWP-3351-10-PA-220;CWA-3351-10;PWP-3351-10-PA-220;"03351-CT-6""-C11-0001-N";;;C11;UNIÓN FLEXIBLE P/EXT. RANURADO, ESTILO 77 CUERPO DI ASTM A536 GR. 65-45-12, EMPAQUETDURA SELLO NBR;"6""";1;un;;12;kg;Contratista;UNIÓN FLEXIBLE;;;;;;;;SIN REVISAR;;;;;
1.2479;1;2479;EWP-3351-10-PA-220;CWP-3351-10-PA-220;CWA-3351-10;PWP-3351-10-PA-220;"03351-CT-6""-C11-0001-N";;;C11;UNIÓN FLEXIBLE P/EXT. RANURADO, ESTILO 77 CUERPO DI ASTM A536 GR. 65-45-12, EMPAQUETDURA SELLO NBR;"6""";1;un;;12;kg;Contratista;UNIÓN FLEXIBLE;;;;;;;;SIN REVISAR;;;;;
1.2480;1;2480;EWP-3351-10-PA-220;CWP-3351-10-PA-220;CWA-3351-10;PWP-3351-10-PA-220;"03351-CT-6""-C11-0001-N";;;C11;UNIÓN FLEXIBLE P/EXT. RANURADO, ESTILO 77 CUERPO DI ASTM A536 GR. 65-45-12, EMPAQUETDURA SELLO NBR;"6""";1;un;;12;kg;Contratista;UNIÓN FLEXIBLE;;;;;;;;SIN REVISAR;;;;;
1.2481;1;2481;EWP-3351-10-PA-220;CWP-3351-10-PA-220;CWA-3351-10;PWP-3351-10-PA-220;"03351-CT-6""-C11-0001-N";;;C11;UNIÓN FLEXIBLE P/EXT. RANURADO, ESTILO 77 CUERPO DI ASTM A536 GR. 65-45-12, EMPAQUETDURA SELLO NBR;"6""";1;un;;12;kg;Contratista;UNIÓN FLEXIBLE;;;;;;;;SIN REVISAR;;;;;
1.2482;1;2482;EWP-3351-10-PA-220;CWP-3351-10-PA-220;CWA-3351-10;PWP-3351-10-PA-220;"03351-CT-6""-C11-0001-N";;;C11;UNIÓN FLEXIBLE P/EXT. RANURADO, ESTILO 77 CUERPO DI ASTM A536 GR. 65-45-12, EMPAQUETDURA SELLO NBR;"6""";1;un;;12;kg;Contratista;UNIÓN FLEXIBLE;;;;;;;;SIN REVISAR;;;;;
1.2483;1;2483;EWP-3351-10-PA-220;CWP-3351-10-PA-220;CWA-3351-10;PWP-3351-10-PA-220;"03351-CT-6""-C11-0001-N";;;C11;UNIÓN FLEXIBLE P/EXT. RANURADO, ESTILO 77 CUERPO DI ASTM A536 GR. 65-45-12, EMPAQUETDURA SELLO NBR;"6""";1;un;;12;kg;Contratista;UNIÓN FLEXIBLE;;;;;;;;SIN REVISAR;;;;;
1.2484;1;2484;EWP-3351-10-PA-220;CWP-3351-10-PA-220;CWA-3351-10;PWP-3351-10-PA-220;"03351-CT-6""-C11-0001-N";;;C11;UNIÓN FLEXIBLE P/EXT. RANURADO, ESTILO 77 CUERPO DI ASTM A536 GR. 65-45-12, EMPAQUETDURA SELLO NBR;"6""";1;un;;12;kg;Contratista;UNIÓN FLEXIBLE;;;;;;;;SIN REVISAR;;;;;
1.2485;1;2485;EWP-3351-10-PA-220;CWP-3351-10-PA-220;CWA-3351-10;PWP-3351-10-PA-220;"03351-CT-6""-C11-0001-N";;;C11;UNIÓN FLEXIBLE P/EXT. RANURADO, ESTILO 77 CUERPO DI ASTM A536 GR. 65-45-12, EMPAQUETDURA SELLO NBR;"6""";1;un;;12;kg;Contratista;UNIÓN FLEXIBLE;;;;;;;;SIN REVISAR;;;;;
1.2486;1;2486;EWP-3351-10-PA-220;CWP-3351-10-PA-220;CWA-3351-10;PWP-3351-10-PA-220;"03351-CT-6""-C11-0001-N";;;C11;UNIÓN FLEXIBLE P/EXT. RANURADO, ESTILO 77 CUERPO DI ASTM A536 GR. 65-45-12, EMPAQUETDURA SELLO NBR;"6""";1;un;;12;kg;Contratista;UNIÓN FLEXIBLE;;;;;;;;SIN REVISAR;;;;;
1.2487;1;2487;EWP-3351-10-PA-220;CWP-3351-10-PA-220;CWA-3351-10;PWP-3351-10-PA-220;"03351-CT-6""-C11-0001-N";;;C11;UNIÓN FLEXIBLE P/EXT. RANURADO, ESTILO 77 CUERPO DI ASTM A536 GR. 65-45-12, EMPAQUETDURA SELLO NBR;"6""";1;un;;12;kg;Contratista;UNIÓN FLEXIBLE;;;;;;;;SIN REVISAR;;;;;
1.2488;1;2488;EWP-3351-10-PA-220;CWP-3351-10-PA-220;CWA-3351-10;PWP-3351-10-PA-220;"03351-CT-6""-C11-0001-N";;;C11;UNIÓN FLEXIBLE P/EXT. RANURADO, ESTILO 77 CUERPO DI ASTM A536 GR. 65-45-12, EMPAQUETDURA SELLO NBR;"6""";1;un;;12;kg;Contratista;UNIÓN FLEXIBLE;;;;;;;;SIN REVISAR;;;;;
1.2489;1;2489;EWP-3351-10-PA-220;CWP-3351-10-PA-220;CWA-3351-10;PWP-3351-10-PA-220;"03351-CT-6""-C11-0001-N";;;C11;UNIÓN FLEXIBLE P/EXT. RANURADO, ESTILO 77 CUERPO DI ASTM A536 GR. 65-45-12, EMPAQUETDURA SELLO NBR;"6""";1;un;;12;kg;Contratista;UNIÓN FLEXIBLE;;;;;;;;SIN REVISAR;;;;;
1.2490;1;2490;EWP-3351-10-PA-220;CWP-3351-10-PA-220;CWA-3351-10;PWP-3351-10-PA-220;"03351-CT-6""-C11-0001-N";;;C11;UNIÓN FLEXIBLE P/EXT. RANURADO, ESTILO 77 CUERPO DI ASTM A536 GR. 65-45-12, EMPAQUETDURA SELLO NBR;"6""";1;un;;12;kg;Contratista;UNIÓN FLEXIBLE;;;;;;;;SIN REVISAR;;;;;
1.2491;1;2491;EWP-3351-10-PA-220;CWP-3351-10-PA-220;CWA-3351-10;PWP-3351-10-PA-220;"03351-CT-6""-C11-0001-N";;;C11;UNIÓN FLEXIBLE P/EXT. RANURADO, ESTILO 77 CUERPO DI ASTM A536 GR. 65-45-12, EMPAQUETDURA SELLO NBR;"6""";1;un;;12;kg;Contratista;UNIÓN FLEXIBLE;;;;;;;;SIN REVISAR;;;;;
1.2492;1;2492;EWP-3351-10-PA-220;CWP-3351-10-PA-220;CWA-3351-10;PWP-3351-10-PA-220;"03351-CT-6""-C11-0001-N";;;C11;UNIÓN FLEXIBLE P/EXT. RANURADO, ESTILO 77 CUERPO DI ASTM A536 GR. 65-45-12, EMPAQUETDURA SELLO NBR;"6""";1;un;;12;kg;Contratista;UNIÓN FLEXIBLE;;;;;;;;SIN REVISAR;;;;;
1.2493;1;2493;EWP-3351-10-PA-220;CWP-3351-10-PA-220;CWA-3351-10;PWP-3351-10-PA-220;"03351-CT-6""-C11-0001-N";;;C11;UNIÓN FLEXIBLE P/EXT. RANURADO, ESTILO 77 CUERPO DI ASTM A536 GR. 65-45-12, EMPAQUETDURA SELLO NBR;"6""";1;un;;12;kg;Contratista;UNIÓN FLEXIBLE;;;;;;;;SIN REVISAR;;;;;
1.2494;1;2494;EWP-3351-10-PA-220;CWP-3351-10-PA-220;CWA-3351-10;PWP-3351-10-PA-220;"03351-CT-6""-C11-0001-N";;;C11;UNIÓN FLEXIBLE P/EXT. RANURADO, ESTILO 77 CUERPO DI ASTM A536 GR. 65-45-12, EMPAQUETDURA SELLO NBR;"6""";1;un;;12;kg;Contratista;UNIÓN FLEXIBLE;;;;;;;;SIN REVISAR;;;;;
1.2495;1;2495;EWP-3351-10-PA-220;CWP-3351-10-PA-220;CWA-3351-10;PWP-3351-10-PA-220;"03351-CT-6""-C11-0001-N";;;C11;UNIÓN FLEXIBLE P/EXT. RANURADO, ESTILO 77 CUERPO DI ASTM A536 GR. 65-45-12, EMPAQUETDURA SELLO NBR;"6""";1;un;;12;kg;Contratista;UNIÓN FLEXIBLE;;;;;;;;SIN REVISAR;;;;;
1.2496;1;2496;EWP-3351-10-PA-220;CWP-3351-10-PA-220;CWA-3351-10;PWP-3351-10-PA-220;"03351-CT-6""-C11-0001-N";;;C11;UNIÓN FLEXIBLE P/EXT. RANURADO, ESTILO 77 CUERPO DI ASTM A536 GR. 65-45-12, EMPAQUETDURA SELLO NBR;"6""";1;un;;12;kg;Contratista;UNIÓN FLEXIBLE;;;;;;;;SIN REVISAR;;;;;
1.2497;1;2497;EWP-3351-10-PA-220;CWP-3351-10-PA-220;CWA-3351-10;PWP-3351-10-PA-220;"03351-CT-6""-C11-0001-N";;;C11;UNIÓN FLEXIBLE P/EXT. RANURADO, ESTILO 77 CUERPO DI ASTM A536 GR. 65-45-12, EMPAQUETDURA SELLO NBR;"6""";1;un;;12;kg;Contratista;UNIÓN FLEXIBLE;;;;;;;;SIN REVISAR;;;;;
1.2498;1;2498;EWP-3351-10-PA-220;CWP-3351-10-PA-220;CWA-3351-10;PWP-3351-10-PA-220;"03351-CT-6""-C11-0001-N";;;C11;UNIÓN FLEXIBLE P/EXT. RANURADO, ESTILO 77 CUERPO DI ASTM A536 GR. 65-45-12, EMPAQUETDURA SELLO NBR;"6""";1;un;;12;kg;Contratista;UNIÓN FLEXIBLE;;;;;;;;SIN REVISAR;;;;;
1.2499;1;2499;EWP-3351-10-PA-220;CWP-3351-10-PA-220;CWA-3351-10;PWP-3351-10-PA-220;"03351-CT-6""-C11-0001-N";;;C11;UNIÓN FLEXIBLE P/EXT. RANURADO, ESTILO 77 CUERPO DI ASTM A536 GR. 65-45-12, EMPAQUETDURA SELLO NBR;"6""";1;un;;12;kg;Contratista;UNIÓN FLEXIBLE;;;;;;;;SIN REVISAR;;;;;
1.2500;1;2500;EWP-3351-10-PA-220;CWP-3351-10-PA-220;CWA-3351-10;PWP-3351-10-PA-220;"03351-CT-6""-C11-0001-N";;;C11;UNIÓN FLEXIBLE P/EXT. RANURADO, ESTILO 77 CUERPO DI ASTM A536 GR. 65-45-12, EMPAQUETDURA SELLO NBR;"6""";1;un;;12;kg;Contratista;UNIÓN FLEXIBLE;;;;;;;;SIN REVISAR;;;;;
1.2501;1;2501;EWP-3351-10-PA-220;CWP-3351-10-PA-220;CWA-3351-10;PWP-3351-10-PA-220;"03351-CT-6""-C11-0001-N";;;C11;UNIÓN FLEXIBLE P/EXT. RANURADO, ESTILO 77 CUERPO DI ASTM A536 GR. 65-45-12, EMPAQUETDURA SELLO NBR;"6""";1;un;;12;kg;Contratista;UNIÓN FLEXIBLE;;;;;;;;SIN REVISAR;;;;;
1.2502;1;2502;EWP-3351-10-PA-220;CWP-3351-10-PA-220;CWA-3351-10;PWP-3351-10-PA-220;"03351-CT-6""-C11-0001-N";;;C11;UNIÓN FLEXIBLE P/EXT. RANURADO, ESTILO 77 CUERPO DI ASTM A536 GR. 65-45-12, EMPAQUETDURA SELLO NBR;"6""";1;un;;12;kg;Contratista;UNIÓN FLEXIBLE;;;;;;;;SIN REVISAR;;;;;
1.2503;1;2503;EWP-3351-10-PA-220;CWP-3351-10-PA-220;CWA-3351-10;PWP-3351-10-PA-220;"03351-CT-6""-C11-0001-N";;;C11;UNIÓN FLEXIBLE P/EXT. RANURADO, ESTILO 77 CUERPO DI ASTM A536 GR. 65-45-12, EMPAQUETDURA SELLO NBR;"6""";1;un;;12;kg;Contratista;UNIÓN FLEXIBLE;;;;;;;;SIN REVISAR;;;;;
1.2504;1;2504;EWP-3351-10-PA-220;CWP-3351-10-PA-220;CWA-3351-10;PWP-3351-10-PA-220;"03351-CT-6""-C11-0001-N";;;C11;UNIÓN FLEXIBLE P/EXT. RANURADO, ESTILO 77 CUERPO DI ASTM A536 GR. 65-45-12, EMPAQUETDURA SELLO NBR;"6""";1;un;;12;kg;Contratista;UNIÓN FLEXIBLE;;;;;;;;SIN REVISAR;;;;;
1.2505;1;2505;EWP-3351-10-PA-220;CWP-3351-10-PA-220;CWA-3351-10;PWP-3351-10-PA-220;"03351-CT-6""-C11-0001-N";;;C11;UNIÓN FLEXIBLE P/EXT. RANURADO, ESTILO 77 CUERPO DI ASTM A536 GR. 65-45-12, EMPAQUETDURA SELLO NBR;"6""";1;un;;12;kg;Contratista;UNIÓN FLEXIBLE;;;;;;;;SIN REVISAR;;;;;
1.2506;1;2506;EWP-3351-10-PA-220;CWP-3351-10-PA-220;CWA-3351-10;PWP-3351-10-PA-220;"03351-CT-6""-C11-0001-N";;;C11;UNIÓN FLEXIBLE P/EXT. RANURADO, ESTILO 77 CUERPO DI ASTM A536 GR. 65-45-12, EMPAQUETDURA SELLO NBR;"6""";1;un;;12;kg;Contratista;UNIÓN FLEXIBLE;;;;;;;;SIN REVISAR;;;;;
1.2507;1;2507;EWP-3351-10-PA-220;CWP-3351-10-PA-220;CWA-3351-10;PWP-3351-10-PA-220;"03351-CT-6""-C11-0001-N";;;C11;UNIÓN FLEXIBLE P/EXT. RANURADO, ESTILO 77 CUERPO DI ASTM A536 GR. 65-45-12, EMPAQUETDURA SELLO NBR;"6""";1;un;;12;kg;Contratista;UNIÓN FLEXIBLE;;;;;;;;SIN REVISAR;;;;;
1.2508;1;2508;EWP-3351-10-PA-220;CWP-3351-10-PA-220;CWA-3351-10;PWP-3351-10-PA-220;"03351-CT-6""-C11-0001-N";;;C11;UNIÓN FLEXIBLE P/EXT. RANURADO, ESTILO 77 CUERPO DI ASTM A536 GR. 65-45-12, EMPAQUETDURA SELLO NBR;"6""";1;un;;12;kg;Contratista;UNIÓN FLEXIBLE;;;;;;;;SIN REVISAR;;;;;
3.108;3;108;EWP-3351-10-PA-220;CWP-3351-10-PA-220;CWA-3351-10;PWP-3351-10-PA-220;"03351-FP-1""-C5-022-HC";;;C5;VÁLVULA BOLA ALEACIÓN DE ACERO ASTM B584 ALLOY C84400 TRIM: ASTM B371 ALLOY C69430 MSS SP-110 HEMBRA THD ENDS NPT 300 PSI LO EPDM UL/FM;"1""";1;un;;3,22;kg;Contratista;VÁLVULA;;;;;;;;SIN REVISAR;;;;;
3.106;3;106;EWP-3351-10-PA-220;CWP-3351-10-PA-220;CWA-3351-10;PWP-3351-10-PA-220;"03351-FP-2""-C5-0121-HC";;;C5;VÁLVULA BOLA ALEACIÓN DE ACERO ASTM B584 ALLOY C84400 TRIM: ASTM B371 ALLOY C69430 MSS SP-110 HEMBRA THD ENDS NPT 300 PSI LO EPDM UL/FM;"3/4""";1;un;;1,65;kg;Contratista;VÁLVULA;;;;;;;;SIN REVISAR;;;;;
3.107;3;107;EWP-3351-10-PA-220;CWP-3351-10-PA-220;CWA-3351-10;PWP-3351-10-PA-220;"03351-FP-2""-C5-0121-HC";;;C5;VÁLVULA BOLA ALEACIÓN DE ACERO ASTM B584 ALLOY C84400 TRIM: ASTM B371 ALLOY C69430 MSS SP-110 HEMBRA THD ENDS NPT 300 PSI LO EPDM UL/FM;"3/4""";1;un;;1,65;kg;Contratista;VÁLVULA;;;;;;;;SIN REVISAR;;;;;
3.109;3;109;EWP-3351-10-PA-220;CWP-3351-10-PA-220;CWA-3351-10;PWP-3351-10-PA-220;"03351-FP-2""-C5-0121-HC";;;C5;VÁLVULA COMPUERTA HIERRO FUNDIDO ASTM A536 GR 65-45-12 TRIM SS304 AWWA C515 API 607 OS&Y DISCO SOLIDO FF 300 PSI HO EPDM UL/FM;"2""";1;un;;-;kg;Contratista;VÁLVULA;;;;;;;;SIN REVISAR;;;;;
3.110;3;110;EWP-3351-10-PA-220;CWP-3351-10-PA-220;CWA-3351-10;PWP-3351-10-PA-220;"03351-FP-2""-C5-0121-HC";;;C5;VÁLVULA COMPUERTA HIERRO FUNDIDO ASTM A536 GR 65-45-12 TRIM SS304 AWWA C515 API 607 OS&Y DISCO SOLIDO FF 300 PSI HO EPDM UL/FM;"6""";1;un;;138;kg;Contratista;VÁLVULA;;;;;;;;SIN REVISAR;;;;;
1.2509;1;2509;EWP-3351-10-PA-220;CWP-3351-10-PA-220;CWA-3351-10;PWP-3351-10-PA-220;"03351-CT-6""-C3-0023-R3";;;C3;VÁLVULA CONO, ACERO CARBONO ASTM A216 WCB TRIMASTM A216 WCB ASME B16.34 ANSI B16.5 RF CL 150 LO NITRILO Y ASIENTO METALICO;"2""";1;un;;10,5;kg;Contratista;VÁLVULA;;;;;;;;SIN REVISAR;;;;;
1.2510;1;2510;EWP-3351-10-PA-220;CWP-3351-10-PA-220;CWA-3351-10;PWP-3351-10-PA-220;"03351-CT-6""-C3-0018-R3";;;C3;VÁLVULA CONO, ACERO CARBONO ASTM A216 WCB TRIMASTM A216 WCB ASME B16.34 ANSI B16.5 RF CL 150 LO NITRILO Y ASIENTO METALICO;"2""";1;un;;10,5;kg;Contratista;VÁLVULA;;;;;;;;SIN REVISAR;;;;;
1.2511;1;2511;EWP-3351-10-PA-220;CWP-3351-10-PA-220;CWA-3351-10;PWP-3351-10-PA-220;"03351-CT-6""-C3-0021-R3";;;C3;VÁLVULA CONO, ACERO CARBONO ASTM A216 WCB TRIMASTM A216 WCB ASME B16.34 ANSI B16.5 RF CL 150 LO NITRILO Y ASIENTO METALICO;"2""";1;un;;10,5;kg;Contratista;VÁLVULA;;;;;;;;SIN REVISAR;;;;;
1.2512;1;2512;EWP-3351-10-PA-220;CWP-3351-10-PA-220;CWA-3351-10;PWP-3351-10-PA-220;"03351-CT-6""-C3-0023-R3";;;C3;VÁLVULA CONO, ACERO CARBONO ASTM A216 WCB TRIMASTM A216 WCB ASME B16.34 ANSI B16.5 RF CL 150 LO NITRILO Y ASIENTO METALICO;"3""";1;un;;23,2;kg;Contratista;VÁLVULA;;;;;;;;SIN REVISAR;;;;;
1.2513;1;2513;EWP-3351-10-PA-220;CWP-3351-10-PA-220;CWA-3351-10;PWP-3351-10-PA-220;"03351-CT-6""-C3-0021-R3";;;C3;VÁLVULA CONO, ACERO CARBONO ASTM A216 WCB TRIMASTM A216 WCB ASME B16.34 ANSI B16.5 RF CL 150 LO NITRILO Y ASIENTO METALICO;"3""";1;un;;23,2;kg;Contratista;VÁLVULA;;;;;;;;SIN REVISAR;;;;;
1.2514;1;2514;EWP-3351-10-PA-220;CWP-3351-10-PA-220;CWA-3351-10;PWP-3351-10-PA-220;"03351-CT-6""-C3-0018-R3";;;C3;VÁLVULA CONO, ACERO CARBONO ASTM A216 WCB TRIMASTM A216 WCB ASME B16.34 ANSI B16.5 RF CL 150 LO NITRILO Y ASIENTO METALICO;"3""";1;un;;23,2;kg;Contratista;VÁLVULA;;;;;;;;SIN REVISAR;;;;;
1.2515;1;2515;EWP-3351-10-PA-220;CWP-3351-10-PA-220;CWA-3351-10;PWP-3351-10-PA-220;"03351-GW-1""-C1-0035-N";;;C1;VÁLVULA DE ASIENTO INCLINADO, MATERIAL CUERPO ASTM A351-CF3M, MATERIAL JUNTAS FPM, MATERIAL USILLO PTFE, MATERIAL ASIENTO PTFE, NPT ASME B1.20.1, PO;"3/4""";1;un;;1,8;kg;Contratista;VÁLVULA;;;;;;;;SIN REVISAR;;;;;
1.2516;1;2516;EWP-3351-10-PA-220;CWP-3351-10-PA-220;CWA-3351-10;PWP-3351-10-PA-220;"03351-GW-1""-C1-0033-N";;;C1;VÁLVULA DE ASIENTO INCLINADO, MATERIAL CUERPO ASTM A351-CF3M, MATERIAL JUNTAS FPM, MATERIAL USILLO PTFE, MATERIAL ASIENTO PTFE, NPT ASME B1.20.1, PO;"3/4""";1;un;;1,8;kg;Contratista;VÁLVULA;;;;;;;;SIN REVISAR;;;;;
1.2517;1;2517;EWP-3351-10-PA-220;CWP-3351-10-PA-220;CWA-3351-10;PWP-3351-10-PA-220;"03351-GW-1""-C1-0031-N";;;C1;VÁLVULA DE ASIENTO INCLINADO, MATERIAL CUERPO ASTM A351-CF3M, MATERIAL JUNTAS FPM, MATERIAL USILLO PTFE, MATERIAL ASIENTO PTFE, NPT ASME B1.20.1, PO;"3/4""";1;un;;1,8;kg;Contratista;VÁLVULA;;;;;;;;SIN REVISAR;;;;;
1.2518;1;2518;EWP-3351-10-PA-220;CWP-3351-10-PA-220;CWA-3351-10;PWP-3351-10-PA-220;"03351-PW-4""-C1-0094-N";;;C1;VÁLVULA DE BOLA 2 CUERPOS, API 608, CUERPO ASTM A216 GR. WCB, BOLA A316, ASIENTO RPTFE, ANSI B16.5 CLASE 150 RF, LO;"4""";1;un;;132,27;kg;Contratista;VÁLVULA;;;;;;;;SIN REVISAR;;;;;
1.2519;1;2519;EWP-3351-10-PA-220;CWP-3351-10-PA-220;CWA-3351-10;PWP-3351-10-PA-220;"03351-PW-4""-C1-0016-N";;;C1;VÁLVULA DE BOLA 2 CUERPOS, API 608, CUERPO ASTM A216 GR. WCB, BOLA A316, ASIENTO RPTFE, ANSI B16.5 CLASE 150 RF, LO;"4""";1;un;;132,27;kg;Contratista;VÁLVULA;;;;;;;;SIN REVISAR;;;;;
1.2520;1;2520;EWP-3351-10-PA-220;CWP-3351-10-PA-220;CWA-3351-10;PWP-3351-10-PA-220;"03351-PW-4""-C1-0094-N";;;C1;VÁLVULA DE BOLA 2 CUERPOS, API 608, CUERPO ASTM A216 GR. WCB, BOLA A316, ASIENTO RPTFE, ANSI B16.5 CLASE 150 RF, LO;"4""";1;un;;132,27;kg;Contratista;VÁLVULA;;;;;;;;SIN REVISAR;;;;;
1.2521;1;2521;EWP-3351-10-PA-220;CWP-3351-10-PA-220;CWA-3351-10;PWP-3351-10-PA-220;"03351-PW-4""-C1-0016-N";;;C1;VÁLVULA DE BOLA 2 CUERPOS, API 608, CUERPO ASTM A216 GR. WCB, BOLA A316, ASIENTO RPTFE, ANSI B16.5 CLASE 150 RF, LO;"4""";1;un;;132,27;kg;Contratista;VÁLVULA;;;;;;;;SIN REVISAR;;;;;
1.2522;1;2522;EWP-3351-10-PA-220;CWP-3351-10-PA-220;CWA-3351-10;PWP-3351-10-PA-220;"03351-PW-4""-C1-0016-N";;;C1;VÁLVULA DE BOLA 2 CUERPOS, API 608, CUERPO ASTM A216 GR. WCB, BOLA A316, ASIENTO RPTFE, ANSI B16.5 CLASE 150 RF, PO;"4""";1;un;;45;kg;Contratista;VÁLVULA;;;;;;;;SIN REVISAR;;;;;
1.2534;1;2534;EWP-3351-10-PA-220;CWP-3351-10-PA-220;CWA-3351-10;PWP-3351-10-PA-220;"03351-GW-1""-C1-0035-N";;;C1;"VÁLVULA DE BOLA 2 CUERPOS, MSS SP-110 CL 2000 CWP; WOG, FULL PORT, CUERPO ASTM A105, TRIM ASTM A216 TP316, ASIENTO PTFE REFORZADO, SELLOS PTFE, ASME B1.20.1 NPT, LO";"1""";1;un;;4,43;kg;Contratista;VÁLVULA;;;;;;;;SIN REVISAR;;;;;
1.2535;1;2535;EWP-3351-10-PA-220;CWP-3351-10-PA-220;CWA-3351-10;PWP-3351-10-PA-220;"03351-GW-1""-C1-0031-N";;;C1;"VÁLVULA DE BOLA 2 CUERPOS, MSS SP-110 CL 2000 CWP; WOG, FULL PORT, CUERPO ASTM A105, TRIM ASTM A216 TP316, ASIENTO PTFE REFORZADO, SELLOS PTFE, ASME B1.20.1 NPT, LO";"1""";1;un;;4,43;kg;Contratista;VÁLVULA;;;;;;;;SIN REVISAR;;;;;
1.2536;1;2536;EWP-3351-10-PA-220;CWP-3351-10-PA-220;CWA-3351-10;PWP-3351-10-PA-220;"03351-GW-1""-C1-0031-N";;;C1;"VÁLVULA DE BOLA 2 CUERPOS, MSS SP-110 CL 2000 CWP; WOG, FULL PORT, CUERPO ASTM A105, TRIM ASTM A216 TP316, ASIENTO PTFE REFORZADO, SELLOS PTFE, ASME B1.20.1 NPT, LO";"1""";1;un;;4,43;kg;Contratista;VÁLVULA;;;;;;;;SIN REVISAR;;;;;
2.289;2;289;EWP-3351-10-PA-220;CWP-3351-10-PA-220;CWA-3351-10;PWP-3351-10-PA-220;"03351-IA-2""-G1-0112-N";;;G1;"VÁLVULA DE BOLA 2 CUERPOS, MSS SP-110 CL 2000 CWP; WOG, FULL PORT, CUERPO ASTM A105, TRIM ASTM A216 TP316, ASIENTO PTFE REFORZADO, SELLOS PTFE, ASME B1.20.1 NPT, LO";"1/2""";1;un;;1,65;kg;Contratista;VÁLVULA;;;;;;;;SIN REVISAR;;;;;
2.290;2;290;EWP-3351-10-PA-220;CWP-3351-10-PA-220;CWA-3351-10;PWP-3351-10-PA-220;"03351-IA-2""-G1-0100-N";;;G1;"VÁLVULA DE BOLA 2 CUERPOS, MSS SP-110 CL 2000 CWP; WOG, FULL PORT, CUERPO ASTM A105, TRIM ASTM A216 TP316, ASIENTO PTFE REFORZADO, SELLOS PTFE, ASME B1.20.1 NPT, LO";"1/2""";1;un;;1,65;kg;Contratista;VÁLVULA;;;;;;;;SIN REVISAR;;;;;
1.2523;1;2523;EWP-3351-10-PA-220;CWP-3351-10-PA-220;CWA-3351-10;PWP-3351-10-PA-220;"03351-GW-1""-C1-0076-N";;;C1;"VÁLVULA DE BOLA 2 CUERPOS, MSS SP-110 CL 2000 CWP; WOG, FULL PORT, CUERPO ASTM A105, TRIM ASTM A216 TP316, ASIENTO PTFE REFORZADO, SELLOS PTFE, ASME B1.20.1 NPT, LO";"1""";1;un;;4,43;kg;Contratista;VÁLVULA;;;;;;;;SIN REVISAR;;;;;
1.2524;1;2524;EWP-3351-10-PA-220;CWP-3351-10-PA-220;CWA-3351-10;PWP-3351-10-PA-220;"03351-GW-1""-C1-0033-N";;;C1;"VÁLVULA DE BOLA 2 CUERPOS, MSS SP-110 CL 2000 CWP; WOG, FULL PORT, CUERPO ASTM A105, TRIM ASTM A216 TP316, ASIENTO PTFE REFORZADO, SELLOS PTFE, ASME B1.20.1 NPT, LO";"1""";1;un;;4,43;kg;Contratista;VÁLVULA;;;;;;;;SIN REVISAR;;;;;
1.2525;1;2525;EWP-3351-10-PA-220;CWP-3351-10-PA-220;CWA-3351-10;PWP-3351-10-PA-220;"03351-GW-1""-C1-0031-N";;;C1;"VÁLVULA DE BOLA 2 CUERPOS, MSS SP-110 CL 2000 CWP; WOG, FULL PORT, CUERPO ASTM A105, TRIM ASTM A216 TP316, ASIENTO PTFE REFORZADO, SELLOS PTFE, ASME B1.20.1 NPT, LO";"3/4""";1;un;;3,22;kg;Contratista;VÁLVULA;;;;;;;;SIN REVISAR;;;;;
1.2526;1;2526;EWP-3351-10-PA-220;CWP-3351-10-PA-220;CWA-3351-10;PWP-3351-10-PA-220;"03351-GW-1""-C1-0035-N";;;C1;"VÁLVULA DE BOLA 2 CUERPOS, MSS SP-110 CL 2000 CWP; WOG, FULL PORT, CUERPO ASTM A105, TRIM ASTM A216 TP316, ASIENTO PTFE REFORZADO, SELLOS PTFE, ASME B1.20.1 NPT, LO";"1""";1;un;;4,43;kg;Contratista;VÁLVULA;;;;;;;;SIN REVISAR;;;;;
1.2527;1;2527;EWP-3351-10-PA-220;CWP-3351-10-PA-220;CWA-3351-10;PWP-3351-10-PA-220;"03351-GW-1""-C1-0031-N";;;C1;"VÁLVULA DE BOLA 2 CUERPOS, MSS SP-110 CL 2000 CWP; WOG, FULL PORT, CUERPO ASTM A105, TRIM ASTM A216 TP316, ASIENTO PTFE REFORZADO, SELLOS PTFE, ASME B1.20.1 NPT, LO";"1""";1;un;;4,43;kg;Contratista;VÁLVULA;;;;;;;;SIN REVISAR;;;;;
1.2528;1;2528;EWP-3351-10-PA-220;CWP-3351-10-PA-220;CWA-3351-10;PWP-3351-10-PA-220;"03351-GW-1""-C1-0035-N";;;C1;"VÁLVULA DE BOLA 2 CUERPOS, MSS SP-110 CL 2000 CWP; WOG, FULL PORT, CUERPO ASTM A105, TRIM ASTM A216 TP316, ASIENTO PTFE REFORZADO, SELLOS PTFE, ASME B1.20.1 NPT, LO";"3/4""";1;un;;3,22;kg;Contratista;VÁLVULA;;;;;;;;SIN REVISAR;;;;;
1.2529;1;2529;EWP-3351-10-PA-220;CWP-3351-10-PA-220;CWA-3351-10;PWP-3351-10-PA-220;"03351-GW-1""-C1-0033-N";;;C1;"VÁLVULA DE BOLA 2 CUERPOS, MSS SP-110 CL 2000 CWP; WOG, FULL PORT, CUERPO ASTM A105, TRIM ASTM A216 TP316, ASIENTO PTFE REFORZADO, SELLOS PTFE, ASME B1.20.1 NPT, LO";"1""";1;un;;4,43;kg;Contratista;VÁLVULA;;;;;;;;SIN REVISAR;;;;;
1.2530;1;2530;EWP-3351-10-PA-220;CWP-3351-10-PA-220;CWA-3351-10;PWP-3351-10-PA-220;"03351-GW-1""-C1-0035-N";;;C1;"VÁLVULA DE BOLA 2 CUERPOS, MSS SP-110 CL 2000 CWP; WOG, FULL PORT, CUERPO ASTM A105, TRIM ASTM A216 TP316, ASIENTO PTFE REFORZADO, SELLOS PTFE, ASME B1.20.1 NPT, LO";"3/4""";1;un;;3,22;kg;Contratista;VÁLVULA;;;;;;;;SIN REVISAR;;;;;
1.2531;1;2531;EWP-3351-10-PA-220;CWP-3351-10-PA-220;CWA-3351-10;PWP-3351-10-PA-220;"03351-GW-1""-C1-0075-N";;;C1;"VÁLVULA DE BOLA 2 CUERPOS, MSS SP-110 CL 2000 CWP; WOG, FULL PORT, CUERPO ASTM A105, TRIM ASTM A216 TP316, ASIENTO PTFE REFORZADO, SELLOS PTFE, ASME B1.20.1 NPT, LO";"1""";1;un;;4,43;kg;Contratista;VÁLVULA;;;;;;;;SIN REVISAR;;;;;
1.2532;1;2532;EWP-3351-10-PA-220;CWP-3351-10-PA-220;CWA-3351-10;PWP-3351-10-PA-220;"03351-GW-1""-C1-0033-N";;;C1;"VÁLVULA DE BOLA 2 CUERPOS, MSS SP-110 CL 2000 CWP; WOG, FULL PORT, CUERPO ASTM A105, TRIM ASTM A216 TP316, ASIENTO PTFE REFORZADO, SELLOS PTFE, ASME B1.20.1 NPT, LO";"3/4""";1;un;;3,22;kg;Contratista;VÁLVULA;;;;;;;;SIN REVISAR;;;;;
1.2533;1;2533;EWP-3351-10-PA-220;CWP-3351-10-PA-220;CWA-3351-10;PWP-3351-10-PA-220;"03351-GW-1""-C1-0031-N";;;C1;"VÁLVULA DE BOLA 2 CUERPOS, MSS SP-110 CL 2000 CWP; WOG, FULL PORT, CUERPO ASTM A105, TRIM ASTM A216 TP316, ASIENTO PTFE REFORZADO, SELLOS PTFE, ASME B1.20.1 NPT, LO";"3/4""";1;un;;3,22;kg;Contratista;VÁLVULA;;;;;;;;SIN REVISAR;;;;;
1.2537;1;2537;EWP-3351-10-PA-220;CWP-3351-10-PA-220;CWA-3351-10;PWP-3351-10-PA-220;"03351-GW-1""-C1-0035-N";;;C1;"VÁLVULA DE BOLA 2 CUERPOS, MSS SP-110 CL 2000 CWP; WOG, FULL PORT, CUERPO ASTM A105, TRIM ASTM A216 TP316, ASIENTO PTFE REFORZADO, SELLOS PTFE, ASME B1.20.1 NPT, LO";"1""";1;un;;4,43;kg;Contratista;VÁLVULA;;;;;;;;SIN REVISAR;;;;;
1.2538;1;2538;EWP-3351-10-PA-220;CWP-3351-10-PA-220;CWA-3351-10;PWP-3351-10-PA-220;"03351-GW-1""-C1-0033-N";;;C1;"VÁLVULA DE BOLA 2 CUERPOS, MSS SP-110 CL 2000 CWP; WOG, FULL PORT, CUERPO ASTM A105, TRIM ASTM A216 TP316, ASIENTO PTFE REFORZADO, SELLOS PTFE, ASME B1.20.1 NPT, LO";"1""";1;un;;4,43;kg;Contratista;VÁLVULA;;;;;;;;SIN REVISAR;;;;;
1.2539;1;2539;EWP-3351-10-PA-220;CWP-3351-10-PA-220;CWA-3351-10;PWP-3351-10-PA-220;"03351-GW-1""-C1-0033-N";;;C1;"VÁLVULA DE BOLA 2 CUERPOS, MSS SP-110 CL 2000 CWP; WOG, FULL PORT, CUERPO ASTM A105, TRIM ASTM A216 TP316, ASIENTO PTFE REFORZADO, SELLOS PTFE, ASME B1.20.1 NPT, LO";"3/4""";1;un;;3,22;kg;Contratista;VÁLVULA;;;;;;;;SIN REVISAR;;;;;
1.2540;1;2540;EWP-3351-10-PA-220;CWP-3351-10-PA-220;CWA-3351-10;PWP-3351-10-PA-220;"03351-GW-2""-C1-0095-N";;;C1;"VÁLVULA DE BOLA 2 CUERPOS, MSS SP-110 CL 2000 CWP; WOG, FULL PORT, CUERPO ASTM A105, TRIM ASTM A216 TP316, ASIENTO PTFE REFORZADO, SELLOS PTFE, ASME B1.20.1 NPT, LO";"3/4""";1;un;;3,22;kg;Contratista;VÁLVULA;;;;;;;;SIN REVISAR;;;;;
1.2541;1;2541;EWP-3351-10-PA-220;CWP-3351-10-PA-220;CWA-3351-10;PWP-3351-10-PA-220;"03351-GW-2""-C1-0095-N";;;C1;"VÁLVULA DE BOLA 2 CUERPOS, MSS SP-110 CL 2000 CWP; WOG, FULL PORT, CUERPO ASTM A105, TRIM ASTM A216 TP316, ASIENTO PTFE REFORZADO, SELLOS PTFE, ASME B1.20.1 NPT, LO";"3/4""";1;un;;3,22;kg;Contratista;VÁLVULA;;;;;;;;SIN REVISAR;;;;;
2.296;2;296;EWP-3351-10-PA-220;CWP-3351-10-PA-220;CWA-3351-10;PWP-3351-10-PA-220;"03351-IA-2""-G1-0112-N";;;G1;"VÁLVULA DE BOLA 3 CUERPOS, MSS SP-110 CL 2000 CWP; WOG,  FULL PORT, CUERPO ASTM A105, TRIM ASTM A216 TP316, ASIENTO PTFE REFORZADO, SELLOS PTFE, ASMEB1.20.1 NPT, LO";"1""";1;un;;4,43;kg;Contratista;VÁLVULA;;;;;;;;SIN REVISAR;;;;;
2.297;2;297;EWP-3351-10-PA-220;CWP-3351-10-PA-220;CWA-3351-10;PWP-3351-10-PA-220;"03351-IA-2""-G1-0100-N";;;G1;"VÁLVULA DE BOLA 3 CUERPOS, MSS SP-110 CL 2000 CWP; WOG,  FULL PORT, CUERPO ASTM A105, TRIM ASTM A216 TP316, ASIENTO PTFE REFORZADO, SELLOS PTFE, ASMEB1.20.1 NPT, LO";"1""";1;un;;4,43;kg;Contratista;VÁLVULA;;;;;;;;SIN REVISAR;;;;;
2.298;2;298;EWP-3351-10-PA-220;CWP-3351-10-PA-220;CWA-3351-10;PWP-3351-10-PA-220;"03351-IA-1""-G1-0102-N";;;G1;"VÁLVULA DE BOLA 3 CUERPOS, MSS SP-110 CL 2000 CWP; WOG,  FULL PORT, CUERPO ASTM A105, TRIM ASTM A216 TP316, ASIENTO PTFE REFORZADO, SELLOS PTFE, ASMEB1.20.1 NPT, LO";"1""";1;un;;4,43;kg;Contratista;VÁLVULA;;;;;;;;SIN REVISAR;;;;;
1.2549;1;2549;EWP-3351-10-PA-220;CWP-3351-10-PA-220;CWA-3351-10;PWP-3351-10-PA-220;"03351-PW-2""-C1-0014-N";;;C1;"VÁLVULA DE BOLA 3 CUERPOS, MSS SP-110 CL 2000 CWP; WOG,  FULL PORT, CUERPO ASTM A105, TRIM ASTM A216 TP316, ASIENTO PTFE REFORZADO, SELLOS PTFE, ASMEB1.20.1 NPT, LO";"2""";1;un;;20,72;kg;Contratista;VÁLVULA;;;;;;;;SIN REVISAR;;;;;
1.2550;1;2550;EWP-3351-10-PA-220;CWP-3351-10-PA-220;CWA-3351-10;PWP-3351-10-PA-220;"03351-PW-2""-C1-0014-N";;;C1;"VÁLVULA DE BOLA 3 CUERPOS, MSS SP-110 CL 2000 CWP; WOG,  FULL PORT, CUERPO ASTM A105, TRIM ASTM A216 TP316, ASIENTO PTFE REFORZADO, SELLOS PTFE, ASMEB1.20.1 NPT, LO";"2""";1;un;;20,72;kg;Contratista;VÁLVULA;;;;;;;;SIN REVISAR;;;;;
1.2551;1;2551;EWP-3351-10-PA-220;CWP-3351-10-PA-220;CWA-3351-10;PWP-3351-10-PA-220;"03351-PW-2""-C1-0089-N";;;C1;"VÁLVULA DE BOLA 3 CUERPOS, MSS SP-110 CL 2000 CWP; WOG,  FULL PORT, CUERPO ASTM A105, TRIM ASTM A216 TP316, ASIENTO PTFE REFORZADO, SELLOS PTFE, ASMEB1.20.1 NPT, LO";"2""";1;un;;20,72;kg;Contratista;VÁLVULA;;;;;;;;SIN REVISAR;;;;;
1.2564;1;2564;EWP-3351-10-PA-220;CWP-3351-10-PA-220;CWA-3351-10;PWP-3351-10-PA-220;"03351-GW-2""-C1-0040-N";;;C1;"VÁLVULA DE BOLA 3 CUERPOS, MSS SP-110 CL 2000 CWP; WOG,  FULL PORT, CUERPO ASTM A105, TRIM ASTM A216 TP316, ASIENTO PTFE REFORZADO, SELLOS PTFE, ASMEB1.20.1 NPT, LO";"2""";1;un;;20,72;kg;Contratista;VÁLVULA;;;;;;;;SIN REVISAR;;;;;
1.2565;1;2565;EWP-3351-10-PA-220;CWP-3351-10-PA-220;CWA-3351-10;PWP-3351-10-PA-220;"03351-GW-2""-C1-0042-N";;;C1;"VÁLVULA DE BOLA 3 CUERPOS, MSS SP-110 CL 2000 CWP; WOG,  FULL PORT, CUERPO ASTM A105, TRIM ASTM A216 TP316, ASIENTO PTFE REFORZADO, SELLOS PTFE, ASMEB1.20.1 NPT, LO";"2""";1;un;;20,72;kg;Contratista;VÁLVULA;;;;;;;;SIN REVISAR;;;;;
1.2566;1;2566;EWP-3351-10-PA-220;CWP-3351-10-PA-220;CWA-3351-10;PWP-3351-10-PA-220;"03351-GW-2""-C1-0041-N";;;C1;"VÁLVULA DE BOLA 3 CUERPOS, MSS SP-110 CL 2000 CWP; WOG,  FULL PORT, CUERPO ASTM A105, TRIM ASTM A216 TP316, ASIENTO PTFE REFORZADO, SELLOS PTFE, ASMEB1.20.1 NPT, LO";"2""";1;un;;20,72;kg;Contratista;VÁLVULA;;;;;;;;SIN REVISAR;;;;;
1.2579;1;2579;EWP-3351-10-PA-220;CWP-3351-10-PA-220;CWA-3351-10;PWP-3351-10-PA-220;"03351-PW-2""-C1-0053-N";;;C1;"VÁLVULA DE BOLA 3 CUERPOS, MSS SP-110 CL 2000 CWP; WOG,  FULL PORT, CUERPO ASTM A105, TRIM ASTM A216 TP316, ASIENTO PTFE REFORZADO, SELLOS PTFE, ASMEB1.20.1 NPT, LO";"2""";1;un;;20,72;kg;Contratista;VÁLVULA;;;;;;;;SIN REVISAR;;;;;
1.2580;1;2580;EWP-3351-10-PA-220;CWP-3351-10-PA-220;CWA-3351-10;PWP-3351-10-PA-220;"03351-PW-2""-C1-0084-N";;;C1;"VÁLVULA DE BOLA 3 CUERPOS, MSS SP-110 CL 2000 CWP; WOG,  FULL PORT, CUERPO ASTM A105, TRIM ASTM A216 TP316, ASIENTO PTFE REFORZADO, SELLOS PTFE, ASMEB1.20.1 NPT, LO";"2""";1;un;;20,72;kg;Contratista;VÁLVULA;;;;;;;;SIN REVISAR;;;;;
1.2581;1;2581;EWP-3351-10-PA-220;CWP-3351-10-PA-220;CWA-3351-10;PWP-3351-10-PA-220;"03351-PW-2""-C1-0024-N";;;C1;"VÁLVULA DE BOLA 3 CUERPOS, MSS SP-110 CL 2000 CWP; WOG,  FULL PORT, CUERPO ASTM A105, TRIM ASTM A216 TP316, ASIENTO PTFE REFORZADO, SELLOS PTFE, ASMEB1.20.1 NPT, LO";"2""";1;un;;20,72;kg;Contratista;VÁLVULA;;;;;;;;SIN REVISAR;;;;;
2.291;2;291;EWP-3351-10-PA-220;CWP-3351-10-PA-220;CWA-3351-10;PWP-3351-10-PA-220;"03351-IA-2""-G1-0110-N";;;G1;"VÁLVULA DE BOLA 3 CUERPOS, MSS SP-110 CL 2000 CWP; WOG,  FULL PORT, CUERPO ASTM A105, TRIM ASTM A216 TP316, ASIENTO PTFE REFORZADO, SELLOS PTFE, ASMEB1.20.1 NPT, LO";"2""";1;un;;20,72;kg;Contratista;VÁLVULA;;;;;;;;SIN REVISAR;;;;;
2.292;2;292;EWP-3351-10-PA-220;CWP-3351-10-PA-220;CWA-3351-10;PWP-3351-10-PA-220;"03351-IA-2""-G1-0112-N";;;G1;"VÁLVULA DE BOLA 3 CUERPOS, MSS SP-110 CL 2000 CWP; WOG,  FULL PORT, CUERPO ASTM A105, TRIM ASTM A216 TP316, ASIENTO PTFE REFORZADO, SELLOS PTFE, ASMEB1.20.1 NPT, LO";"2""";1;un;;20,72;kg;Contratista;VÁLVULA;;;;;;;;SIN REVISAR;;;;;
2.293;2;293;EWP-3351-10-PA-220;CWP-3351-10-PA-220;CWA-3351-10;PWP-3351-10-PA-220;"03351-IA-1""-G1-0103-N";;;G1;"VÁLVULA DE BOLA 3 CUERPOS, MSS SP-110 CL 2000 CWP; WOG,  FULL PORT, CUERPO ASTM A105, TRIM ASTM A216 TP316, ASIENTO PTFE REFORZADO, SELLOS PTFE, ASMEB1.20.1 NPT, LO";"1""";1;un;;4,43;kg;Contratista;VÁLVULA;;;;;;;;SIN REVISAR;;;;;
2.294;2;294;EWP-3351-10-PA-220;CWP-3351-10-PA-220;CWA-3351-10;PWP-3351-10-PA-220;"03351-IA-1""-G1-0104-N";;;G1;"VÁLVULA DE BOLA 3 CUERPOS, MSS SP-110 CL 2000 CWP; WOG,  FULL PORT, CUERPO ASTM A105, TRIM ASTM A216 TP316, ASIENTO PTFE REFORZADO, SELLOS PTFE, ASMEB1.20.1 NPT, LO";"1""";1;un;;4,43;kg;Contratista;VÁLVULA;;;;;;;;SIN REVISAR;;;;;
2.295;2;295;EWP-3351-10-PA-220;CWP-3351-10-PA-220;CWA-3351-10;PWP-3351-10-PA-220;"03351-IA-1""-G1-0109-N";;;G1;"VÁLVULA DE BOLA 3 CUERPOS, MSS SP-110 CL 2000 CWP; WOG,  FULL PORT, CUERPO ASTM A105, TRIM ASTM A216 TP316, ASIENTO PTFE REFORZADO, SELLOS PTFE, ASMEB1.20.1 NPT, LO";"1""";1;un;;4,43;kg;Contratista;VÁLVULA;;;;;;;;SIN REVISAR;;;;;
2.299;2;299;EWP-3351-10-PA-220;CWP-3351-10-PA-220;CWA-3351-10;PWP-3351-10-PA-220;"03351-IA-1""-G1-0107-N";;;G1;"VÁLVULA DE BOLA 3 CUERPOS, MSS SP-110 CL 2000 CWP; WOG,  FULL PORT, CUERPO ASTM A105, TRIM ASTM A216 TP316, ASIENTO PTFE REFORZADO, SELLOS PTFE, ASMEB1.20.1 NPT, LO";"1""";1;un;;4,43;kg;Contratista;VÁLVULA;;;;;;;;SIN REVISAR;;;;;
2.300;2;300;EWP-3351-10-PA-220;CWP-3351-10-PA-220;CWA-3351-10;PWP-3351-10-PA-220;"03351-IA-1""-G1-0105-N";;;G1;"VÁLVULA DE BOLA 3 CUERPOS, MSS SP-110 CL 2000 CWP; WOG,  FULL PORT, CUERPO ASTM A105, TRIM ASTM A216 TP316, ASIENTO PTFE REFORZADO, SELLOS PTFE, ASMEB1.20.1 NPT, LO";"1""";1;un;;4,43;kg;Contratista;VÁLVULA;;;;;;;;SIN REVISAR;;;;;
2.301;2;301;EWP-3351-10-PA-220;CWP-3351-10-PA-220;CWA-3351-10;PWP-3351-10-PA-220;"03351-IA-1""-G1-0111-N";;;G1;"VÁLVULA DE BOLA 3 CUERPOS, MSS SP-110 CL 2000 CWP; WOG,  FULL PORT, CUERPO ASTM A105, TRIM ASTM A216 TP316, ASIENTO PTFE REFORZADO, SELLOS PTFE, ASMEB1.20.1 NPT, LO";"1""";1;un;;4,43;kg;Contratista;VÁLVULA;;;;;;;;SIN REVISAR;;;;;
2.302;2;302;EWP-3351-10-PA-220;CWP-3351-10-PA-220;CWA-3351-10;PWP-3351-10-PA-220;"03351-IA-1""-G1-0108-N";;;G1;"VÁLVULA DE BOLA 3 CUERPOS, MSS SP-110 CL 2000 CWP; WOG,  FULL PORT, CUERPO ASTM A105, TRIM ASTM A216 TP316, ASIENTO PTFE REFORZADO, SELLOS PTFE, ASMEB1.20.1 NPT, LO";"1""";1;un;;4,43;kg;Contratista;VÁLVULA;;;;;;;;SIN REVISAR;;;;;
2.303;2;303;EWP-3351-10-PA-220;CWP-3351-10-PA-220;CWA-3351-10;PWP-3351-10-PA-220;"03351-IA-2""-G1-0100-N";;;G1;"VÁLVULA DE BOLA 3 CUERPOS, MSS SP-110 CL 2000 CWP; WOG,  FULL PORT, CUERPO ASTM A105, TRIM ASTM A216 TP316, ASIENTO PTFE REFORZADO, SELLOS PTFE, ASMEB1.20.1 NPT, LO";"2""";1;un;;20,72;kg;Contratista;VÁLVULA;;;;;;;;SIN REVISAR;;;;;
2.304;2;304;EWP-3351-10-PA-220;CWP-3351-10-PA-220;CWA-3351-10;PWP-3351-10-PA-220;"03351-IA-2""-G1-0112-N";;;G1;"VÁLVULA DE BOLA 3 CUERPOS, MSS SP-110 CL 2000 CWP; WOG,  FULL PORT, CUERPO ASTM A105, TRIM ASTM A216 TP316, ASIENTO PTFE REFORZADO, SELLOS PTFE, ASMEB1.20.1 NPT, LO";"2""";1;un;;20,72;kg;Contratista;VÁLVULA;;;;;;;;SIN REVISAR;;;;;
2.305;2;305;EWP-3351-10-PA-220;CWP-3351-10-PA-220;CWA-3351-10;PWP-3351-10-PA-220;"03351-IA-2""-G1-0101-N";;;G1;"VÁLVULA DE BOLA 3 CUERPOS, MSS SP-110 CL 2000 CWP; WOG,  FULL PORT, CUERPO ASTM A105, TRIM ASTM A216 TP316, ASIENTO PTFE REFORZADO, SELLOS PTFE, ASMEB1.20.1 NPT, LO";"1""";1;un;;4,43;kg;Contratista;VÁLVULA;;;;;;;;SIN REVISAR;;;;;
2.306;2;306;EWP-3351-10-PA-220;CWP-3351-10-PA-220;CWA-3351-10;PWP-3351-10-PA-220;"03351-IA-1""-G1-0106-N";;;G1;"VÁLVULA DE BOLA 3 CUERPOS, MSS SP-110 CL 2000 CWP; WOG,  FULL PORT, CUERPO ASTM A105, TRIM ASTM A216 TP316, ASIENTO PTFE REFORZADO, SELLOS PTFE, ASMEB1.20.1 NPT, LO";"1""";1;un;;4,43;kg;Contratista;VÁLVULA;;;;;;;;SIN REVISAR;;;;;
1.2542;1;2542;EWP-3351-10-PA-220;CWP-3351-10-PA-220;CWA-3351-10;PWP-3351-10-PA-220;"03351-PW-2""-C1-0051-N";;;C1;"VÁLVULA DE BOLA 3 CUERPOS, MSS SP-110 CL 2000 CWP; WOG,  FULL PORT, CUERPO ASTM A105, TRIM ASTM A216 TP316, ASIENTO PTFE REFORZADO, SELLOS PTFE, ASMEB1.20.1 NPT, LO";"2""";1;un;;20,72;kg;Contratista;VÁLVULA;;;;;;;;SIN REVISAR;;;;;
1.2543;1;2543;EWP-3351-10-PA-220;CWP-3351-10-PA-220;CWA-3351-10;PWP-3351-10-PA-220;"03351-PW-2""-C1-0025-N";;;C1;"VÁLVULA DE BOLA 3 CUERPOS, MSS SP-110 CL 2000 CWP; WOG,  FULL PORT, CUERPO ASTM A105, TRIM ASTM A216 TP316, ASIENTO PTFE REFORZADO, SELLOS PTFE, ASMEB1.20.1 NPT, LO";"2""";1;un;;20,72;kg;Contratista;VÁLVULA;;;;;;;;SIN REVISAR;;;;;
1.2544;1;2544;EWP-3351-10-PA-220;CWP-3351-10-PA-220;CWA-3351-10;PWP-3351-10-PA-220;"03351-PW-2""-C1-0028-N";;;C1;"VÁLVULA DE BOLA 3 CUERPOS, MSS SP-110 CL 2000 CWP; WOG,  FULL PORT, CUERPO ASTM A105, TRIM ASTM A216 TP316, ASIENTO PTFE REFORZADO, SELLOS PTFE, ASMEB1.20.1 NPT, LO";"2""";1;un;;20,72;kg;Contratista;VÁLVULA;;;;;;;;SIN REVISAR;;;;;
1.2545;1;2545;EWP-3351-10-PA-220;CWP-3351-10-PA-220;CWA-3351-10;PWP-3351-10-PA-220;"03351-PW-2""-C1-0091-N";;;C1;"VÁLVULA DE BOLA 3 CUERPOS, MSS SP-110 CL 2000 CWP; WOG,  FULL PORT, CUERPO ASTM A105, TRIM ASTM A216 TP316, ASIENTO PTFE REFORZADO, SELLOS PTFE, ASMEB1.20.1 NPT, LO";"2""";1;un;;20,72;kg;Contratista;VÁLVULA;;;;;;;;SIN REVISAR;;;;;
1.2546;1;2546;EWP-3351-10-PA-220;CWP-3351-10-PA-220;CWA-3351-10;PWP-3351-10-PA-220;"03351-PW-2""-C1-0054-N";;;C1;"VÁLVULA DE BOLA 3 CUERPOS, MSS SP-110 CL 2000 CWP; WOG,  FULL PORT, CUERPO ASTM A105, TRIM ASTM A216 TP316, ASIENTO PTFE REFORZADO, SELLOS PTFE, ASMEB1.20.1 NPT, LO";"2""";1;un;;20,72;kg;Contratista;VÁLVULA;;;;;;;;SIN REVISAR;;;;;
1.2547;1;2547;EWP-3351-10-PA-220;CWP-3351-10-PA-220;CWA-3351-10;PWP-3351-10-PA-220;"03351-PW-2""-C1-0056-N";;;C1;"VÁLVULA DE BOLA 3 CUERPOS, MSS SP-110 CL 2000 CWP; WOG,  FULL PORT, CUERPO ASTM A105, TRIM ASTM A216 TP316, ASIENTO PTFE REFORZADO, SELLOS PTFE, ASMEB1.20.1 NPT, LO";"2""";1;un;;20,72;kg;Contratista;VÁLVULA;;;;;;;;SIN REVISAR;;;;;
1.2548;1;2548;EWP-3351-10-PA-220;CWP-3351-10-PA-220;CWA-3351-10;PWP-3351-10-PA-220;"03351-PW-2""-C1-0055-N";;;C1;"VÁLVULA DE BOLA 3 CUERPOS, MSS SP-110 CL 2000 CWP; WOG,  FULL PORT, CUERPO ASTM A105, TRIM ASTM A216 TP316, ASIENTO PTFE REFORZADO, SELLOS PTFE, ASMEB1.20.1 NPT, LO";"2""";1;un;;20,72;kg;Contratista;VÁLVULA;;;;;;;;SIN REVISAR;;;;;
1.2552;1;2552;EWP-3351-10-PA-220;CWP-3351-10-PA-220;CWA-3351-10;PWP-3351-10-PA-220;"03351-PW-2""-C1-0090-N";;;C1;"VÁLVULA DE BOLA 3 CUERPOS, MSS SP-110 CL 2000 CWP; WOG,  FULL PORT, CUERPO ASTM A105, TRIM ASTM A216 TP316, ASIENTO PTFE REFORZADO, SELLOS PTFE, ASMEB1.20.1 NPT, LO";"2""";1;un;;20,72;kg;Contratista;VÁLVULA;;;;;;;;SIN REVISAR;;;;;
1.2553;1;2553;EWP-3351-10-PA-220;CWP-3351-10-PA-220;CWA-3351-10;PWP-3351-10-PA-220;"03351-PW-2""-C1-0090-N";;;C1;"VÁLVULA DE BOLA 3 CUERPOS, MSS SP-110 CL 2000 CWP; WOG,  FULL PORT, CUERPO ASTM A105, TRIM ASTM A216 TP316, ASIENTO PTFE REFORZADO, SELLOS PTFE, ASMEB1.20.1 NPT, LO";"2""";1;un;;20,72;kg;Contratista;VÁLVULA;;;;;;;;SIN REVISAR;;;;;
1.2554;1;2554;EWP-3351-10-PA-220;CWP-3351-10-PA-220;CWA-3351-10;PWP-3351-10-PA-220;"03351-PW-2""-C1-0088-N";;;C1;"VÁLVULA DE BOLA 3 CUERPOS, MSS SP-110 CL 2000 CWP; WOG,  FULL PORT, CUERPO ASTM A105, TRIM ASTM A216 TP316, ASIENTO PTFE REFORZADO, SELLOS PTFE, ASMEB1.20.1 NPT, LO";"2""";1;un;;20,72;kg;Contratista;VÁLVULA;;;;;;;;SIN REVISAR;;;;;
1.2555;1;2555;EWP-3351-10-PA-220;CWP-3351-10-PA-220;CWA-3351-10;PWP-3351-10-PA-220;"03351-PW-2""-C1-0039-N";;;C1;"VÁLVULA DE BOLA 3 CUERPOS, MSS SP-110 CL 2000 CWP; WOG,  FULL PORT, CUERPO ASTM A105, TRIM ASTM A216 TP316, ASIENTO PTFE REFORZADO, SELLOS PTFE, ASMEB1.20.1 NPT, LO";"2""";1;un;;20,72;kg;Contratista;VÁLVULA;;;;;;;;SIN REVISAR;;;;;
1.2556;1;2556;EWP-3351-10-PA-220;CWP-3351-10-PA-220;CWA-3351-10;PWP-3351-10-PA-220;"03351-GW-2""-C1-0078-N";;;C1;"VÁLVULA DE BOLA 3 CUERPOS, MSS SP-110 CL 2000 CWP; WOG,  FULL PORT, CUERPO ASTM A105, TRIM ASTM A216 TP316, ASIENTO PTFE REFORZADO, SELLOS PTFE, ASMEB1.20.1 NPT, LO";"2""";1;un;;20,72;kg;Contratista;VÁLVULA;;;;;;;;SIN REVISAR;;;;;
1.2557;1;2557;EWP-3351-10-PA-220;CWP-3351-10-PA-220;CWA-3351-10;PWP-3351-10-PA-220;"03351-PW-2""-C1-0038-N";;;C1;"VÁLVULA DE BOLA 3 CUERPOS, MSS SP-110 CL 2000 CWP; WOG,  FULL PORT, CUERPO ASTM A105, TRIM ASTM A216 TP316, ASIENTO PTFE REFORZADO, SELLOS PTFE, ASMEB1.20.1 NPT, LO";"2""";1;un;;20,72;kg;Contratista;VÁLVULA;;;;;;;;SIN REVISAR;;;;;
1.2558;1;2558;EWP-3351-10-PA-220;CWP-3351-10-PA-220;CWA-3351-10;PWP-3351-10-PA-220;"03351-PW-2""-C1-0039-N";;;C1;"VÁLVULA DE BOLA 3 CUERPOS, MSS SP-110 CL 2000 CWP; WOG,  FULL PORT, CUERPO ASTM A105, TRIM ASTM A216 TP316, ASIENTO PTFE REFORZADO, SELLOS PTFE, ASMEB1.20.1 NPT, LO";"2""";1;un;;20,72;kg;Contratista;VÁLVULA;;;;;;;;SIN REVISAR;;;;;
1.2559;1;2559;EWP-3351-10-PA-220;CWP-3351-10-PA-220;CWA-3351-10;PWP-3351-10-PA-220;"03351-PW-2""-C1-0093-N";;;C1;"VÁLVULA DE BOLA 3 CUERPOS, MSS SP-110 CL 2000 CWP; WOG,  FULL PORT, CUERPO ASTM A105, TRIM ASTM A216 TP316, ASIENTO PTFE REFORZADO, SELLOS PTFE, ASMEB1.20.1 NPT, LO";"2""";1;un;;20,72;kg;Contratista;VÁLVULA;;;;;;;;SIN REVISAR;;;;;
1.2560;1;2560;EWP-3351-10-PA-220;CWP-3351-10-PA-220;CWA-3351-10;PWP-3351-10-PA-220;"03351-PW-2""-C1-0025-N";;;C1;"VÁLVULA DE BOLA 3 CUERPOS, MSS SP-110 CL 2000 CWP; WOG,  FULL PORT, CUERPO ASTM A105, TRIM ASTM A216 TP316, ASIENTO PTFE REFORZADO, SELLOS PTFE, ASMEB1.20.1 NPT, LO";"2""";1;un;;20,72;kg;Contratista;VÁLVULA;;;;;;;;SIN REVISAR;;;;;
1.2561;1;2561;EWP-3351-10-PA-220;CWP-3351-10-PA-220;CWA-3351-10;PWP-3351-10-PA-220;"03351-PW-2""-C1-0044-N";;;C1;"VÁLVULA DE BOLA 3 CUERPOS, MSS SP-110 CL 2000 CWP; WOG,  FULL PORT, CUERPO ASTM A105, TRIM ASTM A216 TP316, ASIENTO PTFE REFORZADO, SELLOS PTFE, ASMEB1.20.1 NPT, LO";"2""";1;un;;20,72;kg;Contratista;VÁLVULA;;;;;;;;SIN REVISAR;;;;;
1.2562;1;2562;EWP-3351-10-PA-220;CWP-3351-10-PA-220;CWA-3351-10;PWP-3351-10-PA-220;"03351-PW-2""-C1-0093-N";;;C1;"VÁLVULA DE BOLA 3 CUERPOS, MSS SP-110 CL 2000 CWP; WOG,  FULL PORT, CUERPO ASTM A105, TRIM ASTM A216 TP316, ASIENTO PTFE REFORZADO, SELLOS PTFE, ASMEB1.20.1 NPT, LO";"2""";1;un;;20,72;kg;Contratista;VÁLVULA;;;;;;;;SIN REVISAR;;;;;
1.2563;1;2563;EWP-3351-10-PA-220;CWP-3351-10-PA-220;CWA-3351-10;PWP-3351-10-PA-220;"03351-PW-2""-C1-0054-N";;;C1;"VÁLVULA DE BOLA 3 CUERPOS, MSS SP-110 CL 2000 CWP; WOG,  FULL PORT, CUERPO ASTM A105, TRIM ASTM A216 TP316, ASIENTO PTFE REFORZADO, SELLOS PTFE, ASMEB1.20.1 NPT, LO";"2""";1;un;;20,72;kg;Contratista;VÁLVULA;;;;;;;;SIN REVISAR;;;;;
1.2567;1;2567;EWP-3351-10-PA-220;CWP-3351-10-PA-220;CWA-3351-10;PWP-3351-10-PA-220;"03351-GW-2""-C1-0095-N";;;C1;"VÁLVULA DE BOLA 3 CUERPOS, MSS SP-110 CL 2000 CWP; WOG,  FULL PORT, CUERPO ASTM A105, TRIM ASTM A216 TP316, ASIENTO PTFE REFORZADO, SELLOS PTFE, ASMEB1.20.1 NPT, LO";"2""";1;un;;20,72;kg;Contratista;VÁLVULA;;;;;;;;SIN REVISAR;;;;;
1.2568;1;2568;EWP-3351-10-PA-220;CWP-3351-10-PA-220;CWA-3351-10;PWP-3351-10-PA-220;"03351-PW-2""-C1-0049-N";;;C1;"VÁLVULA DE BOLA 3 CUERPOS, MSS SP-110 CL 2000 CWP; WOG,  FULL PORT, CUERPO ASTM A105, TRIM ASTM A216 TP316, ASIENTO PTFE REFORZADO, SELLOS PTFE, ASMEB1.20.1 NPT, LO";"2""";1;un;;20,72;kg;Contratista;VÁLVULA;;;;;;;;SIN REVISAR;;;;;
1.2569;1;2569;EWP-3351-10-PA-220;CWP-3351-10-PA-220;CWA-3351-10;PWP-3351-10-PA-220;"03351-PW-2""-C1-0048-N";;;C1;"VÁLVULA DE BOLA 3 CUERPOS, MSS SP-110 CL 2000 CWP; WOG,  FULL PORT, CUERPO ASTM A105, TRIM ASTM A216 TP316, ASIENTO PTFE REFORZADO, SELLOS PTFE, ASMEB1.20.1 NPT, LO";"2""";1;un;;20,72;kg;Contratista;VÁLVULA;;;;;;;;SIN REVISAR;;;;;
1.2570;1;2570;EWP-3351-10-PA-220;CWP-3351-10-PA-220;CWA-3351-10;PWP-3351-10-PA-220;"03351-PW-2""-C1-0082-N";;;C1;"VÁLVULA DE BOLA 3 CUERPOS, MSS SP-110 CL 2000 CWP; WOG,  FULL PORT, CUERPO ASTM A105, TRIM ASTM A216 TP316, ASIENTO PTFE REFORZADO, SELLOS PTFE, ASMEB1.20.1 NPT, LO";"2""";1;un;;20,72;kg;Contratista;VÁLVULA;;;;;;;;SIN REVISAR;;;;;
1.2571;1;2571;EWP-3351-10-PA-220;CWP-3351-10-PA-220;CWA-3351-10;PWP-3351-10-PA-220;"03351-PW-2""-C1-0026-N";;;C1;"VÁLVULA DE BOLA 3 CUERPOS, MSS SP-110 CL 2000 CWP; WOG,  FULL PORT, CUERPO ASTM A105, TRIM ASTM A216 TP316, ASIENTO PTFE REFORZADO, SELLOS PTFE, ASMEB1.20.1 NPT, LO";"2""";1;un;;20,72;kg;Contratista;VÁLVULA;;;;;;;;SIN REVISAR;;;;;
1.2572;1;2572;EWP-3351-10-PA-220;CWP-3351-10-PA-220;CWA-3351-10;PWP-3351-10-PA-220;"03351-PW-2""-C1-0081-N";;;C1;"VÁLVULA DE BOLA 3 CUERPOS, MSS SP-110 CL 2000 CWP; WOG,  FULL PORT, CUERPO ASTM A105, TRIM ASTM A216 TP316, ASIENTO PTFE REFORZADO, SELLOS PTFE, ASMEB1.20.1 NPT, LO";"2""";1;un;;20,72;kg;Contratista;VÁLVULA;;;;;;;;SIN REVISAR;;;;;
1.2573;1;2573;EWP-3351-10-PA-220;CWP-3351-10-PA-220;CWA-3351-10;PWP-3351-10-PA-220;"03351-PW-2""-C1-0049-N";;;C1;"VÁLVULA DE BOLA 3 CUERPOS, MSS SP-110 CL 2000 CWP; WOG,  FULL PORT, CUERPO ASTM A105, TRIM ASTM A216 TP316, ASIENTO PTFE REFORZADO, SELLOS PTFE, ASMEB1.20.1 NPT, LO";"2""";1;un;;20,72;kg;Contratista;VÁLVULA;;;;;;;;SIN REVISAR;;;;;
1.2574;1;2574;EWP-3351-10-PA-220;CWP-3351-10-PA-220;CWA-3351-10;PWP-3351-10-PA-220;"03351-PW-2""-C1-0052-N";;;C1;"VÁLVULA DE BOLA 3 CUERPOS, MSS SP-110 CL 2000 CWP; WOG,  FULL PORT, CUERPO ASTM A105, TRIM ASTM A216 TP316, ASIENTO PTFE REFORZADO, SELLOS PTFE, ASMEB1.20.1 NPT, LO";"2""";1;un;;20,72;kg;Contratista;VÁLVULA;;;;;;;;SIN REVISAR;;;;;
1.2575;1;2575;EWP-3351-10-PA-220;CWP-3351-10-PA-220;CWA-3351-10;PWP-3351-10-PA-220;"03351-PW-2""-C1-0048-N";;;C1;"VÁLVULA DE BOLA 3 CUERPOS, MSS SP-110 CL 2000 CWP; WOG,  FULL PORT, CUERPO ASTM A105, TRIM ASTM A216 TP316, ASIENTO PTFE REFORZADO, SELLOS PTFE, ASMEB1.20.1 NPT, LO";"2""";1;un;;20,72;kg;Contratista;VÁLVULA;;;;;;;;SIN REVISAR;;;;;
1.2576;1;2576;EWP-3351-10-PA-220;CWP-3351-10-PA-220;CWA-3351-10;PWP-3351-10-PA-220;"03351-PW-2""-C1-0092-N";;;C1;"VÁLVULA DE BOLA 3 CUERPOS, MSS SP-110 CL 2000 CWP; WOG,  FULL PORT, CUERPO ASTM A105, TRIM ASTM A216 TP316, ASIENTO PTFE REFORZADO, SELLOS PTFE, ASMEB1.20.1 NPT, LO";"2""";1;un;;20,72;kg;Contratista;VÁLVULA;;;;;;;;SIN REVISAR;;;;;
1.2577;1;2577;EWP-3351-10-PA-220;CWP-3351-10-PA-220;CWA-3351-10;PWP-3351-10-PA-220;"03351-PW-2""-C1-0085-N";;;C1;"VÁLVULA DE BOLA 3 CUERPOS, MSS SP-110 CL 2000 CWP; WOG,  FULL PORT, CUERPO ASTM A105, TRIM ASTM A216 TP316, ASIENTO PTFE REFORZADO, SELLOS PTFE, ASMEB1.20.1 NPT, LO";"2""";1;un;;20,72;kg;Contratista;VÁLVULA;;;;;;;;SIN REVISAR;;;;;
1.2578;1;2578;EWP-3351-10-PA-220;CWP-3351-10-PA-220;CWA-3351-10;PWP-3351-10-PA-220;"03351-PW-2""-C1-0083-N";;;C1;"VÁLVULA DE BOLA 3 CUERPOS, MSS SP-110 CL 2000 CWP; WOG,  FULL PORT, CUERPO ASTM A105, TRIM ASTM A216 TP316, ASIENTO PTFE REFORZADO, SELLOS PTFE, ASMEB1.20.1 NPT, LO";"2""";1;un;;20,72;kg;Contratista;VÁLVULA;;;;;;;;SIN REVISAR;;;;;
1.2409;1;2409;EWP-3351-10-PA-220;CWP-3351-10-PA-220;CWA-3351-10;PWP-3351-10-PA-220;03351-RW-450-H1-0008-N;;;H1;TUBERÍA HDPE PE100 PN6, ISO 4427-2, EXTREMOS PLANOSPARA TERMOFUSIÓN;"18""";0,46;m;FALSO;16,33;kg;Contratista;TUBERÍA HDPE;;;;;;;;SIN REVISAR;;;;;
1.2426;1;2426;EWP-3351-10-PA-220;CWP-3351-10-PA-220;CWA-3351-10;PWP-3351-10-PA-220;03351-RW-450-H1-0008-N;;;H1;TUBERÍA HDPE PE100 PN6, ISO 4427-2, EXTREMOS PLANOSPARA TERMOFUSIÓN;"18""";0,78;m;FALSO;28,02;kg;Contratista;TUBERÍA HDPE;;;;;;;;SIN REVISAR;;;;;
1.2428;1;2428;EWP-3351-10-PA-220;CWP-3351-10-PA-220;CWA-3351-10;PWP-3351-10-PA-220;03351-RW-450-H1-0008-N;;;H1;TUBERÍA HDPE PE100 PN6, ISO 4427-2, EXTREMOS PLANOSPARA TERMOFUSIÓN;"14""";7,52;m;FALSO;168,53;kg;Contratista;TUBERÍA HDPE;;;;;;;;SIN REVISAR;;;;;
1.2585;1;2585;EWP-3351-10-PA-220;CWP-3351-10-PA-220;CWA-3351-10;PWP-3351-10-PA-220;"03351-CT-6""-C3-0006-R3";;;C3;VÁLVULA DE CUCHILLO BIDIRECCIONAL NO PASANTE, CUERPO ACERO CARBONO A216 WCB, EMPAQUETADURA FIBRA SINTÉTICA IMPREGNADA PTFE, COMPUERTA ASTM A316, MSS SP-81, ASME B16.5 CL 150, WAFER, ACCIONAMIENTO MANUAL ENGRANAJE CÓNIC;"12""";1;un;;150;kg;Contratista;VÁLVULA;;;;;;;;SIN REVISAR;;;;;
1.2586;1;2586;EWP-3351-10-PA-220;CWP-3351-10-PA-220;CWA-3351-10;PWP-3351-10-PA-220;"03351-CT-6""-C3-0007-R3";;;C3;VÁLVULA DE CUCHILLO BIDIRECCIONAL NO PASANTE, CUERPO ACERO CARBONO A216 WCB, EMPAQUETADURA FIBRA SINTÉTICA IMPREGNADA PTFE, COMPUERTA ASTM A316, MSS SP-81, ASME B16.5 CL 150, WAFER, ACCIONAMIENTO MANUAL ENGRANAJE CÓNIC;"12""";1;un;;150;kg;Contratista;VÁLVULA;;;;;;;;SIN REVISAR;;;;;
1.2587;1;2587;EWP-3351-10-PA-220;CWP-3351-10-PA-220;CWA-3351-10;PWP-3351-10-PA-220;"03351-CT-6""-C3-0005-R3";;;C3;VÁLVULA DE CUCHILLO BIDIRECCIONAL NO PASANTE, CUERPO ACERO CARBONO A216 WCB, EMPAQUETADURA FIBRA SINTÉTICA IMPREGNADA PTFE, COMPUERTA ASTM A316, MSS SP-81, ASME B16.5 CL 150, WAFER, ACCIONAMIENTO MANUAL ENGRANAJE CÓNIC;"12""";1;un;;150;kg;Contratista;VÁLVULA;;;;;;;;SIN REVISAR;;;;;
1.2588;1;2588;EWP-3351-10-PA-220;CWP-3351-10-PA-220;CWA-3351-10;PWP-3351-10-PA-220;"03351-CT-6""-C2-0047-N";;;C2;VÁLVULA DE CUCHILLO BIDIRECCIONAL NO PASANTE, CUERPO ACERO CARBONO A216 WCB, EMPAQUETADURA FIBRA SINTÉTICA IMPREGNADA PTFE, COMPUERTA ASTM A316, MSS SP-81, ASME B16.5 CL 150, WAFER, ACCIONAMIENTO MANUAL ENGRANAJE CÓNIC;"12""";1;un;;150;kg;Contratista;VÁLVULA;;;;;;;;SIN REVISAR;;;;;
1.2589;1;2589;EWP-3351-10-PA-220;CWP-3351-10-PA-220;CWA-3351-10;PWP-3351-10-PA-220;"03351-PW-6""-C1-0013-N";;;C1;VÁLVULA DE CUCHILLO BIDIRECCIONAL NO PASANTE, CUERPO ACERO CARBONO A216 WCB, EMPAQUETADURA FIBRA SINTÉTICA IMPREGNADA PTFE, COMPUERTA ASTM A316, MSS SP-81, ASME B16.5 CL 150, WAFER, ACCIONAMIENTO MANUAL ENGRANAJE CÓNIC;"6""";1;un;;60;kg;Contratista;VÁLVULA;;;;;;;;SIN REVISAR;;;;;
1.2590;1;2590;EWP-3351-10-PA-220;CWP-3351-10-PA-220;CWA-3351-10;PWP-3351-10-PA-220;"03351-CT-4""-C2-0003-N";;;C2;VÁLVULA DE CUCHILLO BIDIRECCIONAL NO PASANTE, CUERPO ACERO CARBONO A216 WCB, EMPAQUETADURA FIBRA SINTÉTICA IMPREGNADA PTFE, COMPUERTA ASTM A316, MSS SP-81, ASME B16.5 CL 150, WAFER, ACCIONAMIENTO MANUAL HWO, CON CADEN;"4""";1;un;;32;kg;Contratista;VÁLVULA;;;;;;;;SIN REVISAR;;;;;
1.2591;1;2591;EWP-3351-10-PA-220;CWP-3351-10-PA-220;CWA-3351-10;PWP-3351-10-PA-220;"03351-CT-4""-C2-0004-N";;;C2;VÁLVULA DE CUCHILLO BIDIRECCIONAL NO PASANTE, CUERPO ACERO CARBONO A216 WCB, EMPAQUETADURA FIBRA SINTÉTICA IMPREGNADA PTFE, COMPUERTA ASTM A316, MSS SP-81, ASME B16.5 CL 150, WAFER, ACCIONAMIENTO MANUAL HWO, CON CADEN;"4""";1;un;;32;kg;Contratista;VÁLVULA;;;;;;;;SIN REVISAR;;;;;
1.2430;1;2430;EWP-3351-10-PA-220;CWP-3351-10-PA-220;CWA-3351-10;PWP-3351-10-PA-220;03351-RW-450-H1-0008-N;;;H1;TUBERÍA HDPE PE100 PN6, ISO 4427-2, EXTREMOS PLANOSPARA TERMOFUSIÓN;"14""";0,42;m;FALSO;9,42;kg;Contratista;TUBERÍA HDPE;;;;;;;;SIN REVISAR;;;;;
1.2598;1;2598;EWP-3351-10-PA-220;CWP-3351-10-PA-220;CWA-3351-10;PWP-3351-10-PA-220;03351-CT-200-H2-0045-N;;;H2;VÁLVULA DE CUCHILLO BIDIRECCIONAL NO PASANTE, CUERPO ACERO CARBONO A216 WCB, EMPAQUETADURA FIBRA SINTÉTICA IMPREGNADA PTFE, COMPUERTA ASTM A316, MSS SP-81, ASME B16.5 CL 150, WAFER, ACCIONAMIENTO NEUMÁTICO PO;"8""";1;un;;-;kg;Contratista;VÁLVULA;;;;;;;;SIN REVISAR;;;;;
1.2610;1;2610;EWP-3351-10-PA-220;CWP-3351-10-PA-220;CWA-3351-10;PWP-3351-10-PA-220;03351-CT-200-H2-0002-N;;;H2;VÁLVULA DE CUCHILLO BIDIRECCIONAL NO PASANTE, CUERPO ACERO CARBONO A216 WCB, EMPAQUETADURA FIBRA SINTÉTICA IMPREGNADA PTFE, COMPUERTA ASTM A316, MSS SP-81, ASME B16.5 CL 150, WAFER, ACCIONAMIENTO NEUMÁTICO PO;"8""";1;un;;-;kg;Contratista;VÁLVULA;;;;;;;;SIN REVISAR;;;;;
1.2592;1;2592;EWP-3351-10-PA-220;CWP-3351-10-PA-220;CWA-3351-10;PWP-3351-10-PA-220;"03351-CT-6""-C3-0005-R3";;;C3;VÁLVULA DE CUCHILLO BIDIRECCIONAL NO PASANTE, CUERPO ACERO CARBONO A216 WCB, EMPAQUETADURA FIBRA SINTÉTICA IMPREGNADA PTFE, COMPUERTA ASTM A316, MSS SP-81, ASME B16.5 CL 150, WAFER, ACCIONAMIENTO NEUMÁTICO PO;"6""";1;un;;-;kg;Contratista;VÁLVULA;;;;;;;;SIN REVISAR;;;;;
1.2431;1;2431;EWP-3351-10-PA-220;CWP-3351-10-PA-220;CWA-3351-10;PWP-3351-10-PA-220;03351-RW-450-H1-0008-N;;;H1;TUBERÍA HDPE PE100 PN6, ISO 4427-2, EXTREMOS PLANOSPARA TERMOFUSIÓN;"14""";4,03;m;FALSO;90,22;kg;Contratista;TUBERÍA HDPE;;;;;;;;SIN REVISAR;;;;;
1.2432;1;2432;EWP-3351-10-PA-220;CWP-3351-10-PA-220;CWA-3351-10;PWP-3351-10-PA-220;03351-RW-450-H1-0008-N;;;H1;TUBERÍA HDPE PE100 PN6, ISO 4427-2, EXTREMOS PLANOSPARA TERMOFUSIÓN;"14""";3,93;m;FALSO;88,07;kg;Contratista;TUBERÍA HDPE;;;;;;;;SIN REVISAR;;;;;
1.2596;1;2596;EWP-3351-10-PA-220;CWP-3351-10-PA-220;CWA-3351-10;PWP-3351-10-PA-220;"03351-CT-6""-C3-0018-R3";;;C3;VÁLVULA DE CUCHILLO BIDIRECCIONAL NO PASANTE, CUERPO ACERO CARBONO A216 WCB, EMPAQUETADURA FIBRA SINTÉTICA IMPREGNADA PTFE, COMPUERTA ASTM A316, MSS SP-81, ASME B16.5 CL 150, WAFER, ACCIONAMIENTO NEUMÁTICO PO;"6""";1;un;;-;kg;Contratista;VÁLVULA;;;;;;;;SIN REVISAR;;;;;
1.2597;1;2597;EWP-3351-10-PA-220;CWP-3351-10-PA-220;CWA-3351-10;PWP-3351-10-PA-220;"03351-CT-6""-C3-0018-R3";;;C3;VÁLVULA DE CUCHILLO BIDIRECCIONAL NO PASANTE, CUERPO ACERO CARBONO A216 WCB, EMPAQUETADURA FIBRA SINTÉTICA IMPREGNADA PTFE, COMPUERTA ASTM A316, MSS SP-81, ASME B16.5 CL 150, WAFER, ACCIONAMIENTO NEUMÁTICO PO;"6""";1;un;;-;kg;Contratista;VÁLVULA;;;;;;;;SIN REVISAR;;;;;
1.2599;1;2599;EWP-3351-10-PA-220;CWP-3351-10-PA-220;CWA-3351-10;PWP-3351-10-PA-220;03351-CT-200-H2-0045-N;;;H2;VÁLVULA DE CUCHILLO BIDIRECCIONAL NO PASANTE, CUERPO ACERO CARBONO A216 WCB, EMPAQUETADURA FIBRA SINTÉTICA IMPREGNADA PTFE, COMPUERTA ASTM A316, MSS SP-81, ASME B16.5 CL 150, WAFER, ACCIONAMIENTO NEUMÁTICO PO;"8""";1;un;;-;kg;Contratista;VÁLVULA;;;;;;;;SIN REVISAR;;;;;
1.2600;1;2600;EWP-3351-10-PA-220;CWP-3351-10-PA-220;CWA-3351-10;PWP-3351-10-PA-220;"03351-CT-6""-C3-0021-R3";;;C3;VÁLVULA DE CUCHILLO BIDIRECCIONAL NO PASANTE, CUERPO ACERO CARBONO A216 WCB, EMPAQUETADURA FIBRA SINTÉTICA IMPREGNADA PTFE, COMPUERTA ASTM A316, MSS SP-81, ASME B16.5 CL 150, WAFER, ACCIONAMIENTO NEUMÁTICO PO;"6""";1;un;;-;kg;Contratista;VÁLVULA;;;;;;;;SIN REVISAR;;;;;
1.2601;1;2601;EWP-3351-10-PA-220;CWP-3351-10-PA-220;CWA-3351-10;PWP-3351-10-PA-220;"03351-CT-6""-C3-0006-R3";;;C3;VÁLVULA DE CUCHILLO BIDIRECCIONAL NO PASANTE, CUERPO ACERO CARBONO A216 WCB, EMPAQUETADURA FIBRA SINTÉTICA IMPREGNADA PTFE, COMPUERTA ASTM A316, MSS SP-81, ASME B16.5 CL 150, WAFER, ACCIONAMIENTO NEUMÁTICO PO;"6""";1;un;;-;kg;Contratista;VÁLVULA;;;;;;;;SIN REVISAR;;;;;
1.2602;1;2602;EWP-3351-10-PA-220;CWP-3351-10-PA-220;CWA-3351-10;PWP-3351-10-PA-220;"03351-CT-6""-C3-0021-R3";;;C3;VÁLVULA DE CUCHILLO BIDIRECCIONAL NO PASANTE, CUERPO ACERO CARBONO A216 WCB, EMPAQUETADURA FIBRA SINTÉTICA IMPREGNADA PTFE, COMPUERTA ASTM A316, MSS SP-81, ASME B16.5 CL 150, WAFER, ACCIONAMIENTO NEUMÁTICO PO;"6""";1;un;;-;kg;Contratista;VÁLVULA;;;;;;;;SIN REVISAR;;;;;
1.2603;1;2603;EWP-3351-10-PA-220;CWP-3351-10-PA-220;CWA-3351-10;PWP-3351-10-PA-220;"03351-CT-6""-C3-0007-R3";;;C3;VÁLVULA DE CUCHILLO BIDIRECCIONAL NO PASANTE, CUERPO ACERO CARBONO A216 WCB, EMPAQUETADURA FIBRA SINTÉTICA IMPREGNADA PTFE, COMPUERTA ASTM A316, MSS SP-81, ASME B16.5 CL 150, WAFER, ACCIONAMIENTO NEUMÁTICO PO;"6""";1;un;;-;kg;Contratista;VÁLVULA;;;;;;;;SIN REVISAR;;;;;
1.2604;1;2604;EWP-3351-10-PA-220;CWP-3351-10-PA-220;CWA-3351-10;PWP-3351-10-PA-220;"03351-CT-6""-C3-0050-R3";;;C3;VÁLVULA DE CUCHILLO BIDIRECCIONAL NO PASANTE, CUERPO ACERO CARBONO A216 WCB, EMPAQUETADURA FIBRA SINTÉTICA IMPREGNADA PTFE, COMPUERTA ASTM A316, MSS SP-81, ASME B16.5 CL 150, WAFER, ACCIONAMIENTO NEUMÁTICO PO;"6""";1;un;;-;kg;Contratista;VÁLVULA;;;;;;;;SIN REVISAR;;;;;
1.2605;1;2605;EWP-3351-10-PA-220;CWP-3351-10-PA-220;CWA-3351-10;PWP-3351-10-PA-220;"03351-CT-6""-C3-0030-R3";;;C3;VÁLVULA DE CUCHILLO BIDIRECCIONAL NO PASANTE, CUERPO ACERO CARBONO A216 WCB, EMPAQUETADURA FIBRA SINTÉTICA IMPREGNADA PTFE, COMPUERTA ASTM A316, MSS SP-81, ASME B16.5 CL 150, WAFER, ACCIONAMIENTO NEUMÁTICO PO;"6""";1;un;;-;kg;Contratista;VÁLVULA;;;;;;;;SIN REVISAR;;;;;
1.2606;1;2606;EWP-3351-10-PA-220;CWP-3351-10-PA-220;CWA-3351-10;PWP-3351-10-PA-220;"03351-CT-6""-C3-0023-R3";;;C3;VÁLVULA DE CUCHILLO BIDIRECCIONAL NO PASANTE, CUERPO ACERO CARBONO A216 WCB, EMPAQUETADURA FIBRA SINTÉTICA IMPREGNADA PTFE, COMPUERTA ASTM A316, MSS SP-81, ASME B16.5 CL 150, WAFER, ACCIONAMIENTO NEUMÁTICO PO;"6""";1;un;;-;kg;Contratista;VÁLVULA;;;;;;;;SIN REVISAR;;;;;
1.2607;1;2607;EWP-3351-10-PA-220;CWP-3351-10-PA-220;CWA-3351-10;PWP-3351-10-PA-220;"03351-CT-6""-C3-0046-R3";;;C3;VÁLVULA DE CUCHILLO BIDIRECCIONAL NO PASANTE, CUERPO ACERO CARBONO A216 WCB, EMPAQUETADURA FIBRA SINTÉTICA IMPREGNADA PTFE, COMPUERTA ASTM A316, MSS SP-81, ASME B16.5 CL 150, WAFER, ACCIONAMIENTO NEUMÁTICO PO;"6""";1;un;;-;kg;Contratista;VÁLVULA;;;;;;;;SIN REVISAR;;;;;
1.2608;1;2608;EWP-3351-10-PA-220;CWP-3351-10-PA-220;CWA-3351-10;PWP-3351-10-PA-220;"03351-CT-6""-C3-0046-R3";;;C3;VÁLVULA DE CUCHILLO BIDIRECCIONAL NO PASANTE, CUERPO ACERO CARBONO A216 WCB, EMPAQUETADURA FIBRA SINTÉTICA IMPREGNADA PTFE, COMPUERTA ASTM A316, MSS SP-81, ASME B16.5 CL 150, WAFER, ACCIONAMIENTO NEUMÁTICO PO;"6""";1;un;;-;kg;Contratista;VÁLVULA;;;;;;;;SIN REVISAR;;;;;
1.2609;1;2609;EWP-3351-10-PA-220;CWP-3351-10-PA-220;CWA-3351-10;PWP-3351-10-PA-220;03351-CT-200-H2-0002-N;;;H2;VÁLVULA DE CUCHILLO BIDIRECCIONAL NO PASANTE, CUERPO ACERO CARBONO A216 WCB, EMPAQUETADURA FIBRA SINTÉTICA IMPREGNADA PTFE, COMPUERTA ASTM A316, MSS SP-81, ASME B16.5 CL 150, WAFER, ACCIONAMIENTO NEUMÁTICO PO;"8""";1;un;;-;kg;Contratista;VÁLVULA;;;;;;;;SIN REVISAR;;;;;
1.2611;1;2611;EWP-3351-10-PA-220;CWP-3351-10-PA-220;CWA-3351-10;PWP-3351-10-PA-220;"03351-GW-2""-C1-0095-N";;;C1;VÁLVULA DE GLOBO, CUERPO A216 WCC, ANSI B16.5 CLASE 150 FF, RELACIÓN DE REGULACIÓN 50:1 PASORECTO ACCIONAMIENTO NEUMÁTICO;"2""";1;un;;75;kg;Contratista;VÁLVULA;;;;;;;;SIN REVISAR;;;;;
1.2612;1;2612;EWP-3351-10-PA-220;CWP-3351-10-PA-220;CWA-3351-10;PWP-3351-10-PA-220;"03351-PW-2""-C1-0039-N";;;C1;VÁLVULA MARIPOSA, ASTM A234 GR WBP, TRIM ASTM A531, CF8M, ASME B16.34, API 609, TIPO LUG, CLASE 150,PCO, RPTFE;"2""";1;un;;8,16;kg;Contratista;VÁLVULA;;;;;;;;SIN REVISAR;;;;;
1.2615;1;2615;EWP-3351-10-PA-220;CWP-3351-10-PA-220;CWA-3351-10;PWP-3351-10-PA-220;"03351-PW-2""-C1-0054-N";;;C1;VÁLVULA PINCH PASO TOTAL, MATERIAL CUERPO A126CI.B, MATERIAL EJE A283-C, MATERIAL BUJES PP, MATERIAL MANGA NBR, ANSI B16.5 CLASE 150 FF, PO (VPN-602);"2""";1;un;;-;kg;Contratista;VÁLVULA;;;;;;;;SIN REVISAR;;;;;
1.2629;1;2629;EWP-3351-10-PA-220;CWP-3351-10-PA-220;CWA-3351-10;PWP-3351-10-PA-220;"03351-CT-3""-C2-0071-N";;;C2;VÁLVULA PINCH PASO TOTAL, MATERIAL CUERPO A126CI.B, MATERIAL EJE A283-C, MATERIAL BUJES PP, MATERIAL MANGA NBR, ANSI B16.5 CLASE 150 FF, PO (VPN-601);"3""";1;un;;-;kg;Contratista;VÁLVULA;;;;;;;;SIN REVISAR;;;;;
1.2630;1;2630;EWP-3351-10-PA-220;CWP-3351-10-PA-220;CWA-3351-10;PWP-3351-10-PA-220;"03351-CT-3""-C2-0059-N";;;C2;VÁLVULA PINCH PASO TOTAL, MATERIAL CUERPO A126CI.B, MATERIAL EJE A283-C, MATERIAL BUJES PP, MATERIAL MANGA NBR, ANSI B16.5 CLASE 150 FF, PO (VPN-601);"3""";1;un;;-;kg;Contratista;VÁLVULA;;;;;;;;SIN REVISAR;;;;;
1.2631;1;2631;EWP-3351-10-PA-220;CWP-3351-10-PA-220;CWA-3351-10;PWP-3351-10-PA-220;"03351-CT-3""-C2-0070-N";;;C2;VÁLVULA PINCH PASO TOTAL, MATERIAL CUERPO A126CI.B, MATERIAL EJE A283-C, MATERIAL BUJES PP, MATERIAL MANGA NBR, ANSI B16.5 CLASE 150 FF, PO (VPN-601);"3""";1;un;;-;kg;Contratista;VÁLVULA;;;;;;;;SIN REVISAR;;;;;
1.2644;1;2644;EWP-3351-10-PA-220;CWP-3351-10-PA-220;CWA-3351-10;PWP-3351-10-PA-220;"03351-PW-2""-C1-0084-N";;;C1;VÁLVULA PINCH PASO TOTAL, MATERIAL CUERPO A126CI.B, MATERIAL EJE A283-C, MATERIAL BUJES PP, MATERIAL MANGA NBR, ANSI B16.5 CLASE 150 FF, PO (VPN-602);"2""";1;un;;-;kg;Contratista;VÁLVULA;;;;;;;;SIN REVISAR;;;;;
1.2645;1;2645;EWP-3351-10-PA-220;CWP-3351-10-PA-220;CWA-3351-10;PWP-3351-10-PA-220;"03351-PW-2""-C1-0048-N";;;C1;VÁLVULA PINCH PASO TOTAL, MATERIAL CUERPO A126CI.B, MATERIAL EJE A283-C, MATERIAL BUJES PP, MATERIAL MANGA NBR, ANSI B16.5 CLASE 150 FF, PO (VPN-602);"2""";1;un;;-;kg;Contratista;VÁLVULA;;;;;;;;SIN REVISAR;;;;;
1.2646;1;2646;EWP-3351-10-PA-220;CWP-3351-10-PA-220;CWA-3351-10;PWP-3351-10-PA-220;"03351-PW-2""-C1-0083-N";;;C1;VÁLVULA PINCH PASO TOTAL, MATERIAL CUERPO A126CI.B, MATERIAL EJE A283-C, MATERIAL BUJES PP, MATERIAL MANGA NBR, ANSI B16.5 CLASE 150 FF, PO (VPN-602);"2""";1;un;;-;kg;Contratista;VÁLVULA;;;;;;;;SIN REVISAR;;;;;
1.2616;1;2616;EWP-3351-10-PA-220;CWP-3351-10-PA-220;CWA-3351-10;PWP-3351-10-PA-220;"03351-CT-3""-C2-0064-N";;;C2;VÁLVULA PINCH PASO TOTAL, MATERIAL CUERPO A126CI.B, MATERIAL EJE A283-C, MATERIAL BUJES PP, MATERIAL MANGA NBR, ANSI B16.5 CLASE 150 FF, PO (VPN-601);"3""";1;un;;-;kg;Contratista;VÁLVULA;;;;;;;;SIN REVISAR;;;;;
1.2617;1;2617;EWP-3351-10-PA-220;CWP-3351-10-PA-220;CWA-3351-10;PWP-3351-10-PA-220;"03351-CT-3""-C2-0063-N";;;C2;VÁLVULA PINCH PASO TOTAL, MATERIAL CUERPO A126CI.B, MATERIAL EJE A283-C, MATERIAL BUJES PP, MATERIAL MANGA NBR, ANSI B16.5 CLASE 150 FF, PO (VPN-601);"3""";1;un;;-;kg;Contratista;VÁLVULA;;;;;;;;SIN REVISAR;;;;;
1.2618;1;2618;EWP-3351-10-PA-220;CWP-3351-10-PA-220;CWA-3351-10;PWP-3351-10-PA-220;"03351-CT-3""-C2-0068-N";;;C2;VÁLVULA PINCH PASO TOTAL, MATERIAL CUERPO A126CI.B, MATERIAL EJE A283-C, MATERIAL BUJES PP, MATERIAL MANGA NBR, ANSI B16.5 CLASE 150 FF, PO (VPN-601);"3""";1;un;;-;kg;Contratista;VÁLVULA;;;;;;;;SIN REVISAR;;;;;
1.2619;1;2619;EWP-3351-10-PA-220;CWP-3351-10-PA-220;CWA-3351-10;PWP-3351-10-PA-220;"03351-CT-3""-C2-0065-N";;;C2;VÁLVULA PINCH PASO TOTAL, MATERIAL CUERPO A126CI.B, MATERIAL EJE A283-C, MATERIAL BUJES PP, MATERIAL MANGA NBR, ANSI B16.5 CLASE 150 FF, PO (VPN-601);"3""";1;un;;-;kg;Contratista;VÁLVULA;;;;;;;;SIN REVISAR;;;;;
1.2620;1;2620;EWP-3351-10-PA-220;CWP-3351-10-PA-220;CWA-3351-10;PWP-3351-10-PA-220;"03351-CT-3""-C2-0074-N";;;C2;VÁLVULA PINCH PASO TOTAL, MATERIAL CUERPO A126CI.B, MATERIAL EJE A283-C, MATERIAL BUJES PP, MATERIAL MANGA NBR, ANSI B16.5 CLASE 150 FF, PO (VPN-601);"3""";1;un;;-;kg;Contratista;VÁLVULA;;;;;;;;SIN REVISAR;;;;;
1.2621;1;2621;EWP-3351-10-PA-220;CWP-3351-10-PA-220;CWA-3351-10;PWP-3351-10-PA-220;"03351-CT-3""-C2-0012-N";;;C2;VÁLVULA PINCH PASO TOTAL, MATERIAL CUERPO A126CI.B, MATERIAL EJE A283-C, MATERIAL BUJES PP, MATERIAL MANGA NBR, ANSI B16.5 CLASE 150 FF, PO (VPN-601);"3""";1;un;;-;kg;Contratista;VÁLVULA;;;;;;;;SIN REVISAR;;;;;
1.2622;1;2622;EWP-3351-10-PA-220;CWP-3351-10-PA-220;CWA-3351-10;PWP-3351-10-PA-220;"03351-CT-3""-C2-0069-N";;;C2;VÁLVULA PINCH PASO TOTAL, MATERIAL CUERPO A126CI.B, MATERIAL EJE A283-C, MATERIAL BUJES PP, MATERIAL MANGA NBR, ANSI B16.5 CLASE 150 FF, PO (VPN-601);"3""";1;un;;-;kg;Contratista;VÁLVULA;;;;;;;;SIN REVISAR;;;;;
1.2623;1;2623;EWP-3351-10-PA-220;CWP-3351-10-PA-220;CWA-3351-10;PWP-3351-10-PA-220;"03351-CT-6""-C3-0021-R3";;;C3;VÁLVULA PINCH PASO TOTAL, MATERIAL CUERPO A126CI.B, MATERIAL EJE A283-C, MATERIAL BUJES PP, MATERIAL MANGA NBR, ANSI B16.5 CLASE 150 FF, PO (VPN-601);"3""";1;un;;-;kg;Contratista;VÁLVULA;;;;;;;;SIN REVISAR;;;;;
1.2624;1;2624;EWP-3351-10-PA-220;CWP-3351-10-PA-220;CWA-3351-10;PWP-3351-10-PA-220;"03351-CT-3""-C2-0066-N";;;C2;VÁLVULA PINCH PASO TOTAL, MATERIAL CUERPO A126CI.B, MATERIAL EJE A283-C, MATERIAL BUJES PP, MATERIAL MANGA NBR, ANSI B16.5 CLASE 150 FF, PO (VPN-601);"3""";1;un;;-;kg;Contratista;VÁLVULA;;;;;;;;SIN REVISAR;;;;;
1.2652;1;2652;EWP-3351-10-PA-220;CWP-3351-10-PA-220;CWA-3351-10;PWP-3351-10-PA-220;"03351-PW-6""-C1-0013-N";;;C1;WELDOLET, ASTM A105, SEGÚN MSS SP-97, CLASE STD,BW;"6""x2""";1;un;;1,1;kg;Contratista;WELDOLET;;;;;;;;SIN REVISAR;;;;;
1.2653;1;2653;EWP-3351-10-PA-220;CWP-3351-10-PA-220;CWA-3351-10;PWP-3351-10-PA-220;"03351-PW-6""-C1-0013-N";;;C1;WELDOLET, ASTM A105, SEGÚN MSS SP-97, CLASE STD,BW;"6""x2""";1;un;;1,1;kg;Contratista;WELDOLET;;;;;;;;SIN REVISAR;;;;;
1.2654;1;2654;EWP-3351-10-PA-220;CWP-3351-10-PA-220;CWA-3351-10;PWP-3351-10-PA-220;"03351-CT-6""-C3-0018-R3";;;C3;WELDOLET, ASTM A105, SEGÚN MSS SP-97, CLASE STD,BW;"6""x2""";1;un;;1,1;kg;Contratista;WELDOLET;;;;;;;;SIN REVISAR;;;;;
1.2655;1;2655;EWP-3351-10-PA-220;CWP-3351-10-PA-220;CWA-3351-10;PWP-3351-10-PA-220;"03351-PW-6""-C1-0013-N";;;C1;WELDOLET, ASTM A105, SEGÚN MSS SP-97, CLASE STD,BW;"6""x2""";1;un;;1,1;kg;Contratista;WELDOLET;;;;;;;;SIN REVISAR;;;;;
1.2656;1;2656;EWP-3351-10-PA-220;CWP-3351-10-PA-220;CWA-3351-10;PWP-3351-10-PA-220;"03351-CT-6""-C11-0001-N";;;C11;WELDOLET, ASTM A105, SEGÚN MSS SP-97, CLASE STD,BW;"6""x2""";1;un;;1,1;kg;Contratista;WELDOLET;;;;;;;;SIN REVISAR;;;;;
1.2657;1;2657;EWP-3351-10-PA-220;CWP-3351-10-PA-220;CWA-3351-10;PWP-3351-10-PA-220;"03351-PW-6""-C1-0013-N";;;C1;WELDOLET, ASTM A105, SEGÚN MSS SP-97, CLASE STD,BW;"6""x2""";1;un;;1,1;kg;Contratista;WELDOLET;;;;;;;;SIN REVISAR;;;;;
1.2658;1;2658;EWP-3351-10-PA-220;CWP-3351-10-PA-220;CWA-3351-10;PWP-3351-10-PA-220;"03351-PW-6""-C1-0013-N";;;C1;WELDOLET, ASTM A105, SEGÚN MSS SP-97, CLASE STD,BW;"6""x2""";1;un;;1,1;kg;Contratista;WELDOLET;;;;;;;;SIN REVISAR;;;;;
1.2659;1;2659;EWP-3351-10-PA-220;CWP-3351-10-PA-220;CWA-3351-10;PWP-3351-10-PA-220;"03351-PW-6""-C1-0013-N";;;C1;WELDOLET, ASTM A105, SEGÚN MSS SP-97, CLASE STD,BW;"6""x2""";1;un;;1,1;kg;Contratista;WELDOLET;;;;;;;;SIN REVISAR;;;;;
1.2660;1;2660;EWP-3351-10-PA-220;CWP-3351-10-PA-220;CWA-3351-10;PWP-3351-10-PA-220;"03351-PW-6""-C1-0013-N";;;C1;WELDOLET, ASTM A105, SEGÚN MSS SP-97, CLASE STD,BW;"6""x2""";1;un;;1,1;kg;Contratista;WELDOLET;;;;;;;;SIN REVISAR;;;;;
1.2661;1;2661;EWP-3351-10-PA-220;CWP-3351-10-PA-220;CWA-3351-10;PWP-3351-10-PA-220;"03351-PW-6""-C1-0013-N";;;C1;WELDOLET, ASTM A105, SEGÚN MSS SP-97, CLASE STD,BW;"6""x2""";1;un;;1,1;kg;Contratista;WELDOLET;;;;;;;;SIN REVISAR;;;;;
1.2662;1;2662;EWP-3351-10-PA-220;CWP-3351-10-PA-220;CWA-3351-10;PWP-3351-10-PA-220;"03351-PW-6""-C1-0013-N";;;C1;WELDOLET, ASTM A105, SEGÚN MSS SP-97, CLASE STD,BW;"6""x2""";1;un;;1,1;kg;Contratista;WELDOLET;;;;;;;;SIN REVISAR;;;;;
1.2663;1;2663;EWP-3351-10-PA-220;CWP-3351-10-PA-220;CWA-3351-10;PWP-3351-10-PA-220;"03351-CT-6""-C3-0050-R3";;;C3;WELDOLET, ASTM A105, SEGÚN MSS SP-97, CLASE STD,BW;"6""x2""";1;un;;1,1;kg;Contratista;WELDOLET;;;;;;;;SIN REVISAR;;;;;
1.2664;1;2664;EWP-3351-10-PA-220;CWP-3351-10-PA-220;CWA-3351-10;PWP-3351-10-PA-220;"03351-PW-6""-C1-0013-N";;;C1;WELDOLET, ASTM A105, SEGÚN MSS SP-97, CLASE STD,BW;"6""x2""";1;un;;1,1;kg;Contratista;WELDOLET;;;;;;;;SIN REVISAR;;;;;
1.2665;1;2665;EWP-3351-10-PA-220;CWP-3351-10-PA-220;CWA-3351-10;PWP-3351-10-PA-220;"03351-PW-6""-C1-0013-N";;;C1;WELDOLET, ASTM A105, SEGÚN MSS SP-97, CLASE STD,BW;"6""x2""";1;un;;1,1;kg;Contratista;WELDOLET;;;;;;;;SIN REVISAR;;;;;
1.2666;1;2666;EWP-3351-10-PA-220;CWP-3351-10-PA-220;CWA-3351-10;PWP-3351-10-PA-220;"03351-CT-6""-C3-0005-R3";;;C3;WELDOLET, PARA SOLDAR, ASTM A105, SEGÚN MSS SP-97, BE SCH STD;"12""x2""";1;un;;0,5;kg;Contratista;WELDOLET;;;;;;;;SIN REVISAR;;;;;
1.2667;1;2667;EWP-3351-10-PA-220;CWP-3351-10-PA-220;CWA-3351-10;PWP-3351-10-PA-220;"03351-CT-6""-C3-0030-R3";;;C3;WELDOLET, PARA SOLDAR, ASTM A105, SEGÚN MSS SP-97, BE SCH STD;"6""x2""";1;un;;0,5;kg;Contratista;WELDOLET;;;;;;;;SIN REVISAR;;;;;
1.2668;1;2668;EWP-3351-10-PA-220;CWP-3351-10-PA-220;CWA-3351-10;PWP-3351-10-PA-220;"03351-CT-6""-C3-0023-R3";;;C3;WELDOLET, PARA SOLDAR, ASTM A105, SEGÚN MSS SP-97, BE SCH STD;"6""x2""";1;un;;0,5;kg;Contratista;WELDOLET;;;;;;;;SIN REVISAR;;;;;
1.2669;1;2669;EWP-3351-10-PA-220;CWP-3351-10-PA-220;CWA-3351-10;PWP-3351-10-PA-220;"03351-CT-6""-C3-0021-R3";;;C3;WELDOLET, PARA SOLDAR, ASTM A105, SEGÚN MSS SP-97, BE SCH STD;"6""x2""";1;un;;0,5;kg;Contratista;WELDOLET;;;;;;;;SIN REVISAR;;;;;
1.2670;1;2670;EWP-3351-10-PA-220;CWP-3351-10-PA-220;CWA-3351-10;PWP-3351-10-PA-220;"03351-CT-6""-C3-0030-R3";;;C3;WELDOLET, PARA SOLDAR, ASTM A105, SEGÚN MSS SP-97, BE SCH STD;"6""x2""";1;un;;0,5;kg;Contratista;WELDOLET;;;;;;;;SIN REVISAR;;;;;
1.2671;1;2671;EWP-3351-10-PA-220;CWP-3351-10-PA-220;CWA-3351-10;PWP-3351-10-PA-220;"03351-CT-6""-C3-0050-R3";;;C3;WELDOLET, PARA SOLDAR, ASTM A105, SEGÚN MSS SP-97, BE SCH STD;"6""x2""";1;un;;0,5;kg;Contratista;WELDOLET;;;;;;;;SIN REVISAR;;;;;
1.2672;1;2672;EWP-3351-10-PA-220;CWP-3351-10-PA-220;CWA-3351-10;PWP-3351-10-PA-220;"03351-CT-6""-C3-0006-R3";;;C3;WELDOLET, PARA SOLDAR, ASTM A105, SEGÚN MSS SP-97, BE SCH STD;"12""x2""";1;un;;0,5;kg;Contratista;WELDOLET;;;;;;;;SIN REVISAR;;;;;
1.2673;1;2673;EWP-3351-10-PA-220;CWP-3351-10-PA-220;CWA-3351-10;PWP-3351-10-PA-220;"03351-CT-6""-C3-0007-R3";;;C3;WELDOLET, PARA SOLDAR, ASTM A105, SEGÚN MSS SP-97, BE SCH STD;"12""x2""";1;un;;0,5;kg;Contratista;WELDOLET;;;;;;;;SIN REVISAR;;;;;
1.2674;1;2674;EWP-3351-10-PA-220;CWP-3351-10-PA-220;CWA-3351-10;PWP-3351-10-PA-220;"03351-CT-6""-C3-0046-R3";;;C3;WELDOLET, PARA SOLDAR, ASTM A105, SEGÚN MSS SP-97, BE SCH STD;"6""x2""";1;un;;0,5;kg;Contratista;WELDOLET;;;;;;;;SIN REVISAR;;;;;
2.1;2;1;EWP-3351-10-PA-220;CWP-3351-10-PA-220;CWA-3351-10;PWP-3351-10-PA-220;"03351-IA-2""-G1-0112-N";;;G1;BUSHING ACERO CARBONO ASTM A197 GALVANIZADO ASTM A ASME B16.3 HEMBRA THD ENDS NPT CL 150;"1""x1/2""";1;un;;0,19;kg;Contratista;BUSHING ;;;;;;;;SIN REVISAR;;;;;
2.2;2;2;EWP-3351-10-PA-220;CWP-3351-10-PA-220;CWA-3351-10;PWP-3351-10-PA-220;"03351-IA-2""-G1-0112-N";;;G1;BUSHING ACERO CARBONO ASTM A197 GALVANIZADO ASTM A ASME B16.3 HEMBRA THD ENDS NPT CL 150;"2""x1""";1;un;;1,63;kg;Contratista;BUSHING ;;;;;;;;SIN REVISAR;;;;;
2.3;2;3;EWP-3351-10-PA-220;CWP-3351-10-PA-220;CWA-3351-10;PWP-3351-10-PA-220;"03351-IA-2""-G1-0100-N";;;G1;BUSHING ACERO CARBONO ASTM A197 GALVANIZADO ASTM A ASME B16.3 HEMBRA THD ENDS NPT CL 150;"1""x1/2""";1;un;;0,19;kg;Contratista;BUSHING ;;;;;;;;SIN REVISAR;;;;;
2.4;2;4;EWP-3351-10-PA-220;CWP-3351-10-PA-220;CWA-3351-10;PWP-3351-10-PA-220;"03351-IA-2""-G1-0100-N";;;G1;BUSHING ACERO CARBONO ASTM A197 GALVANIZADO ASTM A ASME B16.3 HEMBRA THD ENDS NPT CL 150;"2""x1""";1;un;;1,63;kg;Contratista;BUSHING ;;;;;;;;SIN REVISAR;;;;;
2.5;2;5;EWP-3351-10-PA-220;CWP-3351-10-PA-220;CWA-3351-10;PWP-3351-10-PA-220;"03351-IA-1""-G1-0111-N";;;G1;BUSHING ACERO CARBONO ASTM A197 GALVANIZADO ASTM A ASME B16.3 HEMBRA THD ENDS NPT CL 150;"2""x1""";1;un;;1,63;kg;Contratista;BUSHING ;;;;;;;;SIN REVISAR;;;;;
2.6;2;6;EWP-3351-10-PA-220;CWP-3351-10-PA-220;CWA-3351-10;PWP-3351-10-PA-220;"03351-IA-1""-G1-0106-N";;;G1;BUSHING ACERO CARBONO ASTM A197 GALVANIZADO ASTM A ASME B16.3 HEMBRA THD ENDS NPT CL 150;"2""x1""";1;un;;1,63;kg;Contratista;BUSHING ;;;;;;;;SIN REVISAR;;;;;
2.7;2;7;EWP-3351-10-PA-220;CWP-3351-10-PA-220;CWA-3351-10;PWP-3351-10-PA-220;"03351-IA-1""-G1-0109-N";;;G1;BUSHING ACERO CARBONO ASTM A197 GALVANIZADO ASTM A ASME B16.3 HEMBRA THD ENDS NPT CL 150;"2""x1""";1;un;;1,63;kg;Contratista;BUSHING ;;;;;;;;SIN REVISAR;;;;;
2.8;2;8;EWP-3351-10-PA-220;CWP-3351-10-PA-220;CWA-3351-10;PWP-3351-10-PA-220;"03351-IA-1""-G1-0108-N";;;G1;BUSHING ACERO CARBONO ASTM A197 GALVANIZADO ASTM A ASME B16.3 HEMBRA THD ENDS NPT CL 150;"2""x1""";1;un;;1,63;kg;Contratista;BUSHING ;;;;;;;;SIN REVISAR;;;;;
2.9;2;9;EWP-3351-10-PA-220;CWP-3351-10-PA-220;CWA-3351-10;PWP-3351-10-PA-220;"03351-IA-1""-G1-0107-N";;;G1;BUSHING ACERO CARBONO ASTM A197 GALVANIZADO ASTM A ASME B16.3 HEMBRA THD ENDS NPT CL 150;"2""x1""";1;un;;1,63;kg;Contratista;BUSHING ;;;;;;;;SIN REVISAR;;;;;
2.10;2;10;EWP-3351-10-PA-220;CWP-3351-10-PA-220;CWA-3351-10;PWP-3351-10-PA-220;"03351-IA-1""-G1-0104-N";;;G1;BUSHING ACERO CARBONO ASTM A197 GALVANIZADO ASTM A ASME B16.3 HEMBRA THD ENDS NPT CL 150;"2""x1""";1;un;;1,63;kg;Contratista;BUSHING ;;;;;;;;SIN REVISAR;;;;;
2.11;2;11;EWP-3351-10-PA-220;CWP-3351-10-PA-220;CWA-3351-10;PWP-3351-10-PA-220;"03351-IA-1""-G1-0102-N";;;G1;BUSHING ACERO CARBONO ASTM A197 GALVANIZADO ASTM A ASME B16.3 HEMBRA THD ENDS NPT CL 150;"2""x1""";1;un;;1,63;kg;Contratista;BUSHING ;;;;;;;;SIN REVISAR;;;;;
2.12;2;12;EWP-3351-10-PA-220;CWP-3351-10-PA-220;CWA-3351-10;PWP-3351-10-PA-220;"03351-IA-2""-G1-0101-N";;;G1;BUSHING ACERO CARBONO ASTM A197 GALVANIZADO ASTM A ASME B16.3 HEMBRA THD ENDS NPT CL 150;"2""x1""";1;un;;1,63;kg;Contratista;BUSHING ;;;;;;;;SIN REVISAR;;;;;
2.13;2;13;EWP-3351-10-PA-220;CWP-3351-10-PA-220;CWA-3351-10;PWP-3351-10-PA-220;"03351-IA-1""-G1-0103-N";;;G1;BUSHING ACERO CARBONO ASTM A197 GALVANIZADO ASTM A ASME B16.3 HEMBRA THD ENDS NPT CL 150;"2""x1""";1;un;;1,63;kg;Contratista;BUSHING ;;;;;;;;SIN REVISAR;;;;;
2.14;2;14;EWP-3351-10-PA-220;CWP-3351-10-PA-220;CWA-3351-10;PWP-3351-10-PA-220;"03351-IA-1""-G1-0105-N";;;G1;BUSHING ACERO CARBONO ASTM A197 GALVANIZADO ASTM A ASME B16.3 HEMBRA THD ENDS NPT CL 150;"2""x1""";1;un;;1,63;kg;Contratista;BUSHING ;;;;;;;;SIN REVISAR;;;;;
2.15;2;15;EWP-3351-10-PA-220;CWP-3351-10-PA-220;CWA-3351-10;PWP-3351-10-PA-220;"03351-IA-2""-G1-0100-N";;;G1;CAÑERÍA ACERO CARBONO ASTMA A106 GR B GALVANIZADO ASTM A ASME B36.10 M SMLS MACHO THD ENDS NPT SCH.80S;"2""";4,78;m;;24,05;kg;Contratista;CAÑERÍA;Valvulas industriales;;12/03/2026;12/03/2026;;;Enzo Santambrogio;DISPONIBLE;;4,78;;;
2.16;2;16;EWP-3351-10-PA-220;CWP-3351-10-PA-220;CWA-3351-10;PWP-3351-10-PA-220;"03351-IA-2""-G1-0100-N";;;G1;CAÑERÍA ACERO CARBONO ASTMA A106 GR B GALVANIZADO ASTM A ASME B36.10 M SMLS MACHO THD ENDS NPT SCH.80S;"2""";0,17;m;;0,84;kg;Contratista;CAÑERÍA;Valvulas industriales;;12/03/2026;12/03/2026;;;Enzo Santambrogio;DISPONIBLE;;0,17;;;
2.17;2;17;EWP-3351-10-PA-220;CWP-3351-10-PA-220;CWA-3351-10;PWP-3351-10-PA-220;"03351-IA-2""-G1-0100-N";;;G1;CAÑERÍA ACERO CARBONO ASTMA A106 GR B GALVANIZADO ASTM A ASME B36.10 M SMLS MACHO THD ENDS NPT SCH.80S;"2""";0,07;m;;0,34;kg;Contratista;CAÑERÍA;Valvulas industriales;;12/03/2026;12/03/2026;;;Enzo Santambrogio;DISPONIBLE;;0,07;;;
2.18;2;18;EWP-3351-10-PA-220;CWP-3351-10-PA-220;CWA-3351-10;PWP-3351-10-PA-220;"03351-IA-2""-G1-0100-N";;;G1;CAÑERÍA ACERO CARBONO ASTMA A106 GR B GALVANIZADO ASTM A ASME B36.10 M SMLS MACHO THD ENDS NPT SCH.80S;"2""";5,45;m;;27,4;kg;Contratista;CAÑERÍA;Valvulas industriales;;12/03/2026;12/03/2026;;;Enzo Santambrogio;DISPONIBLE;;5,45;;;
2.19;2;19;EWP-3351-10-PA-220;CWP-3351-10-PA-220;CWA-3351-10;PWP-3351-10-PA-220;"03351-IA-2""-G1-0100-N";;;G1;CAÑERÍA ACERO CARBONO ASTMA A106 GR B GALVANIZADO ASTM A ASME B36.10 M SMLS MACHO THD ENDS NPT SCH.80S;"2""";0,93;m;;4,69;kg;Contratista;CAÑERÍA;Valvulas industriales;;12/03/2026;12/03/2026;;;Enzo Santambrogio;DISPONIBLE;;0,93;;;
2.20;2;20;EWP-3351-10-PA-220;CWP-3351-10-PA-220;CWA-3351-10;PWP-3351-10-PA-220;"03351-IA-2""-G1-0100-N";;;G1;CAÑERÍA ACERO CARBONO ASTMA A106 GR B GALVANIZADO ASTM A ASME B36.10 M SMLS MACHO THD ENDS NPT SCH.80S;"2""";1,96;m;;9,87;kg;Contratista;CAÑERÍA;Valvulas industriales;;12/03/2026;12/03/2026;;;Enzo Santambrogio;DISPONIBLE;;1,96;;;
2.21;2;21;EWP-3351-10-PA-220;CWP-3351-10-PA-220;CWA-3351-10;PWP-3351-10-PA-220;"03351-IA-2""-G1-0100-N";;;G1;CAÑERÍA ACERO CARBONO ASTMA A106 GR B GALVANIZADO ASTM A ASME B36.10 M SMLS MACHO THD ENDS NPT SCH.80S;"2""";3,7;m;;18,63;kg;Contratista;CAÑERÍA;Valvulas industriales;;12/03/2026;12/03/2026;;;Enzo Santambrogio;DISPONIBLE;;3,7;;;
2.22;2;22;EWP-3351-10-PA-220;CWP-3351-10-PA-220;CWA-3351-10;PWP-3351-10-PA-220;"03351-IA-2""-G1-0100-N";;;G1;CAÑERÍA ACERO CARBONO ASTMA A106 GR B GALVANIZADO ASTM A ASME B36.10 M SMLS MACHO THD ENDS NPT SCH.80S;"2""";0,23;m;;1,14;kg;Contratista;CAÑERÍA;Valvulas industriales;;12/03/2026;12/03/2026;;;Enzo Santambrogio;DISPONIBLE;;0,23;;;
2.23;2;23;EWP-3351-10-PA-220;CWP-3351-10-PA-220;CWA-3351-10;PWP-3351-10-PA-220;"03351-IA-2""-G1-0100-N";;;G1;CAÑERÍA ACERO CARBONO ASTMA A106 GR B GALVANIZADO ASTM A ASME B36.10 M SMLS MACHO THD ENDS NPT SCH.80S;"2""";0,83;m;;4,17;kg;Contratista;CAÑERÍA;Valvulas industriales;;12/03/2026;12/03/2026;;;Enzo Santambrogio;DISPONIBLE;;0,83;;;
2.24;2;24;EWP-3351-10-PA-220;CWP-3351-10-PA-220;CWA-3351-10;PWP-3351-10-PA-220;"03351-IA-2""-G1-0100-N";;;G1;CAÑERÍA ACERO CARBONO ASTMA A106 GR B GALVANIZADO ASTM A ASME B36.10 M SMLS MACHO THD ENDS NPT SCH.80S;"2""";0,64;m;;3,21;kg;Contratista;CAÑERÍA;Valvulas industriales;;12/03/2026;12/03/2026;;;Enzo Santambrogio;DISPONIBLE;;0,64;;;
2.25;2;25;EWP-3351-10-PA-220;CWP-3351-10-PA-220;CWA-3351-10;PWP-3351-10-PA-220;"03351-IA-1""-G1-0103-N";;;G1;CAÑERÍA ACERO CARBONO ASTMA A106 GR B GALVANIZADO ASTM A ASME B36.10 M SMLS MACHO THD ENDS NPT SCH.80S;"1""";2,24;m;;4,86;kg;Contratista;CAÑERÍA;Valvulas industriales;;12/03/2026;12/03/2026;;;Enzo Santambrogio;DISPONIBLE;;2,24;;;
2.26;2;26;EWP-3351-10-PA-220;CWP-3351-10-PA-220;CWA-3351-10;PWP-3351-10-PA-220;"03351-IA-1""-G1-0107-N";;;G1;CAÑERÍA ACERO CARBONO ASTMA A106 GR B GALVANIZADO ASTM A ASME B36.10 M SMLS MACHO THD ENDS NPT SCH.80S;"1""";7,79;m;;16,91;kg;Contratista;CAÑERÍA;Valvulas industriales;;12/03/2026;12/03/2026;;;Enzo Santambrogio;DISPONIBLE;;7,79;;;
2.27;2;27;EWP-3351-10-PA-220;CWP-3351-10-PA-220;CWA-3351-10;PWP-3351-10-PA-220;"03351-IA-1""-G1-0107-N";;;G1;CAÑERÍA ACERO CARBONO ASTMA A106 GR B GALVANIZADO ASTM A ASME B36.10 M SMLS MACHO THD ENDS NPT SCH.80S;"1""";0,36;m;;0,78;kg;Contratista;CAÑERÍA;Valvulas industriales;;12/03/2026;12/03/2026;;;Enzo Santambrogio;DISPONIBLE;;0,36;;;
2.28;2;28;EWP-3351-10-PA-220;CWP-3351-10-PA-220;CWA-3351-10;PWP-3351-10-PA-220;"03351-IA-1""-G1-0102-N";;;G1;CAÑERÍA ACERO CARBONO ASTMA A106 GR B GALVANIZADO ASTM A ASME B36.10 M SMLS MACHO THD ENDS NPT SCH.80S;"1""";0,93;m;;2,01;kg;Contratista;CAÑERÍA;Valvulas industriales;;12/03/2026;12/03/2026;;;Enzo Santambrogio;DISPONIBLE;;0,93;;;
2.29;2;29;EWP-3351-10-PA-220;CWP-3351-10-PA-220;CWA-3351-10;PWP-3351-10-PA-220;"03351-IA-1""-G1-0104-N";;;G1;CAÑERÍA ACERO CARBONO ASTMA A106 GR B GALVANIZADO ASTM A ASME B36.10 M SMLS MACHO THD ENDS NPT SCH.80S;"1""";2,4;m;;5,21;kg;Contratista;CAÑERÍA;Valvulas industriales;;12/03/2026;12/03/2026;;;Enzo Santambrogio;DISPONIBLE;;2,4;;;
2.30;2;30;EWP-3351-10-PA-220;CWP-3351-10-PA-220;CWA-3351-10;PWP-3351-10-PA-220;"03351-IA-1""-G1-0106-N";;;G1;CAÑERÍA ACERO CARBONO ASTMA A106 GR B GALVANIZADO ASTM A ASME B36.10 M SMLS MACHO THD ENDS NPT SCH.80S;"1""";0,25;m;;0,55;kg;Contratista;CAÑERÍA;Valvulas industriales;;12/03/2026;12/03/2026;;;Enzo Santambrogio;DISPONIBLE;;0,25;;;
2.31;2;31;EWP-3351-10-PA-220;CWP-3351-10-PA-220;CWA-3351-10;PWP-3351-10-PA-220;"03351-IA-1""-G1-0102-N";;;G1;CAÑERÍA ACERO CARBONO ASTMA A106 GR B GALVANIZADO ASTM A ASME B36.10 M SMLS MACHO THD ENDS NPT SCH.80S;"1""";0,1;m;;0,22;kg;Contratista;CAÑERÍA;Valvulas industriales;;12/03/2026;12/03/2026;;;Enzo Santambrogio;DISPONIBLE;;0,1;;;
2.32;2;32;EWP-3351-10-PA-220;CWP-3351-10-PA-220;CWA-3351-10;PWP-3351-10-PA-220;"03351-IA-1""-G1-0102-N";;;G1;CAÑERÍA ACERO CARBONO ASTMA A106 GR B GALVANIZADO ASTM A ASME B36.10 M SMLS MACHO THD ENDS NPT SCH.80S;"1""";3,97;m;;8,61;kg;Contratista;CAÑERÍA;Valvulas industriales;;12/03/2026;12/03/2026;;;Enzo Santambrogio;DISPONIBLE;;3,97;;;
2.33;2;33;EWP-3351-10-PA-220;CWP-3351-10-PA-220;CWA-3351-10;PWP-3351-10-PA-220;"03351-IA-1""-G1-0103-N";;;G1;CAÑERÍA ACERO CARBONO ASTMA A106 GR B GALVANIZADO ASTM A ASME B36.10 M SMLS MACHO THD ENDS NPT SCH.80S;"1""";0,09;m;;0,21;kg;Contratista;CAÑERÍA;Valvulas industriales;;12/03/2026;12/03/2026;;;Enzo Santambrogio;DISPONIBLE;;0,09;;;
2.34;2;34;EWP-3351-10-PA-220;CWP-3351-10-PA-220;CWA-3351-10;PWP-3351-10-PA-220;"03351-IA-2""-G1-0112-N";;;G1;CAÑERÍA ACERO CARBONO ASTMA A106 GR B GALVANIZADO ASTM A ASME B36.10 M SMLS MACHO THD ENDS NPT SCH.80S;"2""";0,63;m;;3,18;kg;Contratista;CAÑERÍA;Valvulas industriales;;12/03/2026;12/03/2026;;;Enzo Santambrogio;DISPONIBLE;;0,63;;;
2.35;2;35;EWP-3351-10-PA-220;CWP-3351-10-PA-220;CWA-3351-10;PWP-3351-10-PA-220;"03351-IA-1""-G1-0102-N";;;G1;CAÑERÍA ACERO CARBONO ASTMA A106 GR B GALVANIZADO ASTM A ASME B36.10 M SMLS MACHO THD ENDS NPT SCH.80S;"1""";2,13;m;;4,62;kg;Contratista;CAÑERÍA;Valvulas industriales;;12/03/2026;12/03/2026;;;Enzo Santambrogio;DISPONIBLE;;2,13;;;
2.36;2;36;EWP-3351-10-PA-220;CWP-3351-10-PA-220;CWA-3351-10;PWP-3351-10-PA-220;"03351-IA-1""-G1-0102-N";;;G1;CAÑERÍA ACERO CARBONO ASTMA A106 GR B GALVANIZADO ASTM A ASME B36.10 M SMLS MACHO THD ENDS NPT SCH.80S;"1""";1,24;m;;2,7;kg;Contratista;CAÑERÍA;Valvulas industriales;;12/03/2026;12/03/2026;;;Enzo Santambrogio;DISPONIBLE;;1,24;;;
2.37;2;37;EWP-3351-10-PA-220;CWP-3351-10-PA-220;CWA-3351-10;PWP-3351-10-PA-220;"03351-IA-2""-G1-0100-N";;;G1;CAÑERÍA ACERO CARBONO ASTMA A106 GR B GALVANIZADO ASTM A ASME B36.10 M SMLS MACHO THD ENDS NPT SCH.80S;"2""";3,89;m;;19,58;kg;Contratista;CAÑERÍA;Valvulas industriales;;12/03/2026;12/03/2026;;;Enzo Santambrogio;DISPONIBLE;;3,89;;;
2.38;2;38;EWP-3351-10-PA-220;CWP-3351-10-PA-220;CWA-3351-10;PWP-3351-10-PA-220;"03351-IA-1""-G1-0105-N";;;G1;CAÑERÍA ACERO CARBONO ASTMA A106 GR B GALVANIZADO ASTM A ASME B36.10 M SMLS MACHO THD ENDS NPT SCH.80S;"1""";1,43;m;;3,11;kg;Contratista;CAÑERÍA;Valvulas industriales;;12/03/2026;12/03/2026;;;Enzo Santambrogio;DISPONIBLE;;1,43;;;
2.39;2;39;EWP-3351-10-PA-220;CWP-3351-10-PA-220;CWA-3351-10;PWP-3351-10-PA-220;"03351-IA-1""-G1-0105-N";;;G1;CAÑERÍA ACERO CARBONO ASTMA A106 GR B GALVANIZADO ASTM A ASME B36.10 M SMLS MACHO THD ENDS NPT SCH.80S;"1""";0,18;m;;0,39;kg;Contratista;CAÑERÍA;Valvulas industriales;;12/03/2026;12/03/2026;;;Enzo Santambrogio;DISPONIBLE;;0,18;;;
2.40;2;40;EWP-3351-10-PA-220;CWP-3351-10-PA-220;CWA-3351-10;PWP-3351-10-PA-220;"03351-IA-2""-G1-0100-N";;;G1;CAÑERÍA ACERO CARBONO ASTMA A106 GR B GALVANIZADO ASTM A ASME B36.10 M SMLS MACHO THD ENDS NPT SCH.80S;"2""";0,35;m;;1,77;kg;Contratista;CAÑERÍA;Valvulas industriales;;12/03/2026;12/03/2026;;;Enzo Santambrogio;DISPONIBLE;;0,35;;;
2.41;2;41;EWP-3351-10-PA-220;CWP-3351-10-PA-220;CWA-3351-10;PWP-3351-10-PA-220;"03351-IA-1""-G1-0107-N";;;G1;CAÑERÍA ACERO CARBONO ASTMA A106 GR B GALVANIZADO ASTM A ASME B36.10 M SMLS MACHO THD ENDS NPT SCH.80S;"1""";0,18;m;;0,39;kg;Contratista;CAÑERÍA;Valvulas industriales;;12/03/2026;12/03/2026;;;Enzo Santambrogio;DISPONIBLE;;0,18;;;
2.42;2;42;EWP-3351-10-PA-220;CWP-3351-10-PA-220;CWA-3351-10;PWP-3351-10-PA-220;"03351-IA-2""-G1-0100-N";;;G1;CAÑERÍA ACERO CARBONO ASTMA A106 GR B GALVANIZADO ASTM A ASME B36.10 M SMLS MACHO THD ENDS NPT SCH.80S;"2""";0,31;m;;1,57;kg;Contratista;CAÑERÍA;Valvulas industriales;;12/03/2026;12/03/2026;;;Enzo Santambrogio;DISPONIBLE;;0,31;;;
2.43;2;43;EWP-3351-10-PA-220;CWP-3351-10-PA-220;CWA-3351-10;PWP-3351-10-PA-220;"03351-IA-1""-G1-0104-N";;;G1;CAÑERÍA ACERO CARBONO ASTMA A106 GR B GALVANIZADO ASTM A ASME B36.10 M SMLS MACHO THD ENDS NPT SCH.80S;"1""";0,09;m;;0,21;kg;Contratista;CAÑERÍA;Valvulas industriales;;12/03/2026;12/03/2026;;;Enzo Santambrogio;DISPONIBLE;;0,09;;;
2.44;2;44;EWP-3351-10-PA-220;CWP-3351-10-PA-220;CWA-3351-10;PWP-3351-10-PA-220;"03351-IA-1""-G1-0103-N";;;G1;CAÑERÍA ACERO CARBONO ASTMA A106 GR B GALVANIZADO ASTM A ASME B36.10 M SMLS MACHO THD ENDS NPT SCH.80S;"1""";7,04;m;;15,28;kg;Contratista;CAÑERÍA;Valvulas industriales;;12/03/2026;12/03/2026;;;Enzo Santambrogio;DISPONIBLE;;7,04;;;
2.45;2;45;EWP-3351-10-PA-220;CWP-3351-10-PA-220;CWA-3351-10;PWP-3351-10-PA-220;"03351-IA-2""-G1-0100-N";;;G1;CAÑERÍA ACERO CARBONO ASTMA A106 GR B GALVANIZADO ASTM A ASME B36.10 M SMLS MACHO THD ENDS NPT SCH.80S;"2""";0,14;m;;0,71;kg;Contratista;CAÑERÍA;Valvulas industriales;;12/03/2026;12/03/2026;;;Enzo Santambrogio;DISPONIBLE;;0,14;;;
2.46;2;46;EWP-3351-10-PA-220;CWP-3351-10-PA-220;CWA-3351-10;PWP-3351-10-PA-220;"03351-IA-1""-G1-0102-N";;;G1;CAÑERÍA ACERO CARBONO ASTMA A106 GR B GALVANIZADO ASTM A ASME B36.10 M SMLS MACHO THD ENDS NPT SCH.80S;"1""";1,49;m;;3,23;kg;Contratista;CAÑERÍA;Valvulas industriales;;12/03/2026;12/03/2026;;;Enzo Santambrogio;DISPONIBLE;;1,49;;;
2.47;2;47;EWP-3351-10-PA-220;CWP-3351-10-PA-220;CWA-3351-10;PWP-3351-10-PA-220;"03351-IA-1""-G1-0106-N";;;G1;CAÑERÍA ACERO CARBONO ASTMA A106 GR B GALVANIZADO ASTM A ASME B36.10 M SMLS MACHO THD ENDS NPT SCH.80S;"1""";0,18;m;;0,39;kg;Contratista;CAÑERÍA;Valvulas industriales;;12/03/2026;12/03/2026;;;Enzo Santambrogio;DISPONIBLE;;0,18;;;
2.48;2;48;EWP-3351-10-PA-220;CWP-3351-10-PA-220;CWA-3351-10;PWP-3351-10-PA-220;"03351-IA-1""-G1-0109-N";;;G1;CAÑERÍA ACERO CARBONO ASTMA A106 GR B GALVANIZADO ASTM A ASME B36.10 M SMLS MACHO THD ENDS NPT SCH.80S;"1""";0,15;m;;0,33;kg;Contratista;CAÑERÍA;Valvulas industriales;;12/03/2026;12/03/2026;;;Enzo Santambrogio;DISPONIBLE;;0,15;;;
2.49;2;49;EWP-3351-10-PA-220;CWP-3351-10-PA-220;CWA-3351-10;PWP-3351-10-PA-220;"03351-IA-1""-G1-0107-N";;;G1;CAÑERÍA ACERO CARBONO ASTMA A106 GR B GALVANIZADO ASTM A ASME B36.10 M SMLS MACHO THD ENDS NPT SCH.80S;"1""";0,82;m;;1,77;kg;Contratista;CAÑERÍA;Valvulas industriales;;12/03/2026;12/03/2026;;;Enzo Santambrogio;DISPONIBLE;;0,82;;;
2.50;2;50;EWP-3351-10-PA-220;CWP-3351-10-PA-220;CWA-3351-10;PWP-3351-10-PA-220;"03351-IA-1""-G1-0104-N";;;G1;CAÑERÍA ACERO CARBONO ASTMA A106 GR B GALVANIZADO ASTM A ASME B36.10 M SMLS MACHO THD ENDS NPT SCH.80S;"1""";1;m;;2,18;kg;Contratista;CAÑERÍA;Valvulas industriales;;12/03/2026;12/03/2026;;;Enzo Santambrogio;DISPONIBLE;;1;;;
2.51;2;51;EWP-3351-10-PA-220;CWP-3351-10-PA-220;CWA-3351-10;PWP-3351-10-PA-220;"03351-IA-1""-G1-0104-N";;;G1;CAÑERÍA ACERO CARBONO ASTMA A106 GR B GALVANIZADO ASTM A ASME B36.10 M SMLS MACHO THD ENDS NPT SCH.80S;"1""";6,96;m;;15,11;kg;Contratista;CAÑERÍA;Valvulas industriales;;12/03/2026;12/03/2026;;;Enzo Santambrogio;DISPONIBLE;;6,96;;;
2.52;2;52;EWP-3351-10-PA-220;CWP-3351-10-PA-220;CWA-3351-10;PWP-3351-10-PA-220;"03351-IA-2""-G1-0112-N";;;G1;CAÑERÍA ACERO CARBONO ASTMA A106 GR B GALVANIZADO ASTM A ASME B36.10 M SMLS MACHO THD ENDS NPT SCH.80S;"2""";2,62;m;;13,17;kg;Contratista;CAÑERÍA;Valvulas industriales;;12/03/2026;12/03/2026;;;Enzo Santambrogio;DISPONIBLE;;2,62;;;
2.53;2;53;EWP-3351-10-PA-220;CWP-3351-10-PA-220;CWA-3351-10;PWP-3351-10-PA-220;"03351-IA-2""-G1-0100-N";;;G1;CAÑERÍA ACERO CARBONO ASTMA A106 GR B GALVANIZADO ASTM A ASME B36.10 M SMLS MACHO THD ENDS NPT SCH.80S;"2""";0,12;m;;0,59;kg;Contratista;CAÑERÍA;Valvulas industriales;;12/03/2026;12/03/2026;;;Enzo Santambrogio;DISPONIBLE;;0,12;;;
2.54;2;54;EWP-3351-10-PA-220;CWP-3351-10-PA-220;CWA-3351-10;PWP-3351-10-PA-220;"03351-IA-2""-G1-0100-N";;;G1;CAÑERÍA ACERO CARBONO ASTMA A106 GR B GALVANIZADO ASTM A ASME B36.10 M SMLS MACHO THD ENDS NPT SCH.80S;"2""";1,21;m;;6,08;kg;Contratista;CAÑERÍA;Valvulas industriales;;12/03/2026;12/03/2026;;;Enzo Santambrogio;DISPONIBLE;;1,21;;;
2.55;2;55;EWP-3351-10-PA-220;CWP-3351-10-PA-220;CWA-3351-10;PWP-3351-10-PA-220;"03351-IA-1""-G1-0105-N";;;G1;CAÑERÍA ACERO CARBONO ASTMA A106 GR B GALVANIZADO ASTM A ASME B36.10 M SMLS MACHO THD ENDS NPT SCH.80S;"1""";1,41;m;;3,07;kg;Contratista;CAÑERÍA;Valvulas industriales;;12/03/2026;12/03/2026;;;Enzo Santambrogio;DISPONIBLE;;1,41;;;
2.56;2;56;EWP-3351-10-PA-220;CWP-3351-10-PA-220;CWA-3351-10;PWP-3351-10-PA-220;"03351-IA-2""-G1-0112-N";;;G1;CAÑERÍA ACERO CARBONO ASTMA A106 GR B GALVANIZADO ASTM A ASME B36.10 M SMLS MACHO THD ENDS NPT SCH.80S;"2""";0,36;m;;1,8;kg;Contratista;CAÑERÍA;Valvulas industriales;;12/03/2026;12/03/2026;;;Enzo Santambrogio;DISPONIBLE;;0,36;;;
2.57;2;57;EWP-3351-10-PA-220;CWP-3351-10-PA-220;CWA-3351-10;PWP-3351-10-PA-220;"03351-IA-2""-G1-0112-N";;;G1;CAÑERÍA ACERO CARBONO ASTMA A106 GR B GALVANIZADO ASTM A ASME B36.10 M SMLS MACHO THD ENDS NPT SCH.80S;"2""";9,12;m;;45,86;kg;Contratista;CAÑERÍA;Valvulas industriales;;12/03/2026;12/03/2026;;;Enzo Santambrogio;DISPONIBLE;;9,12;;;
2.58;2;58;EWP-3351-10-PA-220;CWP-3351-10-PA-220;CWA-3351-10;PWP-3351-10-PA-220;"03351-IA-2""-G1-0112-N";;;G1;CAÑERÍA ACERO CARBONO ASTMA A106 GR B GALVANIZADO ASTM A ASME B36.10 M SMLS MACHO THD ENDS NPT SCH.80S;"2""";2,42;m;;12,19;kg;Contratista;CAÑERÍA;Valvulas industriales;;12/03/2026;12/03/2026;;;Enzo Santambrogio;DISPONIBLE;;2,42;;;
2.59;2;59;EWP-3351-10-PA-220;CWP-3351-10-PA-220;CWA-3351-10;PWP-3351-10-PA-220;"03351-IA-2""-G1-0112-N";;;G1;CAÑERÍA ACERO CARBONO ASTMA A106 GR B GALVANIZADO ASTM A ASME B36.10 M SMLS MACHO THD ENDS NPT SCH.80S;"2""";4,28;m;;21,54;kg;Contratista;CAÑERÍA;Valvulas industriales;;12/03/2026;12/03/2026;;;Enzo Santambrogio;DISPONIBLE;;4,28;;;
2.60;2;60;EWP-3351-10-PA-220;CWP-3351-10-PA-220;CWA-3351-10;PWP-3351-10-PA-220;"03351-IA-2""-G1-0112-N";;;G1;CAÑERÍA ACERO CARBONO ASTMA A106 GR B GALVANIZADO ASTM A ASME B36.10 M SMLS MACHO THD ENDS NPT SCH.80S;"2""";3,14;m;;15,81;kg;Contratista;CAÑERÍA;Valvulas industriales;;12/03/2026;12/03/2026;;;Enzo Santambrogio;DISPONIBLE;;3,14;;;
2.61;2;61;EWP-3351-10-PA-220;CWP-3351-10-PA-220;CWA-3351-10;PWP-3351-10-PA-220;"03351-IA-2""-G1-0112-N";;;G1;CAÑERÍA ACERO CARBONO ASTMA A106 GR B GALVANIZADO ASTM A ASME B36.10 M SMLS MACHO THD ENDS NPT SCH.80S;"1 1/2""";0,1;m;;0,36;kg;Contratista;CAÑERÍA;Valvulas industriales;;12/03/2026;12/03/2026;;;Enzo Santambrogio;DISPONIBLE;;0,1;;;
2.62;2;62;EWP-3351-10-PA-220;CWP-3351-10-PA-220;CWA-3351-10;PWP-3351-10-PA-220;"03351-IA-2""-G1-0100-N";;;G1;CAÑERÍA ACERO CARBONO ASTMA A106 GR B GALVANIZADO ASTM A ASME B36.10 M SMLS MACHO THD ENDS NPT SCH.80S;"2""";0,31;m;;1,55;kg;Contratista;CAÑERÍA;Valvulas industriales;;12/03/2026;12/03/2026;;;Enzo Santambrogio;DISPONIBLE;;0,31;;;
2.63;2;63;EWP-3351-10-PA-220;CWP-3351-10-PA-220;CWA-3351-10;PWP-3351-10-PA-220;"03351-IA-2""-G1-0100-N";;;G1;CAÑERÍA ACERO CARBONO ASTMA A106 GR B GALVANIZADO ASTM A ASME B36.10 M SMLS MACHO THD ENDS NPT SCH.80S;"2""";0,23;m;;1,13;kg;Contratista;CAÑERÍA;Valvulas industriales;;12/03/2026;12/03/2026;;;Enzo Santambrogio;DISPONIBLE;;0,23;;;
2.64;2;64;EWP-3351-10-PA-220;CWP-3351-10-PA-220;CWA-3351-10;PWP-3351-10-PA-220;"03351-IA-2""-G1-0100-N";;;G1;CAÑERÍA ACERO CARBONO ASTMA A106 GR B GALVANIZADO ASTM A ASME B36.10 M SMLS MACHO THD ENDS NPT SCH.80S;"2""";3,16;m;;15,89;kg;Contratista;CAÑERÍA;Valvulas industriales;;12/03/2026;12/03/2026;;;Enzo Santambrogio;DISPONIBLE;;3,16;;;
2.65;2;65;EWP-3351-10-PA-220;CWP-3351-10-PA-220;CWA-3351-10;PWP-3351-10-PA-220;"03351-IA-2""-G1-0100-N";;;G1;CAÑERÍA ACERO CARBONO ASTMA A106 GR B GALVANIZADO ASTM A ASME B36.10 M SMLS MACHO THD ENDS NPT SCH.80S;"2""";12,82;m;;64,5;kg;Contratista;CAÑERÍA;Valvulas industriales;;12/03/2026;12/03/2026;;;Enzo Santambrogio;DISPONIBLE;;12,82;;;
2.66;2;66;EWP-3351-10-PA-220;CWP-3351-10-PA-220;CWA-3351-10;PWP-3351-10-PA-220;"03351-IA-2""-G1-0100-N";;;G1;CAÑERÍA ACERO CARBONO ASTMA A106 GR B GALVANIZADO ASTM A ASME B36.10 M SMLS MACHO THD ENDS NPT SCH.80S;"2""";6,14;m;;30,86;kg;Contratista;CAÑERÍA;Valvulas industriales;;12/03/2026;12/03/2026;;;Enzo Santambrogio;DISPONIBLE;;6,14;;;
2.67;2;67;EWP-3351-10-PA-220;CWP-3351-10-PA-220;CWA-3351-10;PWP-3351-10-PA-220;"03351-IA-2""-G1-0100-N";;;G1;CAÑERÍA ACERO CARBONO ASTMA A106 GR B GALVANIZADO ASTM A ASME B36.10 M SMLS MACHO THD ENDS NPT SCH.80S;"2""";1,82;m;;9,14;kg;Contratista;CAÑERÍA;Valvulas industriales;;12/03/2026;12/03/2026;;;Enzo Santambrogio;DISPONIBLE;;1,82;;;
2.68;2;68;EWP-3351-10-PA-220;CWP-3351-10-PA-220;CWA-3351-10;PWP-3351-10-PA-220;"03351-IA-2""-G1-0100-N";;;G1;CAÑERÍA ACERO CARBONO ASTMA A106 GR B GALVANIZADO ASTM A ASME B36.10 M SMLS MACHO THD ENDS NPT SCH.80S;"2""";2,25;m;;11,33;kg;Contratista;CAÑERÍA;Valvulas industriales;;12/03/2026;12/03/2026;;;Enzo Santambrogio;DISPONIBLE;;2,25;;;
2.69;2;69;EWP-3351-10-PA-220;CWP-3351-10-PA-220;CWA-3351-10;PWP-3351-10-PA-220;"03351-IA-2""-G1-0100-N";;;G1;CAÑERÍA ACERO CARBONO ASTMA A106 GR B GALVANIZADO ASTM A ASME B36.10 M SMLS MACHO THD ENDS NPT SCH.80S;"2""";2,37;m;;11,91;kg;Contratista;CAÑERÍA;Valvulas industriales;;12/03/2026;12/03/2026;;;Enzo Santambrogio;DISPONIBLE;;2,37;;;
2.70;2;70;EWP-3351-10-PA-220;CWP-3351-10-PA-220;CWA-3351-10;PWP-3351-10-PA-220;"03351-IA-2""-G1-0100-N";;;G1;CAÑERÍA ACERO CARBONO ASTMA A106 GR B GALVANIZADO ASTM A ASME B36.10 M SMLS MACHO THD ENDS NPT SCH.80S;"2""";0,17;m;;0,84;kg;Contratista;CAÑERÍA;Valvulas industriales;;12/03/2026;12/03/2026;;;Enzo Santambrogio;DISPONIBLE;;0,17;;;
2.71;2;71;EWP-3351-10-PA-220;CWP-3351-10-PA-220;CWA-3351-10;PWP-3351-10-PA-220;"03351-IA-1""-G1-0108-N";;;G1;CAÑERÍA ACERO CARBONO ASTMA A106 GR B GALVANIZADO ASTM A ASME B36.10 M SMLS MACHO THD ENDS NPT SCH.80S;"1""";0,85;m;;1,83;kg;Contratista;CAÑERÍA;Valvulas industriales;;12/03/2026;12/03/2026;;;Enzo Santambrogio;DISPONIBLE;;0,85;;;
2.72;2;72;EWP-3351-10-PA-220;CWP-3351-10-PA-220;CWA-3351-10;PWP-3351-10-PA-220;"03351-IA-1""-G1-0111-N";;;G1;CAÑERÍA ACERO CARBONO ASTMA A106 GR B GALVANIZADO ASTM A ASME B36.10 M SMLS MACHO THD ENDS NPT SCH.80S;"1""";0,91;m;;1,97;kg;Contratista;CAÑERÍA;Valvulas industriales;;12/03/2026;12/03/2026;;;Enzo Santambrogio;DISPONIBLE;;0,91;;;
2.73;2;73;EWP-3351-10-PA-220;CWP-3351-10-PA-220;CWA-3351-10;PWP-3351-10-PA-220;"03351-IA-1""-G1-0108-N";;;G1;CAÑERÍA ACERO CARBONO ASTMA A106 GR B GALVANIZADO ASTM A ASME B36.10 M SMLS MACHO THD ENDS NPT SCH.80S;"1""";6,03;m;;13,1;kg;Contratista;CAÑERÍA;Valvulas industriales;;12/03/2026;12/03/2026;;;Enzo Santambrogio;DISPONIBLE;;6,03;;;
2.74;2;74;EWP-3351-10-PA-220;CWP-3351-10-PA-220;CWA-3351-10;PWP-3351-10-PA-220;"03351-IA-2""-G1-0100-N";;;G1;CAÑERÍA ACERO CARBONO ASTMA A106 GR B GALVANIZADO ASTM A ASME B36.10 M SMLS MACHO THD ENDS NPT SCH.80S;"2""";1,86;m;;9,33;kg;Contratista;CAÑERÍA;Valvulas industriales;;12/03/2026;12/03/2026;;;Enzo Santambrogio;DISPONIBLE;;1,86;;;
2.75;2;75;EWP-3351-10-PA-220;CWP-3351-10-PA-220;CWA-3351-10;PWP-3351-10-PA-220;"03351-IA-1""-G1-0108-N";;;G1;CAÑERÍA ACERO CARBONO ASTMA A106 GR B GALVANIZADO ASTM A ASME B36.10 M SMLS MACHO THD ENDS NPT SCH.80S;"1""";0,26;m;;0,56;kg;Contratista;CAÑERÍA;Valvulas industriales;;12/03/2026;12/03/2026;;;Enzo Santambrogio;DISPONIBLE;;0,26;;;
2.76;2;76;EWP-3351-10-PA-220;CWP-3351-10-PA-220;CWA-3351-10;PWP-3351-10-PA-220;"03351-IA-2""-G1-0100-N";;;G1;CAÑERÍA ACERO CARBONO ASTMA A106 GR B GALVANIZADO ASTM A ASME B36.10 M SMLS MACHO THD ENDS NPT SCH.80S;"2""";2,43;m;;12,21;kg;Contratista;CAÑERÍA;Valvulas industriales;;12/03/2026;12/03/2026;;;Enzo Santambrogio;DISPONIBLE;;2,43;;;
2.77;2;77;EWP-3351-10-PA-220;CWP-3351-10-PA-220;CWA-3351-10;PWP-3351-10-PA-220;"03351-IA-2""-G1-0110-N";;;G1;CAÑERÍA ACERO CARBONO ASTMA A106 GR B GALVANIZADO ASTM A ASME B36.10 M SMLS MACHO THD ENDS NPT SCH.80S;"2""";0,19;m;;0,95;kg;Contratista;CAÑERÍA;Valvulas industriales;;12/03/2026;12/03/2026;;;Enzo Santambrogio;DISPONIBLE;;0,19;;;
2.78;2;78;EWP-3351-10-PA-220;CWP-3351-10-PA-220;CWA-3351-10;PWP-3351-10-PA-220;"03351-IA-2""-G1-0110-N";;;G1;CAÑERÍA ACERO CARBONO ASTMA A106 GR B GALVANIZADO ASTM A ASME B36.10 M SMLS MACHO THD ENDS NPT SCH.80S;"1 1/2""";0,1;m;;0,36;kg;Contratista;CAÑERÍA;Valvulas industriales;;12/03/2026;12/03/2026;;;Enzo Santambrogio;DISPONIBLE;;0,1;;;
2.79;2;79;EWP-3351-10-PA-220;CWP-3351-10-PA-220;CWA-3351-10;PWP-3351-10-PA-220;"03351-IA-1""-G1-0108-N";;;G1;CAÑERÍA ACERO CARBONO ASTMA A106 GR B GALVANIZADO ASTM A ASME B36.10 M SMLS MACHO THD ENDS NPT SCH.80S;"1""";0,1;m;;0,22;kg;Contratista;CAÑERÍA;Valvulas industriales;;12/03/2026;12/03/2026;;;Enzo Santambrogio;DISPONIBLE;;0,1;;;
2.80;2;80;EWP-3351-10-PA-220;CWP-3351-10-PA-220;CWA-3351-10;PWP-3351-10-PA-220;"03351-IA-2""-G1-0100-N";;;G1;CAÑERÍA ACERO CARBONO ASTMA A106 GR B GALVANIZADO ASTM A ASME B36.10 M SMLS MACHO THD ENDS NPT SCH.80S;"1/2""";0,08;m;;0,09;kg;Contratista;CAÑERÍA;Valvulas industriales;;12/03/2026;12/03/2026;;;Enzo Santambrogio;DISPONIBLE;;0,08;;;
2.81;2;81;EWP-3351-10-PA-220;CWP-3351-10-PA-220;CWA-3351-10;PWP-3351-10-PA-220;"03351-IA-2""-G1-0112-N";;;G1;CAÑERÍA ACERO CARBONO ASTMA A106 GR B GALVANIZADO ASTM A ASME B36.10 M SMLS MACHO THD ENDS NPT SCH.80S;"1/2""";0,09;m;;0,09;kg;Contratista;CAÑERÍA;Valvulas industriales;;12/03/2026;12/03/2026;;;Enzo Santambrogio;DISPONIBLE;;0,09;;;
2.82;2;82;EWP-3351-10-PA-220;CWP-3351-10-PA-220;CWA-3351-10;PWP-3351-10-PA-220;"03351-IA-2""-G1-0100-N";;;G1;CAÑERÍA ACERO CARBONO ASTMA A106 GR B GALVANIZADO ASTM A ASME B36.10 M SMLS MACHO THD ENDS NPT SCH.80S;"1""";0,1;m;;0,22;kg;Contratista;CAÑERÍA;Valvulas industriales;;12/03/2026;12/03/2026;;;Enzo Santambrogio;DISPONIBLE;;0,1;;;
2.83;2;83;EWP-3351-10-PA-220;CWP-3351-10-PA-220;CWA-3351-10;PWP-3351-10-PA-220;"03351-IA-2""-G1-0100-N";;;G1;CAÑERÍA ACERO CARBONO ASTMA A106 GR B GALVANIZADO ASTM A ASME B36.10 M SMLS MACHO THD ENDS NPT SCH.80S;"1""";0,11;m;;0,23;kg;Contratista;CAÑERÍA;Valvulas industriales;;12/03/2026;12/03/2026;;;Enzo Santambrogio;DISPONIBLE;;0,11;;;
2.84;2;84;EWP-3351-10-PA-220;CWP-3351-10-PA-220;CWA-3351-10;PWP-3351-10-PA-220;"03351-IA-2""-G1-0100-N";;;G1;CAÑERÍA ACERO CARBONO ASTMA A106 GR B GALVANIZADO ASTM A ASME B36.10 M SMLS MACHO THD ENDS NPT SCH.80S;"2""";3,83;m;;19,24;kg;Contratista;CAÑERÍA;Valvulas industriales;;12/03/2026;12/03/2026;;;Enzo Santambrogio;DISPONIBLE;;3,83;;;
2.85;2;85;EWP-3351-10-PA-220;CWP-3351-10-PA-220;CWA-3351-10;PWP-3351-10-PA-220;"03351-IA-2""-G1-0112-N";;;G1;CAÑERÍA ACERO CARBONO ASTMA A106 GR B GALVANIZADO ASTM A ASME B36.10 M SMLS MACHO THD ENDS NPT SCH.80S;"1""";0,11;m;;0,23;kg;Contratista;CAÑERÍA;Valvulas industriales;;12/03/2026;12/03/2026;;;Enzo Santambrogio;DISPONIBLE;;0,11;;;
2.86;2;86;EWP-3351-10-PA-220;CWP-3351-10-PA-220;CWA-3351-10;PWP-3351-10-PA-220;"03351-IA-1""-G1-0111-N";;;G1;CAÑERÍA ACERO CARBONO ASTMA A106 GR B GALVANIZADO ASTM A ASME B36.10 M SMLS MACHO THD ENDS NPT SCH.80S;"1""";0,1;m;;0,22;kg;Contratista;CAÑERÍA;Valvulas industriales;;12/03/2026;12/03/2026;;;Enzo Santambrogio;DISPONIBLE;;0,1;;;
2.87;2;87;EWP-3351-10-PA-220;CWP-3351-10-PA-220;CWA-3351-10;PWP-3351-10-PA-220;"03351-IA-2""-G1-0100-N";;;G1;CAÑERÍA ACERO CARBONO ASTMA A106 GR B GALVANIZADO ASTM A ASME B36.10 M SMLS MACHO THD ENDS NPT SCH.80S;"1/2""";3;m;;3,27;kg;Contratista;CAÑERÍA;Valvulas industriales;;12/03/2026;12/03/2026;;;Enzo Santambrogio;DISPONIBLE;;3;;;
2.88;2;88;EWP-3351-10-PA-220;CWP-3351-10-PA-220;CWA-3351-10;PWP-3351-10-PA-220;"03351-IA-2""-G1-0112-N";;;G1;CAÑERÍA ACERO CARBONO ASTMA A106 GR B GALVANIZADO ASTM A ASME B36.10 M SMLS MACHO THD ENDS NPT SCH.80S;"1""";0,1;m;;0,22;kg;Contratista;CAÑERÍA;Valvulas industriales;;12/03/2026;12/03/2026;;;Enzo Santambrogio;DISPONIBLE;;0,1;;;
2.89;2;89;EWP-3351-10-PA-220;CWP-3351-10-PA-220;CWA-3351-10;PWP-3351-10-PA-220;"03351-IA-2""-G1-0112-N";;;G1;CAÑERÍA ACERO CARBONO ASTMA A106 GR B GALVANIZADO ASTM A ASME B36.10 M SMLS MACHO THD ENDS NPT SCH.80S;"1""";0,09;m;;0,2;kg;Contratista;CAÑERÍA;Valvulas industriales;;12/03/2026;12/03/2026;;;Enzo Santambrogio;DISPONIBLE;;0,09;;;
2.90;2;90;EWP-3351-10-PA-220;CWP-3351-10-PA-220;CWA-3351-10;PWP-3351-10-PA-220;"03351-IA-2""-G1-0112-N";;;G1;CAÑERÍA ACERO CARBONO ASTMA A106 GR B GALVANIZADO ASTM A ASME B36.10 M SMLS MACHO THD ENDS NPT SCH.80S;"1/2""";0,08;m;;0,09;kg;Contratista;CAÑERÍA;Valvulas industriales;;12/03/2026;12/03/2026;;;Enzo Santambrogio;DISPONIBLE;;0,08;;;
2.91;2;91;EWP-3351-10-PA-220;CWP-3351-10-PA-220;CWA-3351-10;PWP-3351-10-PA-220;"03351-IA-2""-G1-0112-N";;;G1;CAÑERÍA ACERO CARBONO ASTMA A106 GR B GALVANIZADO ASTM A ASME B36.10 M SMLS MACHO THD ENDS NPT SCH.80S;"1/2""";3;m;;3,27;kg;Contratista;CAÑERÍA;Valvulas industriales;;12/03/2026;12/03/2026;;;Enzo Santambrogio;DISPONIBLE;;3;;;
2.92;2;92;EWP-3351-10-PA-220;CWP-3351-10-PA-220;CWA-3351-10;PWP-3351-10-PA-220;"03351-IA-2""-G1-0100-N";;;G1;CAÑERÍA ACERO CARBONO ASTMA A106 GR B GALVANIZADO ASTM A ASME B36.10 M SMLS MACHO THD ENDS NPT SCH.80S;"1/2""";0,07;m;;0,08;kg;Contratista;CAÑERÍA;Valvulas industriales;;12/03/2026;12/03/2026;;;Enzo Santambrogio;DISPONIBLE;;0,07;;;
2.93;2;93;EWP-3351-10-PA-220;CWP-3351-10-PA-220;CWA-3351-10;PWP-3351-10-PA-220;"03351-IA-2""-G1-0110-N";;;G1;CAÑERÍA ACERO CARBONO ASTMA A106 GR B GALVANIZADO ASTM A ASME B36.10 M SMLS MACHO THD ENDS NPT SCH.80S;"2""";0,15;m;;0,76;kg;Contratista;CAÑERÍA;Valvulas industriales;;12/03/2026;12/03/2026;;;Enzo Santambrogio;DISPONIBLE;;0,15;;;
2.94;2;94;EWP-3351-10-PA-220;CWP-3351-10-PA-220;CWA-3351-10;PWP-3351-10-PA-220;"03351-IA-2""-G1-0110-N";;;G1;CAÑERÍA ACERO CARBONO ASTMA A106 GR B GALVANIZADO ASTM A ASME B36.10 M SMLS MACHO THD ENDS NPT SCH.80S;"2""";0,15;m;;0,76;kg;Contratista;CAÑERÍA;Valvulas industriales;;12/03/2026;12/03/2026;;;Enzo Santambrogio;DISPONIBLE;;0,15;;;
2.95;2;95;EWP-3351-10-PA-220;CWP-3351-10-PA-220;CWA-3351-10;PWP-3351-10-PA-220;"03351-IA-2""-G1-0110-N";;;G1;CAÑERÍA ACERO CARBONO ASTMA A106 GR B GALVANIZADO ASTM A ASME B36.10 M SMLS MACHO THD ENDS NPT SCH.80S;"2""";6,44;m;;32,42;kg;Contratista;CAÑERÍA;Valvulas industriales;;12/03/2026;12/03/2026;;;Enzo Santambrogio;DISPONIBLE;;6,44;;;
2.96;2;96;EWP-3351-10-PA-220;CWP-3351-10-PA-220;CWA-3351-10;PWP-3351-10-PA-220;"03351-IA-2""-G1-0100-N";;;G1;CAÑERÍA ACERO CARBONO ASTMA A106 GR B GALVANIZADO ASTM A ASME B36.10 M SMLS MACHO THD ENDS NPT SCH.80S;"1""";0,09;m;;0,21;kg;Contratista;CAÑERÍA;Valvulas industriales;;12/03/2026;12/03/2026;;;Enzo Santambrogio;DISPONIBLE;;0,09;;;
2.97;2;97;EWP-3351-10-PA-220;CWP-3351-10-PA-220;CWA-3351-10;PWP-3351-10-PA-220;"03351-IA-2""-G1-0110-N";;;G1;CAÑERÍA ACERO CARBONO ASTMA A106 GR B GALVANIZADO ASTM A ASME B36.10 M SMLS MACHO THD ENDS NPT SCH.80S;"2""";14,26;m;;71,72;kg;Contratista;CAÑERÍA;Valvulas industriales;;12/03/2026;12/03/2026;;;Enzo Santambrogio;DISPONIBLE;;14,26;;;
2.98;2;98;EWP-3351-10-PA-220;CWP-3351-10-PA-220;CWA-3351-10;PWP-3351-10-PA-220;"03351-IA-1""-G1-0111-N";;;G1;CAÑERÍA ACERO CARBONO ASTMA A106 GR B GALVANIZADO ASTM A ASME B36.10 M SMLS MACHO THD ENDS NPT SCH.80S;"1""";0,2;m;;0,43;kg;Contratista;CAÑERÍA;Valvulas industriales;;12/03/2026;12/03/2026;;;Enzo Santambrogio;DISPONIBLE;;0,2;;;
2.99;2;99;EWP-3351-10-PA-220;CWP-3351-10-PA-220;CWA-3351-10;PWP-3351-10-PA-220;"03351-IA-2""-G1-0100-N";;;G1;CAÑERÍA ACERO CARBONO ASTMA A106 GR B GALVANIZADO ASTM A ASME B36.10 M SMLS MACHO THD ENDS NPT SCH.80S;"2""";0,2;m;;1,01;kg;Contratista;CAÑERÍA;Valvulas industriales;;12/03/2026;12/03/2026;;;Enzo Santambrogio;DISPONIBLE;;0,2;;;
2.100;2;100;EWP-3351-10-PA-220;CWP-3351-10-PA-220;CWA-3351-10;PWP-3351-10-PA-220;"03351-IA-1""-G1-0108-N";;;G1;CAÑERÍA ACERO CARBONO ASTMA A106 GR B GALVANIZADO ASTM A ASME B36.10 M SMLS MACHO THD ENDS NPT SCH.80S;"1""";2,12;m;;4,59;kg;Contratista;CAÑERÍA;Valvulas industriales;;12/03/2026;12/03/2026;;;Enzo Santambrogio;DISPONIBLE;;2,12;;;
2.101;2;101;EWP-3351-10-PA-220;CWP-3351-10-PA-220;CWA-3351-10;PWP-3351-10-PA-220;"03351-IA-2""-G1-0101-N";;;G1;CAÑERÍA ACERO CARBONO ASTMA A106 GR B GALVANIZADO ASTM A ASME B36.10 M SMLS MACHO THD ENDS NPT SCH.80S;"2""";8,08;m;;40,64;kg;Contratista;CAÑERÍA;Valvulas industriales;;12/03/2026;12/03/2026;;;Enzo Santambrogio;DISPONIBLE;;8,08;;;
2.102;2;102;EWP-3351-10-PA-220;CWP-3351-10-PA-220;CWA-3351-10;PWP-3351-10-PA-220;"03351-IA-2""-G1-0101-N";;;G1;CAÑERÍA ACERO CARBONO ASTMA A106 GR B GALVANIZADO ASTM A ASME B36.10 M SMLS MACHO THD ENDS NPT SCH.80S;"2""";0,11;m;;0,55;kg;Contratista;CAÑERÍA;Valvulas industriales;;12/03/2026;12/03/2026;;;Enzo Santambrogio;DISPONIBLE;;0,11;;;
2.103;2;103;EWP-3351-10-PA-220;CWP-3351-10-PA-220;CWA-3351-10;PWP-3351-10-PA-220;"03351-IA-2""-G1-0101-N";;;G1;CAÑERÍA ACERO CARBONO ASTMA A106 GR B GALVANIZADO ASTM A ASME B36.10 M SMLS MACHO THD ENDS NPT SCH.80S;"2""";2,77;m;;13,95;kg;Contratista;CAÑERÍA;Valvulas industriales;;12/03/2026;12/03/2026;;;Enzo Santambrogio;DISPONIBLE;;2,77;;;
2.104;2;104;EWP-3351-10-PA-220;CWP-3351-10-PA-220;CWA-3351-10;PWP-3351-10-PA-220;"03351-IA-2""-G1-0101-N";;;G1;CAÑERÍA ACERO CARBONO ASTMA A106 GR B GALVANIZADO ASTM A ASME B36.10 M SMLS MACHO THD ENDS NPT SCH.80S;"2""";1,47;m;;7,38;kg;Contratista;CAÑERÍA;Valvulas industriales;;12/03/2026;12/03/2026;;;Enzo Santambrogio;DISPONIBLE;;1,47;;;
2.105;2;105;EWP-3351-10-PA-220;CWP-3351-10-PA-220;CWA-3351-10;PWP-3351-10-PA-220;"03351-IA-2""-G1-0101-N";;;G1;CAÑERÍA ACERO CARBONO ASTMA A106 GR B GALVANIZADO ASTM A ASME B36.10 M SMLS MACHO THD ENDS NPT SCH.80S;"2""";0,91;m;;4,6;kg;Contratista;CAÑERÍA;Valvulas industriales;;12/03/2026;12/03/2026;;;Enzo Santambrogio;DISPONIBLE;;0,91;;;
2.106;2;106;EWP-3351-10-PA-220;CWP-3351-10-PA-220;CWA-3351-10;PWP-3351-10-PA-220;"03351-IA-2""-G1-0101-N";;;G1;CAÑERÍA ACERO CARBONO ASTMA A106 GR B GALVANIZADO ASTM A ASME B36.10 M SMLS MACHO THD ENDS NPT SCH.80S;"1""";0,25;m;;0,55;kg;Contratista;CAÑERÍA;Valvulas industriales;;12/03/2026;12/03/2026;;;Enzo Santambrogio;DISPONIBLE;;0,25;;;
2.107;2;107;EWP-3351-10-PA-220;CWP-3351-10-PA-220;CWA-3351-10;PWP-3351-10-PA-220;"03351-IA-2""-G1-0101-N";;;G1;CAÑERÍA ACERO CARBONO ASTMA A106 GR B GALVANIZADO ASTM A ASME B36.10 M SMLS MACHO THD ENDS NPT SCH.80S;"2""";1,94;m;;9,73;kg;Contratista;CAÑERÍA;Valvulas industriales;;12/03/2026;12/03/2026;;;Enzo Santambrogio;DISPONIBLE;;1,94;;;
2.108;2;108;EWP-3351-10-PA-220;CWP-3351-10-PA-220;CWA-3351-10;PWP-3351-10-PA-220;"03351-IA-2""-G1-0101-N";;;G1;CAÑERÍA ACERO CARBONO ASTMA A106 GR B GALVANIZADO ASTM A ASME B36.10 M SMLS MACHO THD ENDS NPT SCH.80S;"1""";0,18;m;;0,39;kg;Contratista;CAÑERÍA;Valvulas industriales;;12/03/2026;12/03/2026;;;Enzo Santambrogio;DISPONIBLE;;0,18;;;
2.109;2;109;EWP-3351-10-PA-220;CWP-3351-10-PA-220;CWA-3351-10;PWP-3351-10-PA-220;"03351-IA-2""-G1-0100-N";;;G1;CAÑERÍA ACERO CARBONO ASTMA A106 GR B GALVANIZADO ASTM A ASME B36.10 M SMLS MACHO THD ENDS NPT SCH.80S;"2""";1,5;m;;7,54;kg;Contratista;CAÑERÍA;Valvulas industriales;;12/03/2026;12/03/2026;;;Enzo Santambrogio;DISPONIBLE;;1,5;;;
2.110;2;110;EWP-3351-10-PA-220;CWP-3351-10-PA-220;CWA-3351-10;PWP-3351-10-PA-220;"03351-IA-1""-G1-0106-N";;;G1;CAÑERÍA ACERO CARBONO ASTMA A106 GR B GALVANIZADO ASTM A ASME B36.10 M SMLS MACHO THD ENDS NPT SCH.80S;"1""";0,18;m;;0,39;kg;Contratista;CAÑERÍA;Valvulas industriales;;12/03/2026;12/03/2026;;;Enzo Santambrogio;DISPONIBLE;;0,18;;;
2.111;2;111;EWP-3351-10-PA-220;CWP-3351-10-PA-220;CWA-3351-10;PWP-3351-10-PA-220;"03351-IA-2""-G1-0112-N";;;G1;CAÑERÍA ACERO CARBONO ASTMA A106 GR B GALVANIZADO ASTM A ASME B36.10 M SMLS MACHO THD ENDS NPT SCH.80S;"2""";11,1;m;;55,82;kg;Contratista;CAÑERÍA;Valvulas industriales;;12/03/2026;12/03/2026;;;Enzo Santambrogio;DISPONIBLE;;11,1;;;
2.112;2;112;EWP-3351-10-PA-220;CWP-3351-10-PA-220;CWA-3351-10;PWP-3351-10-PA-220;"03351-IA-2""-G1-0110-N";;;G1;CAÑERÍA ACERO CARBONO ASTMA A106 GR B GALVANIZADO ASTM A ASME B36.10 M SMLS MACHO THD ENDS NPT SCH.80S;"2""";0,76;m;;3,82;kg;Contratista;CAÑERÍA;Valvulas industriales;;12/03/2026;12/03/2026;;;Enzo Santambrogio;DISPONIBLE;;0,76;;;
2.113;2;113;EWP-3351-10-PA-220;CWP-3351-10-PA-220;CWA-3351-10;PWP-3351-10-PA-220;"03351-IA-2""-G1-0112-N";;;G1;CAÑERÍA ACERO CARBONO ASTMA A106 GR B GALVANIZADO ASTM A ASME B36.10 M SMLS MACHO THD ENDS NPT SCH.80S;"2""";0,12;m;;0,62;kg;Contratista;CAÑERÍA;Valvulas industriales;;12/03/2026;12/03/2026;;;Enzo Santambrogio;DISPONIBLE;;0,12;;;
2.114;2;114;EWP-3351-10-PA-220;CWP-3351-10-PA-220;CWA-3351-10;PWP-3351-10-PA-220;"03351-IA-2""-G1-0112-N";;;G1;CAÑERÍA ACERO CARBONO ASTMA A106 GR B GALVANIZADO ASTM A ASME B36.10 M SMLS MACHO THD ENDS NPT SCH.80S;"2""";0,3;m;;1,49;kg;Contratista;CAÑERÍA;Valvulas industriales;;12/03/2026;12/03/2026;;;Enzo Santambrogio;DISPONIBLE;;0,3;;;
2.115;2;115;EWP-3351-10-PA-220;CWP-3351-10-PA-220;CWA-3351-10;PWP-3351-10-PA-220;"03351-IA-2""-G1-0112-N";;;G1;CAÑERÍA ACERO CARBONO ASTMA A106 GR B GALVANIZADO ASTM A ASME B36.10 M SMLS MACHO THD ENDS NPT SCH.80S;"2""";10,86;m;;54,61;kg;Contratista;CAÑERÍA;Valvulas industriales;;12/03/2026;12/03/2026;;;Enzo Santambrogio;DISPONIBLE;;10,86;;;
2.116;2;116;EWP-3351-10-PA-220;CWP-3351-10-PA-220;CWA-3351-10;PWP-3351-10-PA-220;"03351-IA-2""-G1-0112-N";;;G1;CAÑERÍA ACERO CARBONO ASTMA A106 GR B GALVANIZADO ASTM A ASME B36.10 M SMLS MACHO THD ENDS NPT SCH.80S;"2""";4,77;m;;23,99;kg;Contratista;CAÑERÍA;Valvulas industriales;;12/03/2026;12/03/2026;;;Enzo Santambrogio;DISPONIBLE;;4,77;;;
2.117;2;117;EWP-3351-10-PA-220;CWP-3351-10-PA-220;CWA-3351-10;PWP-3351-10-PA-220;"03351-IA-2""-G1-0112-N";;;G1;CAÑERÍA ACERO CARBONO ASTMA A106 GR B GALVANIZADO ASTM A ASME B36.10 M SMLS MACHO THD ENDS NPT SCH.80S;"2""";2,62;m;;13,19;kg;Contratista;CAÑERÍA;Valvulas industriales;;12/03/2026;12/03/2026;;;Enzo Santambrogio;DISPONIBLE;;2,62;;;
2.118;2;118;EWP-3351-10-PA-220;CWP-3351-10-PA-220;CWA-3351-10;PWP-3351-10-PA-220;"03351-IA-2""-G1-0112-N";;;G1;CAÑERÍA ACERO CARBONO ASTMA A106 GR B GALVANIZADO ASTM A ASME B36.10 M SMLS MACHO THD ENDS NPT SCH.80S;"2""";0,99;m;;4,96;kg;Contratista;CAÑERÍA;Valvulas industriales;;12/03/2026;12/03/2026;;;Enzo Santambrogio;DISPONIBLE;;0,99;;;
2.119;2;119;EWP-3351-10-PA-220;CWP-3351-10-PA-220;CWA-3351-10;PWP-3351-10-PA-220;"03351-IA-2""-G1-0110-N";;;G1;CAÑERÍA ACERO CARBONO ASTMA A106 GR B GALVANIZADO ASTM A ASME B36.10 M SMLS MACHO THD ENDS NPT SCH.80S;"2""";0,95;m;;4,8;kg;Contratista;CAÑERÍA;Valvulas industriales;;12/03/2026;12/03/2026;;;Enzo Santambrogio;DISPONIBLE;;0,95;;;
2.120;2;120;EWP-3351-10-PA-220;CWP-3351-10-PA-220;CWA-3351-10;PWP-3351-10-PA-220;"03351-IA-2""-G1-0112-N";;;G1;CAÑERÍA ACERO CARBONO ASTMA A106 GR B GALVANIZADO ASTM A ASME B36.10 M SMLS MACHO THD ENDS NPT SCH.80S;"2""";8,58;m;;43,16;kg;Contratista;CAÑERÍA;Valvulas industriales;;12/03/2026;12/03/2026;;;Enzo Santambrogio;DISPONIBLE;;8,58;;;
2.121;2;121;EWP-3351-10-PA-220;CWP-3351-10-PA-220;CWA-3351-10;PWP-3351-10-PA-220;"03351-IA-2""-G1-0112-N";;;G1;CAÑERÍA ACERO CARBONO ASTMA A106 GR B GALVANIZADO ASTM A ASME B36.10 M SMLS MACHO THD ENDS NPT SCH.80S;"2""";1,14;m;;5,71;kg;Contratista;CAÑERÍA;Valvulas industriales;;12/03/2026;12/03/2026;;;Enzo Santambrogio;DISPONIBLE;;1,14;;;
2.122;2;122;EWP-3351-10-PA-220;CWP-3351-10-PA-220;CWA-3351-10;PWP-3351-10-PA-220;"03351-IA-2""-G1-0112-N";;;G1;CAÑERÍA ACERO CARBONO ASTMA A106 GR B GALVANIZADO ASTM A ASME B36.10 M SMLS MACHO THD ENDS NPT SCH.80S;"2""";1,46;m;;7,34;kg;Contratista;CAÑERÍA;Valvulas industriales;;12/03/2026;12/03/2026;;;Enzo Santambrogio;DISPONIBLE;;1,46;;;
2.123;2;123;EWP-3351-10-PA-220;CWP-3351-10-PA-220;CWA-3351-10;PWP-3351-10-PA-220;"03351-IA-2""-G1-0112-N";;;G1;CAÑERÍA ACERO CARBONO ASTMA A106 GR B GALVANIZADO ASTM A ASME B36.10 M SMLS MACHO THD ENDS NPT SCH.80S;"2""";1,8;m;;9,06;kg;Contratista;CAÑERÍA;Valvulas industriales;;12/03/2026;12/03/2026;;;Enzo Santambrogio;DISPONIBLE;;1,8;;;
2.124;2;124;EWP-3351-10-PA-220;CWP-3351-10-PA-220;CWA-3351-10;PWP-3351-10-PA-220;"03351-IA-2""-G1-0112-N";;;G1;CAÑERÍA ACERO CARBONO ASTMA A106 GR B GALVANIZADO ASTM A ASME B36.10 M SMLS MACHO THD ENDS NPT SCH.80S;"2""";0,28;m;;1,41;kg;Contratista;CAÑERÍA;Valvulas industriales;;12/03/2026;12/03/2026;;;Enzo Santambrogio;DISPONIBLE;;0,28;;;
2.125;2;125;EWP-3351-10-PA-220;CWP-3351-10-PA-220;CWA-3351-10;PWP-3351-10-PA-220;"03351-IA-2""-G1-0112-N";;;G1;CAÑERÍA ACERO CARBONO ASTMA A106 GR B GALVANIZADO ASTM A ASME B36.10 M SMLS MACHO THD ENDS NPT SCH.80S;"2""";1,64;m;;8,27;kg;Contratista;CAÑERÍA;Valvulas industriales;;12/03/2026;12/03/2026;;;Enzo Santambrogio;DISPONIBLE;;1,64;;;
2.126;2;126;EWP-3351-10-PA-220;CWP-3351-10-PA-220;CWA-3351-10;PWP-3351-10-PA-220;"03351-IA-2""-G1-0110-N";;;G1;CAÑERÍA ACERO CARBONO ASTMA A106 GR B GALVANIZADO ASTM A ASME B36.10 M SMLS MACHO THD ENDS NPT SCH.80S;"2""";4,44;m;;22,32;kg;Contratista;CAÑERÍA;Valvulas industriales;;12/03/2026;12/03/2026;;;Enzo Santambrogio;DISPONIBLE;;4,44;;;
2.127;2;127;EWP-3351-10-PA-220;CWP-3351-10-PA-220;CWA-3351-10;PWP-3351-10-PA-220;"03351-IA-1""-G1-0103-N";;;G1;CAÑERÍA ACERO CARBONO ASTMA A106 GR B GALVANIZADO ASTM A ASME B36.10 M SMLS MACHO THD ENDS NPT SCH.80S;"1""";1,44;m;;3,12;kg;Contratista;CAÑERÍA;Valvulas industriales;;12/03/2026;12/03/2026;;;Enzo Santambrogio;DISPONIBLE;;1,44;;;
2.128;2;128;EWP-3351-10-PA-220;CWP-3351-10-PA-220;CWA-3351-10;PWP-3351-10-PA-220;"03351-IA-1""-G1-0111-N";;;G1;CAÑERÍA ACERO CARBONO ASTMA A106 GR B GALVANIZADO ASTM A ASME B36.10 M SMLS MACHO THD ENDS NPT SCH.80S;"1""";2,39;m;;5,18;kg;Contratista;CAÑERÍA;Valvulas industriales;;12/03/2026;12/03/2026;;;Enzo Santambrogio;DISPONIBLE;;2,39;;;
2.129;2;129;EWP-3351-10-PA-220;CWP-3351-10-PA-220;CWA-3351-10;PWP-3351-10-PA-220;"03351-IA-1""-G1-0107-N";;;G1;CAÑERÍA ACERO CARBONO ASTMA A106 GR B GALVANIZADO ASTM A ASME B36.10 M SMLS MACHO THD ENDS NPT SCH.80S;"1""";0,16;m;;0,34;kg;Contratista;CAÑERÍA;Valvulas industriales;;12/03/2026;12/03/2026;;;Enzo Santambrogio;DISPONIBLE;;0,16;;;
2.130;2;130;EWP-3351-10-PA-220;CWP-3351-10-PA-220;CWA-3351-10;PWP-3351-10-PA-220;"03351-IA-2""-G1-0100-N";;;G1;CAÑERÍA ACERO CARBONO ASTMA A106 GR B GALVANIZADO ASTM A ASME B36.10 M SMLS MACHO THD ENDS NPT SCH.80S;"2""";2,07;m;;10,41;kg;Contratista;CAÑERÍA;Valvulas industriales;;12/03/2026;12/03/2026;;;Enzo Santambrogio;DISPONIBLE;;2,07;;;
2.131;2;131;EWP-3351-10-PA-220;CWP-3351-10-PA-220;CWA-3351-10;PWP-3351-10-PA-220;"03351-IA-1""-G1-0109-N";;;G1;CAÑERÍA ACERO CARBONO ASTMA A106 GR B GALVANIZADO ASTM A ASME B36.10 M SMLS MACHO THD ENDS NPT SCH.80S;"1""";1,13;m;;2,45;kg;Contratista;CAÑERÍA;Valvulas industriales;;12/03/2026;12/03/2026;;;Enzo Santambrogio;DISPONIBLE;;1,13;;;
2.132;2;132;EWP-3351-10-PA-220;CWP-3351-10-PA-220;CWA-3351-10;PWP-3351-10-PA-220;"03351-IA-2""-G1-0100-N";;;G1;CAÑERÍA ACERO CARBONO ASTMA A106 GR B GALVANIZADO ASTM A ASME B36.10 M SMLS MACHO THD ENDS NPT SCH.80S;"2""";0,1;m;;0,52;kg;Contratista;CAÑERÍA;Valvulas industriales;;12/03/2026;12/03/2026;;;Enzo Santambrogio;DISPONIBLE;;0,1;;;
2.133;2;133;EWP-3351-10-PA-220;CWP-3351-10-PA-220;CWA-3351-10;PWP-3351-10-PA-220;"03351-IA-1""-G1-0107-N";;;G1;CAÑERÍA ACERO CARBONO ASTMA A106 GR B GALVANIZADO ASTM A ASME B36.10 M SMLS MACHO THD ENDS NPT SCH.80S;"1""";0,45;m;;0,98;kg;Contratista;CAÑERÍA;Valvulas industriales;;12/03/2026;12/03/2026;;;Enzo Santambrogio;DISPONIBLE;;0,45;;;
2.134;2;134;EWP-3351-10-PA-220;CWP-3351-10-PA-220;CWA-3351-10;PWP-3351-10-PA-220;"03351-IA-1""-G1-0111-N";;;G1;CAÑERÍA ACERO CARBONO ASTMA A106 GR B GALVANIZADO ASTM A ASME B36.10 M SMLS MACHO THD ENDS NPT SCH.80S;"1""";0,36;m;;0,79;kg;Contratista;CAÑERÍA;Valvulas industriales;;12/03/2026;12/03/2026;;;Enzo Santambrogio;DISPONIBLE;;0,36;;;
2.135;2;135;EWP-3351-10-PA-220;CWP-3351-10-PA-220;CWA-3351-10;PWP-3351-10-PA-220;"03351-IA-1""-G1-0104-N";;;G1;CAÑERÍA ACERO CARBONO ASTMA A106 GR B GALVANIZADO ASTM A ASME B36.10 M SMLS MACHO THD ENDS NPT SCH.80S;"1""";0,89;m;;1,92;kg;Contratista;CAÑERÍA;Valvulas industriales;;12/03/2026;12/03/2026;;;Enzo Santambrogio;DISPONIBLE;;0,89;;;
2.136;2;136;EWP-3351-10-PA-220;CWP-3351-10-PA-220;CWA-3351-10;PWP-3351-10-PA-220;"03351-IA-2""-G1-0100-N";;;G1;CAÑERÍA ACERO CARBONO ASTMA A106 GR B GALVANIZADO ASTM A ASME B36.10 M SMLS MACHO THD ENDS NPT SCH.80S;"2""";0,71;m;;3,59;kg;Contratista;CAÑERÍA;Valvulas industriales;;12/03/2026;12/03/2026;;;Enzo Santambrogio;DISPONIBLE;;0,71;;;
2.137;2;137;EWP-3351-10-PA-220;CWP-3351-10-PA-220;CWA-3351-10;PWP-3351-10-PA-220;"03351-IA-1""-G1-0109-N";;;G1;CAÑERÍA ACERO CARBONO ASTMA A106 GR B GALVANIZADO ASTM A ASME B36.10 M SMLS MACHO THD ENDS NPT SCH.80S;"1""";2,08;m;;4,51;kg;Contratista;CAÑERÍA;Valvulas industriales;;12/03/2026;12/03/2026;;;Enzo Santambrogio;DISPONIBLE;;2,08;;;
2.138;2;138;EWP-3351-10-PA-220;CWP-3351-10-PA-220;CWA-3351-10;PWP-3351-10-PA-220;"03351-IA-1""-G1-0104-N";;;G1;CAÑERÍA ACERO CARBONO ASTMA A106 GR B GALVANIZADO ASTM A ASME B36.10 M SMLS MACHO THD ENDS NPT SCH.80S;"1""";0,4;m;;0,87;kg;Contratista;CAÑERÍA;Valvulas industriales;;12/03/2026;12/03/2026;;;Enzo Santambrogio;DISPONIBLE;;0,4;;;
2.139;2;139;EWP-3351-10-PA-220;CWP-3351-10-PA-220;CWA-3351-10;PWP-3351-10-PA-220;"03351-IA-2""-G1-0100-N";;;G1;CAÑERÍA ACERO CARBONO ASTMA A106 GR B GALVANIZADO ASTM A ASME B36.10 M SMLS MACHO THD ENDS NPT SCH.80S;"2""";4,1;m;;20,62;kg;Contratista;CAÑERÍA;Valvulas industriales;;12/03/2026;12/03/2026;;;Enzo Santambrogio;DISPONIBLE;;4,1;;;
2.140;2;140;EWP-3351-10-PA-220;CWP-3351-10-PA-220;CWA-3351-10;PWP-3351-10-PA-220;"03351-IA-1""-G1-0109-N";;;G1;CAÑERÍA ACERO CARBONO ASTMA A106 GR B GALVANIZADO ASTM A ASME B36.10 M SMLS MACHO THD ENDS NPT SCH.80S;"1""";0,99;m;;2,16;kg;Contratista;CAÑERÍA;Valvulas industriales;;12/03/2026;12/03/2026;;;Enzo Santambrogio;DISPONIBLE;;0,99;;;
2.141;2;141;EWP-3351-10-PA-220;CWP-3351-10-PA-220;CWA-3351-10;PWP-3351-10-PA-220;"03351-IA-2""-G1-0100-N";;;G1;CAÑERÍA ACERO CARBONO ASTMA A106 GR B GALVANIZADO ASTM A ASME B36.10 M SMLS MACHO THD ENDS NPT SCH.80S;"2""";0,9;m;;4,51;kg;Contratista;CAÑERÍA;Valvulas industriales;;12/03/2026;12/03/2026;;;Enzo Santambrogio;DISPONIBLE;;0,9;;;
2.142;2;142;EWP-3351-10-PA-220;CWP-3351-10-PA-220;CWA-3351-10;PWP-3351-10-PA-220;"03351-IA-1""-G1-0103-N";;;G1;CAÑERÍA ACERO CARBONO ASTMA A106 GR B GALVANIZADO ASTM A ASME B36.10 M SMLS MACHO THD ENDS NPT SCH.80S;"1""";1,07;m;;2,32;kg;Contratista;CAÑERÍA;Valvulas industriales;;12/03/2026;12/03/2026;;;Enzo Santambrogio;DISPONIBLE;;1,07;;;
2.143;2;143;EWP-3351-10-PA-220;CWP-3351-10-PA-220;CWA-3351-10;PWP-3351-10-PA-220;"03351-IA-1""-G1-0104-N";;;G1;CAÑERÍA ACERO CARBONO ASTMA A106 GR B GALVANIZADO ASTM A ASME B36.10 M SMLS MACHO THD ENDS NPT SCH.80S;"1""";1,44;m;;3,12;kg;Contratista;CAÑERÍA;Valvulas industriales;;12/03/2026;12/03/2026;;;Enzo Santambrogio;DISPONIBLE;;1,44;;;
2.144;2;144;EWP-3351-10-PA-220;CWP-3351-10-PA-220;CWA-3351-10;PWP-3351-10-PA-220;"03351-IA-1""-G1-0107-N";;;G1;CAÑERÍA ACERO CARBONO ASTMA A106 GR B GALVANIZADO ASTM A ASME B36.10 M SMLS MACHO THD ENDS NPT SCH.80S;"1""";1,04;m;;2,25;kg;Contratista;CAÑERÍA;Valvulas industriales;;12/03/2026;12/03/2026;;;Enzo Santambrogio;DISPONIBLE;;1,04;;;
2.145;2;145;EWP-3351-10-PA-220;CWP-3351-10-PA-220;CWA-3351-10;PWP-3351-10-PA-220;"03351-IA-1""-G1-0104-N";;;G1;CAÑERÍA ACERO CARBONO ASTMA A106 GR B GALVANIZADO ASTM A ASME B36.10 M SMLS MACHO THD ENDS NPT SCH.80S;"1""";1,05;m;;2,28;kg;Contratista;CAÑERÍA;Valvulas industriales;;12/03/2026;12/03/2026;;;Enzo Santambrogio;DISPONIBLE;;1,05;;;
2.146;2;146;EWP-3351-10-PA-220;CWP-3351-10-PA-220;CWA-3351-10;PWP-3351-10-PA-220;"03351-IA-2""-G1-0101-N";;;G1;CAÑERÍA ACERO CARBONO ASTMA A106 GR B GALVANIZADO ASTM A ASME B36.10 M SMLS MACHO THD ENDS NPT SCH.80S;"2""";0,33;m;;1,64;kg;Contratista;CAÑERÍA;Valvulas industriales;;12/03/2026;12/03/2026;;;Enzo Santambrogio;DISPONIBLE;;0,33;;;
2.147;2;147;EWP-3351-10-PA-220;CWP-3351-10-PA-220;CWA-3351-10;PWP-3351-10-PA-220;"03351-IA-2""-G1-0112-N";;;G1;CAÑERÍA ACERO CARBONO ASTMA A106 GR B GALVANIZADO ASTM A ASME B36.10 M SMLS MACHO THD ENDS NPT SCH.80S;"2""";11,86;m;;59,66;kg;Contratista;CAÑERÍA;Valvulas industriales;;12/03/2026;12/03/2026;;;Enzo Santambrogio;DISPONIBLE;;11,86;;;
2.148;2;148;EWP-3351-10-PA-220;CWP-3351-10-PA-220;CWA-3351-10;PWP-3351-10-PA-220;"03351-IA-2""-G1-0112-N";;;G1;CAÑERÍA ACERO CARBONO ASTMA A106 GR B GALVANIZADO ASTM A ASME B36.10 M SMLS MACHO THD ENDS NPT SCH.80S;"2""";2,89;m;;14,53;kg;Contratista;CAÑERÍA;Valvulas industriales;;12/03/2026;12/03/2026;;;Enzo Santambrogio;DISPONIBLE;;2,89;;;
2.149;2;149;EWP-3351-10-PA-220;CWP-3351-10-PA-220;CWA-3351-10;PWP-3351-10-PA-220;"03351-IA-1""-G1-0103-N";;;G1;CAÑERÍA ACERO CARBONO ASTMA A106 GR B GALVANIZADO ASTM A ASME B36.10 M SMLS MACHO THD ENDS NPT SCH.80S;"1""";0,2;m;;0,44;kg;Contratista;CAÑERÍA;Valvulas industriales;;12/03/2026;12/03/2026;;;Enzo Santambrogio;DISPONIBLE;;0,2;;;
2.150;2;150;EWP-3351-10-PA-220;CWP-3351-10-PA-220;CWA-3351-10;PWP-3351-10-PA-220;"03351-IA-2""-G1-0100-N";;;G1;CAÑERÍA ACERO CARBONO ASTMA A106 GR B GALVANIZADO ASTM A ASME B36.10 M SMLS MACHO THD ENDS NPT SCH.80S;"2""";8,36;m;;42,06;kg;Contratista;CAÑERÍA;Valvulas industriales;;12/03/2026;12/03/2026;;;Enzo Santambrogio;DISPONIBLE;;8,36;;;
2.151;2;151;EWP-3351-10-PA-220;CWP-3351-10-PA-220;CWA-3351-10;PWP-3351-10-PA-220;TIE-IN-03351-006;;;G1;CAÑERÍA ERW, ASTM A53 GR B, ASME B36.10, SCH STD, BE;"8""";1,99;m;;56,94;kg;Contratista;CAÑERÍA;Valvulas industriales;;12/03/2026;12/03/2026;;;Enzo Santambrogio;DISPONIBLE;;1,99;;;
2.152;2;152;EWP-3351-10-PA-220;CWP-3351-10-PA-220;CWA-3351-10;PWP-3351-10-PA-220;TIE-IN-03351-006;;;G1;CAÑERÍA ERW, ASTM A53 GR B, ASME B36.10, SCH STD, BE;"8""";2,43;m;;69,52;kg;Contratista;CAÑERÍA;Valvulas industriales;;12/03/2026;12/03/2026;;;Enzo Santambrogio;DISPONIBLE;;2,43;;;
2.153;2;153;EWP-3351-10-PA-220;CWP-3351-10-PA-220;CWA-3351-10;PWP-3351-10-PA-220;TIE-IN-03351-005;;;G1;CAÑERÍA ERW, ASTM A53 GR B, ASME B36.10, SCH STD, BE;"8""";1,49;m;;42,5;kg;Contratista;CAÑERÍA;Valvulas industriales;;12/03/2026;12/03/2026;;;Enzo Santambrogio;DISPONIBLE;;1,49;;;
2.154;2;154;EWP-3351-10-PA-220;CWP-3351-10-PA-220;CWA-3351-10;PWP-3351-10-PA-220;TIE-IN-03351-005;;;G1;CAÑERÍA ERW, ASTM A53 GR B, ASME B36.10, SCH STD, BE;"8""";1,92;m;;54,79;kg;Contratista;CAÑERÍA;Valvulas industriales;;12/03/2026;12/03/2026;;;Enzo Santambrogio;DISPONIBLE;;1,92;;;
2.155;2;155;EWP-3351-10-PA-220;CWP-3351-10-PA-220;CWA-3351-10;PWP-3351-10-PA-220;TIE-IN-03351-006;;;G1;CODO 90° LR, ASTM A234 GR WPB, SCH STD, ASME B16.9, BW;"8""";1;un;;21,68;kg;Contratista;CODO;;;;;;;;SIN REVISAR;;;;;
2.156;2;156;EWP-3351-10-PA-220;CWP-3351-10-PA-220;CWA-3351-10;PWP-3351-10-PA-220;TIE-IN-03351-005;;;G1;CODO 90° LR, ASTM A234 GR WPB, SCH STD, ASME B16.9,BW;"8""";1;un;;21,68;kg;Contratista;CODO;;;;;;;;SIN REVISAR;;;;;
2.157;2;157;EWP-3351-10-PA-220;CWP-3351-10-PA-220;CWA-3351-10;PWP-3351-10-PA-220;"03351-IA-2""-G1-0112-N";;;G1;CODOS 45° ACERO CARBONO ASTM A197 GALVANIZADO ASTM A ASME B16.3 HEMBRA THD ENDS NPT CL 150;"2""";1;un;;2,69;kg;Contratista;CODO;;;;;;;;SIN REVISAR;;;;;
2.158;2;158;EWP-3351-10-PA-220;CWP-3351-10-PA-220;CWA-3351-10;PWP-3351-10-PA-220;"03351-IA-1""-G1-0109-N";;;G1;CODOS 45° ACERO CARBONO ASTM A197 GALVANIZADO ASTM A ASME B16.3 HEMBRA THD ENDS NPT CL 150;"1""";1;un;;0,94;kg;Contratista;CODO;;;;;;;;SIN REVISAR;;;;;
2.159;2;159;EWP-3351-10-PA-220;CWP-3351-10-PA-220;CWA-3351-10;PWP-3351-10-PA-220;"03351-IA-2""-G1-0100-N";;;G1;CODOS 45° ACERO CARBONO ASTM A197 GALVANIZADO ASTM A ASME B16.3 HEMBRA THD ENDS NPT CL 150;"2""";1;un;;2,69;kg;Contratista;CODO;;;;;;;;SIN REVISAR;;;;;
2.160;2;160;EWP-3351-10-PA-220;CWP-3351-10-PA-220;CWA-3351-10;PWP-3351-10-PA-220;"03351-IA-2""-G1-0112-N";;;G1;CODOS 45° ACERO CARBONO ASTM A197 GALVANIZADO ASTM A ASME B16.3 HEMBRA THD ENDS NPT CL 150;"2""";1;un;;2,69;kg;Contratista;CODO;;;;;;;;SIN REVISAR;;;;;
2.161;2;161;EWP-3351-10-PA-220;CWP-3351-10-PA-220;CWA-3351-10;PWP-3351-10-PA-220;"03351-IA-2""-G1-0112-N";;;G1;CODOS 45° ACERO CARBONO ASTM A197 GALVANIZADO ASTM A ASME B16.3 HEMBRA THD ENDS NPT CL 150;"2""";1;un;;2,69;kg;Contratista;CODO;;;;;;;;SIN REVISAR;;;;;
2.162;2;162;EWP-3351-10-PA-220;CWP-3351-10-PA-220;CWA-3351-10;PWP-3351-10-PA-220;"03351-IA-2""-G1-0112-N";;;G1;CODOS 45° ACERO CARBONO ASTM A197 GALVANIZADO ASTM A ASME B16.3 HEMBRA THD ENDS NPT CL 150;"2""";1;un;;2,69;kg;Contratista;CODO;;;;;;;;SIN REVISAR;;;;;
2.163;2;163;EWP-3351-10-PA-220;CWP-3351-10-PA-220;CWA-3351-10;PWP-3351-10-PA-220;"03351-IA-2""-G1-0112-N";;;G1;CODOS 45° ACERO CARBONO ASTM A197 GALVANIZADO ASTM A ASME B16.3 HEMBRA THD ENDS NPT CL 150;"2""";1;un;;2,69;kg;Contratista;CODO;;;;;;;;SIN REVISAR;;;;;
2.164;2;164;EWP-3351-10-PA-220;CWP-3351-10-PA-220;CWA-3351-10;PWP-3351-10-PA-220;"03351-IA-2""-G1-0112-N";;;G1;CODOS 45° ACERO CARBONO ASTM A197 GALVANIZADO ASTM A ASME B16.3 HEMBRA THD ENDS NPT CL 150;"2""";1;un;;2,69;kg;Contratista;CODO;;;;;;;;SIN REVISAR;;;;;
2.165;2;165;EWP-3351-10-PA-220;CWP-3351-10-PA-220;CWA-3351-10;PWP-3351-10-PA-220;"03351-IA-2""-G1-0112-N";;;G1;CODOS 45° ACERO CARBONO ASTM A197 GALVANIZADO ASTM A ASME B16.3 HEMBRA THD ENDS NPT CL 150;"2""";1;un;;2,69;kg;Contratista;CODO;;;;;;;;SIN REVISAR;;;;;
2.166;2;166;EWP-3351-10-PA-220;CWP-3351-10-PA-220;CWA-3351-10;PWP-3351-10-PA-220;"03351-IA-1""-G1-0109-N";;;G1;CODOS 45° ACERO CARBONO ASTM A197 GALVANIZADO ASTM A ASME B16.3 HEMBRA THD ENDS NPT CL 150;"1""";1;un;;0,94;kg;Contratista;CODO;;;;;;;;SIN REVISAR;;;;;
2.167;2;167;EWP-3351-10-PA-220;CWP-3351-10-PA-220;CWA-3351-10;PWP-3351-10-PA-220;"03351-IA-2""-G1-0100-N";;;G1;CODOS 45° ACERO CARBONO ASTM A197 GALVANIZADO ASTM A ASME B16.3 HEMBRA THD ENDS NPT CL 150;"2""";1;un;;2,69;kg;Contratista;CODO;;;;;;;;SIN REVISAR;;;;;
2.168;2;168;EWP-3351-10-PA-220;CWP-3351-10-PA-220;CWA-3351-10;PWP-3351-10-PA-220;"03351-IA-2""-G1-0100-N";;;G1;CODOS 45° ACERO CARBONO ASTM A197 GALVANIZADO ASTM A ASME B16.3 HEMBRA THD ENDS NPT CL 150;"2""";1;un;;2,69;kg;Contratista;CODO;;;;;;;;SIN REVISAR;;;;;
2.169;2;169;EWP-3351-10-PA-220;CWP-3351-10-PA-220;CWA-3351-10;PWP-3351-10-PA-220;"03351-IA-2""-G1-0100-N";;;G1;CODOS 90° ACERO CARBONO ASTM A197 GALVANIZADO ASTM A ASME B16.3 HEMBRA THD ENDS NPT CL 150;"2""";1;un;;3,5;kg;Contratista;CODO;;;;;;;;SIN REVISAR;;;;;
2.170;2;170;EWP-3351-10-PA-220;CWP-3351-10-PA-220;CWA-3351-10;PWP-3351-10-PA-220;"03351-IA-2""-G1-0100-N";;;G1;CODOS 90° ACERO CARBONO ASTM A197 GALVANIZADO ASTM A ASME B16.3 HEMBRA THD ENDS NPT CL 150;"2""";1;un;;3,5;kg;Contratista;CODO;;;;;;;;SIN REVISAR;;;;;
2.171;2;171;EWP-3351-10-PA-220;CWP-3351-10-PA-220;CWA-3351-10;PWP-3351-10-PA-220;"03351-IA-2""-G1-0100-N";;;G1;CODOS 90° ACERO CARBONO ASTM A197 GALVANIZADO ASTM A ASME B16.3 HEMBRA THD ENDS NPT CL 150;"2""";1;un;;3,5;kg;Contratista;CODO;;;;;;;;SIN REVISAR;;;;;
2.172;2;172;EWP-3351-10-PA-220;CWP-3351-10-PA-220;CWA-3351-10;PWP-3351-10-PA-220;"03351-IA-2""-G1-0100-N";;;G1;CODOS 90° ACERO CARBONO ASTM A197 GALVANIZADO ASTM A ASME B16.3 HEMBRA THD ENDS NPT CL 150;"2""";1;un;;3,5;kg;Contratista;CODO;;;;;;;;SIN REVISAR;;;;;
2.173;2;173;EWP-3351-10-PA-220;CWP-3351-10-PA-220;CWA-3351-10;PWP-3351-10-PA-220;"03351-IA-2""-G1-0100-N";;;G1;CODOS 90° ACERO CARBONO ASTM A197 GALVANIZADO ASTM A ASME B16.3 HEMBRA THD ENDS NPT CL 150;"2""";1;un;;3,5;kg;Contratista;CODO;;;;;;;;SIN REVISAR;;;;;
2.174;2;174;EWP-3351-10-PA-220;CWP-3351-10-PA-220;CWA-3351-10;PWP-3351-10-PA-220;"03351-IA-2""-G1-0100-N";;;G1;CODOS 90° ACERO CARBONO ASTM A197 GALVANIZADO ASTM A ASME B16.3 HEMBRA THD ENDS NPT CL 150;"2""";1;un;;3,5;kg;Contratista;CODO;;;;;;;;SIN REVISAR;;;;;
2.175;2;175;EWP-3351-10-PA-220;CWP-3351-10-PA-220;CWA-3351-10;PWP-3351-10-PA-220;"03351-IA-2""-G1-0100-N";;;G1;CODOS 90° ACERO CARBONO ASTM A197 GALVANIZADO ASTM A ASME B16.3 HEMBRA THD ENDS NPT CL 150;"2""";1;un;;3,5;kg;Contratista;CODO;;;;;;;;SIN REVISAR;;;;;
2.176;2;176;EWP-3351-10-PA-220;CWP-3351-10-PA-220;CWA-3351-10;PWP-3351-10-PA-220;"03351-IA-2""-G1-0100-N";;;G1;CODOS 90° ACERO CARBONO ASTM A197 GALVANIZADO ASTM A ASME B16.3 HEMBRA THD ENDS NPT CL 150;"2""";1;un;;3,5;kg;Contratista;CODO;;;;;;;;SIN REVISAR;;;;;
2.177;2;177;EWP-3351-10-PA-220;CWP-3351-10-PA-220;CWA-3351-10;PWP-3351-10-PA-220;"03351-IA-2""-G1-0100-N";;;G1;CODOS 90° ACERO CARBONO ASTM A197 GALVANIZADO ASTM A ASME B16.3 HEMBRA THD ENDS NPT CL 150;"2""";1;un;;3,5;kg;Contratista;CODO;;;;;;;;SIN REVISAR;;;;;
2.178;2;178;EWP-3351-10-PA-220;CWP-3351-10-PA-220;CWA-3351-10;PWP-3351-10-PA-220;"03351-IA-1""-G1-0102-N";;;G1;CODOS 90° ACERO CARBONO ASTM A197 GALVANIZADO ASTM A ASME B16.3 HEMBRA THD ENDS NPT CL 150;"1""";1;un;;1,13;kg;Contratista;CODO;;;;;;;;SIN REVISAR;;;;;
2.179;2;179;EWP-3351-10-PA-220;CWP-3351-10-PA-220;CWA-3351-10;PWP-3351-10-PA-220;"03351-IA-2""-G1-0100-N";;;G1;CODOS 90° ACERO CARBONO ASTM A197 GALVANIZADO ASTM A ASME B16.3 HEMBRA THD ENDS NPT CL 150;"2""";1;un;;3,5;kg;Contratista;CODO;;;;;;;;SIN REVISAR;;;;;
2.180;2;180;EWP-3351-10-PA-220;CWP-3351-10-PA-220;CWA-3351-10;PWP-3351-10-PA-220;"03351-IA-2""-G1-0112-N";;;G1;CODOS 90° ACERO CARBONO ASTM A197 GALVANIZADO ASTM A ASME B16.3 HEMBRA THD ENDS NPT CL 150;"2""";1;un;;3,5;kg;Contratista;CODO;;;;;;;;SIN REVISAR;;;;;
2.181;2;181;EWP-3351-10-PA-220;CWP-3351-10-PA-220;CWA-3351-10;PWP-3351-10-PA-220;"03351-IA-2""-G1-0112-N";;;G1;CODOS 90° ACERO CARBONO ASTM A197 GALVANIZADO ASTM A ASME B16.3 HEMBRA THD ENDS NPT CL 150;"2""";1;un;;3,5;kg;Contratista;CODO;;;;;;;;SIN REVISAR;;;;;
2.182;2;182;EWP-3351-10-PA-220;CWP-3351-10-PA-220;CWA-3351-10;PWP-3351-10-PA-220;"03351-IA-2""-G1-0112-N";;;G1;CODOS 90° ACERO CARBONO ASTM A197 GALVANIZADO ASTM A ASME B16.3 HEMBRA THD ENDS NPT CL 150;"2""";1;un;;3,5;kg;Contratista;CODO;;;;;;;;SIN REVISAR;;;;;
2.183;2;183;EWP-3351-10-PA-220;CWP-3351-10-PA-220;CWA-3351-10;PWP-3351-10-PA-220;"03351-IA-1""-G1-0104-N";;;G1;CODOS 90° ACERO CARBONO ASTM A197 GALVANIZADO ASTM A ASME B16.3 HEMBRA THD ENDS NPT CL 150;"1""";1;un;;1,13;kg;Contratista;CODO;;;;;;;;SIN REVISAR;;;;;
2.184;2;184;EWP-3351-10-PA-220;CWP-3351-10-PA-220;CWA-3351-10;PWP-3351-10-PA-220;"03351-IA-1""-G1-0102-N";;;G1;CODOS 90° ACERO CARBONO ASTM A197 GALVANIZADO ASTM A ASME B16.3 HEMBRA THD ENDS NPT CL 150;"1""";1;un;;1,13;kg;Contratista;CODO;;;;;;;;SIN REVISAR;;;;;
2.185;2;185;EWP-3351-10-PA-220;CWP-3351-10-PA-220;CWA-3351-10;PWP-3351-10-PA-220;"03351-IA-2""-G1-0100-N";;;G1;CODOS 90° ACERO CARBONO ASTM A197 GALVANIZADO ASTM A ASME B16.3 HEMBRA THD ENDS NPT CL 150;"2""";1;un;;3,5;kg;Contratista;CODO;;;;;;;;SIN REVISAR;;;;;
2.186;2;186;EWP-3351-10-PA-220;CWP-3351-10-PA-220;CWA-3351-10;PWP-3351-10-PA-220;"03351-IA-1""-G1-0103-N";;;G1;CODOS 90° ACERO CARBONO ASTM A197 GALVANIZADO ASTM A ASME B16.3 HEMBRA THD ENDS NPT CL 150;"1""";1;un;;1,13;kg;Contratista;CODO;;;;;;;;SIN REVISAR;;;;;
2.187;2;187;EWP-3351-10-PA-220;CWP-3351-10-PA-220;CWA-3351-10;PWP-3351-10-PA-220;"03351-IA-1""-G1-0109-N";;;G1;CODOS 90° ACERO CARBONO ASTM A197 GALVANIZADO ASTM A ASME B16.3 HEMBRA THD ENDS NPT CL 150;"1""";1;un;;1,13;kg;Contratista;CODO;;;;;;;;SIN REVISAR;;;;;
2.188;2;188;EWP-3351-10-PA-220;CWP-3351-10-PA-220;CWA-3351-10;PWP-3351-10-PA-220;"03351-IA-1""-G1-0102-N";;;G1;CODOS 90° ACERO CARBONO ASTM A197 GALVANIZADO ASTM A ASME B16.3 HEMBRA THD ENDS NPT CL 150;"1""";1;un;;1,13;kg;Contratista;CODO;;;;;;;;SIN REVISAR;;;;;
2.189;2;189;EWP-3351-10-PA-220;CWP-3351-10-PA-220;CWA-3351-10;PWP-3351-10-PA-220;"03351-IA-1""-G1-0104-N";;;G1;CODOS 90° ACERO CARBONO ASTM A197 GALVANIZADO ASTM A ASME B16.3 HEMBRA THD ENDS NPT CL 150;"1""";1;un;;1,13;kg;Contratista;CODO;;;;;;;;SIN REVISAR;;;;;
2.190;2;190;EWP-3351-10-PA-220;CWP-3351-10-PA-220;CWA-3351-10;PWP-3351-10-PA-220;"03351-IA-1""-G1-0107-N";;;G1;CODOS 90° ACERO CARBONO ASTM A197 GALVANIZADO ASTM A ASME B16.3 HEMBRA THD ENDS NPT CL 150;"1""";1;un;;1,13;kg;Contratista;CODO;;;;;;;;SIN REVISAR;;;;;
2.191;2;191;EWP-3351-10-PA-220;CWP-3351-10-PA-220;CWA-3351-10;PWP-3351-10-PA-220;"03351-IA-1""-G1-0104-N";;;G1;CODOS 90° ACERO CARBONO ASTM A197 GALVANIZADO ASTM A ASME B16.3 HEMBRA THD ENDS NPT CL 150;"1""";1;un;;1,13;kg;Contratista;CODO;;;;;;;;SIN REVISAR;;;;;
2.192;2;192;EWP-3351-10-PA-220;CWP-3351-10-PA-220;CWA-3351-10;PWP-3351-10-PA-220;"03351-IA-1""-G1-0103-N";;;G1;CODOS 90° ACERO CARBONO ASTM A197 GALVANIZADO ASTM A ASME B16.3 HEMBRA THD ENDS NPT CL 150;"1""";1;un;;1,13;kg;Contratista;CODO;;;;;;;;SIN REVISAR;;;;;
2.193;2;193;EWP-3351-10-PA-220;CWP-3351-10-PA-220;CWA-3351-10;PWP-3351-10-PA-220;"03351-IA-2""-G1-0112-N";;;G1;CODOS 90° ACERO CARBONO ASTM A197 GALVANIZADO ASTM A ASME B16.3 HEMBRA THD ENDS NPT CL 150;"2""";1;un;;3,5;kg;Contratista;CODO;;;;;;;;SIN REVISAR;;;;;
2.194;2;194;EWP-3351-10-PA-220;CWP-3351-10-PA-220;CWA-3351-10;PWP-3351-10-PA-220;"03351-IA-1""-G1-0107-N";;;G1;CODOS 90° ACERO CARBONO ASTM A197 GALVANIZADO ASTM A ASME B16.3 HEMBRA THD ENDS NPT CL 150;"1""";1;un;;1,13;kg;Contratista;CODO;;;;;;;;SIN REVISAR;;;;;
2.195;2;195;EWP-3351-10-PA-220;CWP-3351-10-PA-220;CWA-3351-10;PWP-3351-10-PA-220;"03351-IA-1""-G1-0104-N";;;G1;CODOS 90° ACERO CARBONO ASTM A197 GALVANIZADO ASTM A ASME B16.3 HEMBRA THD ENDS NPT CL 150;"1""";1;un;;1,13;kg;Contratista;CODO;;;;;;;;SIN REVISAR;;;;;
2.196;2;196;EWP-3351-10-PA-220;CWP-3351-10-PA-220;CWA-3351-10;PWP-3351-10-PA-220;"03351-IA-1""-G1-0105-N";;;G1;CODOS 90° ACERO CARBONO ASTM A197 GALVANIZADO ASTM A ASME B16.3 HEMBRA THD ENDS NPT CL 150;"1""";1;un;;1,13;kg;Contratista;CODO;;;;;;;;SIN REVISAR;;;;;
2.197;2;197;EWP-3351-10-PA-220;CWP-3351-10-PA-220;CWA-3351-10;PWP-3351-10-PA-220;"03351-IA-1""-G1-0102-N";;;G1;CODOS 90° ACERO CARBONO ASTM A197 GALVANIZADO ASTM A ASME B16.3 HEMBRA THD ENDS NPT CL 150;"1""";1;un;;1,13;kg;Contratista;CODO;;;;;;;;SIN REVISAR;;;;;
2.198;2;198;EWP-3351-10-PA-220;CWP-3351-10-PA-220;CWA-3351-10;PWP-3351-10-PA-220;"03351-IA-1""-G1-0103-N";;;G1;CODOS 90° ACERO CARBONO ASTM A197 GALVANIZADO ASTM A ASME B16.3 HEMBRA THD ENDS NPT CL 150;"1""";1;un;;1,13;kg;Contratista;CODO;;;;;;;;SIN REVISAR;;;;;
2.199;2;199;EWP-3351-10-PA-220;CWP-3351-10-PA-220;CWA-3351-10;PWP-3351-10-PA-220;"03351-IA-1""-G1-0103-N";;;G1;CODOS 90° ACERO CARBONO ASTM A197 GALVANIZADO ASTM A ASME B16.3 HEMBRA THD ENDS NPT CL 150;"1""";1;un;;1,13;kg;Contratista;CODO;;;;;;;;SIN REVISAR;;;;;
2.200;2;200;EWP-3351-10-PA-220;CWP-3351-10-PA-220;CWA-3351-10;PWP-3351-10-PA-220;"03351-IA-2""-G1-0112-N";;;G1;CODOS 90° ACERO CARBONO ASTM A197 GALVANIZADO ASTM A ASME B16.3 HEMBRA THD ENDS NPT CL 150;"2""";1;un;;3,5;kg;Contratista;CODO;;;;;;;;SIN REVISAR;;;;;
2.201;2;201;EWP-3351-10-PA-220;CWP-3351-10-PA-220;CWA-3351-10;PWP-3351-10-PA-220;"03351-IA-2""-G1-0112-N";;;G1;CODOS 90° ACERO CARBONO ASTM A197 GALVANIZADO ASTM A ASME B16.3 HEMBRA THD ENDS NPT CL 150;"2""";1;un;;3,5;kg;Contratista;CODO;;;;;;;;SIN REVISAR;;;;;
2.202;2;202;EWP-3351-10-PA-220;CWP-3351-10-PA-220;CWA-3351-10;PWP-3351-10-PA-220;"03351-IA-2""-G1-0112-N";;;G1;CODOS 90° ACERO CARBONO ASTM A197 GALVANIZADO ASTM A ASME B16.3 HEMBRA THD ENDS NPT CL 150;"2""";1;un;;3,5;kg;Contratista;CODO;;;;;;;;SIN REVISAR;;;;;
2.203;2;203;EWP-3351-10-PA-220;CWP-3351-10-PA-220;CWA-3351-10;PWP-3351-10-PA-220;"03351-IA-2""-G1-0112-N";;;G1;CODOS 90° ACERO CARBONO ASTM A197 GALVANIZADO ASTM A ASME B16.3 HEMBRA THD ENDS NPT CL 150;"2""";1;un;;3,5;kg;Contratista;CODO;;;;;;;;SIN REVISAR;;;;;
2.204;2;204;EWP-3351-10-PA-220;CWP-3351-10-PA-220;CWA-3351-10;PWP-3351-10-PA-220;"03351-IA-2""-G1-0112-N";;;G1;CODOS 90° ACERO CARBONO ASTM A197 GALVANIZADO ASTM A ASME B16.3 HEMBRA THD ENDS NPT CL 150;"2""";1;un;;3,5;kg;Contratista;CODO;;;;;;;;SIN REVISAR;;;;;
2.205;2;205;EWP-3351-10-PA-220;CWP-3351-10-PA-220;CWA-3351-10;PWP-3351-10-PA-220;"03351-IA-2""-G1-0112-N";;;G1;CODOS 90° ACERO CARBONO ASTM A197 GALVANIZADO ASTM A ASME B16.3 HEMBRA THD ENDS NPT CL 150;"2""";1;un;;3,5;kg;Contratista;CODO;;;;;;;;SIN REVISAR;;;;;
2.206;2;206;EWP-3351-10-PA-220;CWP-3351-10-PA-220;CWA-3351-10;PWP-3351-10-PA-220;"03351-IA-2""-G1-0112-N";;;G1;CODOS 90° ACERO CARBONO ASTM A197 GALVANIZADO ASTM A ASME B16.3 HEMBRA THD ENDS NPT CL 150;"2""";1;un;;3,5;kg;Contratista;CODO;;;;;;;;SIN REVISAR;;;;;
2.207;2;207;EWP-3351-10-PA-220;CWP-3351-10-PA-220;CWA-3351-10;PWP-3351-10-PA-220;"03351-IA-2""-G1-0100-N";;;G1;CODOS 90° ACERO CARBONO ASTM A197 GALVANIZADO ASTM A ASME B16.3 HEMBRA THD ENDS NPT CL 150;"2""";1;un;;3,5;kg;Contratista;CODO;;;;;;;;SIN REVISAR;;;;;
2.208;2;208;EWP-3351-10-PA-220;CWP-3351-10-PA-220;CWA-3351-10;PWP-3351-10-PA-220;"03351-IA-2""-G1-0100-N";;;G1;CODOS 90° ACERO CARBONO ASTM A197 GALVANIZADO ASTM A ASME B16.3 HEMBRA THD ENDS NPT CL 150;"2""";1;un;;3,5;kg;Contratista;CODO;;;;;;;;SIN REVISAR;;;;;
2.209;2;209;EWP-3351-10-PA-220;CWP-3351-10-PA-220;CWA-3351-10;PWP-3351-10-PA-220;"03351-IA-2""-G1-0100-N";;;G1;CODOS 90° ACERO CARBONO ASTM A197 GALVANIZADO ASTM A ASME B16.3 HEMBRA THD ENDS NPT CL 150;"2""";1;un;;3,5;kg;Contratista;CODO;;;;;;;;SIN REVISAR;;;;;
2.210;2;210;EWP-3351-10-PA-220;CWP-3351-10-PA-220;CWA-3351-10;PWP-3351-10-PA-220;"03351-IA-2""-G1-0100-N";;;G1;CODOS 90° ACERO CARBONO ASTM A197 GALVANIZADO ASTM A ASME B16.3 HEMBRA THD ENDS NPT CL 150;"2""";1;un;;3,5;kg;Contratista;CODO;;;;;;;;SIN REVISAR;;;;;
2.211;2;211;EWP-3351-10-PA-220;CWP-3351-10-PA-220;CWA-3351-10;PWP-3351-10-PA-220;"03351-IA-2""-G1-0100-N";;;G1;CODOS 90° ACERO CARBONO ASTM A197 GALVANIZADO ASTM A ASME B16.3 HEMBRA THD ENDS NPT CL 150;"2""";1;un;;3,5;kg;Contratista;CODO;;;;;;;;SIN REVISAR;;;;;
2.212;2;212;EWP-3351-10-PA-220;CWP-3351-10-PA-220;CWA-3351-10;PWP-3351-10-PA-220;"03351-IA-2""-G1-0100-N";;;G1;CODOS 90° ACERO CARBONO ASTM A197 GALVANIZADO ASTM A ASME B16.3 HEMBRA THD ENDS NPT CL 150;"2""";1;un;;3,5;kg;Contratista;CODO;;;;;;;;SIN REVISAR;;;;;
2.213;2;213;EWP-3351-10-PA-220;CWP-3351-10-PA-220;CWA-3351-10;PWP-3351-10-PA-220;"03351-IA-1""-G1-0108-N";;;G1;CODOS 90° ACERO CARBONO ASTM A197 GALVANIZADO ASTM A ASME B16.3 HEMBRA THD ENDS NPT CL 150;"1""";1;un;;1,13;kg;Contratista;CODO;;;;;;;;SIN REVISAR;;;;;
2.214;2;214;EWP-3351-10-PA-220;CWP-3351-10-PA-220;CWA-3351-10;PWP-3351-10-PA-220;"03351-IA-2""-G1-0100-N";;;G1;CODOS 90° ACERO CARBONO ASTM A197 GALVANIZADO ASTM A ASME B16.3 HEMBRA THD ENDS NPT CL 150;"2""";1;un;;3,5;kg;Contratista;CODO;;;;;;;;SIN REVISAR;;;;;
2.215;2;215;EWP-3351-10-PA-220;CWP-3351-10-PA-220;CWA-3351-10;PWP-3351-10-PA-220;"03351-IA-1""-G1-0108-N";;;G1;CODOS 90° ACERO CARBONO ASTM A197 GALVANIZADO ASTM A ASME B16.3 HEMBRA THD ENDS NPT CL 150;"1""";1;un;;1,13;kg;Contratista;CODO;;;;;;;;SIN REVISAR;;;;;
2.216;2;216;EWP-3351-10-PA-220;CWP-3351-10-PA-220;CWA-3351-10;PWP-3351-10-PA-220;"03351-IA-1""-G1-0108-N";;;G1;CODOS 90° ACERO CARBONO ASTM A197 GALVANIZADO ASTM A ASME B16.3 HEMBRA THD ENDS NPT CL 150;"1""";1;un;;1,13;kg;Contratista;CODO;;;;;;;;SIN REVISAR;;;;;
2.217;2;217;EWP-3351-10-PA-220;CWP-3351-10-PA-220;CWA-3351-10;PWP-3351-10-PA-220;"03351-IA-2""-G1-0100-N";;;G1;CODOS 90° ACERO CARBONO ASTM A197 GALVANIZADO ASTM A ASME B16.3 HEMBRA THD ENDS NPT CL 150;"2""";1;un;;3,5;kg;Contratista;CODO;;;;;;;;SIN REVISAR;;;;;
2.218;2;218;EWP-3351-10-PA-220;CWP-3351-10-PA-220;CWA-3351-10;PWP-3351-10-PA-220;"03351-IA-2""-G1-0100-N";;;G1;CODOS 90° ACERO CARBONO ASTM A197 GALVANIZADO ASTM A ASME B16.3 HEMBRA THD ENDS NPT CL 150;"2""";1;un;;3,5;kg;Contratista;CODO;;;;;;;;SIN REVISAR;;;;;
2.219;2;219;EWP-3351-10-PA-220;CWP-3351-10-PA-220;CWA-3351-10;PWP-3351-10-PA-220;"03351-IA-2""-G1-0112-N";;;G1;CODOS 90° ACERO CARBONO ASTM A197 GALVANIZADO ASTM A ASME B16.3 HEMBRA THD ENDS NPT CL 150;"1/2""";1;un;;0,56;kg;Contratista;CODO;;;;;;;;SIN REVISAR;;;;;
2.220;2;220;EWP-3351-10-PA-220;CWP-3351-10-PA-220;CWA-3351-10;PWP-3351-10-PA-220;"03351-IA-2""-G1-0100-N";;;G1;CODOS 90° ACERO CARBONO ASTM A197 GALVANIZADO ASTM A ASME B16.3 HEMBRA THD ENDS NPT CL 150;"1/2""";1;un;;0,56;kg;Contratista;CODO;;;;;;;;SIN REVISAR;;;;;
2.221;2;221;EWP-3351-10-PA-220;CWP-3351-10-PA-220;CWA-3351-10;PWP-3351-10-PA-220;"03351-IA-2""-G1-0110-N";;;G1;CODOS 90° ACERO CARBONO ASTM A197 GALVANIZADO ASTM A ASME B16.3 HEMBRA THD ENDS NPT CL 150;"2""";1;un;;3,5;kg;Contratista;CODO;;;;;;;;SIN REVISAR;;;;;
2.222;2;222;EWP-3351-10-PA-220;CWP-3351-10-PA-220;CWA-3351-10;PWP-3351-10-PA-220;"03351-IA-2""-G1-0110-N";;;G1;CODOS 90° ACERO CARBONO ASTM A197 GALVANIZADO ASTM A ASME B16.3 HEMBRA THD ENDS NPT CL 150;"2""";1;un;;3,5;kg;Contratista;CODO;;;;;;;;SIN REVISAR;;;;;
2.223;2;223;EWP-3351-10-PA-220;CWP-3351-10-PA-220;CWA-3351-10;PWP-3351-10-PA-220;"03351-IA-2""-G1-0110-N";;;G1;CODOS 90° ACERO CARBONO ASTM A197 GALVANIZADO ASTM A ASME B16.3 HEMBRA THD ENDS NPT CL 150;"2""";1;un;;3,5;kg;Contratista;CODO;;;;;;;;SIN REVISAR;;;;;
2.224;2;224;EWP-3351-10-PA-220;CWP-3351-10-PA-220;CWA-3351-10;PWP-3351-10-PA-220;"03351-IA-2""-G1-0110-N";;;G1;CODOS 90° ACERO CARBONO ASTM A197 GALVANIZADO ASTM A ASME B16.3 HEMBRA THD ENDS NPT CL 150;"2""";1;un;;3,5;kg;Contratista;CODO;;;;;;;;SIN REVISAR;;;;;
2.225;2;225;EWP-3351-10-PA-220;CWP-3351-10-PA-220;CWA-3351-10;PWP-3351-10-PA-220;"03351-IA-2""-G1-0110-N";;;G1;CODOS 90° ACERO CARBONO ASTM A197 GALVANIZADO ASTM A ASME B16.3 HEMBRA THD ENDS NPT CL 150;"2""";1;un;;3,5;kg;Contratista;CODO;;;;;;;;SIN REVISAR;;;;;
2.226;2;226;EWP-3351-10-PA-220;CWP-3351-10-PA-220;CWA-3351-10;PWP-3351-10-PA-220;"03351-IA-1""-G1-0111-N";;;G1;CODOS 90° ACERO CARBONO ASTM A197 GALVANIZADO ASTM A ASME B16.3 HEMBRA THD ENDS NPT CL 150;"1""";1;un;;1,13;kg;Contratista;CODO;;;;;;;;SIN REVISAR;;;;;
2.227;2;227;EWP-3351-10-PA-220;CWP-3351-10-PA-220;CWA-3351-10;PWP-3351-10-PA-220;"03351-IA-1""-G1-0111-N";;;G1;CODOS 90° ACERO CARBONO ASTM A197 GALVANIZADO ASTM A ASME B16.3 HEMBRA THD ENDS NPT CL 150;"1""";1;un;;1,13;kg;Contratista;CODO;;;;;;;;SIN REVISAR;;;;;
2.228;2;228;EWP-3351-10-PA-220;CWP-3351-10-PA-220;CWA-3351-10;PWP-3351-10-PA-220;"03351-IA-1""-G1-0107-N";;;G1;CODOS 90° ACERO CARBONO ASTM A197 GALVANIZADO ASTM A ASME B16.3 HEMBRA THD ENDS NPT CL 150;"1""";1;un;;1,13;kg;Contratista;CODO;;;;;;;;SIN REVISAR;;;;;
2.229;2;229;EWP-3351-10-PA-220;CWP-3351-10-PA-220;CWA-3351-10;PWP-3351-10-PA-220;"03351-IA-2""-G1-0101-N";;;G1;CODOS 90° ACERO CARBONO ASTM A197 GALVANIZADO ASTM A ASME B16.3 HEMBRA THD ENDS NPT CL 150;"2""";1;un;;3,5;kg;Contratista;CODO;;;;;;;;SIN REVISAR;;;;;
2.230;2;230;EWP-3351-10-PA-220;CWP-3351-10-PA-220;CWA-3351-10;PWP-3351-10-PA-220;"03351-IA-2""-G1-0101-N";;;G1;CODOS 90° ACERO CARBONO ASTM A197 GALVANIZADO ASTM A ASME B16.3 HEMBRA THD ENDS NPT CL 150;"2""";1;un;;3,5;kg;Contratista;CODO;;;;;;;;SIN REVISAR;;;;;
2.231;2;231;EWP-3351-10-PA-220;CWP-3351-10-PA-220;CWA-3351-10;PWP-3351-10-PA-220;"03351-IA-2""-G1-0101-N";;;G1;CODOS 90° ACERO CARBONO ASTM A197 GALVANIZADO ASTM A ASME B16.3 HEMBRA THD ENDS NPT CL 150;"2""";1;un;;3,5;kg;Contratista;CODO;;;;;;;;SIN REVISAR;;;;;
2.232;2;232;EWP-3351-10-PA-220;CWP-3351-10-PA-220;CWA-3351-10;PWP-3351-10-PA-220;"03351-IA-2""-G1-0101-N";;;G1;CODOS 90° ACERO CARBONO ASTM A197 GALVANIZADO ASTM A ASME B16.3 HEMBRA THD ENDS NPT CL 150;"2""";1;un;;3,5;kg;Contratista;CODO;;;;;;;;SIN REVISAR;;;;;
2.233;2;233;EWP-3351-10-PA-220;CWP-3351-10-PA-220;CWA-3351-10;PWP-3351-10-PA-220;"03351-IA-1""-G1-0106-N";;;G1;CODOS 90° ACERO CARBONO ASTM A197 GALVANIZADO ASTM A ASME B16.3 HEMBRA THD ENDS NPT CL 150;"1""";1;un;;1,13;kg;Contratista;CODO;;;;;;;;SIN REVISAR;;;;;
2.234;2;234;EWP-3351-10-PA-220;CWP-3351-10-PA-220;CWA-3351-10;PWP-3351-10-PA-220;"03351-IA-2""-G1-0101-N";;;G1;CODOS 90° ACERO CARBONO ASTM A197 GALVANIZADO ASTM A ASME B16.3 HEMBRA THD ENDS NPT CL 150;"2""";1;un;;3,5;kg;Contratista;CODO;;;;;;;;SIN REVISAR;;;;;
2.235;2;235;EWP-3351-10-PA-220;CWP-3351-10-PA-220;CWA-3351-10;PWP-3351-10-PA-220;"03351-IA-2""-G1-0112-N";;;G1;CODOS 90° ACERO CARBONO ASTM A197 GALVANIZADO ASTM A ASME B16.3 HEMBRA THD ENDS NPT CL 150;"2""";1;un;;3,5;kg;Contratista;CODO;;;;;;;;SIN REVISAR;;;;;
2.236;2;236;EWP-3351-10-PA-220;CWP-3351-10-PA-220;CWA-3351-10;PWP-3351-10-PA-220;"03351-IA-2""-G1-0112-N";;;G1;CODOS 90° ACERO CARBONO ASTM A197 GALVANIZADO ASTM A ASME B16.3 HEMBRA THD ENDS NPT CL 150;"2""";1;un;;3,5;kg;Contratista;CODO;;;;;;;;SIN REVISAR;;;;;
2.237;2;237;EWP-3351-10-PA-220;CWP-3351-10-PA-220;CWA-3351-10;PWP-3351-10-PA-220;"03351-IA-2""-G1-0112-N";;;G1;CODOS 90° ACERO CARBONO ASTM A197 GALVANIZADO ASTM A ASME B16.3 HEMBRA THD ENDS NPT CL 150;"2""";1;un;;3,5;kg;Contratista;CODO;;;;;;;;SIN REVISAR;;;;;
2.238;2;238;EWP-3351-10-PA-220;CWP-3351-10-PA-220;CWA-3351-10;PWP-3351-10-PA-220;"03351-IA-2""-G1-0110-N";;;G1;CODOS 90° ACERO CARBONO ASTM A197 GALVANIZADO ASTM A ASME B16.3 HEMBRA THD ENDS NPT CL 150;"2""";1;un;;3,5;kg;Contratista;CODO;;;;;;;;SIN REVISAR;;;;;
2.239;2;239;EWP-3351-10-PA-220;CWP-3351-10-PA-220;CWA-3351-10;PWP-3351-10-PA-220;"03351-IA-1""-G1-0104-N";;;G1;CODOS 90° ACERO CARBONO ASTM A197 GALVANIZADO ASTM A ASME B16.3 HEMBRA THD ENDS NPT CL 150;"1""";1;un;;1,13;kg;Contratista;CODO;;;;;;;;SIN REVISAR;;;;;
2.240;2;240;EWP-3351-10-PA-220;CWP-3351-10-PA-220;CWA-3351-10;PWP-3351-10-PA-220;"03351-IA-1""-G1-0111-N";;;G1;CODOS 90° ACERO CARBONO ASTM A197 GALVANIZADO ASTM A ASME B16.3 HEMBRA THD ENDS NPT CL 150;"1""";1;un;;1,13;kg;Contratista;CODO;;;;;;;;SIN REVISAR;;;;;
2.241;2;241;EWP-3351-10-PA-220;CWP-3351-10-PA-220;CWA-3351-10;PWP-3351-10-PA-220;"03351-IA-2""-G1-0101-N";;;G1;CODOS 90° ACERO CARBONO ASTM A197 GALVANIZADO ASTM A ASME B16.3 HEMBRA THD ENDS NPT CL 150;"2""";1;un;;3,5;kg;Contratista;CODO;;;;;;;;SIN REVISAR;;;;;
2.242;2;242;EWP-3351-10-PA-220;CWP-3351-10-PA-220;CWA-3351-10;PWP-3351-10-PA-220;"03351-IA-1""-G1-0107-N";;;G1;CODOS 90° ACERO CARBONO ASTM A197 GALVANIZADO ASTM A ASME B16.3 HEMBRA THD ENDS NPT CL 150;"1""";1;un;;1,13;kg;Contratista;CODO;;;;;;;;SIN REVISAR;;;;;
2.243;2;243;EWP-3351-10-PA-220;CWP-3351-10-PA-220;CWA-3351-10;PWP-3351-10-PA-220;"03351-IA-1""-G1-0104-N";;;G1;CODOS 90° ACERO CARBONO ASTM A197 GALVANIZADO ASTM A ASME B16.3 HEMBRA THD ENDS NPT CL 150;"1""";1;un;;1,13;kg;Contratista;CODO;;;;;;;;SIN REVISAR;;;;;
2.244;2;244;EWP-3351-10-PA-220;CWP-3351-10-PA-220;CWA-3351-10;PWP-3351-10-PA-220;"03351-IA-1""-G1-0107-N";;;G1;CODOS 90° ACERO CARBONO ASTM A197 GALVANIZADO ASTM A ASME B16.3 HEMBRA THD ENDS NPT CL 150;"1""";1;un;;1,13;kg;Contratista;CODO;;;;;;;;SIN REVISAR;;;;;
2.245;2;245;EWP-3351-10-PA-220;CWP-3351-10-PA-220;CWA-3351-10;PWP-3351-10-PA-220;"03351-IA-2""-G1-0100-N";;;G1;CODOS 90° ACERO CARBONO ASTM A197 GALVANIZADO ASTM A ASME B16.3 HEMBRA THD ENDS NPT CL 150;"2""";1;un;;3,5;kg;Contratista;CODO;;;;;;;;SIN REVISAR;;;;;
2.246;2;246;EWP-3351-10-PA-220;CWP-3351-10-PA-220;CWA-3351-10;PWP-3351-10-PA-220;"03351-IA-2""-G1-0100-N";;;G1;CODOS 90° ACERO CARBONO ASTM A197 GALVANIZADO ASTM A ASME B16.3 HEMBRA THD ENDS NPT CL 150;"2""";1;un;;3,5;kg;Contratista;CODO;;;;;;;;SIN REVISAR;;;;;
2.247;2;247;EWP-3351-10-PA-220;CWP-3351-10-PA-220;CWA-3351-10;PWP-3351-10-PA-220;"03351-IA-2""-G1-0112-N";;;G1;MANOMETRO SIN SELLO, NPTM;"1/2""";1;un;;-;kg;Contratista;MANOMETRO;;;;;;;;SIN REVISAR;;;;;
2.248;2;248;EWP-3351-10-PA-220;CWP-3351-10-PA-220;CWA-3351-10;PWP-3351-10-PA-220;"03351-IA-2""-G1-0100-N";;;G1;NIPPLE TBE, ASTM A197 GALVANIZADO, CLASE 150, ASME B16.3;"2""";1;un;;0,36;kg;Contratista;NIPPLE;;;;;;;;SIN REVISAR;;;;;
2.249;2;249;EWP-3351-10-PA-220;CWP-3351-10-PA-220;CWA-3351-10;PWP-3351-10-PA-220;"03351-IA-2""-G1-0112-N";;;G1;NIPPLE TBE, ASTM A197 GALVANIZADO, CLASE 150, ASME    B16.3;"2""";1;un;;0,36;kg;Contratista;NIPPLE;;;;;;;;SIN REVISAR;;;;;
2.250;2;250;EWP-3351-10-PA-220;CWP-3351-10-PA-220;CWA-3351-10;PWP-3351-10-PA-220;"03351-IA-2""-G1-0112-N";;;G1;NIPPLE TBE, ASTM A197 GALVANIZADO, CLASE 150, ASME B16.3;"2""";1;un;;0,36;kg;Contratista;NIPPLE;;;;;;;;SIN REVISAR;;;;;
2.251;2;251;EWP-3351-10-PA-220;CWP-3351-10-PA-220;CWA-3351-10;PWP-3351-10-PA-220;"03351-IA-2""-G1-0112-N";;;G1;NIPPLE TBE, ASTM A197 GALVANIZADO, CLASE 150, ASME    B16.3;"2""";1;un;;0,36;kg;Contratista;NIPPLE;;;;;;;;SIN REVISAR;;;;;
2.252;2;252;EWP-3351-10-PA-220;CWP-3351-10-PA-220;CWA-3351-10;PWP-3351-10-PA-220;"03351-IA-2""-G1-0112-N";;;G1;NIPPLE TBE, ASTM A197 GALVANIZADO, CLASE 150, ASME B16.3;"2""";1;un;;0,36;kg;Contratista;NIPPLE;;;;;;;;SIN REVISAR;;;;;
2.253;2;253;EWP-3351-10-PA-220;CWP-3351-10-PA-220;CWA-3351-10;PWP-3351-10-PA-220;"03351-IA-1""-G1-0109-N";;;G1;NIPPLE TBE, ASTM A197 GALVANIZADO, CLASE 150, ASME    B16.3;"1""";1;un;;0,3;kg;Contratista;NIPPLE;;;;;;;;SIN REVISAR;;;;;
2.254;2;254;EWP-3351-10-PA-220;CWP-3351-10-PA-220;CWA-3351-10;PWP-3351-10-PA-220;"03351-IA-2""-G1-0112-N";;;G1;OLETS PARA ROSCAR ACERO CARBONO ASTM A197 GALVANIZADO  ASTM A  ASME  B16.3  HEMBRA THD ENDS NPT SCH.STD;"8""x2""";1;un;;1,58;kg;Contratista;OLET;;;;;;;;SIN REVISAR;;;;;
2.255;2;255;EWP-3351-10-PA-220;CWP-3351-10-PA-220;CWA-3351-10;PWP-3351-10-PA-220;"03351-IA-2""-G1-0100-N";;;G1;OLETS PARA ROSCAR ACERO CARBONO ASTM A197 GALVANIZADO  ASTM A  ASME  B16.3  HEMBRA THD ENDS NPT SCH.STD;"8""x2""";1;un;;1,58;kg;Contratista;OLET;;;;;;;;SIN REVISAR;;;;;
2.256;2;256;EWP-3351-10-PA-220;CWP-3351-10-PA-220;CWA-3351-10;PWP-3351-10-PA-220;"03351-IA-1""-G1-0109-N";;;G1;REDUCCIÓN CONCÉNTRICO ACERO CARBONO ASTM A197 GALVANIZADO ASTM A ASME B16.3 HEMBRA THD ENDSNPT CL 150;"1""x3/4""";1;un;;0,63;kg;Contratista;REDUCCIÓN;;;;;;;;SIN REVISAR;;;;;
2.257;2;257;EWP-3351-10-PA-220;CWP-3351-10-PA-220;CWA-3351-10;PWP-3351-10-PA-220;"03351-IA-1""-G1-0103-N";;;G1;REDUCCIÓN CONCÉNTRICO ACERO CARBONO ASTM A197 GALVANIZADO ASTM A ASME B16.3 HEMBRA THD ENDSNPT CL 150;"1""x3/4""";1;un;;0,63;kg;Contratista;REDUCCIÓN;;;;;;;;SIN REVISAR;;;;;
2.258;2;258;EWP-3351-10-PA-220;CWP-3351-10-PA-220;CWA-3351-10;PWP-3351-10-PA-220;"03351-IA-1""-G1-0105-N";;;G1;REDUCCIÓN CONCÉNTRICO ACERO CARBONO ASTM A197 GALVANIZADO ASTM A ASME B16.3 HEMBRA THD ENDSNPT CL 150;"1""x3/4""";1;un;;0,63;kg;Contratista;REDUCCIÓN;;;;;;;;SIN REVISAR;;;;;
2.259;2;259;EWP-3351-10-PA-220;CWP-3351-10-PA-220;CWA-3351-10;PWP-3351-10-PA-220;"03351-IA-1""-G1-0104-N";;;G1;REDUCCIÓN CONCÉNTRICO ACERO CARBONO ASTM A197 GALVANIZADO ASTM A ASME B16.3 HEMBRA THD ENDSNPT CL 150;"1""x3/4""";1;un;;0,63;kg;Contratista;REDUCCIÓN;;;;;;;;SIN REVISAR;;;;;
2.260;2;260;EWP-3351-10-PA-220;CWP-3351-10-PA-220;CWA-3351-10;PWP-3351-10-PA-220;"03351-IA-1""-G1-0106-N";;;G1;REDUCCIÓN CONCÉNTRICO ACERO CARBONO ASTM A197 GALVANIZADO ASTM A ASME B16.3 HEMBRA THD ENDSNPT CL 150;"1""x3/4""";1;un;;0,63;kg;Contratista;REDUCCIÓN;;;;;;;;SIN REVISAR;;;;;
2.261;2;261;EWP-3351-10-PA-220;CWP-3351-10-PA-220;CWA-3351-10;PWP-3351-10-PA-220;"03351-IA-1""-G1-0102-N";;;G1;REDUCCIÓN CONCÉNTRICO ACERO CARBONO ASTM A197 GALVANIZADO ASTM A ASME B16.3 HEMBRA THD ENDSNPT CL 150;"1""x3/4""";1;un;;0,63;kg;Contratista;REDUCCIÓN;;;;;;;;SIN REVISAR;;;;;
2.262;2;262;EWP-3351-10-PA-220;CWP-3351-10-PA-220;CWA-3351-10;PWP-3351-10-PA-220;"03351-IA-1""-G1-0107-N";;;G1;REDUCCIÓN CONCÉNTRICO ACERO CARBONO ASTM A197 GALVANIZADO ASTM A ASME B16.3 HEMBRA THD ENDSNPT CL 150;"1""x3/4""";1;un;;0,63;kg;Contratista;REDUCCIÓN;;;;;;;;SIN REVISAR;;;;;
2.263;2;263;EWP-3351-10-PA-220;CWP-3351-10-PA-220;CWA-3351-10;PWP-3351-10-PA-220;"03351-IA-2""-G1-0112-N";;;G1;REDUCCIÓN CONCÉNTRICO ACERO CARBONO ASTM A197 GALVANIZADO ASTM A ASME B16.3 HEMBRA THD ENDSNPT CL 150;"1 1/2""x3/4""";1;un;;2,19;kg;Contratista;REDUCCIÓN;;;;;;;;SIN REVISAR;;;;;
2.264;2;264;EWP-3351-10-PA-220;CWP-3351-10-PA-220;CWA-3351-10;PWP-3351-10-PA-220;"03351-IA-2""-G1-0112-N";;;G1;REDUCCIÓN CONCÉNTRICO ACERO CARBONO ASTM A197 GALVANIZADO ASTM A ASME B16.3 HEMBRA THD ENDSNPT CL 150;"2""x1 1/2""";1;un;;3,13;kg;Contratista;REDUCCIÓN;;;;;;;;SIN REVISAR;;;;;
2.265;2;265;EWP-3351-10-PA-220;CWP-3351-10-PA-220;CWA-3351-10;PWP-3351-10-PA-220;"03351-IA-2""-G1-0110-N";;;G1;REDUCCIÓN CONCÉNTRICO ACERO CARBONO ASTM A197 GALVANIZADO ASTM A ASME B16.3 HEMBRA THD ENDSNPT CL 150;"2""x1 1/2""";1;un;;3,13;kg;Contratista;REDUCCIÓN;;;;;;;;SIN REVISAR;;;;;
2.266;2;266;EWP-3351-10-PA-220;CWP-3351-10-PA-220;CWA-3351-10;PWP-3351-10-PA-220;"03351-IA-2""-G1-0110-N";;;G1;REDUCCIÓN CONCÉNTRICO ACERO CARBONO ASTM A197 GALVANIZADO ASTM A ASME B16.3 HEMBRA THD ENDSNPT CL 150;"1 1/2""x3/4""";1;un;;2,19;kg;Contratista;REDUCCIÓN;;;;;;;;SIN REVISAR;;;;;
2.267;2;267;EWP-3351-10-PA-220;CWP-3351-10-PA-220;CWA-3351-10;PWP-3351-10-PA-220;"03351-IA-1""-G1-0108-N";;;G1;REDUCCIÓN CONCÉNTRICO ACERO CARBONO ASTM A197 GALVANIZADO ASTM A ASME B16.3 HEMBRA THD ENDSNPT CL 150;"1""x3/4""";1;un;;0,63;kg;Contratista;REDUCCIÓN;;;;;;;;SIN REVISAR;;;;;
2.268;2;268;EWP-3351-10-PA-220;CWP-3351-10-PA-220;CWA-3351-10;PWP-3351-10-PA-220;"03351-IA-1""-G1-0111-N";;;G1;REDUCCIÓN CONCÉNTRICO ACERO CARBONO ASTM A197 GALVANIZADO ASTM A ASME B16.3 HEMBRA THD ENDSNPT CL 150;"1""x3/4""";1;un;;0,63;kg;Contratista;REDUCCIÓN;;;;;;;;SIN REVISAR;;;;;
2.269;2;269;EWP-3351-10-PA-220;CWP-3351-10-PA-220;CWA-3351-10;PWP-3351-10-PA-220;"03351-IA-2""-G1-0101-N";;;G1;REDUCCIÓN CONCÉNTRICO ACERO CARBONO ASTM A197 GALVANIZADO ASTM A ASME B16.3 HEMBRA THD ENDSNPT CL 150;"1""x3/4""";1;un;;0,63;kg;Contratista;REDUCCIÓN;;;;;;;;SIN REVISAR;;;;;
2.270;2;270;EWP-3351-10-PA-220;CWP-3351-10-PA-220;CWA-3351-10;PWP-3351-10-PA-220;"03351-IA-2""-G1-0100-N";;;G1;REDUCCIÓN CONCÉNTRICO ACERO CARBONO ASTM A197 GALVANIZADO ASTM A ASME B16.3 HEMBRA THD ENDSNPT CL 150;"1""x1/2""";1;un;;0,63;kg;Contratista;REDUCCIÓN;;;;;;;;SIN REVISAR;;;;;
2.271;2;271;EWP-3351-10-PA-220;CWP-3351-10-PA-220;CWA-3351-10;PWP-3351-10-PA-220;"03351-IA-2""-G1-0112-N";;;G1;REDUCCIÓN CONCÉNTRICO ACERO CARBONO ASTM A197 GALVANIZADO ASTM A ASME B16.3 HEMBRA THD ENDSNPT CL 150;"1""x1/2""";1;un;;0,63;kg;Contratista;REDUCCIÓN;;;;;;;;SIN REVISAR;;;;;
2.272;2;272;EWP-3351-10-PA-220;CWP-3351-10-PA-220;CWA-3351-10;PWP-3351-10-PA-220;"03351-IA-2""-G1-0100-N";;;G1;TAPÓN ACERO CARBONO ASTM A197 GALVANIZADO ASTMASME B16.3 HEMBRA THD ENDS NPT CL 150;"2""";1;un;;3,13;kg;Contratista;TAPÓN;;;;;;;;SIN REVISAR;;;;;
2.273;2;273;EWP-3351-10-PA-220;CWP-3351-10-PA-220;CWA-3351-10;PWP-3351-10-PA-220;"03351-IA-2""-G1-0100-N";;;G1;TEES RECTA ACERO CARBONO ASTM A197 GALVANIZADO ASTM A ASME B16.3 HEMBRA THD ENDS NPT CL 150;"2""";1;un;;6,75;kg;Contratista;TEE;;;;;;;;SIN REVISAR;;;;;
2.274;2;274;EWP-3351-10-PA-220;CWP-3351-10-PA-220;CWA-3351-10;PWP-3351-10-PA-220;"03351-IA-2""-G1-0100-N";;;G1;TEES RECTA ACERO CARBONO ASTM A197 GALVANIZADO ASTM A ASME B16.3 HEMBRA THD ENDS NPT CL 150;"2""";1;un;;6,75;kg;Contratista;TEE;;;;;;;;SIN REVISAR;;;;;
2.275;2;275;EWP-3351-10-PA-220;CWP-3351-10-PA-220;CWA-3351-10;PWP-3351-10-PA-220;"03351-IA-2""-G1-0100-N";;;G1;TEES RECTA ACERO CARBONO ASTM A197 GALVANIZADO ASTM A ASME B16.3 HEMBRA THD ENDS NPT CL 150;"2""";1;un;;6,75;kg;Contratista;TEE;;;;;;;;SIN REVISAR;;;;;
2.276;2;276;EWP-3351-10-PA-220;CWP-3351-10-PA-220;CWA-3351-10;PWP-3351-10-PA-220;"03351-IA-2""-G1-0100-N";;;G1;TEES RECTA ACERO CARBONO ASTM A197 GALVANIZADO ASTM A ASME B16.3 HEMBRA THD ENDS NPT CL 150;"2""";1;un;;6,75;kg;Contratista;TEE;;;;;;;;SIN REVISAR;;;;;
2.277;2;277;EWP-3351-10-PA-220;CWP-3351-10-PA-220;CWA-3351-10;PWP-3351-10-PA-220;"03351-IA-2""-G1-0100-N";;;G1;TEES RECTA ACERO CARBONO ASTM A197 GALVANIZADO ASTM A ASME B16.3 HEMBRA THD ENDS NPT CL 150;"2""";1;un;;6,75;kg;Contratista;TEE;;;;;;;;SIN REVISAR;;;;;
2.278;2;278;EWP-3351-10-PA-220;CWP-3351-10-PA-220;CWA-3351-10;PWP-3351-10-PA-220;"03351-IA-2""-G1-0100-N";;;G1;TEES RECTA ACERO CARBONO ASTM A197 GALVANIZADO ASTM A ASME B16.3 HEMBRA THD ENDS NPT CL 150;"2""";1;un;;6,75;kg;Contratista;TEE;;;;;;;;SIN REVISAR;;;;;
2.279;2;279;EWP-3351-10-PA-220;CWP-3351-10-PA-220;CWA-3351-10;PWP-3351-10-PA-220;"03351-IA-2""-G1-0100-N";;;G1;TEES RECTA ACERO CARBONO ASTM A197 GALVANIZADO ASTM A ASME B16.3 HEMBRA THD ENDS NPT CL 150;"2""";1;un;;6,75;kg;Contratista;TEE;;;;;;;;SIN REVISAR;;;;;
2.280;2;280;EWP-3351-10-PA-220;CWP-3351-10-PA-220;CWA-3351-10;PWP-3351-10-PA-220;"03351-IA-2""-G1-0100-N";;;G1;TEES RECTA ACERO CARBONO ASTM A197 GALVANIZADO ASTM A ASME B16.3 HEMBRA THD ENDS NPT CL 150;"2""";1;un;;6,75;kg;Contratista;TEE;;;;;;;;SIN REVISAR;;;;;
2.281;2;281;EWP-3351-10-PA-220;CWP-3351-10-PA-220;CWA-3351-10;PWP-3351-10-PA-220;"03351-IA-2""-G1-0100-N";;;G1;TEES RECTA ACERO CARBONO ASTM A197 GALVANIZADO ASTM A ASME B16.3 HEMBRA THD ENDS NPT CL 150;"1""";1;un;;2,5;kg;Contratista;TEE;;;;;;;;SIN REVISAR;;;;;
2.282;2;282;EWP-3351-10-PA-220;CWP-3351-10-PA-220;CWA-3351-10;PWP-3351-10-PA-220;"03351-IA-2""-G1-0100-N";;;G1;TEES RECTA ACERO CARBONO ASTM A197 GALVANIZADO ASTM A ASME B16.3 HEMBRA THD ENDS NPT CL 150;"2""";1;un;;6,75;kg;Contratista;TEE;;;;;;;;SIN REVISAR;;;;;
2.283;2;283;EWP-3351-10-PA-220;CWP-3351-10-PA-220;CWA-3351-10;PWP-3351-10-PA-220;"03351-IA-2""-G1-0112-N";;;G1;TEES RECTA ACERO CARBONO ASTM A197 GALVANIZADO ASTM A ASME B16.3 HEMBRA THD ENDS NPT CL 150;"2""";1;un;;6,75;kg;Contratista;TEE;;;;;;;;SIN REVISAR;;;;;
2.284;2;284;EWP-3351-10-PA-220;CWP-3351-10-PA-220;CWA-3351-10;PWP-3351-10-PA-220;"03351-IA-2""-G1-0112-N";;;G1;TEES RECTA ACERO CARBONO ASTM A197 GALVANIZADO ASTM A ASME B16.3 HEMBRA THD ENDS NPT CL 150;"1""";1;un;;2,5;kg;Contratista;TEE;;;;;;;;SIN REVISAR;;;;;
2.285;2;285;EWP-3351-10-PA-220;CWP-3351-10-PA-220;CWA-3351-10;PWP-3351-10-PA-220;"03351-IA-2""-G1-0112-N";;;G1;TEES RECTA ACERO CARBONO ASTM A197 GALVANIZADO ASTM A ASME B16.3 HEMBRA THD ENDS NPT CL 150;"2""";1;un;;6,75;kg;Contratista;TEE;;;;;;;;SIN REVISAR;;;;;
2.286;2;286;EWP-3351-10-PA-220;CWP-3351-10-PA-220;CWA-3351-10;PWP-3351-10-PA-220;"03351-IA-2""-G1-0100-N";;;G1;TEES RECTA ACERO CARBONO ASTM A197 GALVANIZADO ASTM A ASME B16.3 HEMBRA THD ENDS NPT CL 150;"2""";1;un;;6,75;kg;Contratista;TEE;;;;;;;;SIN REVISAR;;;;;
2.287;2;287;EWP-3351-10-PA-220;CWP-3351-10-PA-220;CWA-3351-10;PWP-3351-10-PA-220;"03351-IA-2""-G1-0101-N";;;G1;TEES RECTA ACERO CARBONO ASTM A197 GALVANIZADO ASTM A ASME B16.3 HEMBRA THD ENDS NPT CL 150;"2""";1;un;;6,75;kg;Contratista;TEE;;;;;;;;SIN REVISAR;;;;;
2.288;2;288;EWP-3351-10-PA-220;CWP-3351-10-PA-220;CWA-3351-10;PWP-3351-10-PA-220;"03351-IA-2""-G1-0100-N";;;G1;TRANSMISOR INDICADOR DE PRESION, NPTM;"1/2""";1;un;;-;kg;Contratista;TRANSMISOR INDICADOR DE PRESION;;;;;;;;SIN REVISAR;;;;;
1.2625;1;2625;EWP-3351-10-PA-220;CWP-3351-10-PA-220;CWA-3351-10;PWP-3351-10-PA-220;"03351-CT-3""-C2-0072-N";;;C2;VÁLVULA PINCH PASO TOTAL, MATERIAL CUERPO A126CI.B, MATERIAL EJE A283-C, MATERIAL BUJES PP, MATERIAL MANGA NBR, ANSI B16.5 CLASE 150 FF, PO (VPN-601);"3""";1;un;;-;kg;Contratista;VÁLVULA;;;;;;;;SIN REVISAR;;;;;
1.2626;1;2626;EWP-3351-10-PA-220;CWP-3351-10-PA-220;CWA-3351-10;PWP-3351-10-PA-220;"03351-CT-3""-C2-0061-N";;;C2;VÁLVULA PINCH PASO TOTAL, MATERIAL CUERPO A126CI.B, MATERIAL EJE A283-C, MATERIAL BUJES PP, MATERIAL MANGA NBR, ANSI B16.5 CLASE 150 FF, PO (VPN-601);"3""";1;un;;-;kg;Contratista;VÁLVULA;;;;;;;;SIN REVISAR;;;;;
1.2627;1;2627;EWP-3351-10-PA-220;CWP-3351-10-PA-220;CWA-3351-10;PWP-3351-10-PA-220;"03351-CT-3""-C2-0062-N";;;C2;VÁLVULA PINCH PASO TOTAL, MATERIAL CUERPO A126CI.B, MATERIAL EJE A283-C, MATERIAL BUJES PP, MATERIAL MANGA NBR, ANSI B16.5 CLASE 150 FF, PO (VPN-601);"3""";1;un;;-;kg;Contratista;VÁLVULA;;;;;;;;SIN REVISAR;;;;;
1.2628;1;2628;EWP-3351-10-PA-220;CWP-3351-10-PA-220;CWA-3351-10;PWP-3351-10-PA-220;"03351-CT-3""-C2-0086-N";;;C2;VÁLVULA PINCH PASO TOTAL, MATERIAL CUERPO A126CI.B, MATERIAL EJE A283-C, MATERIAL BUJES PP, MATERIAL MANGA NBR, ANSI B16.5 CLASE 150 FF, PO (VPN-601);"3""";1;un;;-;kg;Contratista;VÁLVULA;;;;;;;;SIN REVISAR;;;;;
1.2632;1;2632;EWP-3351-10-PA-220;CWP-3351-10-PA-220;CWA-3351-10;PWP-3351-10-PA-220;"03351-CT-3""-C2-0060-N";;;C2;VÁLVULA PINCH PASO TOTAL, MATERIAL CUERPO A126CI.B, MATERIAL EJE A283-C, MATERIAL BUJES PP, MATERIAL MANGA NBR, ANSI B16.5 CLASE 150 FF, PO (VPN-601);"3""";1;un;;-;kg;Contratista;VÁLVULA;;;;;;;;SIN REVISAR;;;;;
1.2633;1;2633;EWP-3351-10-PA-220;CWP-3351-10-PA-220;CWA-3351-10;PWP-3351-10-PA-220;"03351-PW-2""-C1-0051-N";;;C1;VÁLVULA PINCH PASO TOTAL, MATERIAL CUERPO A126CI.B, MATERIAL EJE A283-C, MATERIAL BUJES PP, MATERIAL MANGA NBR, ANSI B16.5 CLASE 150 FF, PO (VPN-602);"2""";1;un;;-;kg;Contratista;VÁLVULA;;;;;;;;SIN REVISAR;;;;;
1.2634;1;2634;EWP-3351-10-PA-220;CWP-3351-10-PA-220;CWA-3351-10;PWP-3351-10-PA-220;"03351-PW-2""-C1-0025-N";;;C1;VÁLVULA PINCH PASO TOTAL, MATERIAL CUERPO A126CI.B, MATERIAL EJE A283-C, MATERIAL BUJES PP, MATERIAL MANGA NBR, ANSI B16.5 CLASE 150 FF, PO (VPN-602);"2""";1;un;;-;kg;Contratista;VÁLVULA;;;;;;;;SIN REVISAR;;;;;
1.2635;1;2635;EWP-3351-10-PA-220;CWP-3351-10-PA-220;CWA-3351-10;PWP-3351-10-PA-220;"03351-PW-2""-C1-0028-N";;;C1;VÁLVULA PINCH PASO TOTAL, MATERIAL CUERPO A126CI.B, MATERIAL EJE A283-C, MATERIAL BUJES PP, MATERIAL MANGA NBR, ANSI B16.5 CLASE 150 FF, PO (VPN-602);"2""";1;un;;-;kg;Contratista;VÁLVULA;;;;;;;;SIN REVISAR;;;;;
1.2636;1;2636;EWP-3351-10-PA-220;CWP-3351-10-PA-220;CWA-3351-10;PWP-3351-10-PA-220;"03351-PW-2""-C1-0024-N";;;C1;VÁLVULA PINCH PASO TOTAL, MATERIAL CUERPO A126CI.B, MATERIAL EJE A283-C, MATERIAL BUJES PP, MATERIAL MANGA NBR, ANSI B16.5 CLASE 150 FF, PO (VPN-602);"2""";1;un;;-;kg;Contratista;VÁLVULA;;;;;;;;SIN REVISAR;;;;;
1.2637;1;2637;EWP-3351-10-PA-220;CWP-3351-10-PA-220;CWA-3351-10;PWP-3351-10-PA-220;"03351-PW-2""-C1-0085-N";;;C1;VÁLVULA PINCH PASO TOTAL, MATERIAL CUERPO A126CI.B, MATERIAL EJE A283-C, MATERIAL BUJES PP, MATERIAL MANGA NBR, ANSI B16.5 CLASE 150 FF, PO (VPN-602);"2""";1;un;;-;kg;Contratista;VÁLVULA;;;;;;;;SIN REVISAR;;;;;
1.2638;1;2638;EWP-3351-10-PA-220;CWP-3351-10-PA-220;CWA-3351-10;PWP-3351-10-PA-220;"03351-PW-2""-C1-0081-N";;;C1;VÁLVULA PINCH PASO TOTAL, MATERIAL CUERPO A126CI.B, MATERIAL EJE A283-C, MATERIAL BUJES PP, MATERIAL MANGA NBR, ANSI B16.5 CLASE 150 FF, PO (VPN-602);"2""";1;un;;-;kg;Contratista;VÁLVULA;;;;;;;;SIN REVISAR;;;;;
1.2639;1;2639;EWP-3351-10-PA-220;CWP-3351-10-PA-220;CWA-3351-10;PWP-3351-10-PA-220;"03351-PW-2""-C1-0026-N";;;C1;VÁLVULA PINCH PASO TOTAL, MATERIAL CUERPO A126CI.B, MATERIAL EJE A283-C, MATERIAL BUJES PP, MATERIAL MANGA NBR, ANSI B16.5 CLASE 150 FF, PO (VPN-602);"2""";1;un;;-;kg;Contratista;VÁLVULA;;;;;;;;SIN REVISAR;;;;;
1.2640;1;2640;EWP-3351-10-PA-220;CWP-3351-10-PA-220;CWA-3351-10;PWP-3351-10-PA-220;"03351-PW-2""-C1-0049-N";;;C1;VÁLVULA PINCH PASO TOTAL, MATERIAL CUERPO A126CI.B, MATERIAL EJE A283-C, MATERIAL BUJES PP, MATERIAL MANGA NBR, ANSI B16.5 CLASE 150 FF, PO (VPN-602);"2""";1;un;;-;kg;Contratista;VÁLVULA;;;;;;;;SIN REVISAR;;;;;
1.2641;1;2641;EWP-3351-10-PA-220;CWP-3351-10-PA-220;CWA-3351-10;PWP-3351-10-PA-220;"03351-PW-2""-C1-0082-N";;;C1;VÁLVULA PINCH PASO TOTAL, MATERIAL CUERPO A126CI.B, MATERIAL EJE A283-C, MATERIAL BUJES PP, MATERIAL MANGA NBR, ANSI B16.5 CLASE 150 FF, PO (VPN-602);"2""";1;un;;-;kg;Contratista;VÁLVULA;;;;;;;;SIN REVISAR;;;;;
1.2642;1;2642;EWP-3351-10-PA-220;CWP-3351-10-PA-220;CWA-3351-10;PWP-3351-10-PA-220;"03351-PW-2""-C1-0053-N";;;C1;VÁLVULA PINCH PASO TOTAL, MATERIAL CUERPO A126CI.B, MATERIAL EJE A283-C, MATERIAL BUJES PP, MATERIAL MANGA NBR, ANSI B16.5 CLASE 150 FF, PO (VPN-602);"2""";1;un;;-;kg;Contratista;VÁLVULA;;;;;;;;SIN REVISAR;;;;;
1.2643;1;2643;EWP-3351-10-PA-220;CWP-3351-10-PA-220;CWA-3351-10;PWP-3351-10-PA-220;"03351-PW-2""-C1-0052-N";;;C1;VÁLVULA PINCH PASO TOTAL, MATERIAL CUERPO A126CI.B, MATERIAL EJE A283-C, MATERIAL BUJES PP, MATERIAL MANGA NBR, ANSI B16.5 CLASE 150 FF, PO (VPN-602);"2""";1;un;;-;kg;Contratista;VÁLVULA;;;;;;;;SIN REVISAR;;;;;
1.2614;1;2614;EWP-3351-10-PA-220;CWP-3351-10-PA-220;CWA-3351-10;PWP-3351-10-PA-220;"03351-PW-2""-C1-0055-N";;;C1;VÁLVULA PINCH PASO TOTAL, MATERIAL CUERPO A126CI.B, MATERIAL EJE A283-C, MATERIAL BUJES PP, MATERIAL MANGA NBR, ANSI B16.5 CLASE 150 FF, PO (VPN-602);"2""";1;un;;-;kg;Contratista;VÁLVULA;;;;;;;;SIN REVISAR;;;;;
1.2613;1;2613;EWP-3351-10-PA-220;CWP-3351-10-PA-220;CWA-3351-10;PWP-3351-10-PA-220;"03351-PW-2""-C1-0056-N";;;C1;VÁLVULA PINCH PASO TOTAL, MATERIAL CUERPO A126CI.B, MATERIAL EJE A283-C, MATERIAL BUJES PP, MATERIAL MANGA NBR, ANSI B16.5 CLASE 150 FF, PO (VPN-602);"2""";1;un;;-;kg;Contratista;VÁLVULA;;;;;;;;SIN REVISAR;;;;;
3.1;3;1;EWP-3351-10-PA-220;CWP-3351-10-PA-220;CWA-3351-10;PWP-3351-10-PA-220;"03351-FP-2""-C5-0121-HC";;;C5;ACOPLE FLEXIBLE HIERRO FUNDIDO ASTM A536 GR. 65-45-12, GE EPDM;"2""";1;un;;2,6;kg;Contratista;ACOPLE FLEXIBLE;;;;;;;;SIN REVISAR;;;;;
3.2;3;2;EWP-3351-10-PA-220;CWP-3351-10-PA-220;CWA-3351-10;PWP-3351-10-PA-220;"03351-FP-2""-C5-0121-HC";;;C5;ACOPLE FLEXIBLE HIERRO FUNDIDO ASTM A536 GR. 65-45-12, GE EPDM;"2""";1;un;;2,6;kg;Contratista;ACOPLE FLEXIBLE;;;;;;;;SIN REVISAR;;;;;
3.3;3;3;EWP-3351-10-PA-220;CWP-3351-10-PA-220;CWA-3351-10;PWP-3351-10-PA-220;"03351-FP-2""-C5-0121-HC";;;C5;ACOPLE FLEXIBLE HIERRO FUNDIDO ASTM A536 GR. 65-45-12, GE EPDM;"2""";1;un;;2,6;kg;Contratista;ACOPLE FLEXIBLE;;;;;;;;SIN REVISAR;;;;;
3.4;3;4;EWP-3351-10-PA-220;CWP-3351-10-PA-220;CWA-3351-10;PWP-3351-10-PA-220;"03351-FP-2""-C5-0121-HC";;;C5;ACOPLE FLEXIBLE HIERRO FUNDIDO ASTM A536 GR. 65-45-12, GE EPDM;"2""";1;un;;2,6;kg;Contratista;ACOPLE FLEXIBLE;;;;;;;;SIN REVISAR;;;;;
3.5;3;5;EWP-3351-10-PA-220;CWP-3351-10-PA-220;CWA-3351-10;PWP-3351-10-PA-220;"03351-FP-2""-C5-0121-HC";;;C5;ACOPLE FLEXIBLE HIERRO FUNDIDO ASTM A536 GR. 65-45-12, GE EPDM;"2""";1;un;;2,6;kg;Contratista;ACOPLE FLEXIBLE;;;;;;;;SIN REVISAR;;;;;
3.6;3;6;EWP-3351-10-PA-220;CWP-3351-10-PA-220;CWA-3351-10;PWP-3351-10-PA-220;"03351-FP-2""-C5-0121-HC";;;C5;ACOPLE FLEXIBLE HIERRO FUNDIDO ASTM A536 GR. 65-45-12, GE EPDM;"2""";1;un;;2,6;kg;Contratista;ACOPLE FLEXIBLE;;;;;;;;SIN REVISAR;;;;;
3.7;3;7;EWP-3351-10-PA-220;CWP-3351-10-PA-220;CWA-3351-10;PWP-3351-10-PA-220;"03351-FP-2""-C5-0121-HC";;;C5;ACOPLE FLEXIBLE HIERRO FUNDIDO ASTM A536 GR. 65-45-12, GE EPDM;"2""";1;un;;2,6;kg;Contratista;ACOPLE FLEXIBLE;;;;;;;;SIN REVISAR;;;;;
3.8;3;8;EWP-3351-10-PA-220;CWP-3351-10-PA-220;CWA-3351-10;PWP-3351-10-PA-220;"03351-FP-2""-C5-0121-HC";;;C5;ACOPLE FLEXIBLE HIERRO FUNDIDO ASTM A536 GR. 65-45-12, GE EPDM;"2""";1;un;;2,6;kg;Contratista;ACOPLE FLEXIBLE;;;;;;;;SIN REVISAR;;;;;
3.9;3;9;EWP-3351-10-PA-220;CWP-3351-10-PA-220;CWA-3351-10;PWP-3351-10-PA-220;"03351-FP-2""-C5-0121-HC";;;C5;ACOPLE FLEXIBLE HIERRO FUNDIDO ASTM A536 GR. 65-45-12, GE EPDM;"2""";1;un;;2,6;kg;Contratista;ACOPLE FLEXIBLE;;;;;;;;SIN REVISAR;;;;;
3.10;3;10;EWP-3351-10-PA-220;CWP-3351-10-PA-220;CWA-3351-10;PWP-3351-10-PA-220;"03351-FP-2""-C5-0121-HC";;;C5;ACOPLE FLEXIBLE HIERRO FUNDIDO ASTM A536 GR. 65-45-12, GE EPDM;"2""";1;un;;2,6;kg;Contratista;ACOPLE FLEXIBLE;;;;;;;;SIN REVISAR;;;;;
3.11;3;11;EWP-3351-10-PA-220;CWP-3351-10-PA-220;CWA-3351-10;PWP-3351-10-PA-220;"03351-FP-2""-C5-0121-HC";;;C5;ACOPLE FLEXIBLE HIERRO FUNDIDO ASTM A536 GR. 65-45-12, GE EPDM;"2""";1;un;;2,6;kg;Contratista;ACOPLE FLEXIBLE;;;;;;;;SIN REVISAR;;;;;
3.12;3;12;EWP-3351-10-PA-220;CWP-3351-10-PA-220;CWA-3351-10;PWP-3351-10-PA-220;"03351-FP-2""-C5-0121-HC";;;C5;ACOPLE FLEXIBLE HIERRO FUNDIDO ASTM A536 GR. 65-45-12, GE EPDM;"2""";1;un;;2,6;kg;Contratista;ACOPLE FLEXIBLE;;;;;;;;SIN REVISAR;;;;;
3.13;3;13;EWP-3351-10-PA-220;CWP-3351-10-PA-220;CWA-3351-10;PWP-3351-10-PA-220;"03351-FP-2""-C5-0121-HC";;;C5;ACOPLE FLEXIBLE HIERRO FUNDIDO ASTM A536 GR. 65-45-12, GE EPDM;"2""";1;un;;2,6;kg;Contratista;ACOPLE FLEXIBLE;;;;;;;;SIN REVISAR;;;;;
3.14;3;14;EWP-3351-10-PA-220;CWP-3351-10-PA-220;CWA-3351-10;PWP-3351-10-PA-220;"03351-FP-2""-C5-0121-HC";;;C5;ACOPLE FLEXIBLE HIERRO FUNDIDO ASTM A536 GR. 65-45-12, GE EPDM;"2""";1;un;;2,6;kg;Contratista;ACOPLE FLEXIBLE;;;;;;;;SIN REVISAR;;;;;
3.15;3;15;EWP-3351-10-PA-220;CWP-3351-10-PA-220;CWA-3351-10;PWP-3351-10-PA-220;"03351-FP-2""-C5-0121-HC";;;C5;ACOPLE FLEXIBLE HIERRO FUNDIDO ASTM A536 GR. 65-45-12, GE EPDM;"2""";1;un;;2,6;kg;Contratista;ACOPLE FLEXIBLE;;;;;;;;SIN REVISAR;;;;;
3.16;3;16;EWP-3351-10-PA-220;CWP-3351-10-PA-220;CWA-3351-10;PWP-3351-10-PA-220;"03351-FP-2""-C5-0121-HC";;;C5;ACOPLE FLEXIBLE HIERRO FUNDIDO ASTM A536 GR. 65-45-12, GE EPDM;"2""";1;un;;2,6;kg;Contratista;ACOPLE FLEXIBLE;;;;;;;;SIN REVISAR;;;;;
3.17;3;17;EWP-3351-10-PA-220;CWP-3351-10-PA-220;CWA-3351-10;PWP-3351-10-PA-220;"03351-FP-2""-C5-0121-HC";;;C5;ACOPLE FLEXIBLE HIERRO FUNDIDO ASTM A536 GR. 65-45-12, GE EPDM;"2""";1;un;;2,6;kg;Contratista;ACOPLE FLEXIBLE;;;;;;;;SIN REVISAR;;;;;
3.18;3;18;EWP-3351-10-PA-220;CWP-3351-10-PA-220;CWA-3351-10;PWP-3351-10-PA-220;"03351-FP-2""-C5-0121-HC";;;C5;ACOPLE FLEXIBLE HIERRO FUNDIDO ASTM A536 GR. 65-45-12, GE EPDM;"2""";1;un;;2,6;kg;Contratista;ACOPLE FLEXIBLE;;;;;;;;SIN REVISAR;;;;;
3.19;3;19;EWP-3351-10-PA-220;CWP-3351-10-PA-220;CWA-3351-10;PWP-3351-10-PA-220;"03351-FP-2""-C5-0121-HC";;;C5;ACOPLE FLEXIBLE HIERRO FUNDIDO ASTM A536 GR. 65-45-12, GE EPDM;"2""";1;un;;2,6;kg;Contratista;ACOPLE FLEXIBLE;;;;;;;;SIN REVISAR;;;;;
3.20;3;20;EWP-3351-10-PA-220;CWP-3351-10-PA-220;CWA-3351-10;PWP-3351-10-PA-220;"03351-FP-2""-C5-0121-HC";;;C5;ACOPLE FLEXIBLE HIERRO FUNDIDO ASTM A536 GR. 65-45-12, GE EPDM;"2""";1;un;;2,6;kg;Contratista;ACOPLE FLEXIBLE;;;;;;;;SIN REVISAR;;;;;
3.21;3;21;EWP-3351-10-PA-220;CWP-3351-10-PA-220;CWA-3351-10;PWP-3351-10-PA-220;"03351-FP-2""-C5-0121-HC";;;C5;ACOPLE FLEXIBLE HIERRO FUNDIDO ASTM A536 GR. 65-45-12, GE EPDM;"2""";1;un;;2,6;kg;Contratista;ACOPLE FLEXIBLE;;;;;;;;SIN REVISAR;;;;;
3.22;3;22;EWP-3351-10-PA-220;CWP-3351-10-PA-220;CWA-3351-10;PWP-3351-10-PA-220;TIE-IN-03351-007;;;C5;ACOPLE FLEXIBLE HIERRO FUNDIDO ASTM A536 GR. 65-45-12, GE EPDM;"8""";1;un;;20,8;kg;Contratista;ACOPLE FLEXIBLE;;;;;;;;SIN REVISAR;;;;;
3.23;3;23;EWP-3351-10-PA-220;CWP-3351-10-PA-220;CWA-3351-10;PWP-3351-10-PA-220;TIE-IN-03351-007;;;C5;ACOPLE FLEXIBLE HIERRO FUNDIDO ASTM A536 GR. 65-45-12, GE EPDM;"8""";1;un;;20,8;kg;Contratista;ACOPLE FLEXIBLE;;;;;;;;SIN REVISAR;;;;;
3.24;3;24;EWP-3351-10-PA-220;CWP-3351-10-PA-220;CWA-3351-10;PWP-3351-10-PA-220;TIE-IN-03351-007;;;C5;ACOPLE FLEXIBLE HIERRO FUNDIDO ASTM A536 GR. 65-45-12, GE EPDM;"8""";1;un;;20,8;kg;Contratista;ACOPLE FLEXIBLE;;;;;;;;SIN REVISAR;;;;;
3.25;3;25;EWP-3351-10-PA-220;CWP-3351-10-PA-220;CWA-3351-10;PWP-3351-10-PA-220;TIE-IN-03351-007;;;C5;ACOPLE FLEXIBLE HIERRO FUNDIDO ASTM A536 GR. 65-45-12, GE EPDM;"8""";1;un;;20,8;kg;Contratista;ACOPLE FLEXIBLE;;;;;;;;SIN REVISAR;;;;;
3.26;3;26;EWP-3351-10-PA-220;CWP-3351-10-PA-220;CWA-3351-10;PWP-3351-10-PA-220;"03351-FP-2""-C5-0121-HC";;;C5;ACOPLE FLEXIBLE HIERRO FUNDIDO ASTM A536 GR. 65-45-12, GE EPDM;"2""";1;un;;2,6;kg;Contratista;ACOPLE FLEXIBLE;;;;;;;;SIN REVISAR;;;;;
3.27;3;27;EWP-3351-10-PA-220;CWP-3351-10-PA-220;CWA-3351-10;PWP-3351-10-PA-220;"03351-FP-2""-C5-0121-HC";;;C5;ACOPLE FLEXIBLE HIERRO FUNDIDO ASTM A536 GR. 65-45-12, GE EPDM;"2""";1;un;;2,6;kg;Contratista;ACOPLE FLEXIBLE;;;;;;;;SIN REVISAR;;;;;
3.28;3;28;EWP-3351-10-PA-220;CWP-3351-10-PA-220;CWA-3351-10;PWP-3351-10-PA-220;"03351-FP-2""-C5-0121-HC";;;C5;ACOPLE FLEXIBLE HIERRO FUNDIDO ASTM A536 GR. 65-45-12, GE EPDM;"6""";1;un;;12;kg;Contratista;ACOPLE FLEXIBLE;;;;;;;;SIN REVISAR;;;;;
3.29;3;29;EWP-3351-10-PA-220;CWP-3351-10-PA-220;CWA-3351-10;PWP-3351-10-PA-220;"03351-FP-2""-C5-0121-HC";;;C5;ACOPLE FLEXIBLE HIERRO FUNDIDO ASTM A536 GR. 65-45-12, GE EPDM;"2""";1;un;;2,6;kg;Contratista;ACOPLE FLEXIBLE;;;;;;;;SIN REVISAR;;;;;
3.30;3;30;EWP-3351-10-PA-220;CWP-3351-10-PA-220;CWA-3351-10;PWP-3351-10-PA-220;"03351-FP-2""-C5-0121-HC";;;C5;ACOPLE FLEXIBLE HIERRO FUNDIDO ASTM A536 GR. 65-45-12, GE EPDM;"2""";1;un;;2,6;kg;Contratista;ACOPLE FLEXIBLE;;;;;;;;SIN REVISAR;;;;;
3.31;3;31;EWP-3351-10-PA-220;CWP-3351-10-PA-220;CWA-3351-10;PWP-3351-10-PA-220;TIE-IN-03351-007;;;C5;BRIDA ADAPTADOR HIERRO FUNDIDO ASTM A536  GR. 65-    45-12 ANSI B16.5, GROOVED CL 150;"6""";1;un;;9,9;kg;Contratista;BRIDA;;;;;;;;SIN REVISAR;;;;;
3.32;3;32;EWP-3351-10-PA-220;CWP-3351-10-PA-220;CWA-3351-10;PWP-3351-10-PA-220;"03351-FP-2""-C5-0121-HC";;;C5;BRIDA ADAPTADOR HIERRO FUNDIDO ASTM A536  GR. 65-    45-12 ANSI B16.5, GROOVED CL 150;"2""";1;un;;3,1;kg;Contratista;BRIDA;;;;;;;;SIN REVISAR;;;;;
3.33;3;33;EWP-3351-10-PA-220;CWP-3351-10-PA-220;CWA-3351-10;PWP-3351-10-PA-220;"03351-FP-2""-C5-0121-HC";;;C5;BRIDA ADAPTADOR HIERRO FUNDIDO ASTM A536  GR. 65-    45-12 ANSI B16.5, GROOVED CL 150;"2""";1;un;;3,1;kg;Contratista;BRIDA;;;;;;;;SIN REVISAR;;;;;
3.34;3;34;EWP-3351-10-PA-220;CWP-3351-10-PA-220;CWA-3351-10;PWP-3351-10-PA-220;"03351-FP-2""-C5-0121-HC";;;C5;BRIDA ADAPTADOR HIERRO FUNDIDO ASTM A536  GR. 65-    45-12 ANSI B16.5, GROOVED CL 150;"6""";1;un;;9,9;kg;Contratista;BRIDA;;;;;;;;SIN REVISAR;;;;;
3.35;3;35;EWP-3351-10-PA-220;CWP-3351-10-PA-220;CWA-3351-10;PWP-3351-10-PA-220;"03351-FP-2""-C5-0121-HC";;;C5;BRIDA NIPLE ADAPTADOR, HIERRO FUNDIDO ASTM A536    GR. 65-45-12 ANSI B16.5  GE X BRIDA FF CL 300;"2""";1;un;;8,2;kg;Contratista;BRIDA;;;;;;;;SIN REVISAR;;;;;
3.36;3;36;EWP-3351-10-PA-220;CWP-3351-10-PA-220;CWA-3351-10;PWP-3351-10-PA-220;"03351-FP-2""-C5-0121-HC";;;C5;BRIDA NIPLE ADAPTADOR, HIERRO FUNDIDO ASTM A536    GR. 65-45-12 ANSI B16.5  GE X BRIDA FF CL 300;"2""";1;un;;8,2;kg;Contratista;BRIDA;;;;;;;;SIN REVISAR;;;;;
3.37;3;37;EWP-3351-10-PA-220;CWP-3351-10-PA-220;CWA-3351-10;PWP-3351-10-PA-220;"03351-FP-2""-C5-0121-HC";;;C5;CAÑERÍA ACERO CARBONO ASTM A53 GR B ASME B36.10 MERW GE SCH.STD;"2""";2,44;m;;8,92;kg;Contratista;CAÑERÍA;Valvulas industriales;;12/03/2026;12/03/2026;;;Enzo Santambrogio;DISPONIBLE;;2,44;;;
3.38;3;38;EWP-3351-10-PA-220;CWP-3351-10-PA-220;CWA-3351-10;PWP-3351-10-PA-220;"03351-FP-2""-C5-0121-HC";;;C5;CAÑERÍA ACERO CARBONO ASTM A53 GR B ASME B36.10 MERW GE SCH.STD;"2""";0,89;m;;3,26;kg;Contratista;CAÑERÍA;Valvulas industriales;;12/03/2026;12/03/2026;;;Enzo Santambrogio;DISPONIBLE;;0,89;;;
3.39;3;39;EWP-3351-10-PA-220;CWP-3351-10-PA-220;CWA-3351-10;PWP-3351-10-PA-220;"03351-FP-2""-C5-0121-HC";;;C5;CAÑERÍA ACERO CARBONO ASTM A53 GR B ASME B36.10 MERW GE SCH.STD;"2""";0,28;m;;1,03;kg;Contratista;CAÑERÍA;Valvulas industriales;;12/03/2026;12/03/2026;;;Enzo Santambrogio;DISPONIBLE;;0,28;;;
3.40;3;40;EWP-3351-10-PA-220;CWP-3351-10-PA-220;CWA-3351-10;PWP-3351-10-PA-220;"03351-FP-2""-C5-0121-HC";;;C5;CAÑERÍA ACERO CARBONO ASTM A53 GR B ASME B36.10 MERW GE SCH.STD;"2""";0,69;m;;2,53;kg;Contratista;CAÑERÍA;Valvulas industriales;;12/03/2026;12/03/2026;;;Enzo Santambrogio;DISPONIBLE;;0,69;;;
3.41;3;41;EWP-3351-10-PA-220;CWP-3351-10-PA-220;CWA-3351-10;PWP-3351-10-PA-220;"03351-FP-2""-C5-0121-HC";;;C5;CAÑERÍA ACERO CARBONO ASTM A53 GR B ASME B36.10 MERW GE SCH.STD;"2""";0,24;m;;0,86;kg;Contratista;CAÑERÍA;Valvulas industriales;;12/03/2026;12/03/2026;;;Enzo Santambrogio;DISPONIBLE;;0,24;;;
3.42;3;42;EWP-3351-10-PA-220;CWP-3351-10-PA-220;CWA-3351-10;PWP-3351-10-PA-220;"03351-FP-2""-C5-0121-HC";;;C5;CAÑERÍA ACERO CARBONO ASTM A53 GR B ASME B36.10 MERW GE SCH.STD;"2""";0,24;m;;0,86;kg;Contratista;CAÑERÍA;Valvulas industriales;;12/03/2026;12/03/2026;;;Enzo Santambrogio;DISPONIBLE;;0,24;;;
3.43;3;43;EWP-3351-10-PA-220;CWP-3351-10-PA-220;CWA-3351-10;PWP-3351-10-PA-220;"03351-FP-2""-C5-0121-HC";;;C5;CAÑERÍA ACERO CARBONO ASTM A53 GR B ASME B36.10 MERW GE SCH.STD;"2""";1,1;m;;4,03;kg;Contratista;CAÑERÍA;Valvulas industriales;;12/03/2026;12/03/2026;;;Enzo Santambrogio;DISPONIBLE;;1,1;;;
3.44;3;44;EWP-3351-10-PA-220;CWP-3351-10-PA-220;CWA-3351-10;PWP-3351-10-PA-220;TIE-IN-03351-007;;;C5;CAÑERÍA ACERO CARBONO ASTM A53 GR B ASME B36.10 MERW GE SCH.STD;"8""";1,99;m;;56,81;kg;Contratista;CAÑERÍA;Valvulas industriales;;12/03/2026;12/03/2026;;;Enzo Santambrogio;DISPONIBLE;;1,99;;;
3.45;3;45;EWP-3351-10-PA-220;CWP-3351-10-PA-220;CWA-3351-10;PWP-3351-10-PA-220;"03351-FP-2""-C5-0121-HC";;;C5;CAÑERÍA ACERO CARBONO ASTM A53 GR B ASME B36.10 MERW GE SCH.STD;"2""";1,48;m;;5,41;kg;Contratista;CAÑERÍA;Valvulas industriales;;12/03/2026;12/03/2026;;;Enzo Santambrogio;DISPONIBLE;;1,48;;;
3.46;3;46;EWP-3351-10-PA-220;CWP-3351-10-PA-220;CWA-3351-10;PWP-3351-10-PA-220;"03351-FP-2""-C5-0121-HC";;;C5;CAÑERÍA ACERO CARBONO ASTM A53 GR B ASME B36.10 MERW GE SCH.STD;"2""";3,01;m;;10,99;kg;Contratista;CAÑERÍA;Valvulas industriales;;12/03/2026;12/03/2026;;;Enzo Santambrogio;DISPONIBLE;;3,01;;;
3.47;3;47;EWP-3351-10-PA-220;CWP-3351-10-PA-220;CWA-3351-10;PWP-3351-10-PA-220;"03351-FP-2""-C5-0121-HC";;;C5;CAÑERÍA ACERO CARBONO ASTM A53 GR B ASME B36.10 MERW GE SCH.STD;"2""";2,35;m;;8,58;kg;Contratista;CAÑERÍA;Valvulas industriales;;12/03/2026;12/03/2026;;;Enzo Santambrogio;DISPONIBLE;;2,35;;;
3.48;3;48;EWP-3351-10-PA-220;CWP-3351-10-PA-220;CWA-3351-10;PWP-3351-10-PA-220;"03351-FP-2""-C5-0121-HC";;;C5;CAÑERÍA ACERO CARBONO ASTM A53 GR B ASME B36.10 MERW GE SCH.STD;"2""";1,43;m;;5,24;kg;Contratista;CAÑERÍA;Valvulas industriales;;12/03/2026;12/03/2026;;;Enzo Santambrogio;DISPONIBLE;;1,43;;;
3.49;3;49;EWP-3351-10-PA-220;CWP-3351-10-PA-220;CWA-3351-10;PWP-3351-10-PA-220;TIE-IN-03351-007;;;C5;CAÑERÍA ACERO CARBONO ASTM A53 GR B ASME B36.10 MERW GE SCH.STD;"8""";2,2;m;;62,9;kg;Contratista;CAÑERÍA;Valvulas industriales;;12/03/2026;12/03/2026;;;Enzo Santambrogio;DISPONIBLE;;2,2;;;
3.50;3;50;EWP-3351-10-PA-220;CWP-3351-10-PA-220;CWA-3351-10;PWP-3351-10-PA-220;"03351-FP-2""-C5-0121-HC";;;C5;CAÑERÍA ACERO CARBONO ASTM A53 GR B ASME B36.10 MERW GE SCH.STD;"2""";0,24;m;;0,89;kg;Contratista;CAÑERÍA;Valvulas industriales;;12/03/2026;12/03/2026;;;Enzo Santambrogio;DISPONIBLE;;0,24;;;
3.51;3;51;EWP-3351-10-PA-220;CWP-3351-10-PA-220;CWA-3351-10;PWP-3351-10-PA-220;"03351-FP-2""-C5-0121-HC";;;C5;CAÑERÍA ACERO CARBONO ASTM A53 GR B ASME B36.10 MERW GE SCH.STD;"2""";6,48;m;;23,69;kg;Contratista;CAÑERÍA;Valvulas industriales;;12/03/2026;12/03/2026;;;Enzo Santambrogio;DISPONIBLE;;6,48;;;
3.52;3;52;EWP-3351-10-PA-220;CWP-3351-10-PA-220;CWA-3351-10;PWP-3351-10-PA-220;"03351-FP-2""-C5-0121-HC";;;C5;CAÑERÍA, ACERO CARBONO ASTM A106 GR B ASME B36.10 M SMLS ROSCADO SCH.80;"1 1/2""";0,28;m;;1;kg;Contratista;CAÑERÍA;Valvulas industriales;;12/03/2026;12/03/2026;;;Enzo Santambrogio;DISPONIBLE;;0,28;;;
3.53;3;53;EWP-3351-10-PA-220;CWP-3351-10-PA-220;CWA-3351-10;PWP-3351-10-PA-220;"03351-FP-2""-C5-0121-HC";;;C5;CAÑERÍA, ACERO CARBONO ASTM A106 GR B ASME B36.10M SMLS ROSCADO SCH.80;"1 1/2""";0,44;m;;1,58;kg;Contratista;CAÑERÍA;Valvulas industriales;;12/03/2026;12/03/2026;;;Enzo Santambrogio;DISPONIBLE;;0,44;;;
3.54;3;54;EWP-3351-10-PA-220;CWP-3351-10-PA-220;CWA-3351-10;PWP-3351-10-PA-220;"03351-FP-2""-C5-0121-HC";;;C5;CAÑERÍA, ACERO CARBONO ASTM A106 GR B ASME B36.10 M SMLS ROSCADO SCH.80;"3/4""";0,08;m;;0,12;kg;Contratista;CAÑERÍA;Valvulas industriales;;12/03/2026;12/03/2026;;;Enzo Santambrogio;DISPONIBLE;;0,08;;;
3.55;3;55;EWP-3351-10-PA-220;CWP-3351-10-PA-220;CWA-3351-10;PWP-3351-10-PA-220;"03351-FP-1""-C5-022-HC";;;C5;CAÑERÍA, ACERO CARBONO ASTM A106 GR B ASME B36.10M SMLS ROSCADO SCH.80;"1""";0,08;m;;0,17;kg;Contratista;CAÑERÍA;Valvulas industriales;;12/03/2026;12/03/2026;;;Enzo Santambrogio;DISPONIBLE;;0,08;;;
3.56;3;56;EWP-3351-10-PA-220;CWP-3351-10-PA-220;CWA-3351-10;PWP-3351-10-PA-220;"03351-FP-2""-C5-0121-HC";;;C5;CAÑERÍA, ACERO CARBONO ASTM A106 GR B ASME B36.10M SMLS ROSCADO SCH.80;"3/4""";0,68;m;;1,01;kg;Contratista;CAÑERÍA;Valvulas industriales;;12/03/2026;12/03/2026;;;Enzo Santambrogio;DISPONIBLE;;0,68;;;
3.57;3;57;EWP-3351-10-PA-220;CWP-3351-10-PA-220;CWA-3351-10;PWP-3351-10-PA-220;"03351-FP-2""-C5-0121-HC";;;C5;CAÑERÍA, ACERO CARBONO ASTM A106 GR B ASME B36.10M SMLS ROSCADO SCH.80;"3/4""";0,1;m;;0,15;kg;Contratista;CAÑERÍA;Valvulas industriales;;12/03/2026;12/03/2026;;;Enzo Santambrogio;DISPONIBLE;;0,1;;;
3.58;3;58;EWP-3351-10-PA-220;CWP-3351-10-PA-220;CWA-3351-10;PWP-3351-10-PA-220;"03351-FP-1""-C5-022-HC";;;C5;CAÑERÍA, ACERO CARBONO ASTM A106 GR B ASME B36.10M SMLS ROSCADO SCH.80;"1""";0,08;m;;0,17;kg;Contratista;CAÑERÍA;Valvulas industriales;;12/03/2026;12/03/2026;;;Enzo Santambrogio;DISPONIBLE;;0,08;;;
3.59;3;59;EWP-3351-10-PA-220;CWP-3351-10-PA-220;CWA-3351-10;PWP-3351-10-PA-220;"03351-FP-2""-C5-0121-HC";;;C5;CAÑERÍA, ACERO CARBONO ASTM A106 GR B ASME B36.10M SMLS ROSCADO SCH.80;"3/4""";0,1;m;;0,15;kg;Contratista;CAÑERÍA;Valvulas industriales;;12/03/2026;12/03/2026;;;Enzo Santambrogio;DISPONIBLE;;0,1;;;
3.60;3;60;EWP-3351-10-PA-220;CWP-3351-10-PA-220;CWA-3351-10;PWP-3351-10-PA-220;"03351-FP-1""-C5-022-HC";;;C5;CAÑERÍA, ACERO CARBONO ASTM A106 GR B ASME B36.10M SMLS ROSCADO SCH.80;"1""";0,3;m;;0,65;kg;Contratista;CAÑERÍA;Valvulas industriales;;12/03/2026;12/03/2026;;;Enzo Santambrogio;DISPONIBLE;;0,3;;;
3.61;3;61;EWP-3351-10-PA-220;CWP-3351-10-PA-220;CWA-3351-10;PWP-3351-10-PA-220;"03351-FP-2""-C5-0121-HC";;;C5;CAÑERÍA, ACERO CARBONO ASTM A106 GR B ASME B36.10M SMLS ROSCADO SCH.80;"1 1/2""";0,12;m;;0,43;kg;Contratista;CAÑERÍA;Valvulas industriales;;12/03/2026;12/03/2026;;;Enzo Santambrogio;DISPONIBLE;;0,12;;;
3.62;3;62;EWP-3351-10-PA-220;CWP-3351-10-PA-220;CWA-3351-10;PWP-3351-10-PA-220;"03351-FP-2""-C5-0121-HC";;;C5;CAÑERÍA, ACERO CARBONO ASTM A106 GR B ASME B36.10M SMLS ROSCADO SCH.80;"3/4""";0,1;m;;0,15;kg;Contratista;CAÑERÍA;Valvulas industriales;;12/03/2026;12/03/2026;;;Enzo Santambrogio;DISPONIBLE;;0,1;;;
3.63;3;63;EWP-3351-10-PA-220;CWP-3351-10-PA-220;CWA-3351-10;PWP-3351-10-PA-220;"03351-FP-2""-C5-0121-HC";;;C5;CAÑERÍA, ACERO CARBONO ASTM A106 GR B ASME B36.10M SMLS ROSCADO SCH.80;"3/4""";0,1;m;;0,15;kg;Contratista;CAÑERÍA;Valvulas industriales;;12/03/2026;12/03/2026;;;Enzo Santambrogio;DISPONIBLE;;0,1;;;
3.64;3;64;EWP-3351-10-PA-220;CWP-3351-10-PA-220;CWA-3351-10;PWP-3351-10-PA-220;"03351-FP-2""-C5-0121-HC";;;C5;CAÑERÍA, ACERO CARBONO ASTM A106 GR B ASME B36.10M SMLS ROSCADO SCH.80;"1 1/2""";0,16;m;;0,6;kg;Contratista;CAÑERÍA;Valvulas industriales;;12/03/2026;12/03/2026;;;Enzo Santambrogio;DISPONIBLE;;0,16;;;
3.65;3;65;EWP-3351-10-PA-220;CWP-3351-10-PA-220;CWA-3351-10;PWP-3351-10-PA-220;"03351-FP-1""-C5-022-HC";;;C5;CAÑERÍA, ACERO CARBONO ASTM A106 GR B ASME B36.10M SMLS ROSCADO SCH.80;"1 1/2""";0,1;m;;0,38;kg;Contratista;CAÑERÍA;Valvulas industriales;;12/03/2026;12/03/2026;;;Enzo Santambrogio;DISPONIBLE;;0,1;;;
3.66;3;66;EWP-3351-10-PA-220;CWP-3351-10-PA-220;CWA-3351-10;PWP-3351-10-PA-220;"03351-FP-2""-C5-0121-HC";;;C5;CODO 90° LR, HIERRO FUNDIDO ASTM A536  GR. 65-45-12ASME B16.9, GE SCH.STD;"2""";1;un;;2,5;kg;Contratista;CODO;;;;;;;;SIN REVISAR;;;;;
3.67;3;67;EWP-3351-10-PA-220;CWP-3351-10-PA-220;CWA-3351-10;PWP-3351-10-PA-220;"03351-FP-2""-C5-0121-HC";;;C5;CODO 90° LR, HIERRO FUNDIDO ASTM A536  GR. 65-45-12ASME B16.9, GE SCH.STD;"2""";1;un;;2,5;kg;Contratista;CODO;;;;;;;;SIN REVISAR;;;;;
3.68;3;68;EWP-3351-10-PA-220;CWP-3351-10-PA-220;CWA-3351-10;PWP-3351-10-PA-220;"03351-FP-2""-C5-0121-HC";;;C5;CODO 90° LR, HIERRO FUNDIDO ASTM A536  GR. 65-45-12ASME B16.9, GE SCH.STD;"2""";1;un;;2,5;kg;Contratista;CODO;;;;;;;;SIN REVISAR;;;;;
3.69;3;69;EWP-3351-10-PA-220;CWP-3351-10-PA-220;CWA-3351-10;PWP-3351-10-PA-220;"03351-FP-2""-C5-0121-HC";;;C5;CODO 90° LR, HIERRO FUNDIDO ASTM A536  GR. 65-45-12ASME B16.9, GE SCH.STD;"2""";1;un;;2,5;kg;Contratista;CODO;;;;;;;;SIN REVISAR;;;;;
3.70;3;70;EWP-3351-10-PA-220;CWP-3351-10-PA-220;CWA-3351-10;PWP-3351-10-PA-220;"03351-FP-2""-C5-0121-HC";;;C5;CODO 90° LR, HIERRO FUNDIDO ASTM A536  GR. 65-45-12ASME B16.9, GE SCH.STD;"2""";1;un;;2,5;kg;Contratista;CODO;;;;;;;;SIN REVISAR;;;;;
3.71;3;71;EWP-3351-10-PA-220;CWP-3351-10-PA-220;CWA-3351-10;PWP-3351-10-PA-220;"03351-FP-2""-C5-0121-HC";;;C5;CODO 90° LR, HIERRO FUNDIDO ASTM A536  GR. 65-45-12ASME B16.9, GE SCH.STD;"2""";1;un;;2,5;kg;Contratista;CODO;;;;;;;;SIN REVISAR;;;;;
3.72;3;72;EWP-3351-10-PA-220;CWP-3351-10-PA-220;CWA-3351-10;PWP-3351-10-PA-220;"03351-FP-2""-C5-0121-HC";;;C5;CODO 90° LR, HIERRO FUNDIDO ASTM A536  GR. 65-45-12ASME B16.9, GE SCH.STD;"2""";1;un;;2,5;kg;Contratista;CODO;;;;;;;;SIN REVISAR;;;;;
3.73;3;73;EWP-3351-10-PA-220;CWP-3351-10-PA-220;CWA-3351-10;PWP-3351-10-PA-220;"03351-FP-2""-C5-0121-HC";;;C5;CODO 90° LR, HIERRO FUNDIDO ASTM A536  GR. 65-45-12ASME B16.9, GE SCH.STD;"2""";1;un;;2,5;kg;Contratista;CODO;;;;;;;;SIN REVISAR;;;;;
3.74;3;74;EWP-3351-10-PA-220;CWP-3351-10-PA-220;CWA-3351-10;PWP-3351-10-PA-220;TIE-IN-03351-007;;;C5;CODO 90° LR, HIERRO FUNDIDO ASTM A536  GR. 65-45-12ASME B16.9, GE SCH.STD;"8""";1;un;;66;kg;Contratista;CODO;;;;;;;;SIN REVISAR;;;;;
3.75;3;75;EWP-3351-10-PA-220;CWP-3351-10-PA-220;CWA-3351-10;PWP-3351-10-PA-220;"03351-FP-2""-C5-0121-HC";;;C5;CODO 90° LR, HIERRO FUNDIDO ASTM A536  GR. 65-45-12ASME B16.9, GE SCH.STD;"2""";1;un;;2,5;kg;Contratista;CODO;;;;;;;;SIN REVISAR;;;;;
3.76;3;76;EWP-3351-10-PA-220;CWP-3351-10-PA-220;CWA-3351-10;PWP-3351-10-PA-220;TIE-IN-03351-007;;;C5;CODO 90° LR, HIERRO FUNDIDO ASTM A536  GR. 65-45-12ASME B16.9, GE SCH.STD;"8""";1;un;;66;kg;Contratista;CODO;;;;;;;;SIN REVISAR;;;;;
3.77;3;77;EWP-3351-10-PA-220;CWP-3351-10-PA-220;CWA-3351-10;PWP-3351-10-PA-220;"03351-FP-2""-C5-0121-HC";;;C5;CODO 90° LR, HIERRO FUNDIDO ASTM A536  GR. 65-45-12ASME B16.9, GE SCH.STD;"6""";1;un;;30,4;kg;Contratista;CODO;;;;;;;;SIN REVISAR;;;;;
3.78;3;78;EWP-3351-10-PA-220;CWP-3351-10-PA-220;CWA-3351-10;PWP-3351-10-PA-220;"03351-FP-2""-C5-0121-HC";;;C5;CODO 90°, ACERO CARBONO ASTM A197 ASME B16.3 ROSCADO CL 150;"1 1/2""";1;un;;2,25;kg;Contratista;CODO;;;;;;;;SIN REVISAR;;;;;
3.79;3;79;EWP-3351-10-PA-220;CWP-3351-10-PA-220;CWA-3351-10;PWP-3351-10-PA-220;"03351-FP-2""-C5-0121-HC";;;C5;CODO 90°, ACERO CARBONO ASTM A197 ASME B16.3 ROSCADO CL 150;"1 1/2""";1;un;;2,25;kg;Contratista;CODO;;;;;;;;SIN REVISAR;;;;;
3.80;3;80;EWP-3351-10-PA-220;CWP-3351-10-PA-220;CWA-3351-10;PWP-3351-10-PA-220;"03351-FP-1""-C5-022-HC";;;C5;CODO 90°, ACERO CARBONO ASTM A197 ASME B16.3 ROSCADO CL 150;"1""";1;un;;1,13;kg;Contratista;CODO;;;;;;;;SIN REVISAR;;;;;
3.81;3;81;EWP-3351-10-PA-220;CWP-3351-10-PA-220;CWA-3351-10;PWP-3351-10-PA-220;"03351-FP-2""-C5-0121-HC";;;C5;CODO 90°, ACERO CARBONO ASTM A197 ASME B16.3 ROSCADO CL 150;"3/4""";1;un;;0,69;kg;Contratista;CODO;;;;;;;;SIN REVISAR;;;;;
3.82;3;82;EWP-3351-10-PA-220;CWP-3351-10-PA-220;CWA-3351-10;PWP-3351-10-PA-220;"03351-FP-2""-C5-0121-HC";;;C5;COPLA COMPLETA ACERO CARBONO ASTM A197 ASME B16.3 ROSCADO CL 150;"1 1/2""";1;un;;2,19;kg;Contratista;COPLA;;;;;;;;SIN REVISAR;;;;;
3.83;3;83;EWP-3351-10-PA-220;CWP-3351-10-PA-220;CWA-3351-10;PWP-3351-10-PA-220;"03351-FP-2""-C5-0121-HC";;;C5;COPLA COMPLETA ACERO CARBONO ASTM A197 ASME B16.3 ROSCADO CL 150;"3/4""";1;un;;0,44;kg;Contratista;COPLA;;;;;;;;SIN REVISAR;;;;;
3.84;3;84;EWP-3351-10-PA-220;CWP-3351-10-PA-220;CWA-3351-10;PWP-3351-10-PA-220;"03351-FP-2""-C5-0121-HC";;;C5;COPLA REDUCCION ACERO CARBONO ASTM A197 ASME B16.3 ROSCADO CL 150;"1""x3/4""";1;un;;0,63;kg;Contratista;COPLA;;;;;;;;SIN REVISAR;;;;;
3.85;3;85;EWP-3351-10-PA-220;CWP-3351-10-PA-220;CWA-3351-10;PWP-3351-10-PA-220;"03351-FP-1""-C5-022-HC";;;C5;COPLA REDUCCION ACERO CARBONO ASTM A197 ASME B16.3 ROSCADO CL 150;"1 1/2""x1""";1;un;;2,19;kg;Contratista;COPLA;;;;;;;;SIN REVISAR;;;;;
3.86;3;86;EWP-3351-10-PA-220;CWP-3351-10-PA-220;CWA-3351-10;PWP-3351-10-PA-220;"03351-FP-2""-C5-0121-HC";;;C5;EMPAQUETADURA CARA COMPLETA (FF) NO METÁLICO LIBRE DE ASBESTO  FIBRA SINTÉTICA LAMINA DE HINCHAMIENTO CONTROLADO 40% EN AGUA SEGÚN ASTMF146 ASME B16.21 ANSI B16.5, CL 1;"2""";1;un;;-;kg;Contratista;EMPAQUETADURA;;;;;;;;SIN REVISAR;;;;;
3.87;3;87;EWP-3351-10-PA-220;CWP-3351-10-PA-220;CWA-3351-10;PWP-3351-10-PA-220;"03351-FP-2""-C5-0121-HC";;;C5;EMPAQUETADURA CARA COMPLETA (FF) NO METÁLICO LIBRE DE ASBESTO  FIBRA SINTÉTICA LAMINA DE HINCHAMIENTO CONTROLADO 40% EN AGUA SEGÚN ASTMF146 ASME B16.21 ANSI B16.5, CL 1;"2""";1;un;;-;kg;Contratista;EMPAQUETADURA;;;;;;;;SIN REVISAR;;;;;
3.88;3;88;EWP-3351-10-PA-220;CWP-3351-10-PA-220;CWA-3351-10;PWP-3351-10-PA-220;"03351-FP-2""-C5-0121-HC";;;C5;EMPAQUETADURA CARA COMPLETA (FF) NO METÁLICO LIBRE DE ASBESTO  FIBRA SINTÉTICA LAMINA DE HINCHAMIENTO CONTROLADO 40% EN AGUA SEGÚN ASTMF146 ASME B16.21 ANSI B16.5, CL 1;"2""";1;un;;-;kg;Contratista;EMPAQUETADURA;;;;;;;;SIN REVISAR;;;;;
3.89;3;89;EWP-3351-10-PA-220;CWP-3351-10-PA-220;CWA-3351-10;PWP-3351-10-PA-220;"03351-FP-2""-C5-0121-HC";;;C5;EMPAQUETADURA CARA COMPLETA (FF) NO METÁLICO LIBRE DE ASBESTO  FIBRA SINTÉTICA LAMINA DE HINCHAMIENTO CONTROLADO 40% EN AGUA SEGÚN ASTMF146 ASME B16.21 ANSI B16.5, CL 1;"2""";1;un;;-;kg;Contratista;EMPAQUETADURA;;;;;;;;SIN REVISAR;;;;;
3.90;3;90;EWP-3351-10-PA-220;CWP-3351-10-PA-220;CWA-3351-10;PWP-3351-10-PA-220;"03351-FP-2""-C5-0121-HC";;;C5;EMPAQUETADURA CARA COMPLETA (FF) NO METÁLICO LIBRE DE ASBESTO  FIBRA SINTÉTICA LAMINA DE HINCHAMIENTO CONTROLADO 40% EN AGUA SEGÚN ASTMF146 ASME B16.21 ANSI B16.5, CL 1;"6""";1;un;;-;kg;Contratista;EMPAQUETADURA;;;;;;;;SIN REVISAR;;;;;
3.91;3;91;EWP-3351-10-PA-220;CWP-3351-10-PA-220;CWA-3351-10;PWP-3351-10-PA-220;"03351-FP-2""-C5-0121-HC";;;C5;EMPAQUETADURA CARA COMPLETA (FF) NO METÁLICO LIBRE DE ASBESTO  FIBRA SINTÉTICA LAMINA DE HINCHAMIENTO CONTROLADO 40% EN AGUA SEGÚN ASTMF146 ASME B16.21 ANSI B16.5, CL 1;"6""";1;un;;-;kg;Contratista;EMPAQUETADURA;;;;;;;;SIN REVISAR;;;;;
3.92;3;92;EWP-3351-10-PA-220;CWP-3351-10-PA-220;CWA-3351-10;PWP-3351-10-PA-220;"03351-FP-2""-C5-0121-HC";;;C5;MANOMETRO SIN SELLO, NPTM;"3/4""";1;un;;-;kg;Contratista;MANOMETRO;;;;;;;;SIN REVISAR;;;;;
3.93;3;93;EWP-3351-10-PA-220;CWP-3351-10-PA-220;CWA-3351-10;PWP-3351-10-PA-220;"03351-FP-2""-C5-0121-HC";;;C5;PERNO MÁQUINA / TUERCA HEX. PARA TRABAJO PESADO ALEACIÓN DE ACERO ASTM A193 B7 ASTM 194 GR 2H GOLILLAS (2), FF, CL150;"5/8""";4;un;;2,3;kg;Contratista;PERNO;;;;;;;;SIN REVISAR;;;;;
3.94;3;94;EWP-3351-10-PA-220;CWP-3351-10-PA-220;CWA-3351-10;PWP-3351-10-PA-220;"03351-FP-2""-C5-0121-HC";;;C5;PERNO MÁQUINA / TUERCA HEX. PARA TRABAJO PESADO ALEACIÓN DE ACERO ASTM A193 B7 ASTM 194 GR 2H GOLILLAS (2), FF, CL150;"5/8""";4;un;;2,3;kg;Contratista;PERNO;;;;;;;;SIN REVISAR;;;;;
3.95;3;95;EWP-3351-10-PA-220;CWP-3351-10-PA-220;CWA-3351-10;PWP-3351-10-PA-220;"03351-FP-2""-C5-0121-HC";;;C5;PERNO MÁQUINA / TUERCA HEX. PARA TRABAJO PESADO ALEACIÓN DE ACERO ASTM A193 B7 ASTM 194 GR 2H GOLILLAS (2), FF, CL150;"5/8""";4;un;;2,3;kg;Contratista;PERNO;;;;;;;;SIN REVISAR;;;;;
3.96;3;96;EWP-3351-10-PA-220;CWP-3351-10-PA-220;CWA-3351-10;PWP-3351-10-PA-220;"03351-FP-2""-C5-0121-HC";;;C5;PERNO MÁQUINA / TUERCA HEX. PARA TRABAJO PESADO ALEACIÓN DE ACERO ASTM A193 B7 ASTM 194 GR 2H GOLILLAS (2), FF, CL150;"5/8""";4;un;;2,3;kg;Contratista;PERNO;;;;;;;;SIN REVISAR;;;;;
3.97;3;97;EWP-3351-10-PA-220;CWP-3351-10-PA-220;CWA-3351-10;PWP-3351-10-PA-220;"03351-FP-2""-C5-0121-HC";;;C5;PERNO MÁQUINA / TUERCA HEX. PARA TRABAJO PESADO ALEACIÓN DE ACERO ASTM A193 B7 ASTM 194 GR 2H GOLILLAS (2), FF, CL150;"3/4""";8;un;;7,6;kg;Contratista;PERNO;;;;;;;;SIN REVISAR;;;;;
3.98;3;98;EWP-3351-10-PA-220;CWP-3351-10-PA-220;CWA-3351-10;PWP-3351-10-PA-220;"03351-FP-2""-C5-0121-HC";;;C5;PERNO MÁQUINA / TUERCA HEX. PARA TRABAJO PESADO ALEACIÓN DE ACERO ASTM A193 B7 ASTM 194 GR 2H GOLILLAS (2), FF, CL150;"3/4""";8;un;;7,6;kg;Contratista;PERNO;;;;;;;;SIN REVISAR;;;;;
3.99;3;99;EWP-3351-10-PA-220;CWP-3351-10-PA-220;CWA-3351-10;PWP-3351-10-PA-220;"03351-FP-2""-C5-0121-HC";;;C5;REDUCCIÓN CONCÉNTRICO, HIERRO FUNDIDO ASTM A536 GR. 65-45-12 ASME B16.9, GE SCH.STD;"6""x2""";1;un;;6,6;kg;Contratista;REDUCCIÓN;;;;;;;;SIN REVISAR;;;;;
3.100;3;100;EWP-3351-10-PA-220;CWP-3351-10-PA-220;CWA-3351-10;PWP-3351-10-PA-220;"03351-FP-2""-C5-0121-HC";;;C5;REDUCCIÓN SWAGE NIPLE CONCÉNTRICO ACEROCARBONO ASTM A197 ASME B16.3 GE x TE CL 150;"2""x1 1/2""";1;un;;2;kg;Contratista;REDUCCIÓN;;;;;;;;SIN REVISAR;;;;;
3.101;3;101;EWP-3351-10-PA-220;CWP-3351-10-PA-220;CWA-3351-10;PWP-3351-10-PA-220;"03351-FP-2""-C5-0121-HC";;;C5;REDUCCIÓN SWAGE NIPLE CONCÉNTRICO ACEROCARBONO ASTM A197 ASME B16.3 GE x TE CL 150;"2""x1""";1;un;;2;kg;Contratista;REDUCCIÓN;;;;;;;;SIN REVISAR;;;;;
3.102;3;102;EWP-3351-10-PA-220;CWP-3351-10-PA-220;CWA-3351-10;PWP-3351-10-PA-220;"03351-FP-2""-C5-0121-HC";;;C5;TEE RECTA ACERO CARBONO ASTM A197 ASME  B16.3 ROSCADO CL 150;"3/4""";1;un;;0,94;kg;Contratista;TEE;;;;;;;;SIN REVISAR;;;;;
3.103;3;103;EWP-3351-10-PA-220;CWP-3351-10-PA-220;CWA-3351-10;PWP-3351-10-PA-220;"03351-FP-2""-C5-0121-HC";;;C5;TEE RECTA ACERO CARBONO ASTM A197 ASME  B16.3 ROSCADO CL 150;"1 1/2""";1;un;;2,75;kg;Contratista;TEE;;;;;;;;SIN REVISAR;;;;;
3.104;3;104;EWP-3351-10-PA-220;CWP-3351-10-PA-220;CWA-3351-10;PWP-3351-10-PA-220;"03351-FP-2""-C5-0121-HC";;;C5;TEE RECTA HIERRO FUNDIDO ASTM A536  GR. 65-45-12    ASME B16.9, GE SCH.STD;"2""";1;un;;3;kg;Contratista;TEE;;;;;;;;SIN REVISAR;;;;;
3.105;3;105;EWP-3351-10-PA-220;CWP-3351-10-PA-220;CWA-3351-10;PWP-3351-10-PA-220;TIE-IN-03351-007;;;C5;TEE REDUCCIÓN, HIERRO FUNDIDO ASTM A536 GR. 65-45- 12 ASME B16.9, GE SCH.STD;"8""x6""";1;un;;42,3;kg;Contratista;TEE;;;;;;;;SIN REVISAR;;;;;
3.111;3;111;EWP-3351-10-PA-220;CWP-3351-10-PA-220;CWA-3351-10;PWP-3351-10-PA-220;"03351-FP-2""-C5-0121-HC";;;C5;VÁLVULA REGULADORA DE PRESIÓN ACERO CARBONOASTM A216 WCB TRIM ASTM A276 TIPO 316 ASME B16.34 ANSI B16.5, FF CL 150 EPDM UL/FM;"2""";1;un;;-;kg;Contratista;VÁLVULA;;;;;;;;SIN REVISAR;;;;;
1.2647;1;2647;EWP-3351-10-PA-220;CWP-3351-10-PA-220;CWA-3351-10;PWP-3351-10-PA-220;"03351-GW-1""-C1-0075-N";;;C1;VÁLVULA RETENCIÓN TIPO SWING CHECK, ASME B16.34 CL150, CONEXIÓN NPT, 250 PSI WWP, CUERPO: ASTMA105, TRIM: SS TP316;"1""";1;un;;5,07;kg;Contratista;VÁLVULA;;;;;;;;SIN REVISAR;;;;;
1.2648;1;2648;EWP-3351-10-PA-220;CWP-3351-10-PA-220;CWA-3351-10;PWP-3351-10-PA-220;"03351-GW-1""-C1-0076-N";;;C1;VÁLVULA RETENCIÓN TIPO SWING CHECK, ASME B16.34 CL150, CONEXIÓN NPT, 250 PSI WWP, CUERPO: ASTMA105, TRIM: SS TP316;"1""";1;un;;5,07;kg;Contratista;VÁLVULA;;;;;;;;SIN REVISAR;;;;;
1.2649;1;2649;EWP-3351-10-PA-220;CWP-3351-10-PA-220;CWA-3351-10;PWP-3351-10-PA-220;"03351-GW-1""-C1-0032-N";;;C1;VÁLVULA TIPO GLOBO, ASTM A216 WCB, TRIM ASTM A351 CF8M, ASME B16.34, API 600 RF, CLASE 150, HO, EPDM;"1""";1;un;;22,04;kg;Contratista;VÁLVULA;;;;;;;;SIN REVISAR;;;;;
1.2650;1;2650;EWP-3351-10-PA-220;CWP-3351-10-PA-220;CWA-3351-10;PWP-3351-10-PA-220;"03351-GW-1""-C1-0036-N";;;C1;VÁLVULA TIPO GLOBO, ASTM A216 WCB, TRIM ASTM A351 CF8M, ASME B16.34, API 600 RF, CLASE 150, HO, EPDM;"1""";1;un;;22,04;kg;Contratista;VÁLVULA;;;;;;;;SIN REVISAR;;;;;
1.2651;1;2651;EWP-3351-10-PA-220;CWP-3351-10-PA-220;CWA-3351-10;PWP-3351-10-PA-220;"03351-GW-1""-C1-0034-N";;;C1;VÁLVULA TIPO GLOBO, ASTM A216 WCB, TRIM ASTM A351 CF8M, ASME B16.34, API 600 RF, CLASE 150, HO, EPDM;"1""";1;un;;22,04;kg;Contratista;VÁLVULA;;;;;;;;SIN REVISAR;;;;;
